# sdm_hand_2500.obj  (2500 v, 2922 f)  units: metres
v -0.110148340 -0.027782766 0.076027557
v -0.091629497 -0.010786304 0.047225673
v -0.119587188 -0.020707579 0.097373281
v -0.039999999 -0.005500000 0.195999995
v -0.024000000 -0.005500000 0.195999995
v -0.002000000 -0.005500000 0.188999996
v 0.003000000 -0.005500000 0.184000000
v 0.024499999 -0.005500000 0.167999998
v 0.024499999 -0.005500000 0.180999994
v -0.039999999 0.002500000 0.195062495
v -0.019375000 0.002500000 0.204390625
v -0.001812500 0.003045731 0.188389443
v -0.002875000 0.002500000 0.206000000
v -0.039500002 0.019500000 0.101000004
v -0.035322462 0.021000000 0.101141955
v -0.034720742 0.019560365 0.146105132
v -0.025144530 0.018113060 0.096248758
v -0.002141377 0.017708856 0.102035883
v -0.031026583 0.019826854 0.140692324
v -0.005444787 0.020625000 0.151688026
v 0.020500001 0.005522989 0.141371389
v 0.018500000 0.021000000 0.101499997
v 0.019000000 0.018187500 0.143000007
v 0.025984375 0.019000000 0.134098957
v -0.033196449 0.006675716 0.158583096
v -0.032185547 0.002500000 0.179218750
v -0.004658349 0.011313160 0.165080079
v -0.111889113 -0.016264288 0.076508222
v 0.013500000 -0.003000000 0.085000001
v 0.031000000 -0.003000000 0.085000001
v -0.108057983 -0.021863228 0.080986336
v -0.123728125 -0.016143809 0.067497745
v 0.029339186 0.019875000 0.168663454
v 0.011819066 0.009362807 0.143000007
v -0.010500000 0.002500000 0.188999996
v -0.002875000 0.019736726 0.098096016
v -0.028365728 0.019500000 0.131929434
v 0.018999999 -0.005500000 0.192000002
v -0.018999999 -0.005035510 0.197196874
v 0.020681205 0.009475321 0.010945022
v -0.031203126 0.021750000 0.094999999
v 0.008539062 0.019500000 0.149437498
v 0.021000000 -0.003000000 0.085000001
v 0.015789063 0.000000000 0.088402344
v -0.119871865 -0.012932437 0.090631676
v 0.019546875 0.002749890 0.197862488
v 0.003000000 0.002500000 0.189375001
v -0.024000000 0.002500000 0.184749994
v 0.014244223 0.019500000 0.101704366
v 0.001725503 0.009211193 0.187810248
v -0.090170039 0.007743664 0.046175346
v 0.030639433 0.006065773 0.150713724
v 0.001597037 -0.003000000 0.081735374
v -0.013187500 -0.003000000 0.074577616
v 0.009207594 0.006513204 0.153062503
v 0.007437500 -0.001423828 0.184000000
v -0.032000000 -0.005500000 0.180999994
v -0.028000000 -0.005500000 0.180999994
v -0.031500000 -0.005500000 0.195423687
v -0.024000000 -0.005500000 0.188499994
v -0.126686633 -0.030216786 0.085904829
v -0.112627729 -0.025299225 0.074108012
v -0.118778500 -0.027450658 0.079269120
v -0.122505918 -0.018377713 0.095822386
v -0.113630004 -0.009731289 0.083876575
v -0.064399177 0.017383611 0.025360624
v -0.039999999 -0.005500000 0.188499994
v -0.002000000 -0.001500000 0.206000000
v -0.002000000 -0.001500000 0.188999996
v -0.002000000 -0.000628907 0.192187497
v -0.018999999 -0.000628907 0.192187497
v -0.018999999 -0.000964722 0.196861770
v -0.035562499 -0.001423828 0.180999994
v 0.031000000 -0.005500000 0.180999994
v -0.109103161 -0.024822997 0.078506946
v -0.036823439 0.021000000 0.176039059
v 0.010999999 -0.005500000 0.200000003
v 0.003000000 -0.001142652 0.194535757
v 0.005428475 0.014491063 0.117049595
v -0.035618752 0.016000001 0.174941412
v -0.017358259 0.016000001 0.148761157
v -0.034518538 -0.005500000 0.190669770
v -0.107012805 -0.018903460 0.083465725
v -0.065565661 0.019590046 0.029722040
v 0.033873767 0.004494048 0.119493003
v -0.005450383 0.020625000 0.101809933
v 0.018999999 -0.005500000 0.188000001
v 0.018999999 -0.001500000 0.184000000
v 0.018999999 -0.000500000 0.187000001
v -0.017985548 0.008684470 0.167237441
v 0.039000001 0.012623411 0.174514168
v 0.018999999 -0.001500000 0.191000001
v -0.027381196 0.018323668 0.189670498
v 0.025000000 0.016000001 0.136000000
v -0.011537633 0.022000000 0.020584035
v 0.024499999 -0.001500000 0.167999998
v -0.001812968 0.012651580 0.135288714
v 0.003000000 -0.001500000 0.200000003
v 0.037229168 -0.005500000 0.178765620
v -0.029757422 0.020812500 0.176169737
v -0.030062702 0.015397891 0.003859319
v -0.110125202 -0.020367780 0.079146105
v 0.037500001 -0.001500000 0.176124995
v -0.006604167 -0.005500000 0.197263887
v 0.033437500 -0.002179687 0.167999998
v 0.027209746 0.018266611 0.137346385
v -0.117125616 -0.024950059 0.075587265
v 0.003000000 -0.001750000 0.189500002
v -0.116212927 -0.006754179 0.069391522
v -0.004625000 0.002500000 0.188999996
v -0.039500002 0.016000001 0.098000002
v 0.031842698 -0.003000000 0.028558865
v 0.006224719 -0.005500000 0.192216162
v -0.109195819 -0.021725162 0.079687869
v 0.037308450 0.016543960 0.130469163
v 0.032890482 -0.003000000 0.059901736
v -0.006250000 -0.005500000 0.188999996
v -0.108482256 -0.016283460 0.082806661
v -0.028000000 -0.005500000 0.195999995
v -0.041006889 0.014961881 0.115673996
v -0.070077814 0.012717204 0.035662575
v -0.035444273 -0.003000000 0.066789846
v -0.007659854 0.003878655 0.207500003
v -0.118711440 -0.015642425 0.085842360
v 0.005697069 0.015005551 0.174999997
v -0.032991508 -0.003000000 0.062460259
v -0.004004086 0.000277675 0.206000000
v 0.003000000 -0.002910714 0.191821430
v 0.034491640 0.018318351 0.109131412
v 0.037500001 -0.002179688 0.172062497
v -0.034785189 -0.005500000 0.185762250
v 0.011225577 -0.005500000 0.196593393
v 0.013211681 0.016000001 0.097543426
v 0.007000000 -0.005500000 0.200000003
v -0.007843750 0.002500000 0.206000000
v 0.023562500 0.002664730 0.169876671
v 0.024499999 -0.000160156 0.170437497
v -0.002000000 -0.002794149 0.201042022
v 0.003000000 -0.004890567 0.195968869
v -0.124772482 -0.023813583 0.086952171
v -0.111460834 -0.026224851 0.079738502
v 0.029343271 0.021000000 0.137652199
v -0.014977330 -0.000506074 0.200505255
v 0.026937499 0.002500000 0.167999998
v 0.026937499 -0.000160156 0.167999998
v 0.016390625 0.016000001 0.146082036
v 0.009631228 0.002500000 0.183178696
v -0.039999999 -0.001500000 0.195999995
v 0.005318097 0.000716278 0.188949847
v 0.031406253 -0.005500000 0.177749995
v 0.003000000 -0.005500000 0.188000001
v 0.033800045 0.001964111 0.177297491
v -0.119623949 -0.028978794 0.081449727
v -0.113008350 -0.022721301 0.074729027
v -0.113867424 -0.024057454 0.073148240
v -0.007140625 -0.003000000 0.085000001
v -0.024000000 -0.001500000 0.180999994
v 0.018999999 -0.000500000 0.197000003
v 0.035062502 -0.005500000 0.178562495
v -0.027045912 -0.005500000 0.193009355
v -0.002000000 -0.005500000 0.193249997
v 0.006996411 0.021000000 0.146583480
v 0.018999999 -0.002551724 0.194258622
v -0.024000000 -0.005500000 0.184749994
v -0.111227852 -0.013643409 0.085416585
v 0.033401107 0.002356558 0.172814977
v -0.017778428 0.003401189 0.196308843
v -0.002000000 -0.001208789 0.201312426
v -0.116028370 -0.027584326 0.078269378
v -0.040092525 0.018225675 0.171345365
v -0.029731614 0.002096346 0.191641116
v 0.037500001 -0.000070587 0.170327258
v -0.102132494 0.000635685 0.056846718
v -0.015794859 0.020165345 0.153479946
v -0.012867716 0.001674274 0.197407265
v -0.007097589 0.018670082 0.098200524
v -0.115420430 -0.029626851 0.080451364
v -0.036845859 -0.005500000 0.192893912
v -0.109686710 -0.012218381 0.083065796
v 0.025288984 -0.005500000 0.171249996
v -0.006614989 -0.005500000 0.201900933
v -0.110026058 -0.014453001 0.081729865
v -0.016594892 -0.003202386 0.188999996
v -0.024000000 -0.001831843 0.186336739
v 0.028750000 -0.001375001 0.180999994
v -0.114253744 -0.016459170 0.080026589
v 0.006405711 0.017836721 0.163443463
v 0.005203738 0.017123715 0.144210157
v 0.003000000 0.000075176 0.186424824
v -0.024423156 0.011142776 0.125207082
v -0.111239715 -0.017787777 0.090368921
v -0.107724989 -0.016558386 0.087419716
v -0.028339846 0.000237537 0.180999994
v -0.037187499 -0.002687500 0.195999995
v -0.024000000 0.000500000 0.195999995
v -0.024163156 0.005710078 0.182022642
v 0.018131926 0.010032419 0.152368995
v -0.119128663 -0.026462166 0.083553311
v 0.018999999 0.000750000 0.198250003
v 0.018999999 -0.003388264 0.186839862
v -0.016612870 0.015091044 0.151999995
v 0.037500001 -0.003500000 0.180999994
v -0.095641544 -0.005093235 0.040608374
v -0.039999999 -0.003500000 0.195999995
v 0.029898864 -0.003000000 0.078161620
v -0.018500000 0.018473452 0.098655977
v -0.028802326 -0.005500000 0.184008859
v 0.018999999 -0.003022727 0.188863636
v 0.026014356 0.002523248 0.169800024
v 0.003734375 0.018989002 0.099907459
v -0.003412891 0.001416469 0.196553170
v -0.003410564 0.010336841 0.201265882
v 0.017269222 0.017945209 0.174988935
v 0.007626603 -0.003815595 0.187609404
v -0.118236851 -0.022527001 0.093275113
v 0.010523165 -0.005500000 0.187492278
v -0.024000000 -0.000378906 0.183812494
v -0.026684339 -0.005500000 0.186214319
v -0.119045988 -0.018070930 0.080056673
v -0.011985080 0.020062500 0.141452527
v -0.114529291 -0.028193762 0.081154476
v -0.017550098 0.002179676 0.197489926
v -0.115251642 -0.022394445 0.075526019
v -0.030000000 -0.005500000 0.180999994
v 0.032819301 0.016000001 0.097859986
v -0.039999999 -0.001500000 0.180999994
v -0.039999999 -0.000378906 0.183812494
v -0.023109376 0.002686396 0.187967499
v -0.014456812 0.002088627 0.197923107
v -0.026202286 -0.005500000 0.183090766
v -0.111809951 -0.023001177 0.084360283
v -0.110083539 -0.022932027 0.078126837
v -0.024000000 0.002500000 0.182874994
v 0.037500001 -0.000160156 0.178562495
v -0.010381514 0.020000000 -0.008139881
v -0.123325183 -0.016532924 0.091018441
v -0.019698548 0.016625000 -0.023825903
v 0.018999999 -0.002104666 0.187467105
v -0.114479218 -0.025109147 0.074661596
v -0.008375000 -0.005500000 0.206000000
v -0.039500002 0.018500000 0.174447921
v 0.028256297 0.018968298 0.161244736
v -0.016594892 -0.003202386 0.206000000
v 0.031101565 -0.005500000 0.171249997
v -0.018999999 -0.000734043 0.199579851
v -0.007806439 -0.002796826 0.202830416
v -0.009767569 0.000338296 0.191487822
v 0.030059630 0.000462539 0.066030921
v -0.018999999 -0.003180332 0.192187497
v -0.122449880 -0.032085631 0.086349772
v -0.037743712 0.019104159 0.178918077
v -0.039999999 -0.003055894 0.193354805
v 0.021440851 -0.003000000 0.080086541
v -0.121677699 -0.017918618 0.088021073
v -0.009639053 0.002445101 0.202859467
v -0.006604167 -0.005500000 0.199108505
v 0.006502158 0.001060337 0.186481090
v -0.015915566 -0.001662171 0.188999996
v 0.014999999 -0.005500000 0.200000003
v -0.035537909 0.006954155 0.197959962
v 0.018999999 0.000882613 0.190863947
v 0.003000000 -0.005500000 0.190000001
v -0.114004217 -0.018268962 0.086610493
v -0.029406105 0.001993348 0.185782345
v 0.038335470 -0.001167904 0.074182931
v -0.112974061 -0.023072900 0.079772401
v 0.024499999 0.000500000 0.167999998
v 0.026074954 0.000079151 0.171478766
v -0.011773751 -0.002906640 0.188999996
v 0.034995969 -0.003071573 0.180999994
v -0.090435708 -0.000969361 0.043580744
v -0.016396875 -0.005500000 0.203396875
v -0.128808644 -0.025703223 0.085759244
v -0.115859486 -0.024906734 0.087125441
v -0.014399482 0.004775002 0.198086299
v -0.116090542 -0.021689380 0.076436180
v -0.007782805 0.001752321 0.202634549
v 0.018999999 0.000750000 0.185750000
v -0.004220353 -0.005500000 0.195788192
v -0.115974585 -0.024476912 0.074537232
v 0.018500000 0.018500000 0.145447922
v 0.012187501 0.000675597 0.200000003
v -0.117053400 -0.026789410 0.077752546
v -0.070765293 0.011793051 0.026415407
v 0.016889880 -0.005500000 0.194491073
v -0.018999999 0.000721762 0.200124880
v 0.025066895 0.004193410 0.179831549
v 0.012662291 0.001767181 0.187454600
v -0.113920268 -0.022726175 0.073640213
v -0.039999999 -0.001652503 0.194309515
v -0.027816377 -0.005500000 0.182660362
v -0.032906250 -0.003000000 0.085000001
v -0.008322595 0.016000001 0.183435386
v 0.005520511 0.017189960 0.179617760
v 0.036910803 0.016041611 0.165542325
v -0.126970991 -0.025487021 0.087537570
v -0.003772307 -0.000861418 0.197260446
v 0.013858199 0.002994055 0.197641368
v -0.093324036 -0.003468575 0.039910287
v -0.114934072 -0.015180902 0.083644352
v -0.008549615 -0.005500000 0.197649419
v -0.118570638 -0.009680404 0.062111901
v -0.006312500 0.016000001 0.097572917
v -0.004125000 -0.005500000 0.206000000
v -0.117070024 -0.028515287 0.079819816
v -0.018999999 0.000500000 0.206000000
v -0.018999999 0.000935547 0.204406250
v -0.127516144 -0.021913281 0.089182913
v 0.016877867 -0.001130875 0.190408986
v -0.037750546 -0.003250547 0.180999994
v 0.022961250 -0.003000000 0.074703081
v -0.111072743 -0.024395003 0.076338102
v -0.110953956 -0.015584237 0.080152478
v -0.124653204 -0.021236180 0.084696598
v -0.121062432 -0.004499043 0.071544206
v 0.018232236 0.014304313 0.173659098
v -0.003106662 0.004226979 0.190515691
v -0.027716144 -0.003794606 0.180999994
v -0.108913569 -0.014671303 0.082964678
v -0.005496243 -0.000197876 0.191197961
v -0.017612604 0.002053582 0.195676805
v -0.003852789 0.002025148 0.195093221
v 0.026747735 0.001267814 0.176990548
v 0.013602992 -0.005500000 0.186927410
v -0.121160276 -0.029981112 0.087406911
v -0.070523310 0.007306460 0.020232901
v -0.115711748 -0.028560151 0.079300796
v -0.115548679 -0.024401732 0.076431005
v 0.017255311 0.002286220 0.186432176
v -0.125757963 -0.018082202 0.092069935
v -0.016428749 -0.003000000 0.079033328
v -0.000313050 -0.003000000 0.022490648
v 0.011130641 -0.005500000 0.191400931
v -0.012625000 -0.005500000 0.206000000
v -0.016918120 0.017288858 0.096004351
v 0.037500001 0.000327333 0.172960288
v 0.016017568 0.000489710 0.188893236
v 0.035175087 -0.002029151 0.178925501
v 0.014409326 -0.003062021 0.193132267
v -0.039999999 0.000500000 0.180999994
v -0.002000000 -0.003294456 0.197257437
v -0.064889893 0.011788505 0.027090726
v -0.039999999 0.000500000 0.195999995
v 0.024499999 0.000989559 0.169440733
v 0.017206102 0.001086454 0.191553448
v -0.026570233 -0.000036003 0.195999995
v 0.037053126 -0.005500000 0.170843747
v 0.005743112 -0.005500000 0.186743112
v 0.027095437 0.002743668 0.171033090
v -0.116367136 -0.017868340 0.079125641
v 0.039632785 0.007237643 0.056083653
v -0.039999999 -0.003123340 0.183276765
v -0.026724694 0.003006986 0.183657827
v -0.018999999 0.000500000 0.188999996
v -0.110310375 -0.015406618 0.087134655
v -0.016957548 0.003417996 0.077144588
v -0.118183315 -0.016354508 0.084472465
v 0.017438095 0.000516762 0.197178525
v -0.030017751 0.018159805 0.172445038
v -0.111975468 -0.018717354 0.084027175
v -0.041499998 0.007176001 0.191607882
v 0.017338545 -0.000966834 0.184000000
v 0.012263133 0.002379726 0.197824483
v -0.109635244 -0.016148028 0.081489039
v -0.089766398 0.009827952 0.048350669
v -0.029730322 -0.000411865 0.180999994
v 0.003500000 0.018500002 0.146625003
v -0.007050011 0.020281250 0.185759394
v 0.028576920 0.002719952 0.172085445
v -0.069798664 0.005779322 0.021213143
v -0.004746921 0.001845209 0.199965115
v -0.123532945 -0.020260987 0.090883447
v -0.013609375 0.016000001 0.098343753
v 0.024499999 0.001177494 0.170818956
v 0.018999999 -0.000812500 0.198562503
v 0.012570064 0.001939888 0.191328365
v -0.037527645 0.000123049 0.180999994
v -0.029429422 -0.005500000 0.182515675
v 0.025768323 0.000983672 0.169770289
v -0.001812500 0.002500000 0.199492186
v -0.034569492 0.000639126 0.180999994
v -0.031907134 -0.000411865 0.180999994
v -0.102074373 -0.004217986 0.062415607
v -0.001073520 0.003406240 0.205769110
v -0.004786414 0.018191287 0.150652616
v -0.009840198 -0.003000000 0.068176752
v -0.018435195 0.010861087 0.186408801
v -0.121330763 -0.018475738 0.085458750
v 0.012487981 -0.005500000 0.189703924
v 0.014974206 -0.005500000 0.185784733
v -0.027605592 0.001052865 0.192999311
v 0.014568480 -0.002770322 0.200000003
v -0.113792480 -0.019092851 0.075307074
v 0.012781250 0.002500000 0.184000000
v -0.024000000 -0.003500000 0.195999995
v 0.001500000 0.004013490 0.191025615
v -0.010186434 -0.002105217 0.190595816
v -0.007312500 -0.003425771 0.206000000
v 0.018999999 -0.003322277 0.192210892
v 0.003000000 0.000500000 0.184000000
v -0.115913917 -0.014313789 0.088192245
v 0.004665135 -0.001246050 0.189706284
v -0.126446983 -0.024782238 0.084533588
v -0.014149308 0.001298508 0.193944004
v -0.115441820 -0.024157998 0.079627995
v 0.018999999 0.001062500 0.196687503
v -0.123562385 -0.019480242 0.086322303
v 0.035459837 0.002495537 0.172999646
v -0.111672588 -0.020809393 0.080683294
v -0.109625751 -0.026302882 0.077267252
v -0.017136366 -0.005500000 0.193348830
v -0.010100211 -0.002798890 0.198486110
v 0.021285598 -0.003000000 0.059698245
v -0.039999999 -0.003831498 0.191846392
v -0.122313455 -0.021144121 0.084095369
v -0.040888339 0.004573236 0.070534966
v -0.035684805 0.001918119 0.183639162
v -0.113308407 -0.026289510 0.075577100
v 0.005710820 0.015266583 0.149000004
v -0.016641561 -0.000500000 0.206000000
v -0.115550302 -0.021850274 0.074547762
v -0.007036188 0.000614428 0.206000000
v 0.022068735 0.015385029 0.094951366
v -0.024000000 0.000500000 0.180999994
v 0.012999999 -0.005500000 0.184000000
v 0.018477360 -0.005500000 0.186500000
v 0.012962396 -0.002505455 0.185556693
v 0.017201047 -0.005500000 0.190886545
v -0.016324540 0.001052222 0.196312515
v -0.014989664 0.003354853 0.195753173
v -0.110041006 -0.013180005 0.084363086
v 0.011317522 -0.004175002 0.188469012
v 0.000102031 0.003537841 0.094687499
v 0.010483553 0.002121741 0.186274398
v -0.015071719 -0.000243492 0.192955216
v -0.026171556 0.000395767 0.180999994
v -0.037678312 -0.005500000 0.195235793
v 0.016530263 -0.000943188 0.187124115
v -0.039999999 -0.003410293 0.188420250
v -0.114613253 -0.027026795 0.077007287
v 0.018999999 -0.001156255 0.195352689
v 0.026559814 0.002086567 0.178800331
v -0.070940171 -0.000392758 0.037343945
v 0.025537312 -0.000500000 0.167999998
v 0.027750000 -0.005500000 0.167999998
v 0.026856087 -0.002905991 0.167999998
v -0.114520296 -0.024268950 0.077699706
v 0.011821156 -0.005500000 0.185890813
v 0.016788393 -0.003000000 0.066229440
v 0.037500001 0.000830078 0.176124995
v -0.118123464 -0.015227899 0.087171122
v -0.120132023 -0.025900913 0.077989687
v 0.027504622 0.001538768 0.170984388
v 0.009788412 -0.002964040 0.184000000
v -0.122401508 -0.025932793 0.089089103
v -0.002000000 0.000500000 0.188999996
v -0.123642181 -0.027328835 0.081173962
v -0.004426698 -0.005500000 0.203192901
v 0.005104552 0.001525083 0.185214577
v -0.008766938 -0.002833883 0.193930337
v -0.018999999 -0.001904619 0.190823350
v -0.009278643 0.000686361 0.188999996
v -0.007375000 0.002500000 0.188999996
v -0.033275967 -0.003000000 0.048986653
v -0.125813100 -0.025987607 0.088708818
v -0.067613913 0.004442814 0.021105236
v -0.024000000 0.000181303 0.193655885
v -0.127511616 -0.014188242 0.088247503
v 0.017299506 0.000778506 0.200000003
v -0.017589114 0.001031100 0.188999996
v -0.123916007 -0.027198109 0.087892002
v 0.014398264 0.021000000 0.098730765
v -0.008277601 0.000783125 0.190646651
v 0.011465491 0.000855381 0.184000000
v 0.028926868 -0.003696896 0.173759527
v 0.035933702 -0.000312079 0.176734774
v 0.013448047 0.017148438 0.147240146
v -0.119520530 -0.030457571 0.083171419
v 0.018116657 0.000779151 0.186558062
v -0.121901690 -0.025485199 0.081466154
v -0.045735153 0.021324749 0.026167467
v -0.024000000 -0.000318360 0.189308328
v 0.006007854 0.002280394 0.185219983
v 0.035625001 0.000718750 0.180999994
v -0.040500000 0.017867543 0.101383349
v 0.003000000 -0.003500000 0.200000003
v -0.109550919 -0.023033978 0.081399958
v 0.030370961 0.010785895 0.103385353
v -0.011444209 0.004937647 0.202278272
v -0.002000000 -0.000333369 0.190421493
v -0.126794660 -0.028329732 0.083697699
v -0.016561921 -0.000552840 0.190818030
v -0.031968176 0.002100902 0.185286922
v -0.113074454 -0.027569117 0.080083506
v -0.115275305 -0.016868211 0.081224734
v -0.124059834 -0.023816851 0.083174544
v -0.004756137 0.002546842 0.192466317
v -0.113077206 -0.022173861 0.087067534
v 0.010296848 -0.000694367 0.189153971
v -0.003823642 -0.002734455 0.196839679
v -0.128476040 -0.025779335 0.085622069
v 0.035939726 -0.003000000 0.023089597
v 0.028910649 -0.001657846 0.175119487
v 0.037500001 -0.003500000 0.167999998
v -0.008375000 -0.005500000 0.188999996
v 0.016909109 0.002757451 0.188739663
v -0.115643842 -0.028915172 0.081660719
v -0.030473675 -0.002703275 0.180999994
v 0.010486763 -0.001410727 0.184000000
v 0.029918127 0.001391254 0.169462954
v 0.004300964 0.004032839 0.199834887
v -0.030842322 -0.000495482 0.184807301
v -0.006715765 -0.002724324 0.188999996
v -0.002000000 -0.000440319 0.195020329
v -0.014044131 0.002244480 0.196535437
v -0.123702360 -0.018036280 0.089233007
v 0.024499999 -0.001508860 0.169591860
v 0.029578128 -0.005500000 0.176328121
v -0.006083009 -0.004124601 0.197859587
v -0.002000000 0.000500000 0.206000000
v -0.017897629 0.005140667 0.195296957
v -0.016210937 -0.005224721 0.188999996
v -0.067427392 0.008555517 0.021558768
v -0.006911411 0.001675144 0.193331206
v -0.002000000 0.001321759 0.199041048
v -0.026626195 0.002005033 0.192299463
v -0.116176566 -0.020252488 0.075411745
v 0.032211381 -0.003940978 0.176499480
v -0.012291286 -0.005500000 0.191699754
v -0.007928064 0.003271312 0.202992637
v -0.017250000 0.002500000 0.206000000
v -0.031138252 -0.004075701 0.187495063
v 0.009395050 -0.001651391 0.191065981
v -0.015767464 -0.003681150 0.190555800
v -0.002000000 0.001115946 0.202812499
v -0.006722655 0.002298931 0.202777536
v -0.002000000 -0.003142986 0.192358710
v -0.028712376 -0.002906250 0.069394130
v -0.011291497 -0.004218084 0.199337768
v -0.115971800 -0.020192416 0.079636929
v -0.004214543 -0.000718222 0.193127311
v -0.117624151 -0.013625877 0.084160853
v 0.031512730 -0.001203414 0.167999998
v -0.114276389 -0.014767546 0.081719944
v -0.007869417 -0.005500000 0.195980532
v 0.014353860 0.001226632 0.185376271
v -0.031571419 -0.002380014 0.182359906
v -0.111275785 -0.021402887 0.085738220
v 0.017687679 0.002257263 0.190233412
v -0.118747853 -0.029816767 0.084503527
v -0.017654185 0.010844865 0.128911712
v 0.037973700 0.017004477 0.037674751
v -0.117056107 -0.027358281 0.081790869
v -0.002000000 -0.004923563 0.205396809
v -0.002000000 -0.001515212 0.193350004
v -0.113896969 -0.019040563 0.076884586
v 0.017430004 -0.003932331 0.191673577
v -0.112734074 -0.019583860 0.076363753
v -0.002000000 0.001345568 0.191053900
v -0.119734941 -0.022915808 0.079095251
v -0.034823898 0.001306492 0.189125498
v -0.002000000 -0.001983214 0.190844829
v 0.015003848 -0.004142547 0.189218624
v -0.120868604 -0.020743642 0.083377001
v 0.030672827 -0.000953734 0.180999994
v -0.010663254 0.002235209 0.191444316
v -0.039999999 -0.002813791 0.189650869
v 0.015841443 -0.002362837 0.189074917
v -0.115816118 -0.027206849 0.081114769
v -0.041499998 0.003654149 0.186840281
v -0.035202931 -0.002359276 0.184675488
v 0.018999999 0.000298713 0.199524819
v -0.025499023 0.001918386 0.182496273
v -0.011874106 0.000455943 0.193269714
v 0.003000000 -0.000500000 0.185074428
v -0.122699504 -0.026555664 0.079853608
v -0.036051553 -0.001830519 0.191451311
v 0.004839026 -0.005500000 0.193517836
v -0.007388391 -0.003436552 0.195916246
v -0.005763077 -0.003941338 0.206000000
v 0.026011160 0.016000001 0.097511161
v -0.002000000 0.000871207 0.193222659
v -0.013875881 -0.000942653 0.191774568
v -0.031046995 0.001052617 0.184874292
v -0.038110366 0.000412437 0.183262491
v -0.116384182 -0.019125341 0.082119291
v -0.005342463 -0.001446130 0.188999996
v -0.118056474 -0.030548894 0.082663268
v 0.009615587 0.000079237 0.190809432
v 0.025783372 0.001645280 0.175345661
v 0.016135925 0.000636544 0.185990103
v -0.003544865 0.000913868 0.188999996
v -0.018999999 -0.000750856 0.195121311
v 0.016549998 -0.005500000 0.197550002
v -0.111304046 -0.017570057 0.082035949
v 0.036057001 -0.002754609 0.167999998
v -0.008065420 -0.003801296 0.188999996
v -0.126113005 -0.029018506 0.087087961
v 0.005377945 -0.002367001 0.186713129
v -0.030812500 -0.001500000 0.180999994
v -0.117611499 -0.017535740 0.082047280
v -0.123969135 -0.018911250 0.093856185
v 0.032957881 0.003205174 0.176823564
v -0.116077067 -0.023344217 0.075126966
v -0.010458135 -0.002573571 0.192558221
v -0.110118962 -0.024312369 0.077509221
v -0.087074928 0.006911917 0.049436711
v -0.024000000 -0.000667652 0.182297901
v -0.026710092 -0.002706526 0.183530104
v -0.013885682 0.017820655 0.108746097
v -0.030600981 0.002520310 0.187163808
v 0.009605464 0.001585248 0.196652159
v -0.039999999 -0.003110498 0.181520327
v 0.024499999 -0.005500000 0.177749995
v 0.016116831 -0.002857976 0.191747482
v -0.116973197 -0.020104470 0.077650338
v 0.017995103 0.001916652 0.185123212
v 0.017341368 -0.005500000 0.196089585
v -0.024942282 0.018441574 0.101499558
v -0.010170752 -0.005500000 0.198127943
v -0.123504937 -0.029922210 0.084211946
v 0.009116290 0.001967862 0.186503985
v -0.126126378 -0.029384976 0.084675683
v 0.012176746 -0.003665041 0.192540904
v 0.003000000 -0.000755250 0.188741427
v -0.017739251 0.001755917 0.204023730
v -0.034771975 0.003966935 0.186990433
v 0.003000000 0.000500000 0.200000003
v -0.014040125 0.003080968 0.199424147
v -0.002000000 -0.001440924 0.195686463
v 0.029021508 -0.001658912 0.169757798
v 0.018999999 0.002500000 0.187000001
v -0.121492315 -0.028897683 0.089237551
v -0.033667065 -0.001214181 0.184694753
v 0.016545670 -0.002171385 0.200000003
v -0.112202295 -0.027289174 0.076304171
v -0.006507929 0.001287631 0.195861204
v -0.007974121 -0.005500000 0.200285290
v -0.021896489 0.000000000 0.088589530
v -0.123152311 -0.025314498 0.080527171
v -0.012843751 0.002500000 0.206000000
v -0.011093562 -0.001485738 0.197265148
v 0.011905287 0.000645331 0.186805125
v -0.114034207 -0.021797591 0.073891511
v -0.009596143 -0.003995160 0.190575107
v -0.028946144 -0.001774941 0.180999994
v -0.034181608 -0.005500000 0.183415909
v 0.027744452 0.000383018 0.173679429
v -0.026058741 -0.003000000 0.080079243
v 0.018021038 0.002067803 0.197262938
v -0.003165340 0.001527927 0.191888159
v -0.114253001 -0.014958282 0.079486799
v 0.032095808 0.015087448 0.137449218
v -0.003799893 0.000182443 0.196016856
v 0.004276210 0.001123235 0.184000000
v 0.030712335 -0.003286786 0.167999998
v -0.124173170 -0.018604380 0.090993472
v -0.004800757 -0.005500000 0.201428409
v -0.002000000 -0.002236459 0.202554961
v -0.017328032 -0.001849379 0.195609162
v 0.012047822 0.002002240 0.185312019
v 0.018446072 0.000290239 0.184000000
v 0.005437500 0.002500000 0.184000000
v 0.004425394 -0.002401992 0.191109931
v -0.031101868 0.007943860 0.187345086
v 0.033685465 0.002409272 0.178600481
v -0.026140237 -0.000080267 0.192301967
v -0.030329580 -0.004210810 0.180999994
v -0.005600263 0.002003450 0.203377416
v -0.004544939 0.002143996 0.197845447
v 0.013653471 -0.001717902 0.187426391
v -0.114933579 -0.024250886 0.073828582
v -0.126274539 -0.023316091 0.089272532
v 0.018999999 0.000169909 0.195052664
v 0.026175015 -0.005500000 0.172824979
v 0.031138981 -0.005500000 0.179366976
v -0.025124126 0.001246804 0.180999994
v -0.009159761 -0.000411943 0.188999996
v -0.037262522 0.001790215 0.192286864
v 0.005271985 0.001974075 0.189924735
v -0.117435311 -0.014928708 0.089567643
v -0.029533412 0.003382015 0.185996489
v -0.030385941 -0.003569656 0.182413749
v -0.018999999 0.000662131 0.190851078
v -0.016433240 -0.001828552 0.192289568
v -0.006086775 0.004406053 0.191713924
v -0.012282274 -0.001056612 0.193534329
v -0.116363479 -0.023802117 0.078598757
v -0.002000000 -0.001971789 0.197324990
v -0.002000000 -0.005500000 0.199624999
v -0.002000000 -0.003648433 0.199138771
v 0.037500001 0.000952448 0.171519234
v 0.011015320 0.002021873 0.195812369
v 0.032116931 0.000633857 0.167999998
v 0.030146230 -0.002316282 0.179025105
v -0.032859931 -0.005500000 0.182416433
v -0.036277866 -0.000310932 0.180999994
v -0.003751885 -0.002748307 0.198384859
v -0.117393901 -0.014075623 0.086415284
v 0.015072266 0.002500000 0.200562504
v -0.034525623 0.004531735 0.178048920
v -0.005936676 0.002800371 0.195863195
v 0.006791654 -0.002591417 0.191733307
v -0.089143322 0.008370499 0.049827847
v 0.003000000 0.001038048 0.187596554
v -0.035032087 -0.000158949 0.189166182
v -0.010728915 0.001027774 0.188999996
v 0.007437500 0.000717777 0.184000000
v -0.017451914 -0.001469468 0.188999996
v 0.035888707 -0.001796113 0.176150806
v -0.112193141 -0.015878251 0.081141505
v -0.014822537 -0.003767316 0.192103431
v -0.086237986 0.008822905 0.044934818
v -0.032106688 -0.000736800 0.182608736
v 0.013108037 -0.000444464 0.200000003
v 0.039000001 0.003479727 0.176150518
v -0.114863367 -0.013251457 0.082740990
v 0.035579771 -0.001221101 0.180999994
v 0.035791698 -0.003000000 0.069472657
v 0.031222134 0.001915086 0.170497437
v -0.033125243 -0.003984040 0.180999994
v 0.037500001 0.001071294 0.177833332
v -0.004506647 0.000802294 0.197309567
v -0.037231915 -0.003949715 0.191998347
v 0.033411394 -0.000475256 0.167999998
v -0.027599084 0.002390948 0.185961266
v 0.010481262 0.000291341 0.195898201
v 0.007745212 -0.003518420 0.184000000
v -0.125689551 -0.027653037 0.082424040
v 0.011508451 -0.002309290 0.188534426
v -0.012309532 0.002364252 0.190990685
v 0.028723265 -0.003713578 0.167999998
v -0.039999999 -0.005500000 0.182874994
v -0.124586789 -0.023283885 0.082535529
v 0.024994628 0.000656672 0.073194616
v 0.017358242 0.001197146 0.195112179
v -0.004070421 -0.000405206 0.188999996
v -0.115163938 -0.022912545 0.073939585
v -0.110448521 -0.012008710 0.080153415
v -0.006136055 -0.002750716 0.199350552
v 0.018999999 0.001500000 0.200000003
v -0.065852722 0.007883257 0.019617755
v 0.003000000 -0.001857143 0.195785716
v -0.120297689 -0.030898081 0.085106358
v -0.003849405 0.001486761 0.190680657
v -0.115514182 -0.027462578 0.083372633
v -0.015829300 -0.003000000 0.068756725
v 0.006435586 -0.003762807 0.185579845
v -0.013524574 0.005001804 0.208000004
v -0.007186593 0.000050498 0.188999996
v -0.119109938 -0.021098685 0.083888679
v -0.035035164 0.000550745 0.182906387
v -0.010311342 0.001443430 0.192246749
v 0.017670790 -0.000718206 0.200000003
v -0.113465958 -0.021880648 0.078150690
v -0.004871548 -0.005500000 0.197132453
v -0.025383994 0.001874964 0.190486194
v 0.017972751 0.001350071 0.198818835
v -0.010259124 -0.005500000 0.200371455
v 0.007075875 0.003344712 0.196863843
v -0.017408661 0.007613153 0.043482789
v -0.038703478 -0.002353634 0.195999995
v 0.026681239 0.001211770 0.167999998
v -0.127654356 -0.025492929 0.078253721
v -0.003652361 0.000000000 0.085975535
v 0.011820242 0.000898934 0.190142881
v -0.033842916 0.002101789 0.193125156
v -0.121392546 -0.029185380 0.085085774
v -0.034442588 -0.001547209 0.188734150
v -0.018999999 0.002500000 0.191124997
v 0.014941351 0.001586029 0.196838637
v 0.005387132 -0.000949634 0.195166433
v 0.017230345 -0.002545350 0.187266082
v -0.114588588 -0.021888483 0.085376105
v -0.125201691 -0.026880996 0.084421358
v 0.018999999 0.001285938 0.194420595
v -0.025442757 0.000987916 0.195999995
v 0.008961717 -0.001320924 0.184000000
v 0.004541949 0.002279109 0.188394891
v -0.002000000 -0.001576233 0.204266388
v -0.124058669 -0.026433033 0.085909682
v 0.016520685 0.002088987 0.197113768
v -0.018999999 0.001135473 0.202735167
v -0.092777686 0.007154556 0.048781331
v -0.010593529 0.020250000 0.179699835
v -0.014078952 0.002104200 0.192612762
v 0.006767081 -0.000668164 0.187764088
v -0.022543140 -0.003000000 0.038356644
v -0.030285908 0.000456346 0.182525730
v 0.007316502 -0.002723725 0.200000003
v -0.123745613 -0.017135943 0.094862614
v -0.006914585 -0.002282849 0.204396688
v -0.002350662 -0.003000000 0.068579027
v 0.018999999 0.001160577 0.187866347
v -0.010858578 -0.003079481 0.194308124
v 0.016453428 -0.002091124 0.184000000
v -0.003701372 -0.001652681 0.192234456
v -0.123454593 -0.025735486 0.079192827
v 0.003000000 -0.001589907 0.191778705
v -0.017238799 -0.005500000 0.201846914
v -0.037999999 -0.005500000 0.180999994
v 0.032285710 -0.000097514 0.171947889
v 0.013609987 -0.002193140 0.191518373
v -0.025902223 0.003082224 0.186096051
v -0.018999999 -0.002609519 0.203098657
v 0.033256198 -0.002432807 0.177890518
v 0.003000000 -0.000165541 0.191668921
v 0.014227569 -0.000386880 0.187823319
v 0.009218750 0.002500000 0.200000003
v 0.016830646 -0.000013177 0.198810843
v 0.036122396 0.016000001 0.135377604
v -0.024000000 0.001173900 0.194714655
v 0.016808966 -0.000832677 0.194391460
v -0.035712725 -0.005500000 0.194253548
v 0.020500001 0.016208174 0.139704341
v -0.110648397 -0.023244246 0.082545471
v 0.030000000 0.000852366 0.180999994
v -0.007375000 0.001347739 0.188999996
v -0.006503729 0.001190428 0.204651151
v 0.012901426 -0.000121049 0.197935605
v -0.112493508 -0.024196249 0.080829808
v 0.031464150 -0.001147586 0.177547800
v -0.012836002 0.000311174 0.188999996
v -0.119355657 -0.024688850 0.082271723
v -0.038302716 -0.005500000 0.188308801
v 0.005060205 -0.002566675 0.200000003
v -0.125687941 -0.025646918 0.083797793
v -0.039999999 0.002500000 0.191312495
v -0.110366128 -0.012982998 0.081937363
v -0.024000000 -0.003500000 0.180999994
v 0.018999999 -0.003981882 0.193627943
v 0.003000000 -0.002887715 0.193352571
v -0.038828077 0.002249069 0.184109604
v 0.029619883 -0.000779976 0.171888245
v -0.092577047 -0.002126366 0.044849662
v 0.013756418 -0.003950818 0.185635779
v 0.009755060 -0.000900470 0.186117394
v -0.011262306 -0.001114547 0.191764878
v -0.009443626 -0.003000000 0.025421581
v 0.037500001 -0.000334961 0.174687786
v -0.116166748 -0.026598828 0.085333056
v 0.016301685 0.000513330 0.184000000
v -0.092935889 0.002409850 0.042846892
v -0.018999999 -0.003409155 0.193869315
v 0.017023990 -0.001946812 0.193070900
v -0.007624555 0.002871607 0.192518186
v -0.008540160 -0.004294040 0.198802232
v 0.004627715 0.000281649 0.190167450
v -0.036703184 -0.002966751 0.190806923
v 0.030606680 -0.000979612 0.175448309
v 0.018999999 -0.003117679 0.190542171
v -0.114360722 -0.017077826 0.085977048
v 0.007340042 -0.002643522 0.189906260
v -0.114423309 -0.019240589 0.081952533
v 0.029967452 -0.005500000 0.172841142
v 0.010758510 0.002803798 0.194266102
v 0.009717563 0.002074427 0.190322859
v -0.119851566 -0.024596812 0.076012198
v -0.035771517 -0.005500000 0.182720305
v 0.031326021 0.001219817 0.179470035
v -0.032441581 -0.002556774 0.184289411
v -0.117903175 -0.019124101 0.081402641
v -0.012611492 0.004773336 0.191290818
v 0.018999999 -0.001069938 0.193988347
v -0.036810004 -0.004084322 0.186179395
v -0.123684654 -0.031220442 0.089064069
v -0.012134942 -0.003223499 0.192935066
v -0.112118396 -0.018095124 0.091106222
v 0.039227565 0.000327936 0.030715332
v 0.011722039 -0.005500000 0.198337041
v 0.011603740 -0.004106559 0.190771866
v -0.024000000 0.001482869 0.193187495
v 0.006825666 -0.005500000 0.185579628
v -0.010722582 0.000092825 0.190121814
v -0.029418087 -0.002234449 0.186910708
v 0.003000000 -0.004963317 0.197621536
v 0.035546431 0.002579579 0.170294686
v -0.009491968 -0.003000000 0.078833439
v 0.031096064 0.002103946 0.177456163
v -0.008437638 -0.001011852 0.194811106
v -0.003612616 -0.000144105 0.203923356
v -0.012654081 -0.002895047 0.197649364
v -0.008549046 -0.001048646 0.191741892
v -0.124881465 -0.027919745 0.089013677
v -0.117097350 -0.028865098 0.083602934
v -0.117949227 -0.028492082 0.085185880
v -0.018500000 0.018187500 0.101000004
v -0.007667030 -0.001458378 0.188999996
v -0.038600164 -0.003045358 0.194359748
v -0.124618260 -0.028533839 0.083023897
v -0.120348369 -0.021858424 0.081969998
v -0.005599166 -0.000742960 0.199288739
v -0.025341630 0.019192602 0.149621168
v -0.116710371 -0.024664210 0.082087075
v -0.123774123 -0.021715491 0.088046983
v 0.014988358 -0.005500000 0.198277332
v -0.007673788 0.000470808 0.192981050
v 0.006014733 -0.004012891 0.188269429
v -0.124948233 -0.029888021 0.088113620
v 0.013020631 0.002486188 0.188986084
v 0.006161101 -0.005500000 0.190442355
v 0.026125000 -0.005500000 0.174449980
v 0.035062501 0.001353646 0.167999998
v -0.035962700 -0.004224737 0.182799215
v -0.036240505 0.002549925 0.192958883
v -0.111637626 -0.015993763 0.079166999
v -0.032352591 0.002139790 0.190976920
v 0.026818621 0.016000001 0.099181382
v 0.031863284 -0.005500000 0.172900387
v -0.118529343 -0.028501724 0.080418797
v 0.037062501 0.002500000 0.180562495
v -0.122609143 -0.026369721 0.086846791
v -0.013148570 -0.001982734 0.195343581
v -0.124814101 -0.030472253 0.085420434
v 0.024499999 0.000385018 0.178815208
v -0.115297102 -0.022298157 0.077670890
v 0.018999999 -0.005500000 0.190000001
v -0.025180425 0.001185765 0.192210405
v -0.032121281 -0.000133067 0.195999995
v 0.027892757 0.000570519 0.180999994
v -0.017050816 -0.003598367 0.202763186
v -0.007790823 -0.002973964 0.191265684
v -0.005492975 -0.002506813 0.193302165
v -0.037117186 0.002500000 0.195999995
v -0.110311139 -0.025902583 0.078670449
v -0.028239423 0.002224625 0.188143205
v 0.008090926 -0.003000000 0.045111687
v 0.003000000 -0.003556677 0.188579194
v -0.013077273 -0.002682727 0.199903392
v 0.034708485 0.001520085 0.172376432
v -0.123374480 -0.028718735 0.086091323
v 0.011329112 -0.002471464 0.191609004
v -0.028372496 -0.002349441 0.184199679
v -0.114282982 -0.026413487 0.083139680
v 0.015335688 -0.003820654 0.190981009
v -0.122083246 -0.018251634 0.090454416
v -0.005203887 0.001234905 0.188999996
v 0.006378012 -0.000846905 0.190678043
v -0.112642722 -0.013798236 0.086197843
v -0.111658161 -0.020495266 0.087406414
v 0.009829591 -0.003249289 0.189419389
v 0.018999999 -0.000252713 0.192850306
v -0.032857605 -0.004051976 0.184369734
v 0.033506143 -0.004247203 0.175377294
v 0.029678112 0.006468077 0.170392963
v -0.008150719 0.002773098 0.198321719
v 0.010409070 0.005120250 0.181227079
v -0.010485767 0.002215193 0.199942727
v -0.118513343 -0.022496977 0.078741051
v -0.003668324 -0.003764140 0.204338102
v -0.112995796 -0.014645379 0.082880923
v -0.013424447 -0.001446661 0.188999996
v -0.125524346 -0.021825527 0.088666034
v -0.116682217 -0.021563385 0.082312615
v 0.026616643 -0.001153388 0.180999994
v -0.111054466 -0.012271774 0.083706107
v -0.007255753 -0.003993773 0.192451990
v -0.034255675 -0.004847287 0.180999994
v -0.110654500 -0.025861721 0.076225136
v -0.112411593 -0.019284207 0.089946476
v 0.012547042 -0.003000000 0.040458919
v 0.037500001 0.001058502 0.174231311
v 0.013604505 0.001607055 0.195800856
v -0.112182753 -0.025487274 0.076632139
v 0.027534936 0.002417552 0.176163961
v -0.090611544 -0.000751742 0.038794356
v -0.015782705 -0.001836764 0.206000000
v -0.065166476 0.018635236 0.027971081
v 0.018753652 -0.003000000 0.026096813
v -0.003914817 -0.001276497 0.202313127
v 0.037500001 -0.005500000 0.176124995
v -0.119377296 -0.017277538 0.087168577
v -0.114404666 -0.022243600 0.081163571
v 0.008458578 0.004855785 0.192403516
v -0.002000000 0.000595057 0.201249225
v -0.009835938 -0.005269508 0.188999996
v -0.038078276 -0.001617661 0.185331919
v -0.018999999 -0.004847702 0.192876770
v 0.003000000 -0.001368823 0.186511601
v 0.031187501 0.002500000 0.181687495
v 0.032824003 0.020209016 0.097184439
v -0.112726893 -0.024194238 0.077620364
v -0.034593866 0.019500000 0.101785242
v 0.013226332 -0.004464519 0.190978000
v -0.035431431 -0.003897523 0.187966806
v -0.036521627 -0.005500000 0.189696224
v -0.028545620 -0.002228100 0.182584455
v -0.117705267 -0.026005248 0.080032418
v -0.006471726 -0.002082893 0.197821843
v 0.009338284 0.005474148 0.046357252
v -0.114263873 -0.025169670 0.079701289
v -0.120119297 -0.021744221 0.085703074
v -0.036625157 -0.002374758 0.180999994
v -0.013430284 -0.001945849 0.202723940
v -0.091773959 0.006255709 0.046321917
v -0.121459940 -0.022945425 0.079920728
v -0.036646044 0.001150307 0.180999994
v -0.036611129 0.001602110 0.193977720
v -0.004718660 0.000764892 0.192453051
v 0.012081126 -0.001239848 0.186342235
v -0.039372588 -0.005500000 0.193410353
v 0.009818084 -0.001567309 0.193288446
v 0.031308563 0.000561215 0.177094247
v 0.030621746 -0.000928824 0.169531221
v 0.036991627 0.020250000 0.160823177
v -0.127122304 -0.028469297 0.086114066
v -0.118400871 -0.029610170 0.081687847
v 0.016700227 -0.000517378 0.192354851
v -0.039999999 -0.000421620 0.192245360
v -0.012625000 -0.005500000 0.188999996
v -0.039999999 -0.004021880 0.194552500
v -0.113263640 -0.018272247 0.089225803
v -0.016060830 -0.003658617 0.194661169
v -0.009308789 -0.003975531 0.197207653
v 0.012086086 0.005364765 0.202000007
v -0.033038865 0.000513884 0.183671488
v 0.014062183 0.004511287 0.195373635
v 0.031938607 0.002223234 0.176226156
v -0.018999999 -0.001904619 0.193443747
v -0.017481614 0.000064779 0.069061206
v -0.033912111 -0.004270446 0.182469229
v 0.018999999 0.002500000 0.193218752
v 0.007661281 0.001243988 0.185249728
v -0.033168969 -0.002493614 0.182329394
v -0.113474413 -0.020355249 0.080578911
v -0.115932837 -0.021006825 0.084482839
v -0.017317755 -0.000242622 0.199314156
v 0.030578126 -0.002563132 0.169334031
v -0.038194529 -0.005500000 0.191453170
v -0.036545823 0.004865657 0.192813079
v 0.017686240 -0.005500000 0.189000001
v 0.013168906 -0.000431055 0.192064143
v -0.114002857 -0.016624035 0.081687117
v -0.126157486 -0.027358801 0.087726807
v 0.003000000 0.001097986 0.189637817
v -0.003656267 -0.000510288 0.200384766
v -0.024000000 0.000500000 0.185792526
v -0.017699755 0.002285032 0.190652338
v -0.002000000 0.000121821 0.197608658
v -0.013840013 0.002173511 0.195281365
v -0.004860415 -0.002335119 0.195029510
v -0.088542605 0.003788776 0.047291669
v 0.037500001 -0.003619074 0.173370934
v -0.123947380 -0.031507420 0.086290799
v -0.015971101 0.002516255 0.197498366
v 0.037500001 -0.000500000 0.179962682
v -0.039999999 0.000446341 0.190832622
v 0.010937111 -0.005500000 0.194790644
v 0.032856138 -0.001963134 0.173925247
v 0.018999999 0.001500000 0.184000000
v -0.113123108 -0.011744980 0.083949277
v -0.032832867 -0.001501211 0.195999995
v -0.031602353 0.001120988 0.187993444
v 0.034515828 -0.002640119 0.169512917
v -0.119240366 -0.027229651 0.085618541
v -0.036713254 -0.003194867 0.193584439
v -0.039999999 -0.005500000 0.190374995
v -0.121677021 -0.020327657 0.090689068
v -0.036072966 -0.005500000 0.191372945
v 0.003000000 -0.005500000 0.186000000
v -0.017290621 -0.002424188 0.190483315
v 0.015576676 -0.003166691 0.184000000
v 0.014344591 -0.005500000 0.189392350
v -0.109365077 -0.019293934 0.080499625
v 0.024499999 0.001200373 0.173772990
v -0.117586747 -0.017534276 0.092741874
v -0.115137197 -0.015811178 0.089652329
v 0.003000000 -0.004320127 0.187000001
v 0.029475798 -0.005500000 0.171290957
v 0.018999999 -0.003887500 0.184612500
v -0.110901396 -0.027154442 0.077813180
v 0.026992133 -0.003001894 0.173683074
v 0.013489205 -0.005500000 0.194052517
v 0.003496325 -0.005500000 0.194018936
v -0.028164483 -0.005500000 0.187429451
v -0.038740716 -0.005500000 0.189679221
v 0.003000000 0.000750000 0.198250003
v -0.109165575 -0.014555681 0.085636262
v 0.026190163 0.000834272 0.180999994
v -0.120549118 -0.022341137 0.096502237
v -0.026618922 -0.005500000 0.187803045
v -0.038232166 -0.004390406 0.193325308
v -0.038214167 -0.001525753 0.180999994
v -0.008704832 0.002048442 0.194058785
v 0.029693580 0.000860318 0.171293083
v 0.033654102 -0.002701981 0.179591982
v 0.005950525 -0.002628492 0.194775767
v -0.026093069 0.002861091 0.196531247
v 0.003000000 -0.004361469 0.193000002
v -0.033733327 0.002407791 0.188092312
v -0.113017191 -0.017724481 0.079425221
v 0.004891390 0.000930537 0.200000003
v 0.027968750 0.002500000 0.181374995
v -0.009911928 0.001398792 0.190189688
v 0.025828858 0.001965060 0.170979032
v -0.027410214 -0.003686902 0.186205489
v -0.017321673 0.001670201 0.200616122
v 0.026459949 0.001903059 0.173343089
v 0.032374847 -0.004002828 0.179279644
v -0.112073192 -0.020681808 0.079091712
v 0.014565052 -0.002799794 0.185345045
v -0.029517054 -0.003772988 0.184039234
v 0.015508406 0.001511605 0.186811730
v -0.006686224 -0.000909423 0.193226079
v -0.109702022 -0.017249918 0.089078644
v -0.035787556 0.000082992 0.181963710
v 0.017285771 -0.003445259 0.193010734
v -0.018215218 -0.003000000 0.073805037
v 0.017998112 -0.002500000 0.184000000
v -0.013014994 -0.003935600 0.188999996
v -0.111424533 -0.014540040 0.086569848
v -0.122611679 -0.025474686 0.085110668
v -0.125067922 -0.024301857 0.090299600
v 0.004660882 -0.005500000 0.191384205
v -0.014413542 -0.005500000 0.204060938
v -0.000593750 0.004532639 0.194290051
v -0.018500000 0.018500001 0.148374999
v -0.024000000 -0.001215200 0.193385329
v -0.031413083 -0.004074901 0.184638519
v -0.116279677 -0.015643670 0.083767757
v -0.008992880 0.004294812 0.198264359
v -0.019360091 -0.003000000 0.059740144
v -0.037588974 -0.005500000 0.186757061
v 0.032190937 0.001483352 0.171825360
v -0.037042031 -0.001243475 0.180999994
v -0.113217272 -0.017306815 0.082813812
v -0.002000000 -0.003977362 0.195824285
v -0.010698631 -0.003326536 0.204440698
v 0.025789909 0.000742994 0.174314425
v -0.029100309 -0.003887385 0.180999994
v -0.010908987 -0.001490835 0.188999996
v -0.036715885 -0.000151675 0.192670734
v 0.030586228 -0.001768581 0.173982356
v -0.119187035 -0.024856397 0.085360381
v -0.028987917 0.000258928 0.189798546
v -0.111319111 -0.024328729 0.078879230
v 0.003000000 -0.000812500 0.198562503
v -0.033144321 -0.000422263 0.186883889
v 0.003000000 -0.003500000 0.184000000
v 0.004190927 -0.002290206 0.184000000
v 0.035161944 -0.003757042 0.177164179
v -0.109374061 -0.020222073 0.084809607
v 0.033531738 -0.003917394 0.180999994
v -0.018999999 -0.001525285 0.204280312
v 0.030534700 -0.003978490 0.170763031
v 0.003000000 -0.003246187 0.190202801
v -0.111874578 -0.012584608 0.082743067
v -0.121203812 -0.027344862 0.086239932
v 0.015964248 0.000326347 0.077017018
v -0.027750611 0.002246900 0.192643912
v -0.005276519 0.000617954 0.200235072
v -0.002000000 -0.003905392 0.194044268
v -0.031277390 -0.004145178 0.195999995
v -0.017133409 -0.002259705 0.204380210
v 0.028391058 -0.002164661 0.172084605
v -0.122888470 -0.019626381 0.094845966
v -0.122903963 -0.024882230 0.082284197
v 0.003000000 -0.000500000 0.184000000
v -0.039737066 0.021750000 0.090527523
v -0.108798961 -0.020648304 0.080609720
v 0.012138461 -0.000512935 0.194754967
v 0.034222420 0.000248369 0.175450666
v -0.123378565 -0.020747796 0.079485334
v 0.011975325 -0.002512300 0.198142279
v -0.035870854 -0.005500000 0.186805626
v 0.017292775 -0.001245779 0.196114815
v -0.015175661 0.002454609 0.202167118
v -0.038599810 -0.004084286 0.187547358
v -0.009369285 -0.005500000 0.194084052
v -0.123761154 -0.027541541 0.084191125
v -0.118696450 -0.028137961 0.082948547
v -0.026449760 -0.005500000 0.194777630
v 0.034463726 0.001814151 0.179874521
v 0.008207048 0.006062500 -0.019329427
v 0.018999999 -0.004165432 0.189640948
v 0.027334568 0.000784521 0.175723471
v 0.032347639 -0.000263182 0.169561454
v 0.037500001 -0.000256520 0.176506960
v -0.115104382 -0.023293779 0.083923429
v -0.039999999 -0.001086671 0.185696797
v -0.120931859 -0.024755938 0.090097142
v -0.113596523 -0.020696583 0.087229322
v -0.024499999 0.017250001 0.144276043
v -0.009873681 -0.000629676 0.194071228
v -0.034701176 -0.004139372 0.184795952
v 0.008705519 -0.004278305 0.192764202
v -0.009494197 -0.004191179 0.195365183
v -0.007420324 -0.005500000 0.193931938
v -0.031966742 -0.003995322 0.182281835
v -0.002650422 -0.005500000 0.194966009
v -0.012331398 0.002338368 0.200809990
v 0.004584713 -0.005500000 0.185584713
v -0.015376428 -0.005500000 0.191048320
v 0.006613442 0.001070399 0.200000003
v -0.013296873 0.001711898 0.191880186
v -0.038369611 -0.003869612 0.195999995
v -0.032904329 -0.004068102 0.186991370
v 0.015196562 0.002619853 0.197430210
v -0.114253607 -0.014181643 0.083211921
v 0.031672421 -0.000207454 0.174490273
v 0.037343750 0.000000000 0.084560548
v -0.030896531 -0.000613424 0.187488936
v -0.125602186 -0.021174196 0.090966670
v 0.018999999 -0.001625000 0.185708333
v -0.032726887 -0.002369674 0.180999994
v -0.116599209 -0.017754510 0.084033858
v -0.014231324 -0.002102326 0.204324341
v 0.034819239 0.001222117 0.178178901
v -0.038231199 0.001313317 0.195999995
v -0.014427351 -0.003467883 0.206000000
v -0.005251338 -0.004184672 0.196213387
v -0.005048520 -0.005500000 0.194230384
v -0.125171916 -0.024781461 0.087670273
v -0.072072155 0.001805520 0.020612349
v -0.033484375 0.002500000 0.180999994
v -0.018999999 -0.004920083 0.191390622
v 0.005443678 -0.001602203 0.184000000
v -0.004955478 0.001251899 0.206000000
v -0.124434740 -0.021660996 0.092155054
v -0.012067076 -0.004247712 0.194595095
v -0.018999999 0.000531247 0.193197680
v -0.031671244 -0.002402880 0.194430940
v -0.035390112 -0.005500000 0.184355834
v -0.110595235 -0.021923275 0.082060241
v -0.039999999 0.000833961 0.194352053
v 0.011683892 -0.003000000 0.050455407
v 0.031801727 -0.002813135 0.179842089
v -0.119976283 -0.027483243 0.079812940
v -0.110035555 -0.021635021 0.083835934
v -0.121380184 -0.017726196 0.094570090
v 0.015875461 -0.004256781 0.193155900
v -0.013409618 -0.005500000 0.197112748
v -0.004296854 -0.001421809 0.206000000
v 0.015904110 -0.003709875 0.185300631
v -0.025593503 0.000713480 0.194049358
v -0.010279363 -0.005500000 0.203120988
v -0.004706394 0.003044656 0.202492463
v -0.115236889 -0.019743675 0.077717148
v 0.027924809 -0.000917446 0.179793457
v -0.008715542 0.006090425 0.186637547
v -0.030414810 -0.005500000 0.186257554
v -0.033286352 0.001314088 0.188640186
v 0.029375000 -0.005500000 0.167999998
v -0.117867011 -0.019698675 0.085806312
v 0.004596831 -0.004045110 0.185924480
v -0.011710594 -0.002435545 0.190169991
v -0.124914499 -0.026104716 0.089730912
v -0.036273954 -0.003907321 0.180999994
v -0.039999999 -0.004114053 0.187125584
v 0.011798906 -0.003560906 0.184000000
v -0.114259548 -0.023638823 0.074750286
v 0.011789703 -0.000955933 0.184000000
v -0.115428443 -0.016085800 0.085070832
v 0.008989152 -0.000423795 0.195795005
v -0.016135575 0.002813553 0.200387265
v -0.119099967 -0.026865594 0.088776615
v -0.113402142 -0.028740578 0.078991110
v -0.009456033 -0.001394415 0.204486515
v -0.012391542 -0.005500000 0.203920457
v 0.034999705 0.000582082 0.179561291
v -0.008018074 0.002174685 0.204755260
v -0.008708132 -0.005500000 0.192022737
v -0.015372351 -0.005500000 0.197768916
v 0.035647723 -0.001309377 0.167999998
v -0.117188426 -0.016074798 0.090831713
v -0.012418210 -0.005500000 0.195805332
v -0.002000000 -0.003250138 0.203808937
v 0.034386141 -0.005500000 0.174787395
v -0.025608735 -0.005500000 0.193801369
v -0.112543478 -0.016239332 0.084208259
v -0.005336674 -0.002937045 0.204415522
v 0.015029271 0.000703321 0.200000003
v -0.032226432 -0.001404912 0.188696930
v 0.003000000 0.001162775 0.185500000
v -0.018999999 -0.003579190 0.198318145
v 0.027404814 0.000419549 0.169969794
v 0.010169315 0.000000000 0.018836701
v 0.003000000 -0.004860243 0.191845681
v 0.035378644 0.002308278 0.176378144
v 0.004631645 -0.004014584 0.190895478
v 0.027209768 -0.005500000 0.170672277
v -0.017006983 -0.003000000 0.048851457
v -0.016594274 -0.002466396 0.199058199
v -0.110884229 -0.013759020 0.080996427
v -0.017597348 -0.004152390 0.193820295
v -0.003445372 -0.002787430 0.200176479
v 0.036317756 0.001745820 0.179866872
v -0.112713532 -0.026365357 0.081174765
v -0.017352450 -0.000081259 0.194259186
v 0.033015952 0.001056075 0.176647493
v -0.110305079 -0.018411788 0.088354338
v 0.030593750 0.002500000 0.167999998
v 0.034207544 -0.000598904 0.180999994
v 0.028474951 0.002187398 0.173024761
v 0.031821504 -0.002517474 0.167999998
v -0.007180263 -0.002238367 0.194902369
v 0.005398171 -0.005500000 0.199477986
v 0.009179150 -0.003093085 0.192951362
v -0.120851903 -0.026016307 0.092138332
v -0.030740298 -0.005500000 0.183132312
v 0.034264992 0.002311943 0.171533739
v -0.007726094 -0.000532918 0.206000000
v -0.013469832 0.021000000 0.099364676
v -0.113786344 -0.014937334 0.088039731
v -0.006348662 -0.003841154 0.194252073
v 0.037500001 0.000500000 0.167999998
v -0.037154199 -0.002883082 0.182114660
v -0.111745714 -0.018826276 0.086338733
v -0.035969309 -0.000749112 0.186357276
v -0.025214111 -0.001747149 0.193860653
v -0.032583182 -0.005500000 0.183995205
v -0.119335805 -0.018392900 0.084888614
v -0.004568727 -0.003871992 0.192178230
v 0.028703299 -0.005500000 0.169667594
v 0.033580387 0.001031928 0.167999998
v 0.007084356 -0.001747107 0.194127759
v 0.004065509 0.001410526 0.189029045
v -0.034204531 -0.005500000 0.195344052
v -0.038884588 -0.002363619 0.188397787
v -0.124044537 -0.029858282 0.089202999
v -0.024000000 -0.001992785 0.183997843
v 0.034531409 0.001587601 0.174764239
v 0.006676711 0.001680995 0.198682054
v -0.003519366 -0.001956409 0.204707755
v -0.121592144 -0.026963887 0.088273845
v -0.039999999 0.002500000 0.186039057
v 0.037500001 -0.004169271 0.177456783
v -0.016294727 -0.004321226 0.201025999
v -0.027681309 0.001015912 0.182418630
v -0.015142638 -0.001802056 0.190718929
v -0.025889670 -0.003248728 0.180999994
v 0.017335908 -0.005500000 0.192729643
v -0.117857389 -0.015889154 0.088628812
v 0.004365616 -0.004313632 0.193030128
v 0.033894012 -0.003661134 0.174039530
v 0.009967167 -0.005500000 0.193753961
v -0.005531125 -0.001423222 0.196464384
v -0.007342354 -0.000834719 0.203729778
v 0.034221974 0.001987994 0.170329385
v -0.035619748 -0.000683788 0.183192580
v -0.011763022 -0.005500000 0.190148398
v -0.033736552 -0.000587124 0.193609806
v 0.034674195 0.000494153 0.169535628
v -0.123688791 -0.025645344 0.088495086
v -0.017813657 -0.004368418 0.188999996
v 0.012320267 0.000069292 0.185346162
v 0.018357657 -0.005500000 0.184642342
v 0.029910686 -0.004330078 0.177518057
v 0.031762828 -0.003165827 0.173477820
v 0.011121789 -0.002858264 0.185263371
v 0.005200108 0.000282161 0.197764631
v 0.003000000 0.001398082 0.196413258
v -0.016788387 0.003442959 0.203606995
v 0.018423576 -0.001719607 0.200000003
v 0.003111471 0.003979916 0.036468514
v 0.030439987 -0.005500000 0.169644085
v -0.007772426 -0.005500000 0.204556586
v -0.015004286 0.002004930 0.191357854
v -0.127926327 -0.028975016 0.084945056
v -0.038495684 -0.000930356 0.187309456
v 0.004221168 0.001211539 0.195191224
v -0.117598796 -0.020674239 0.094848102
v -0.114246998 -0.020867527 0.090268658
v -0.017596707 -0.005500000 0.198682390
v -0.029198813 -0.001865687 0.188923331
v 0.034187157 0.004087368 0.173470612
v 0.037500001 -0.001498487 0.180501117
v -0.121386200 -0.026133306 0.085097187
v -0.035229158 0.000672211 0.185649756
v -0.010260355 -0.004192087 0.193197918
v -0.063211311 0.016235871 0.030676655
v 0.029338057 0.000118500 0.176349461
v -0.015449478 -0.005500000 0.192550517
v -0.036570394 0.002570745 0.188505334
v 0.029674728 0.001512408 0.179589226
v -0.113108088 -0.020719017 0.088989725
v -0.122376990 -0.019969625 0.086389340
v -0.112634959 -0.026355824 0.078559933
v -0.026000000 -0.005500000 0.180999994
v -0.039999999 -0.001806058 0.183430102
v -0.123270848 -0.021902593 0.093441415
v -0.023465829 0.017660512 0.139312396
v 0.032965688 0.001496047 0.178546226
v 0.009702491 0.000962956 0.200000003
v -0.027174010 -0.002575393 0.180999994
v -0.037155505 -0.000991818 0.182386982
v -0.015044417 0.000837962 0.206000000
v -0.026960725 -0.001359877 0.193358609
v 0.018999999 -0.003602838 0.197915341
v -0.006481697 -0.005500000 0.205348480
v 0.025795395 -0.004170373 0.180999994
v 0.007103836 -0.004102129 0.191542534
v 0.037500001 0.001048593 0.169368076
v -0.106490215 -0.017423575 0.084705419
v -0.035174076 -0.003476230 0.189572684
v 0.026122791 -0.000680478 0.169750910
v 0.029375000 -0.001500000 0.167999998
v 0.003000000 -0.004912532 0.189283814
v -0.009793260 -0.002547794 0.188999996
v -0.018999999 -0.003375229 0.190500457
v 0.008419492 -0.004297381 0.190279602
v 0.017298592 -0.003842980 0.185738296
v -0.034330194 0.016000001 0.144197093
v -0.018572140 0.021500000 0.003596400
v 0.030227270 -0.002426264 0.171644910
v -0.013222286 -0.004214412 0.206000000
v 0.037500001 -0.001388171 0.178279575
v -0.111898321 -0.020593970 0.076938696
v -0.014210674 -0.001926469 0.206000000
v 0.025425505 0.002720651 0.179431147
v 0.029751607 -0.004089109 0.169125905
v 0.033752598 0.002717548 0.174947405
v -0.015534906 0.002329507 0.193933219
v 0.005379091 0.001935730 0.199034663
v -0.025888674 -0.002001179 0.184495683
v -0.017249273 -0.000144812 0.188999996
v -0.018393953 -0.005500000 0.203511913
v -0.011012714 -0.005500000 0.204888887
v -0.032798405 -0.005500000 0.194598268
v 0.015306837 0.002728417 0.192579308
v 0.009000000 -0.005500000 0.200000003
v 0.012396840 -0.002409792 0.193865091
v -0.018999999 -0.004335152 0.203510886
v -0.025575276 -0.003568963 0.195999995
v -0.011175791 -0.004056470 0.206000000
v -0.034542857 -0.002891384 0.180999994
v -0.004068967 -0.004237499 0.194228665
v 0.007682785 -0.000573911 0.197003747
v -0.006555676 0.001654203 0.190804536
v -0.025568839 -0.005500000 0.184541151
v -0.025675681 -0.001453687 0.195999995
v -0.121676414 -0.024031859 0.087698972
v -0.005869023 -0.005500000 0.195788192
v -0.012299504 0.001213531 0.206000000
v 0.003000000 -0.004033837 0.185466164
v -0.122509348 -0.031048757 0.087768110
v 0.004236311 -0.004239311 0.188867427
v 0.036119236 -0.004038285 0.180999994
v -0.029821226 -0.002934195 0.189561844
v 0.029862187 0.002760950 0.177548058
v -0.009374043 -0.002960225 0.200366300
v -0.002000000 -0.000628907 0.202812499
v -0.110656596 -0.021433189 0.078068694
v -0.113249941 -0.017978324 0.072320959
v -0.027770581 -0.004144203 0.183972343
v -0.035032004 -0.003822940 0.191990233
v 0.016675582 -0.005500000 0.186324417
v 0.003000000 -0.002803571 0.186696430
v 0.015931411 -0.001877331 0.185249725
v -0.124921603 -0.019704145 0.092390556
v 0.008078782 0.001996429 0.198705648
v 0.034452566 -0.001882808 0.180999994
v 0.012734112 -0.004486673 0.193849872
v -0.121957055 -0.026019381 0.090969992
v -0.025758637 0.000132381 0.184524245
v 0.036755248 -0.003000000 0.082250534
v -0.003103163 0.001300357 0.206000000
v -0.027315631 0.001137889 0.180999994
v -0.036791770 0.000334534 0.195999995
v -0.018344040 -0.004867497 0.206000000
v 0.005229438 -0.000325994 0.193075500
v 0.030550459 -0.005500000 0.174204423
v -0.112798394 -0.015152257 0.080183811
v -0.037494108 -0.001468625 0.189376592
v 0.032431522 -0.004224574 0.169645349
v -0.009437500 -0.005500000 0.204868753
v 0.037500001 0.001566924 0.170468970
v -0.030230948 -0.001000794 0.194250700
v -0.118501804 -0.026213321 0.077675411
v -0.014388292 0.002050959 0.200444474
v 0.014894250 -0.005500000 0.193434989
v -0.122904363 -0.015044692 0.092314054
v 0.028863141 -0.004120224 0.171057003
v -0.024000000 -0.003980704 0.194508579
v -0.121845545 -0.026904648 0.082115978
v 0.011318579 -0.003775196 0.196963030
v -0.117181116 -0.026414476 0.084036697
v -0.124108398 -0.020857899 0.086688800
v -0.014437342 -0.005500000 0.200406515
v -0.025755080 -0.001498815 0.180999994
v 0.023279150 0.000436439 0.046010004
v -0.037936129 -0.002447608 0.183513141
v -0.005369765 -0.003084452 0.201431159
v 0.024499999 -0.003841459 0.174261370
v -0.013091004 0.002344286 0.203249116
v -0.010089524 -0.005203338 0.206000000
v 0.028635096 -0.003956989 0.176814093
v -0.127147650 -0.026801564 0.086779062
v -0.032616610 -0.005500000 0.191165282
v -0.010510776 0.001458781 0.203851256
v -0.110393822 -0.017539485 0.080004965
v 0.025809945 -0.003000000 0.050790425
v -0.038742500 -0.005500000 0.194787829
v -0.031121292 -0.002680670 0.192910697
v 0.006958082 0.002102238 0.191256129
v -0.004905530 0.002209594 0.204581942
v -0.009303506 -0.000023125 0.196568035
v -0.036836274 -0.001256974 0.195999995
v 0.005858588 -0.001735956 0.196774791
v -0.006685688 -0.004146193 0.188999996
v -0.028293437 -0.005500000 0.185763330
v 0.003000000 0.001141364 0.192379905
v -0.111325810 -0.023137736 0.081336108
v 0.007426432 0.018448368 0.099328494
v 0.033602793 0.003189148 0.170432823
v -0.002605714 -0.005217937 0.191939180
v 0.037500001 -0.002695301 0.179121752
v -0.037543696 -0.003026978 0.189020094
v -0.018999999 -0.000774895 0.190078781
v -0.037640107 0.001853887 0.189503404
v -0.039999999 0.001105158 0.192855737
v -0.038738024 -0.001633130 0.195026092
v -0.013217459 -0.002790017 0.190756111
v -0.015584282 -0.004093324 0.202826567
v -0.120450048 -0.024241089 0.083923404
v -0.115006193 -0.017577493 0.091705641
v -0.123005287 -0.022831176 0.088403942
v 0.004456385 -0.000326683 0.187333041
v -0.033625733 -0.004018819 0.192744775
v -0.033850270 -0.002733847 0.189614397
v -0.121592752 -0.020002747 0.096233252
v -0.011432615 -0.004348575 0.188999996
v 0.032569395 -0.001858954 0.180999994
v -0.031341841 -0.002015402 0.191162015
v -0.116403184 -0.018553163 0.093459243
v -0.113436418 -0.018556146 0.092212174
v -0.113728487 -0.017451458 0.091016575
v -0.038877307 0.001378945 0.193314568
v -0.107796122 -0.017640179 0.083058808
v -0.011428771 -0.005500000 0.202269278
v 0.003000000 -0.002500000 0.185179873
v -0.005405165 -0.005500000 0.199938584
v 0.036540296 -0.005500000 0.180635760
v -0.037480879 0.000131207 0.189950242
v -0.010137386 0.000841567 0.206000000
v -0.112259541 -0.024609358 0.082860306
v -0.012396342 0.000318814 0.191530267
v 0.036290451 -0.002103277 0.173194030
v -0.017324064 -0.005500000 0.204572047
v 0.014603165 -0.000028571 0.195554833
v -0.026908842 -0.004127846 0.182126377
v 0.009996155 -0.005500000 0.185563739
v 0.013530745 -0.002887616 0.184000000
v -0.013643385 -0.003909873 0.202984219
v -0.017810940 -0.002133537 0.197850577
v 0.007017489 -0.003000000 0.040048715
v -0.031539364 -0.005500000 0.189004947
v -0.039386705 -0.005500000 0.186465641
v -0.016134591 0.002079518 0.203760359
v 0.004466186 0.000278018 0.195471155
v -0.033021681 -0.002465654 0.186452250
v -0.031814952 0.010816322 0.094999999
v -0.012700875 -0.003000000 0.058289711
v -0.027838102 -0.000443916 0.186777895
v -0.006069375 -0.000400647 0.195052613
v -0.038775448 -0.004275449 0.180999994
v 0.003879699 -0.003000000 0.029625108
v -0.011548449 -0.004599877 0.197448834
v -0.038657778 -0.005500000 0.184233892
v -0.035716765 0.002241491 0.191299874
v -0.031169240 -0.002126160 0.195999995
v -0.119768229 -0.028401266 0.087652900
v -0.027099678 -0.001115452 0.190721830
v -0.038962949 -0.000949433 0.182142925
v 0.004481714 -0.005500000 0.187611973
v -0.118730371 -0.023288243 0.085483578
v -0.108887410 -0.017590936 0.081778789
v -0.017202940 -0.005500000 0.191120686
v -0.008800047 -0.002074229 0.206000000
v -0.026066696 0.000166001 0.189463778
v 0.013869871 -0.001175013 0.198296583
v 0.034979186 -0.003335851 0.171352274
v -0.116557199 -0.017279645 0.086953518
v -0.014812571 -0.004193613 0.204406721
v -0.016715749 -0.000491643 0.074877024
v -0.111839342 -0.018402906 0.081100726
v -0.025067591 -0.000279786 0.195999995
v 0.036979886 0.000114417 0.180999994
v -0.111587882 -0.012840538 0.084609929
v -0.036870874 0.000619380 0.187125611
v -0.029068182 -0.001928452 0.195999995
v -0.113968513 -0.024177987 0.082144245
v 0.006536526 -0.000353025 0.184000000
v 0.037500001 0.002500000 0.176531245
v 0.011009122 -0.005500000 0.184557896
v 0.003000000 -0.001503130 0.184504202
v -0.038354424 0.002282469 0.191188368
v -0.119416776 -0.018422798 0.092393599
v 0.028252455 0.001321236 0.175568163
v -0.011343050 0.002154659 0.197881139
v -0.030012679 -0.005500000 0.188044906
v -0.035397392 0.001081820 0.191501958
v -0.003043746 -0.002278591 0.188999996
v 0.035683891 0.000033304 0.167999998
v -0.026359327 -0.002092116 0.182208368
v -0.003299836 -0.003372545 0.193069104
v 0.008699779 -0.000295882 0.200000003
v 0.039065052 0.012635583 0.090151223
v 0.004271114 -0.000941854 0.184000000
v -0.004165381 -0.005500000 0.191165377
v -0.122465875 -0.028908223 0.087486451
v 0.010740107 -0.004448812 0.186284634
v -0.123961428 -0.020210567 0.093323743
v -0.028189620 0.001105551 0.188018069
v -0.114189377 -0.013645676 0.086667712
v 0.018324219 0.002708920 0.183732492
v -0.115984707 -0.018932916 0.091815343
v -0.031113739 -0.004118131 0.190238649
v 0.037500001 0.001665039 0.176878298
v -0.113216789 -0.012871559 0.085333620
v -0.032385932 0.000126530 0.191547465
v 0.035353016 -0.001207714 0.169569238
v -0.018999999 -0.004021752 0.202331383
v 0.037500001 -0.003961933 0.179525258
v -0.116267086 -0.022151921 0.091216142
v -0.005103065 -0.004251345 0.188999996
v 0.027149179 0.001397747 0.180999994
v -0.114602364 -0.018697054 0.090811713
v 0.011986397 -0.005500000 0.187695936
v 0.017656447 -0.004304157 0.189960078
v -0.015024387 -0.005500000 0.202268348
v -0.030415619 0.016000001 0.097653031
v -0.017453748 -0.001865622 0.206000000
v 0.017509945 0.000629447 0.037654202
v 0.007003358 0.001070133 0.196506754
v -0.038351154 0.000633863 0.185065759
v 0.026919048 0.009262320 0.166363775
v 0.006573788 -0.000620962 0.185861744
v 0.025869341 -0.001882428 0.167999998
v 0.003000000 0.002500000 0.197000002
v -0.030218750 0.002500000 0.195999995
v -0.009193398 -0.002459988 0.195802384
v 0.007165863 0.000942005 0.191468327
v -0.030148787 0.003716969 0.192534650
v -0.008597611 0.000136715 0.204044041
v 0.004395858 -0.001174521 0.185462149
v 0.014484373 -0.000827133 0.184000000
v -0.011685284 -0.003671594 0.190847935
v -0.005945897 -0.005500000 0.192851807
v 0.036097892 -0.005500000 0.175352027
v -0.013885398 -0.004158206 0.196019134
v -0.107427857 -0.016140993 0.084122632
v 0.037500001 -0.002711926 0.176990891
v 0.026161812 -0.003701471 0.179289721
v -0.112163054 -0.014413729 0.083942424
v -0.115082113 -0.016692521 0.090681210
v 0.005914430 -0.002935167 0.184000000
v 0.012727433 -0.005500000 0.196322561
v -0.017994792 0.000433101 0.190016074
v -0.121544306 -0.026684954 0.079520977
v -0.114064763 -0.028044787 0.077991300
v 0.003000000 -0.002319977 0.187981871
v 0.030330947 0.002978798 0.173021555
v -0.005011500 -0.005500000 0.204675516
v -0.115048852 -0.015857319 0.087652239
v 0.024499999 0.001583478 0.178562495
v 0.017438526 -0.003938527 0.184000000
v -0.123047120 -0.024888600 0.089827281
v -0.025904890 -0.000678165 0.194841726
v 0.004042575 0.001542395 0.198470923
v 0.009579482 0.001119668 0.198217420
v -0.122272393 -0.016808319 0.088981716
v -0.025760134 -0.002128464 0.191355419
v 0.017301240 -0.003925886 0.188569715
v 0.026124999 -0.005500000 0.167999998
v 0.004617326 -0.002710499 0.193136854
v -0.120576797 -0.027792188 0.084328467
v 0.032625000 -0.005500000 0.180999994
v -0.125240142 -0.028318152 0.085920645
v 0.034947242 -0.001644666 0.171611821
v -0.025464892 -0.004043115 0.191526267
v -0.033248334 -0.001800495 0.191313551
v 0.017706624 -0.002988450 0.194677083
v 0.032652932 -0.005500000 0.174069625
v 0.013182763 -0.004086343 0.184000000
v 0.007103796 -0.005500000 0.188658728
v -0.111487477 -0.019445089 0.088544685
v -0.009696091 0.001086549 0.196073502
v -0.018999999 -0.001112703 0.201244357
v -0.012687500 0.002500000 0.188999996
v -0.089877293 0.003829557 0.044743135
v 0.029558271 -0.002756692 0.167999998
v -0.024000000 -0.000756701 0.194758115
v 0.027013629 -0.000142295 0.177137298
v -0.007179909 -0.001628174 0.200667072
v 0.018999999 -0.002185448 0.192263758
v -0.010387617 -0.003773800 0.202582644
v -0.016574666 0.000946994 0.204622649
v -0.118844715 -0.023580903 0.089874452
v -0.003267676 0.001839016 0.204369663
v -0.121754859 -0.030631978 0.084321491
v 0.037500001 -0.004894415 0.174443219
v 0.032468537 -0.003702144 0.167999998
v 0.024124999 0.002500000 0.173789059
v 0.037629008 -0.001125000 0.051183813
v -0.028996465 0.002521880 0.193261282
v 0.024499999 -0.001356881 0.171845317
v 0.007500000 -0.005500000 0.184000000
v -0.039999999 0.001213193 0.184488435
v 0.010126547 -0.004234835 0.191419056
v 0.006994182 -0.003229935 0.195862931
v -0.117274757 -0.023668304 0.090555783
v -0.032974329 -0.004336252 0.188558990
v -0.016913814 -0.003710905 0.196108885
v -0.039999999 0.001048431 0.188710795
v 0.035565071 0.000720431 0.173578099
v 0.014343967 0.002517466 0.190576710
v -0.121104779 -0.020003849 0.094123731
v -0.122374350 -0.027785415 0.084769442
v 0.018386755 -0.005500000 0.197634190
v -0.011799233 -0.002870076 0.206000000
v -0.123985264 -0.017429427 0.092125407
v -0.116448903 -0.017170600 0.091828083
v -0.121509522 -0.029545331 0.082920887
v 0.004451215 0.000580157 0.033623824
v -0.012990365 -0.005500000 0.202080201
v 0.031538509 -0.004167281 0.180999994
v -0.022527927 0.001525191 0.063035554
v -0.039999999 -0.001959773 0.191680701
v -0.008593594 -0.004184834 0.206000000
v 0.013513551 -0.004056271 0.195860550
v -0.110980010 -0.015422530 0.083699847
v 0.024499999 0.001242389 0.179870434
v -0.003732513 0.017890625 0.148393051
v 0.034126282 -0.000532192 0.172516216
v -0.026866931 -0.005500000 0.191265249
v 0.016786170 -0.004244641 0.198467051
v -0.035289126 -0.001579074 0.194541117
v -0.107586004 -0.017509137 0.086010099
v -0.124283249 -0.025745205 0.083446854
v -0.011269834 -0.005500000 0.195007304
v -0.005639672 -0.004093095 0.203572169
v -0.036968074 0.003024033 0.190768792
v 0.008989627 -0.000063639 0.184000000
v -0.028703267 -0.005500000 0.192382053
v -0.085981714 0.005531071 0.046238092
v -0.017589760 -0.003959259 0.199638768
v 0.008150895 0.001522480 0.189351533
v 0.003000000 -0.002500000 0.198959027
v 0.009734512 -0.005500000 0.189467260
v -0.119943574 -0.023417153 0.091230671
v -0.108010349 -0.014940536 0.083928862
v -0.111348197 -0.022798502 0.076675339
v 0.035915866 -0.005500000 0.172305289
v 0.039000001 0.004377234 0.170517541
v 0.033143785 -0.002513634 0.176142722
v 0.030945167 -0.003965637 0.178607285
v -0.113685872 -0.016525025 0.089892681
v 0.003000000 -0.000008929 0.197133931
v -0.008936690 -0.001949119 0.197693088
v 0.033943009 -0.005500000 0.179993938
v -0.039500002 0.018030121 0.097670891
v -0.015603068 -0.002785615 0.197055988
v 0.006207036 0.000030840 0.048247122
v -0.034374999 -0.001500000 0.195999995
v 0.003000000 -0.001887640 0.197185347
v -0.002000000 -0.002528704 0.195174919
v -0.039999999 0.000172488 0.186781300
v 0.013013097 -0.003598778 0.189227447
v 0.018999999 -0.001961829 0.197409613
v 0.012214161 0.004148137 0.192208936
v -0.008625000 0.001583084 0.188999996
v -0.006816117 -0.001893965 0.191442353
v 0.037500001 -0.003500000 0.175312496
v -0.029078888 0.002638668 0.187758657
v -0.018999999 -0.004476284 0.199724783
v -0.014301758 -0.005500000 0.205712240
v 0.027750001 -0.005500000 0.179374994
v -0.115833508 -0.019767620 0.086925662
v 0.037500001 -0.001651083 0.174012401
v 0.033533557 -0.000184125 0.177763355
v -0.124398089 -0.031976003 0.087898871
v -0.024000000 -0.003014837 0.189581454
v 0.024499999 -0.001341718 0.179230975
v -0.025865430 -0.002718987 0.194408532
v -0.015798299 -0.005500000 0.194488972
v -0.010892599 -0.001444639 0.206000000
v -0.025678665 -0.000650370 0.182529966
v -0.119736845 -0.015449281 0.091159280
v -0.119850846 -0.022997315 0.094751337
v 0.016753464 -0.005500000 0.184558015
v -0.004081308 -0.000099268 0.061821510
v 0.006473132 0.002449144 0.187351633
v -0.007893898 -0.005500000 0.190489604
v -0.024000000 -0.005500000 0.186624994
v -0.024000000 -0.003500000 0.186748235
v -0.009127072 -0.002208880 0.203474782
v -0.039999999 -0.004177398 0.182281603
v -0.028944198 0.001517005 0.192236393
v 0.012157523 0.001012923 0.198095731
v -0.028733294 0.001597724 0.194902890
v -0.012222548 -0.005500000 0.199535778
v -0.112294301 -0.016949805 0.089813150
v -0.007768113 -0.003805060 0.204442837
v -0.024000000 -0.003834015 0.184661124
v -0.119450708 -0.018238241 0.094367979
v -0.018999999 0.000887988 0.197084255
v 0.018999999 -0.000299628 0.189237549
v 0.025597557 0.001687402 0.180181935
v 0.003000000 0.002500000 0.194000002
v -0.031951325 -0.002924936 0.188349497
v 0.015798632 -0.001993943 0.196198244
v -0.031599049 0.000865738 0.193959662
v -0.031439444 -0.002016287 0.186001095
v -0.039999999 -0.002641646 0.187010739
v 0.024499999 -0.000681708 0.178178517
v -0.113113280 -0.024315894 0.084342732
v -0.029438512 -0.004197462 0.186769783
v -0.028351099 -0.005500000 0.189760878
v -0.017143137 -0.005500000 0.197053890
v -0.119302367 -0.019888764 0.090311034
v -0.029506769 0.000253462 0.195999995
v -0.003505260 -0.005500000 0.193362858
v -0.018999999 -0.002786884 0.195279991
v 0.003000000 0.002500000 0.199000003
v -0.120748630 -0.019832732 0.087642468
v 0.033129952 0.000574763 0.179790877
v -0.013250661 -0.003725678 0.193606311
v -0.017147325 -0.003971784 0.204482576
v 0.008224438 -0.005500000 0.191902435
v -0.036261685 -0.005500000 0.188271715
v -0.033919496 -0.002729395 0.193724176
v 0.016991482 -0.004158884 0.194049074
v 0.024499999 -0.001488846 0.175399258
v 0.037500001 -0.000946491 0.169262637
v 0.007074042 0.002207230 0.197107607
v -0.018999999 -0.002545700 0.200384473
v 0.031101802 0.001293604 0.167999998
v -0.036840157 -0.004420214 0.188956508
v -0.018999999 -0.003851719 0.204733347
v -0.017462161 -0.003754283 0.198047734
v -0.003388055 -0.005500000 0.197004527
v 0.013800616 -0.005500000 0.198915252
v 0.031765748 -0.005500000 0.175876634
v 0.029357207 0.001342446 0.177803126
v 0.017646000 -0.004305572 0.195540798
v -0.025444114 -0.004250490 0.185760074
v -0.004483978 -0.005500000 0.189570112
v 0.007624673 -0.001984342 0.185307032
v 0.027958847 -0.001706510 0.178266429
v -0.020009839 0.009371061 0.201421356
v -0.117077174 -0.013128044 0.087267131
v -0.114940499 -0.023030793 0.088365551
v -0.026958326 -0.002005576 0.186262313
v -0.002727506 -0.005500000 0.201907507
v -0.118810859 -0.021992636 0.088188842
v 0.026881505 0.000640744 0.179752643
v -0.118446908 -0.017933958 0.090792637
v -0.018710225 -0.002875000 0.188999996
v 0.034594635 -0.004263444 0.179609851
v -0.118773718 -0.024753695 0.087003774
v -0.035330911 -0.002229015 0.182263367
v 0.009012540 0.022000000 0.077477069
v -0.016343768 -0.000304257 0.203494382
v -0.033800154 0.002604759 0.194630444
v 0.034281945 -0.005500000 0.169362082
v 0.011889408 -0.001627280 0.196568304
v -0.024000000 -0.000222160 0.192382098
v -0.002000000 -0.005222057 0.203223459
v 0.007566732 -0.005500000 0.193885220
v -0.002976116 -0.003000000 0.034071166
v 0.004862842 -0.003000000 0.045217467
v -0.005338023 -0.004069117 0.190257962
v 0.032293018 0.001675980 0.169382409
v -0.003416667 -0.005500000 0.200434052
v -0.005170547 -0.000396340 0.206000000
v -0.024000000 -0.003926093 0.188279349
v 0.024499999 -0.003818375 0.171921541
v -0.123968659 -0.024230030 0.091639593
v -0.118895681 -0.019352437 0.088442076
v -0.011922531 -0.004303028 0.204291522
v -0.039370024 -0.005500000 0.181607384
v 0.012177303 -0.005500000 0.192739225
v -0.109149631 -0.017518246 0.084417955
v -0.003746892 -0.004246037 0.201176761
v -0.119691687 -0.016463508 0.090115467
v 0.003000000 -0.003157410 0.197006597
v -0.011049510 0.000433656 0.201406391
v -0.109070713 -0.018612139 0.086500747
v -0.028564864 -0.004075695 0.195999995
v -0.120705044 -0.020754022 0.091883947
v -0.003297962 -0.004249821 0.188999996
v -0.002000000 0.002500000 0.203874999
v -0.036853633 -0.004203479 0.195999995
v 0.009860322 -0.005500000 0.198348950
v 0.025467580 0.015530322 0.140899168
v -0.012335243 0.001415554 0.198774574
v -0.018434830 -0.002902096 0.205848516
v 0.033171022 -0.003644801 0.170775067
v 0.012240056 -0.004135958 0.185963803
v -0.003658703 -0.002299939 0.190410503
v -0.025610155 -0.005500000 0.189281432
v -0.014545757 -0.003540179 0.201472367
v -0.002000000 0.002500000 0.204937500
v -0.032535809 -0.004064104 0.190939910
v -0.027180973 -0.003557229 0.189442133
v 0.030831522 -0.002915761 0.180999994
v -0.113492230 -0.020260139 0.077357363
v 0.027231332 -0.001433484 0.169608899
v 0.017731928 -0.005500000 0.198731932
v 0.017836206 -0.001909398 0.189188784
v 0.008898627 0.000116639 0.193075668
v 0.015916862 -0.004067243 0.196938724
v -0.011179224 -0.005500000 0.193215864
v -0.013016235 -0.004346383 0.191557614
v -0.117287731 -0.022796695 0.083262309
v 0.025919325 0.000692681 0.178135896
v -0.126193237 -0.022749118 0.087731336
v -0.122940972 -0.031211524 0.085513326
v 0.013822499 0.002597791 0.195324426
v -0.002000000 -0.004265122 0.200558926
v -0.033390133 -0.005500000 0.188763506
v 0.008825907 -0.002610973 0.187613245
v 0.005734375 0.002500000 0.200000003
v 0.009460939 -0.003865948 0.185874683
v -0.024000000 -0.000863357 0.185335797
v -0.011281437 -0.002471644 0.202180990
v 0.011999003 -0.002040198 0.200000003
v 0.024499999 -0.004980364 0.173095975
v -0.107918461 -0.018925108 0.084607511
v -0.119606878 -0.016818134 0.092738560
v -0.126078461 -0.026730037 0.086045584
v -0.112138906 -0.016090019 0.086043138
v 0.018419982 -0.005500000 0.193897234
v -0.121822828 -0.016595962 0.091115911
v -0.121699866 -0.018701327 0.093311292
v 0.030613735 -0.004373112 0.172976696
v -0.108827781 -0.013640908 0.084401857
v -0.037830129 -0.002853908 0.186456737
v 0.018500000 0.018660620 0.097592161
v -0.039999999 -0.004269170 0.189596439
v -0.119690659 -0.019323983 0.093680878
v -0.024000000 -0.003310625 0.183076994
v 0.005997322 0.002381548 0.194013953
v -0.007283543 0.000447445 0.197783836
v -0.037227802 -0.005500000 0.182303232
v -0.024000000 -0.005240956 0.192961624
v 0.015039125 0.004239996 0.190446644
v -0.002000000 -0.004663341 0.197612661
v 0.024499999 -0.004550129 0.169677307
v -0.122533981 -0.024289084 0.091217831
v 0.005415964 0.000536729 0.184000000
v -0.015406832 -0.005500000 0.196367518
v -0.025478384 -0.005500000 0.192326744
v -0.003764064 -0.003973124 0.199454886
v 0.004126137 -0.001909673 0.187921869
v -0.037935899 -0.001533682 0.193033746
v -0.018999999 -0.001678883 0.198518265
v 0.037500001 0.000989559 0.179559259
v -0.121307037 -0.031254254 0.085949263
v -0.120926397 -0.025109079 0.087578657
v -0.015796451 -0.002264519 0.200916312
v -0.122090555 -0.028111924 0.081454691
v 0.027186502 -0.000869149 0.175532173
v 0.010438781 -0.002168992 0.198665891
v 0.008024023 -0.003855344 0.185514117
v 0.018999999 -0.005000000 0.200000003
v 0.009520376 -0.005500000 0.196648952
v 0.013363272 -0.004254993 0.197836250
v -0.039999999 -0.000500000 0.195999995
v 0.015764351 -0.003980221 0.200000003
v -0.120479648 -0.016139510 0.088994584
v -0.116263288 -0.017841072 0.089567592
v -0.017351613 -0.002654301 0.194260754
v 0.016745508 0.000226355 0.070742183
v -0.017999370 -0.001335245 0.205107961
v 0.012286647 0.000872487 0.045779680
v -0.028010052 -0.004249548 0.191703025
v 0.023962511 -0.000299958 0.040210418
v -0.006386691 0.000664698 0.202782573
v -0.025047471 -0.000350198 0.180999994
v -0.030812500 0.001125976 0.195999995
v -0.026572086 -0.001567440 0.188180084
v -0.011826394 0.001084595 0.196067125
v -0.038899582 -0.003916535 0.191656953
v -0.024000000 -0.004231413 0.190148774
v -0.113240349 -0.019331096 0.090956276
v 0.004477994 -0.004022006 0.200000003
v -0.018999999 -0.003140139 0.196951760
v 0.009776133 -0.001575740 0.196800283
v -0.003161721 -0.005500000 0.198562498
v 0.028273330 -0.005500000 0.174845587
v 0.024499999 0.000121741 0.180472192
v -0.033191288 0.001703025 0.183858922
v 0.026654105 -0.004097677 0.167999998
v -0.115295806 -0.024013084 0.085207984
v -0.032832780 0.005897373 0.103000002
v -0.013401530 -0.005500000 0.193003122
v -0.027830586 -0.004115735 0.193993423
v -0.030382526 -0.003783172 0.192736292
v -0.023270043 0.000068558 0.050606170
v -0.003043788 -0.002500000 0.206000000
v -0.016488970 -0.005500000 0.199509510
v -0.028681110 -0.000783166 0.184838812
v -0.030525577 -0.002532702 0.184016550
v 0.017529658 -0.004059318 0.200000003
v 0.004224551 -0.004275449 0.184000000
v -0.119692704 -0.023695542 0.081042388
v -0.016155530 0.001212264 0.188999996
v 0.000778098 0.015145749 0.094999999
v 0.035744922 -0.004292262 0.175205979
v 0.012803524 -0.005002321 0.200000003
v -0.002000000 -0.003371876 0.205459722
v -0.008375000 -0.005500000 0.203166666
v -0.116091159 -0.022073784 0.087226413
v -0.028835813 -0.002077707 0.192075742
v 0.027922005 -0.001856262 0.167999998
v 0.017576122 0.000258518 0.061566258
v -0.009832050 -0.005500000 0.196456741
v 0.015774733 -0.003361583 0.194657284
v 0.011201874 -0.003797200 0.194722721
v -0.037072227 -0.001017093 0.191116729
v 0.036382429 -0.002500000 0.180999994
v 0.010524273 -0.004169879 0.184000000
v -0.126959556 -0.025581982 0.085594789
v -0.032767487 -0.004220535 0.195999995
v -0.111968705 -0.028030638 0.078058137
v 0.015206432 -0.005500000 0.196154295
v -0.012502332 -0.001213671 0.206000000
v -0.038173055 -0.003930499 0.182537533
v -0.012416107 -0.003093443 0.202628367
v 0.033889877 -0.005500000 0.172632880
v -0.039500002 0.021000000 0.096624999
v -0.013609976 -0.005500000 0.190328248
v 0.014499999 -0.005500000 0.184000000
v 0.013499999 -0.005500000 0.185422817
v 0.026153940 -0.002444965 0.175534691
v 0.025745687 -0.002470875 0.180999994
v -0.031806111 0.003445529 0.189495626
v 0.006122035 -0.003000000 0.057927731
v 0.009218750 0.001317128 0.184000000
v 0.018999999 -0.000425147 0.185025021
v -0.018999999 0.001487477 0.191615973
v -0.010565745 -0.005500000 0.191106349
v 0.010430497 -0.003991779 0.200000003
v -0.122770123 -0.028630645 0.091233535
v 0.029247940 -0.004392451 0.180999994
v -0.117951236 -0.021846557 0.090837742
v -0.026853831 -0.002646169 0.195999995
v 0.007770219 -0.005500000 0.198605625
v 0.004034140 0.000880273 0.191551811
v -0.122024793 -0.016450099 0.093318483
v -0.117585724 -0.018809142 0.094263313
v 0.001781250 0.002865276 0.186477025
v -0.015263389 0.000170762 0.195636328
v 0.010887530 -0.000636717 0.200000003
v -0.012061294 -0.003332119 0.196070155
v 0.034770071 0.002178614 0.169201918
v -0.018999999 0.002500000 0.199093748
v -0.117552710 -0.026609732 0.087109133
v 0.004856126 -0.001221456 0.197652877
v -0.116511803 -0.019631863 0.094792728
v 0.026218773 -0.005500000 0.178656265
v -0.024000000 -0.001110193 0.190745555
v 0.025728871 -0.001050435 0.176855482
v -0.025825103 -0.004249357 0.193785850
v -0.030285983 -0.005500000 0.191512139
v -0.120050445 -0.020503806 0.095219275
v 0.025995520 -0.000514863 0.179169421
v -0.031578915 -0.004502700 0.192648027
v -0.003124187 -0.000748864 0.206000000
v -0.030971136 0.001098700 0.180999994
v -0.120629391 -0.021375219 0.080737623
v -0.114134592 -0.019010481 0.088046701
v -0.123863929 -0.020611489 0.087832995
v -0.014749999 -0.005500000 0.188999996
v -0.003426461 -0.005500000 0.204573539
v 0.024499999 -0.002640388 0.179847649
v -0.025400881 -0.003495548 0.188407743
v -0.039999999 -0.004430149 0.183776737
v 0.018999999 -0.004457835 0.195060396
v -0.027151517 -0.005500000 0.184543246
v 0.024499999 -0.002014816 0.174118810
v 0.035281950 -0.000256721 0.171566108
v -0.034182427 0.001455292 0.194470603
v -0.108422768 -0.019647322 0.081475313
v -0.035087056 -0.000379440 0.195999995
v -0.116129078 -0.024035152 0.088601327
v 0.024470895 -0.003000000 0.041753318
v -0.115613448 -0.019768599 0.090421410
v -0.027087299 -0.003108317 0.192758734
v 0.035162848 -0.005500000 0.176836338
v -0.110913352 -0.022124200 0.079603946
v -0.120646376 -0.020240368 0.097262046
v 0.008615965 -0.004247651 0.200000003
v -0.122541158 -0.021201021 0.094603480
v 0.037500001 -0.003778593 0.171405942
v -0.018999999 -0.005500000 0.195906248
v -0.017901960 0.000799095 0.191509051
v -0.126518128 -0.027050263 0.081448776
v -0.018739394 -0.000955657 0.206000000
v 0.016608996 -0.005500000 0.199438656
v 0.008953999 -0.002958747 0.195500071
v 0.037500001 -0.003797117 0.169677585
v -0.122391046 -0.020361611 0.092973671
v -0.024000000 0.001031090 0.184371701
v -0.027360220 -0.000846324 0.180999994
v 0.035133210 -0.002751118 0.173474924
v -0.124981052 -0.021598831 0.089564317
v 0.028159809 -0.003677274 0.169927492
v -0.033620881 -0.001066693 0.180999994
v 0.032999070 -0.005014577 0.167999998
v 0.006600815 -0.004171554 0.193167696
v 0.036389870 -0.002828465 0.171650841
v 0.034380212 -0.001227237 0.175253370
v -0.015500000 0.002500000 0.188999996
v 0.024499999 -0.002272226 0.177049908
v -0.028880227 -0.002919856 0.193220005
v 0.025998930 0.019993363 0.100630068
v 0.006250035 -0.001759036 0.200000003
v -0.039405659 -0.000250000 0.180999994
v -0.028056933 -0.000161798 0.194575745
v 0.009336660 -0.004243521 0.195031426
v -0.121116838 -0.023285336 0.093200948
v 0.026046129 -0.004222886 0.175983985
v -0.038638107 -0.004038200 0.189214819
v 0.006095446 -0.005500000 0.197017107
v 0.009881055 -0.003080161 0.197790066
v 0.010191307 0.020360471 0.181620975
v 0.031849584 -0.001458766 0.171183083
v 0.015263942 0.000317738 0.197639706
v 0.009802159 -0.004549387 0.197141548
v -0.029559409 0.001338409 0.190730836
v 0.024499999 0.000032985 0.175566580
v -0.110630397 -0.024665068 0.080683938
v 0.037212241 -0.005500000 0.168694008
v -0.119879955 -0.021664012 0.092800105
v -0.118657587 -0.021848203 0.094696799
v -0.122567420 -0.025574838 0.092748935
v -0.025626692 -0.005216167 0.195999995
v 0.004184011 -0.002454308 0.198614385
v 0.006498808 0.003120473 0.189984417
v -0.123885386 -0.030338163 0.087226001
v -0.004492682 0.000983742 0.204427218
v 0.006184476 -0.004000850 0.200000003
v 0.009324428 0.000618134 0.186378859
v 0.013119267 -0.000460596 0.189522696
v 0.027458207 0.001658880 0.169161785
v -0.117892080 -0.020133079 0.091893091
v -0.015631554 -0.004318359 0.206000000
v -0.038713654 -0.000980509 0.195999995
v -0.029411638 -0.004304004 0.189233889
v -0.033672360 -0.005500000 0.186676642
v 0.036034778 -0.003969663 0.167999998
v -0.035765768 0.003823652 0.124952259
v -0.026677738 -0.003063434 0.190589018
v -0.127355096 -0.027072157 0.083867904
v 0.005320213 -0.004079013 0.198713519
v -0.030398593 -0.005500000 0.193683509
v -0.004780888 -0.002993745 0.188999996
v -0.003952182 -0.004297823 0.206000000
v -0.017368718 -0.003663018 0.192281048
v -0.034082850 -0.004196654 0.195999995
v -0.007245623 0.000210827 0.048245543
v -0.010099669 0.000343499 0.199348475
v -0.120465532 -0.022349101 0.089049057
v 0.018999999 -0.004881764 0.196551158
v -0.122688482 -0.023877206 0.093312325
v 0.018999999 -0.002968429 0.196107699
v 0.014303867 -0.001315031 0.200000003
v -0.112170059 -0.013299822 0.081470156
v -0.002000000 -0.002572481 0.198857106
v -0.117128586 -0.023159837 0.085745325
v -0.017807616 -0.005500000 0.195950546
v 0.024499999 0.001500000 0.180999994
v -0.033809324 0.003467686 0.193996513
v 0.037500001 -0.000969537 0.171623232
v 0.014396806 -0.002569272 0.198416513
v 0.003000000 -0.004337632 0.194175267
v -0.118618023 -0.020364826 0.094217237
v -0.025083420 -0.004416580 0.180999994
v -0.028098879 0.000464814 0.186222762
v -0.014924273 -0.001651080 0.198333890
v -0.034801173 -0.003981424 0.186495032
v 0.031197188 -0.004911719 0.167999998
v -0.128546175 -0.028354131 0.084465170
v -0.038278135 0.001195020 0.180999994
v -0.039999999 0.001124153 0.182338397
v 0.036093127 -0.004298323 0.172566093
v -0.108378972 -0.020923162 0.082617216
v 0.034300735 -0.003728017 0.167999998
v -0.039999999 -0.000730103 0.189132718
v -0.119298930 -0.026955834 0.081586323
v -0.015683645 0.000969849 0.202469511
v -0.030161328 0.002893662 0.189942993
v 0.008378989 -0.004071758 0.197643488
v 0.024499999 -0.002931883 0.178439863
v 0.006361701 0.021000000 0.099060459
v 0.024499999 -0.004920771 0.178968745
v -0.115790214 -0.020522657 0.088810434
v -0.029994633 -0.002925944 0.194776447
v -0.015067528 0.000052453 0.188999996
v -0.113442839 -0.020799589 0.082648222
v 0.003000000 -0.005000000 0.200000003
v 0.005351970 -0.005500000 0.184515622
v -0.109472774 -0.018933996 0.083116197
v -0.120892481 -0.022023495 0.094415540
v 0.018999999 -0.003381973 0.199540629
v -0.037968636 0.001723679 0.183114173
v -0.026555007 0.002001960 0.182021309
v 0.017967685 -0.004348587 0.197233354
v -0.024000000 -0.002419278 0.182026320
v -0.032064701 -0.004118831 0.194175664
v -0.038822522 0.002913166 0.189010326
v -0.037130302 0.021000000 0.172268520
v -0.116362436 -0.020789708 0.093101756
v -0.122603286 -0.029807059 0.089495976
v 0.036750490 -0.005500000 0.173336644
v -0.110306558 -0.011597496 0.082585910
v -0.002000000 -0.003300832 0.191036599
v 0.011534100 -0.001116860 0.199014275
v -0.018999999 -0.000314344 0.204723828
v -0.121202355 -0.024190992 0.094952619
v 0.011999999 -0.003623371 0.200000003
v -0.029877601 -0.005500000 0.195388751
v 0.016533656 0.001851425 0.198594477
v 0.004239813 -0.005500000 0.195000002
v 0.024055922 0.012783329 0.119093667
v -0.027643153 -0.004010090 0.188278892
v 0.010462375 -0.002553014 0.186691233
v -0.039999999 -0.005500000 0.191781245
v -0.121576672 -0.021836372 0.095488060
v 0.024499999 -0.003638481 0.176403407
v 0.004530548 -0.005500000 0.196629028
v -0.003900393 0.001932731 0.202730831
v -0.013782481 -0.003016366 0.188999996
v 0.036387223 0.001622561 0.169300433
v 0.009982632 -0.004217046 0.198773449
v -0.024000000 0.000833961 0.182647936
v 0.032715234 -0.001724326 0.169485852
v 0.031110637 0.000203211 0.180999994
v -0.026904180 0.011232992 0.178824991
v -0.038768773 -0.002423543 0.191135070
v 0.027236720 -0.002165349 0.177172217
v 0.017034914 -0.002486212 0.198173394
v -0.028720383 -0.005500000 0.194212107
v -0.015299855 -0.003465400 0.199154730
v -0.034459940 -0.003899304 0.194448371
v -0.024000000 -0.003433454 0.192793757
v -0.122096715 -0.029576593 0.086168046
v 0.028339623 -0.005500000 0.172902022
v 0.036124022 -0.000963779 0.178922622
v 0.009001305 -0.004805138 0.184000000
v 0.005873900 -0.004290397 0.184000000
v 0.009120458 -0.005500000 0.187364714
v -0.042230826 0.017373193 0.094999999
v 0.024750791 -0.002971184 0.168527749
v -0.024000000 0.001042223 0.191068902
v -0.114723885 -0.027192486 0.079639614
v -0.064942583 0.018132592 0.031199216
v -0.025489049 0.001354629 0.183971437
v -0.119086868 -0.019353789 0.095546287
v -0.032280596 -0.005500000 0.193301689
v 0.030982263 0.001459910 0.173182607
v -0.012445654 -0.001132724 0.203474255
v -0.109244085 -0.023193744 0.079560434
v -0.024000000 -0.001685961 0.195467001
v -0.114560121 -0.019409066 0.092560086
v 0.003000000 0.000181814 0.194373303
v 0.014840321 -0.005500000 0.192071396
v -0.024592152 -0.005500000 0.181567040
v -0.025424554 -0.005500000 0.186958156
v -0.025284830 -0.003704799 0.189806921
v 0.024499999 -0.002903885 0.170358678
v -0.107626967 -0.014912826 0.085414010
v 0.036478816 0.001353100 0.176871248
v -0.122392565 -0.022888776 0.085019253
v -0.108795506 -0.015615418 0.086745321
v -0.024499999 0.017554656 0.142896468
v -0.109482318 -0.013492494 0.082778261
v 0.037500001 0.002500000 0.172062497
v 0.005629602 -0.002654187 0.189782566
v 0.035343049 -0.005500000 0.170646450
v -0.015080271 -0.002256463 0.194130403
v -0.035999333 -0.002404336 0.187318952
v -0.017716517 0.016000001 0.097438989
v -0.015214303 -0.000355922 0.206000000
v 0.006676922 -0.002748072 0.197587398
v -0.112179294 -0.024091204 0.075146006
v -0.011133060 0.003217304 0.203205617
v -0.038263399 -0.004217271 0.185427655
v -0.025064919 -0.002671660 0.186339946
v 0.033360823 0.000962169 0.171173461
v 0.006498421 -0.000531052 0.200000003
v -0.030710938 0.021000000 0.098074541
v 0.026300633 -0.003704170 0.169559477
v -0.012504415 0.000021118 0.206000000
v 0.008562302 -0.005500000 0.185716844
v -0.018698483 -0.005500000 0.201240078
v 0.005376573 0.017970657 0.147932610
v 0.004473621 -0.005500000 0.198257285
v -0.012851578 0.000294392 0.198847540
v 0.004964771 -0.004010163 0.196708059
v 0.010560656 -0.000378610 0.041058356
v 0.014078436 -0.002706882 0.196545638
v -0.127082493 -0.023591099 0.088195011
v -0.031768422 -0.005500000 0.187487836
v -0.119328678 -0.025198210 0.091229320
v 0.003000000 -0.004231983 0.198627692
v -0.118729470 -0.023673721 0.092427762
v 0.034858252 -0.005284104 0.167999998
v -0.002500000 0.019087099 0.096832348
v 0.018999999 -0.004453203 0.191035174
v 0.033280822 0.001109589 0.180999994
v 0.037000000 0.018562500 0.136388723
v 0.009237669 -0.000382642 0.198462813
v 0.034855002 0.008781776 0.181601084
v -0.121079549 -0.019262116 0.086466540
v -0.011865996 -0.003000000 0.071945913
v -0.110871817 -0.016322944 0.088465192
v -0.113247577 -0.024678340 0.073628126
v -0.121466476 -0.027555146 0.090941172
v -0.014780214 0.000068626 0.190510174
v 0.008483557 -0.001780674 0.200000003
v 0.036468751 0.017281251 0.161975609
v -0.025222978 -0.004256771 0.187345787
v 0.029190919 -0.005500000 0.178473627
v -0.123276855 -0.016425745 0.093817212
v 0.013897868 -0.001531938 0.194404723
v -0.002000000 -0.003532396 0.202566253
v -0.002000000 0.002500000 0.193781247
v -0.007796312 -0.003000000 0.055490121
v -0.036115224 0.002321161 0.185514124
v 0.024499999 -0.000068596 0.172917619
v 0.016710809 0.019500000 0.140146336
v -0.024000000 0.000129725 0.187399416
v 0.025035926 -0.001454666 0.180999994
v -0.110981961 -0.018957055 0.078713127
v -0.024263765 -0.004980316 0.183369841
v -0.013917795 0.000136208 0.036186361
v -0.038806153 -0.000734357 0.041723465
v -0.035624999 -0.005259521 0.195999995
v -0.106395425 -0.016312888 0.085759530
v -0.010722345 0.001091171 0.056183041
v -0.024000000 -0.004326566 0.182122491
v 0.014104139 -0.003940174 0.200000003
v 0.024499999 0.000983049 0.176937495
v -0.115294012 -0.025517103 0.083207668
v -0.110273479 -0.016848746 0.083785359
v -0.122247533 -0.027150761 0.092473229
v 0.009209515 -0.002790385 0.200000003
v -0.002000000 -0.003144605 0.189480773
v -0.114645023 -0.025370289 0.084957019
v -0.039999999 -0.005500000 0.185218744
v -0.013441878 0.000063378 0.204617809
v -0.120493349 -0.027147962 0.090211051
v -0.123237109 -0.019111458 0.089032332
v 0.015468421 -0.004355449 0.184000000
v -0.121547696 -0.018758915 0.095873511
v -0.018446555 -0.005500000 0.194536134
v -0.011299611 0.002606696 0.194730643
v -0.121806384 -0.021408142 0.087113500
v -0.017439202 0.000899928 0.206000000
v -0.011018812 0.006401974 0.103000002
v -0.033600765 -0.002982911 0.195999995
v -0.016732017 0.001298418 0.193031131
v -0.002000000 0.000243520 0.204297176
v -0.005751580 -0.002108471 0.206000000
v 0.032920954 0.004054369 0.165235405
v -0.039999999 -0.002786538 0.194924937
v -0.011991270 -0.000413686 0.195822133
v 0.025411145 0.002132729 0.168961423
v 0.031031330 -0.003335962 0.175665823
v 0.030063864 0.000000000 0.088312031
v 0.015176906 0.001353343 0.192007160
v -0.029477378 -0.000105970 0.192226245
v 0.032323814 -0.005500000 0.170295405
v 0.003777233 -0.000105756 0.043039479
v -0.007596186 0.001145063 0.200610229
v -0.112409864 -0.015721546 0.088395632
v -0.024000000 0.001358063 0.188935426
v -0.120644803 -0.025042440 0.093130837
v 0.005377754 0.016000001 0.098791018
v -0.002000000 0.001396402 0.195379983
v 0.005826256 -0.005500000 0.195142607
v -0.016536315 -0.005500000 0.205501196
v -0.123718943 -0.026423052 0.091023021
v 0.014950442 -0.003644622 0.187299577
v -0.024000000 -0.002227315 0.193193215
v 0.036148438 0.002500000 0.168406248
v -0.014031642 0.001433135 0.188999996
v -0.122994427 -0.016587859 0.092297892
v -0.024000000 -0.002305700 0.188053777
v 0.036171398 0.001680686 0.173010410
v -0.111468548 -0.025895563 0.075240884
v -0.002000000 -0.001326533 0.199239320
v -0.112580534 -0.022086809 0.083535899
v 0.024499999 -0.003750000 0.180404296
v -0.118082363 -0.023797525 0.077569393
v -0.018999999 -0.000304869 0.202735369
v -0.015674126 -0.001009451 0.197116335
v -0.017200175 -0.001712987 0.202545551
v 0.004193004 -0.000500000 0.200000003
v -0.025532486 -0.002109974 0.187516676
v -0.125756861 -0.031148113 0.086624658
v -0.038770230 0.002117267 0.194764504
v -0.037004287 -0.005500000 0.184473713
v -0.123719871 -0.028347224 0.090219814
v 0.016051152 -0.005500000 0.190376277
v 0.015697543 -0.000470042 0.200000003
v 0.015808568 -0.005500000 0.188390585
v -0.003005272 -0.003456327 0.190919458
v -0.119569554 -0.021533624 0.096281753
v -0.024290070 -0.005500000 0.190837799
v 0.020451176 0.008739396 0.198490537
v -0.112064807 -0.017734247 0.077932375
v -0.028506172 0.002302177 0.190991324
v -0.033096888 0.001904932 0.195050894
v -0.097711989 -0.002891038 0.042157585
v -0.009954265 -0.003032581 0.206000000
v -0.111338514 -0.020071194 0.082556880
v -0.113911512 -0.019582269 0.084739363
v 0.037500001 0.001654347 0.178725842
v 0.002717703 -0.003000000 0.041264350
v 0.029070135 0.002670830 0.178372361
v 0.029375584 0.000105171 0.179236097
v -0.027007399 0.001035347 0.195999995
v -0.025539073 0.001702552 0.186716249
v -0.002000000 -0.000500000 0.206000000
v -0.018999999 -0.005500000 0.189531246
v 0.029488724 0.000188710 0.167999998
v -0.039999999 -0.000232125 0.182458815
v 0.026827273 -0.005500000 0.176187498
v 0.013953889 0.001023763 0.184000000
v 0.037500001 -0.000500000 0.167999998
v -0.010736863 -0.001787250 0.200369043
v 0.017809919 0.001673642 0.188168505
v 0.025352364 0.001042131 0.179509357
v 0.029293170 -0.005500000 0.180192995
v 0.026869644 -0.001453080 0.172765488
v 0.033156149 -0.005500000 0.178400543
v -0.122088667 -0.022944983 0.090447155
v 0.003000000 0.001500000 0.200000003
v 0.032176041 -0.004224009 0.171956657
v -0.042812968 0.000285361 0.020197338
v -0.035721684 0.009889202 0.140400168
v -0.119662493 -0.029441324 0.086170682
v -0.093256194 0.006897785 0.049067184
v 0.019201158 0.012789767 0.113809337
v 0.037500001 -0.002500000 0.167999998
v -0.005333478 -0.001775245 0.202983454
v 0.006042118 0.001309984 0.193487660
v 0.028634302 -0.003006878 0.180999994
v -0.035406155 -0.002709632 0.195999995
v -0.018999999 -0.004297196 0.195432623
v 0.024751453 -0.005500000 0.175150004
v -0.002000000 0.001257352 0.197187560
v -0.019750000 0.002500000 0.194710935
v 0.033318543 0.019118331 0.141409320
v 0.010458557 -0.003000000 0.078079161
v 0.007908819 -0.005500000 0.196424100
v 0.003000000 -0.003046809 0.194936395
v -0.017118017 0.002666546 0.204551699
v 0.026734375 -0.005500000 0.180796869
v -0.113520468 -0.021464988 0.074642409
v 0.030091925 0.000175493 0.169627533
v 0.012022245 -0.003000000 0.024781276
v -0.034131269 0.001124896 0.195999995
v 0.027300062 -0.004285198 0.174820134
v -0.038550536 0.002507583 0.181235063
v 0.034129206 -0.003974532 0.172524674
v -0.008929538 -0.000537766 0.201261622
v -0.006799549 -0.005500000 0.191606654
v -0.117818385 -0.025212131 0.089260532
v -0.034552786 -0.005500000 0.192859697
v -0.117073701 -0.029679309 0.081210916
v -0.018999999 0.001449533 0.194278212
v -0.015417235 0.001562128 0.204974728
v 0.011000000 0.016000001 0.174999997
v -0.124877715 -0.022656769 0.086305666
v -0.112562176 -0.021564141 0.075743124
v -0.122085004 -0.022841086 0.094463433
v -0.115053046 -0.025877813 0.075821085
v -0.027687851 -0.001247036 0.195999995
v -0.124479630 -0.017620182 0.093785988
v -0.029773438 0.002500000 0.180999994
v -0.035992865 -0.004994835 0.181229781
v -0.039999999 -0.003575400 0.185271891
v -0.028961562 0.022000000 0.061931089
v -0.113853247 -0.023735131 0.086049913
v 0.004728622 -0.005500000 0.189544839
v -0.028404506 0.001797766 0.183373707
v -0.025000000 0.011500000 -0.009900000
v 0.010973773 0.001382318 0.193785289
v -0.016654594 0.001618373 0.206000000
v -0.113986036 -0.013726312 0.084712891
v 0.012067356 0.002713345 0.167732500
v -0.002344489 0.020351519 0.094999999
v 0.020500001 0.004650022 0.189141274
v -0.032620639 0.018198084 0.095164469
v 0.009077177 0.005053137 0.115151171
v -0.010500000 0.000000000 0.091000000
v 0.036225017 -0.002367410 0.169723103
v -0.029186223 0.018275119 0.098221007
v -0.110065752 -0.009939985 0.078732030
v -0.025552224 0.016379091 0.092159418
v 0.037500001 -0.002604543 0.170259215
v -0.104579930 -0.014246639 0.059269119
v -0.025865132 0.021937500 0.090045589
v -0.009180853 0.000312500 0.012698099
f 959 410 1
f 410 1071 1
f 636 1 2017
f 636 2385 1
f 2385 959 1
f 1 1071 2017
f 2 203 173
f 173 383 2
f 203 2 2409
f 383 2498 2
f 2409 2 2498
f 2222 1080 3
f 1080 2403 3
f 2252 3 1362
f 3 2403 1362
f 2084 2222 3
f 2252 2084 3
f 204 1011 4
f 1196 204 4
f 1196 4 437
f 4 1493 437
f 1011 1001 4
f 1001 1493 4
f 1474 395 5
f 395 2130 5
f 1474 5 1937
f 5 2130 1937
f 1600 6 1506
f 2210 1506 6
f 1600 1838 6
f 1838 1882 6
f 1882 2342 6
f 2210 6 2342
f 1192 1060 7
f 1060 1435 7
f 1435 1139 7
f 1139 1997 7
f 1192 7 2195
f 7 1997 2195
f 1665 1940 8
f 1985 1665 8
f 1940 2247 8
f 2247 1985 8
f 1391 2189 9
f 2454 1391 9
f 2189 2454 9
f 10 260 361
f 924 260 10
f 343 1209 10
f 1225 343 10
f 10 361 828
f 1511 10 828
f 1209 924 10
f 1511 1225 10
f 783 11 286
f 11 2049 286
f 307 306 11
f 2353 11 306
f 783 307 11
f 1841 11 531
f 2353 531 11
f 2049 11 1841
f 592 110 12
f 110 1240 12
f 559 456 12
f 592 12 456
f 559 12 1116
f 1116 12 1240
f 384 123 13
f 1218 13 123
f 13 1894 384
f 1457 520 13
f 520 1894 13
f 1457 13 1218
f 15 14 120
f 15 1752 14
f 14 485 120
f 1752 485 14
f 983 15 120
f 983 619 15
f 619 2285 15
f 2023 1752 15
f 2285 2023 15
f 1403 16 19
f 16 2269 19
f 25 170 16
f 16 1403 25
f 170 359 16
f 893 16 359
f 1183 16 893
f 2269 16 1183
f 41 2285 17
f 17 2499 41
f 1552 335 17
f 2499 17 335
f 1622 17 619
f 2285 619 17
f 1622 1552 17
f 36 86 18
f 36 18 303
f 86 610 18
f 97 551 18
f 610 97 18
f 18 2354 303
f 18 551 2354
f 37 19 1382
f 19 37 2145
f 1382 19 2269
f 2436 1403 19
f 2436 19 2145
f 174 27 20
f 20 27 1724
f 20 220 174
f 20 1724 220
f 21 815 34
f 21 34 2491
f 815 21 2439
f 2491 2439 21
f 472 49 22
f 49 2439 22
f 2439 472 22
f 146 34 23
f 23 34 815
f 281 146 23
f 23 162 281
f 162 23 2325
f 2325 23 815
f 94 24 85
f 85 24 2218
f 94 1886 24
f 24 142 115
f 24 115 2218
f 24 1886 142
f 80 170 25
f 359 80 25
f 25 893 359
f 1403 893 25
f 701 2232 26
f 26 2460 701
f 2460 26 1215
f 2476 1215 26
f 2232 2476 26
f 201 27 90
f 90 27 387
f 785 27 174
f 27 201 1724
f 27 368 293
f 387 27 293
f 368 27 785
f 906 28 313
f 28 1284 313
f 393 28 558
f 28 393 1444
f 28 2406 558
f 1284 28 739
f 2495 739 28
f 906 2406 28
f 2495 28 1444
f 29 43 44
f 29 253 43
f 44 765 29
f 765 53 29
f 53 2450 29
f 2450 253 29
f 1456 30 205
f 205 30 2364
f 1456 2364 30
f 1160 31 114
f 2256 114 31
f 2180 487 31
f 2256 31 487
f 2180 31 1160
f 109 32 302
f 1444 32 109
f 32 315 302
f 32 764 315
f 858 764 32
f 32 1444 858
f 91 295 33
f 2307 91 33
f 1005 242 33
f 33 242 1627
f 33 295 1005
f 1627 2307 33
f 79 34 188
f 34 79 2491
f 477 34 146
f 477 188 34
f 35 1240 707
f 707 1680 35
f 35 1680 1240
f 1303 86 36
f 2302 36 303
f 2488 1303 36
f 2302 2488 36
f 120 37 190
f 120 2145 37
f 190 37 2436
f 2436 37 1382
f 831 38 399
f 38 2303 399
f 917 38 428
f 38 1332 428
f 38 831 1924
f 917 2303 38
f 1332 38 1924
f 39 1766 1275
f 1979 39 1275
f 1364 1766 39
f 1810 1364 39
f 1810 39 2088
f 2445 39 1979
f 39 2445 2088
f 40 95 552
f 95 40 1404
f 1174 235 40
f 40 235 1404
f 502 40 869
f 969 40 502
f 40 552 869
f 40 969 1277
f 40 1277 1174
f 2285 41 1159
f 2499 1159 41
f 367 42 162
f 477 162 42
f 419 187 42
f 187 477 42
f 367 419 42
f 44 43 2364
f 253 205 43
f 205 2364 43
f 44 423 433
f 423 44 2364
f 765 44 433
f 468 45 65
f 45 1842 65
f 45 468 1472
f 1842 45 1472
f 406 46 199
f 741 199 46
f 406 1022 46
f 700 469 46
f 741 46 469
f 2405 700 46
f 1022 2489 46
f 2489 2405 46
f 396 47 1800
f 2044 47 396
f 1035 47 705
f 47 2044 705
f 1035 1502 47
f 1502 1800 47
f 48 233 228
f 1037 48 228
f 2096 233 48
f 1037 2096 48
f 210 79 49
f 49 79 2439
f 49 2188 210
f 2188 49 472
f 947 50 294
f 294 50 2119
f 511 50 396
f 2044 396 50
f 511 2119 50
f 50 947 2044
f 713 51 365
f 995 365 51
f 995 51 713
f 1886 52 242
f 242 52 2315
f 1886 653 52
f 653 2449 52
f 2315 52 2449
f 53 765 156
f 53 156 878
f 793 53 386
f 53 2309 386
f 793 2450 53
f 878 2309 53
f 54 878 331
f 1108 54 331
f 2309 878 54
f 1108 2309 54
f 187 419 55
f 187 55 2487
f 197 55 477
f 55 197 2487
f 55 419 477
f 778 728 56
f 1647 56 728
f 1734 778 56
f 1217 1583 56
f 1647 1217 56
f 1583 1734 56
f 57 668 224
f 1300 57 224
f 668 57 1205
f 696 958 57
f 696 57 1300
f 958 721 57
f 721 1205 57
f 378 224 58
f 224 1130 58
f 378 58 291
f 1379 291 58
f 58 1130 318
f 1379 58 318
f 2016 59 1153
f 59 2215 1153
f 1419 59 1318
f 59 2016 1318
f 1419 2253 59
f 2149 2215 59
f 2149 59 2253
f 1867 60 1785
f 2262 1785 60
f 1867 1976 60
f 2262 60 1892
f 1892 60 2404
f 60 1976 2404
f 1006 61 598
f 61 2395 598
f 914 61 623
f 623 61 1359
f 914 2395 61
f 61 1006 1359
f 418 239 62
f 239 2311 62
f 62 2385 418
f 2311 2279 62
f 2279 2385 62
f 305 63 283
f 63 1469 283
f 305 910 63
f 910 1228 63
f 1228 1469 63
f 791 602 64
f 1156 64 602
f 1230 791 64
f 1156 2349 64
f 64 2349 1230
f 315 468 65
f 65 2495 315
f 65 2209 739
f 65 739 2495
f 956 65 1051
f 956 2209 65
f 1842 1051 65
f 481 66 84
f 66 968 84
f 481 101 66
f 101 742 66
f 742 284 66
f 284 968 66
f 439 1249 67
f 1931 439 67
f 1076 67 825
f 67 1548 825
f 1076 1057 67
f 1057 1931 67
f 1249 1548 67
f 68 2003 780
f 780 2419 68
f 1992 2003 68
f 2061 1992 68
f 2419 2061 68
f 490 69 456
f 69 737 456
f 490 2342 69
f 1593 737 69
f 2342 1593 69
f 562 490 70
f 582 70 490
f 562 70 555
f 555 70 582
f 461 1019 71
f 1509 461 71
f 1221 684 71
f 1509 71 684
f 1019 1221 71
f 72 245 286
f 1948 245 72
f 286 1797 72
f 72 1797 593
f 593 1814 72
f 72 1814 1979
f 1979 1948 72
f 697 381 73
f 73 381 2101
f 73 1125 697
f 1125 73 993
f 993 73 1248
f 1426 1248 73
f 2101 1426 73
f 1668 74 676
f 2429 676 74
f 1668 1717 74
f 74 1717 2037
f 2429 74 2037
f 606 232 75
f 232 2256 75
f 606 75 410
f 75 925 410
f 925 75 2125
f 75 2256 2125
f 251 100 76
f 100 2205 76
f 170 241 76
f 2205 170 76
f 251 76 241
f 1885 870 77
f 2002 77 870
f 1885 77 1421
f 2085 1421 77
f 2002 2214 77
f 2085 77 2035
f 2214 2035 77
f 1749 78 743
f 2452 743 78
f 832 78 799
f 2259 799 78
f 832 2452 78
f 1749 2259 78
f 2325 79 188
f 210 2373 79
f 2439 79 2325
f 2491 79 2373
f 241 170 80
f 251 241 80
f 251 80 359
f 81 551 97
f 81 97 1724
f 1117 81 201
f 81 1724 201
f 81 1117 551
f 1059 986 82
f 986 1912 82
f 82 2465 1059
f 1912 1489 82
f 1489 2465 82
f 1529 1394 83
f 1394 1920 83
f 1529 83 1567
f 2180 1567 83
f 1920 2180 83
f 968 284 84
f 284 2250 84
f 84 2250 481
f 653 94 85
f 85 129 115
f 115 811 85
f 85 488 129
f 488 85 2218
f 85 811 653
f 86 1303 610
f 426 200 87
f 1175 87 200
f 1031 426 87
f 1031 87 917
f 87 1175 917
f 662 88 362
f 1109 362 88
f 662 2032 88
f 1109 88 1070
f 88 1204 1070
f 2032 1204 88
f 238 1204 89
f 1798 238 89
f 794 89 278
f 89 2032 278
f 794 1798 89
f 89 1204 2032
f 201 90 174
f 90 785 174
f 785 90 387
f 295 91 1745
f 716 1745 91
f 2307 716 91
f 942 92 261
f 261 92 1798
f 1686 851 92
f 1798 92 851
f 942 1686 92
f 196 93 228
f 196 2232 93
f 93 1088 228
f 251 260 93
f 2232 251 93
f 1088 93 260
f 94 653 1886
f 481 95 101
f 95 1404 101
f 351 552 95
f 95 2479 351
f 2479 95 481
f 444 96 267
f 96 517 267
f 444 1629 96
f 96 2247 517
f 1629 2247 96
f 610 220 97
f 1724 97 220
f 826 98 486
f 98 1739 486
f 628 1137 98
f 2393 628 98
f 2393 98 826
f 1739 98 1137
f 99 1533 159
f 99 159 2082
f 971 1327 99
f 2082 971 99
f 1327 1614 99
f 1614 1533 99
f 251 2232 100
f 359 2205 100
f 2232 359 100
f 2435 742 101
f 1404 2483 101
f 101 2500 2435
f 101 2483 2500
f 1160 114 102
f 1443 102 114
f 1160 102 1064
f 1064 102 2328
f 1443 2328 102
f 840 1178 103
f 1770 840 103
f 103 1178 1407
f 1407 1643 103
f 1643 1764 103
f 1764 1770 103
f 301 104 256
f 756 256 104
f 545 104 301
f 545 1433 104
f 756 104 1433
f 725 105 543
f 1295 543 105
f 596 105 1264
f 596 2181 105
f 1264 105 725
f 1693 1295 105
f 2181 1693 105
f 280 107 858
f 280 2473 107
f 283 1469 107
f 283 107 2473
f 1469 858 107
f 625 108 799
f 1652 108 625
f 108 1146 799
f 1146 108 928
f 1652 928 108
f 302 2498 109
f 315 109 383
f 315 1444 109
f 2498 383 109
f 937 463 110
f 1240 110 463
f 592 937 110
f 120 485 111
f 1987 120 111
f 485 1752 111
f 1987 111 1622
f 2246 1622 111
f 1752 2246 111
f 112 502 869
f 112 969 502
f 869 1695 112
f 2079 969 112
f 1695 2079 112
f 1114 113 578
f 1860 578 113
f 113 1114 901
f 1820 113 901
f 1860 113 1820
f 114 2256 1443
f 129 2218 115
f 115 142 2305
f 811 115 2305
f 351 719 116
f 1695 351 116
f 413 116 719
f 413 1492 116
f 1492 1695 116
f 505 1500 117
f 1784 505 117
f 1616 117 1500
f 117 1616 1838
f 117 2463 1784
f 2463 117 1838
f 364 319 118
f 1742 118 319
f 118 1567 364
f 1567 118 1529
f 1642 1529 118
f 1742 1642 118
f 1172 2130 119
f 2236 1172 119
f 1880 119 2130
f 1880 2215 119
f 2215 2236 119
f 120 190 619
f 120 619 983
f 120 1987 2145
f 1214 121 284
f 2250 284 121
f 713 443 121
f 121 443 1371
f 966 713 121
f 966 121 1214
f 2250 121 1371
f 126 122 464
f 126 538 122
f 122 416 464
f 416 122 538
f 422 123 135
f 123 641 135
f 123 384 212
f 749 123 212
f 422 1218 123
f 123 749 641
f 294 187 125
f 187 2487 125
f 2469 294 125
f 125 316 2469
f 2487 316 125
f 126 464 1122
f 538 126 1122
f 1457 127 520
f 2061 520 127
f 1457 1218 127
f 1866 127 1218
f 127 1866 1233
f 1233 2061 127
f 832 799 128
f 799 1146 128
f 1089 832 128
f 128 1278 1089
f 1278 128 1146
f 225 129 488
f 225 981 129
f 981 2109 129
f 2109 2218 129
f 1770 1043 130
f 2087 130 1043
f 1770 130 2167
f 2087 2497 130
f 2497 2167 130
f 1165 131 2143
f 131 1165 2397
f 131 1223 1311
f 2397 1223 131
f 2143 131 1311
f 1648 870 132
f 1885 132 870
f 1648 132 1048
f 1958 1048 132
f 1958 132 1885
f 423 1930 133
f 2000 423 133
f 1930 2439 133
f 2000 133 2373
f 133 2491 2373
f 133 2439 2491
f 1297 2040 134
f 2135 1297 134
f 134 2040 1421
f 2085 134 1421
f 2085 2135 134
f 135 1535 422
f 1434 135 641
f 1434 1535 135
f 763 136 144
f 1627 144 136
f 344 136 267
f 136 763 267
f 136 287 1627
f 287 136 1694
f 136 344 374
f 374 1694 136
f 374 344 137
f 344 517 137
f 2324 374 137
f 517 1697 137
f 137 1697 2324
f 168 659 138
f 2386 168 138
f 659 2320 138
f 138 1911 691
f 691 2162 138
f 2320 1911 138
f 138 2162 2386
f 139 876 1877
f 876 139 2224
f 139 2169 1074
f 2217 139 1074
f 139 1877 2452
f 2169 139 2452
f 139 2217 2224
f 1288 494 141
f 494 2017 141
f 1071 925 141
f 2125 141 925
f 141 2017 1071
f 141 2125 1288
f 142 1886 2449
f 142 2449 2305
f 763 144 1292
f 144 1627 1292
f 763 145 444
f 1629 444 145
f 2421 145 763
f 145 2007 1629
f 2421 2007 145
f 146 281 477
f 147 394 474
f 947 394 147
f 474 2031 147
f 663 947 147
f 147 1942 663
f 1942 147 708
f 2031 708 147
f 762 148 204
f 148 2360 204
f 290 148 1960
f 290 2360 148
f 762 2141 148
f 148 2141 1960
f 1834 150 518
f 2317 518 150
f 676 2317 150
f 150 2431 676
f 150 1834 2431
f 151 928 1068
f 1398 928 151
f 1068 1060 151
f 1060 1565 151
f 151 1565 1398
f 1007 478 153
f 478 1714 153
f 910 1007 153
f 910 153 1228
f 1953 1228 153
f 1953 153 1714
f 644 154 289
f 154 2311 289
f 644 2455 154
f 1743 2279 154
f 2471 1743 154
f 2279 2311 154
f 2455 2471 154
f 289 155 1444
f 289 2311 155
f 672 1444 155
f 155 2311 672
f 765 331 156
f 331 878 156
f 608 157 424
f 157 1971 424
f 608 2202 157
f 1331 157 830
f 157 2202 830
f 1480 157 1331
f 1480 1971 157
f 199 375 158
f 158 406 199
f 375 1760 158
f 674 406 158
f 441 674 158
f 1760 441 158
f 1751 159 1533
f 1751 2431 159
f 2431 2082 159
f 1269 1172 160
f 1172 2236 160
f 1944 1269 160
f 1735 1726 160
f 160 1726 1944
f 1735 160 2236
f 1190 161 1152
f 1506 1152 161
f 1190 1813 161
f 1813 1506 161
f 162 188 367
f 188 162 2325
f 477 281 162
f 163 864 441
f 441 2159 163
f 831 1686 163
f 2071 831 163
f 1686 864 163
f 163 2159 2071
f 1785 1430 164
f 1430 2329 164
f 1795 1785 164
f 2329 1795 164
f 1579 165 431
f 165 1928 431
f 939 1111 165
f 939 165 1610
f 1078 165 1111
f 1078 1928 165
f 1579 1610 165
f 1442 659 168
f 975 1442 168
f 2386 975 168
f 305 283 169
f 283 440 169
f 327 305 169
f 1651 327 169
f 440 1651 169
f 359 170 2205
f 692 172 1467
f 692 2167 172
f 172 1393 1467
f 1825 1393 172
f 2167 1825 172
f 203 835 173
f 302 383 173
f 302 173 2498
f 704 173 607
f 173 1042 607
f 704 784 173
f 784 2438 173
f 173 835 1042
f 2409 173 2438
f 173 2409 2498
f 174 1117 201
f 220 1117 174
f 507 177 221
f 221 177 1257
f 327 177 305
f 2466 305 177
f 177 327 1257
f 177 507 2466
f 437 178 814
f 1001 178 437
f 2465 814 178
f 1001 1029 178
f 1029 1059 178
f 2465 178 1059
f 956 431 179
f 431 1928 179
f 829 2209 179
f 2270 829 179
f 2209 956 179
f 1928 2270 179
f 1281 675 180
f 1919 180 675
f 1940 1281 180
f 1919 1868 180
f 1868 1940 180
f 181 658 458
f 181 458 1390
f 181 638 1532
f 181 2004 638
f 1532 658 181
f 1357 181 1390
f 2004 181 1357
f 364 313 182
f 313 1284 182
f 364 182 319
f 182 2270 319
f 1284 829 182
f 829 2270 182
f 709 258 183
f 2226 183 258
f 522 1345 183
f 522 183 2226
f 183 1849 709
f 1345 1849 183
f 184 1795 1321
f 1916 184 1321
f 184 1786 1795
f 184 2383 1786
f 184 1916 2326
f 2326 2383 184
f 2231 185 565
f 2443 565 185
f 955 185 920
f 920 185 2231
f 955 2443 185
f 187 213 197
f 477 187 197
f 187 2119 213
f 2119 187 294
f 188 419 367
f 477 419 188
f 979 189 575
f 1274 575 189
f 705 189 625
f 979 625 189
f 1274 189 705
f 190 2145 619
f 2145 190 2436
f 191 868 960
f 868 191 1793
f 960 1677 191
f 191 1291 1105
f 1793 191 1105
f 1291 191 1677
f 1879 192 1105
f 192 2268 1105
f 1879 1729 192
f 1729 2333 192
f 2333 2268 192
f 2062 193 366
f 193 2097 366
f 2062 1458 193
f 1458 2097 193
f 762 1196 194
f 194 1498 762
f 1884 194 1196
f 194 2444 1498
f 1884 2444 194
f 777 195 1088
f 777 1577 195
f 195 812 1088
f 195 1683 812
f 1577 2257 195
f 2257 1683 195
f 233 196 228
f 2229 196 233
f 424 677 196
f 2229 424 196
f 677 436 196
f 1458 196 436
f 1458 2476 196
f 2476 2232 196
f 213 316 197
f 197 316 2487
f 572 375 199
f 741 572 199
f 208 200 238
f 1175 200 208
f 200 1204 238
f 1070 200 426
f 1070 1204 200
f 1507 1367 202
f 1367 2013 202
f 202 1438 1533
f 2013 1438 202
f 1507 202 1614
f 1614 202 1533
f 299 271 203
f 271 835 203
f 2409 299 203
f 762 204 1196
f 2360 1011 204
f 311 205 253
f 719 265 205
f 205 265 1456
f 205 311 449
f 449 413 205
f 205 413 719
f 1303 335 206
f 335 2276 206
f 1303 206 887
f 206 2276 887
f 378 291 207
f 2072 207 291
f 1300 378 207
f 1241 1300 207
f 207 1501 1241
f 2072 1501 207
f 1798 208 238
f 1175 208 851
f 1798 851 208
f 210 2188 2488
f 210 2488 2373
f 387 212 368
f 212 1240 368
f 1116 212 380
f 212 1883 380
f 384 1883 212
f 212 387 1841
f 1841 749 212
f 212 1116 1240
f 213 947 294
f 294 2469 213
f 2469 316 213
f 947 213 2489
f 213 2119 2489
f 215 1362 2128
f 215 2206 1362
f 2206 215 1615
f 2300 1615 215
f 2128 1780 215
f 1780 2300 215
f 1542 448 216
f 448 1619 216
f 216 2245 1542
f 1619 1740 216
f 1740 2245 216
f 1321 608 217
f 608 2229 217
f 217 1916 1321
f 2096 1916 217
f 2229 2096 217
f 1081 1075 218
f 1501 218 1075
f 2262 1081 218
f 218 2072 1430
f 1430 2262 218
f 2072 218 1501
f 220 610 551
f 551 1117 220
f 221 1257 494
f 494 1288 221
f 507 221 746
f 221 934 746
f 1288 934 221
f 1300 224 378
f 668 1130 224
f 581 423 225
f 225 423 1598
f 488 908 225
f 908 581 225
f 981 225 1598
f 613 226 1083
f 613 1380 226
f 2111 1083 226
f 1380 2422 226
f 226 2422 2111
f 1180 227 1380
f 1180 1699 227
f 227 2422 1380
f 1699 2422 227
f 228 1088 872
f 872 2248 228
f 2326 1037 228
f 2248 2371 228
f 228 2371 2326
f 1379 230 291
f 2072 291 230
f 1379 2261 230
f 1430 2072 230
f 2329 1430 230
f 2261 2329 230
f 1229 548 231
f 2480 231 548
f 231 816 1229
f 1536 816 231
f 1807 1536 231
f 2480 1807 231
f 1743 232 606
f 1743 1443 232
f 1443 2256 232
f 2096 2229 233
f 1178 722 234
f 722 1949 234
f 1407 234 1046
f 1949 1046 234
f 1178 234 1407
f 237 235 1174
f 235 237 1404
f 2483 237 1174
f 237 2483 1404
f 672 239 280
f 280 239 2473
f 418 2473 239
f 672 2311 239
f 1357 1390 240
f 1466 1357 240
f 1390 1720 240
f 1486 1466 240
f 1720 1486 240
f 1627 242 295
f 242 2315 295
f 242 1005 2449
f 2449 1886 242
f 1409 967 243
f 967 1623 243
f 243 2140 1409
f 243 1888 1460
f 1460 2140 243
f 1623 1888 243
f 909 855 244
f 1069 244 855
f 909 244 2367
f 1069 1356 244
f 1356 2367 244
f 1679 286 245
f 1679 245 1827
f 1948 1827 245
f 1019 461 249
f 1400 249 461
f 844 249 978
f 249 844 1019
f 1216 978 249
f 1400 1216 249
f 1044 250 1772
f 1909 250 1044
f 250 1436 1772
f 1950 1436 250
f 1950 250 1909
f 260 251 361
f 359 701 251
f 251 570 361
f 701 570 251
f 290 1719 252
f 252 2360 290
f 414 1011 252
f 1719 414 252
f 1011 2360 252
f 311 253 2450
f 301 256 638
f 1532 638 256
f 756 1532 256
f 709 1416 258
f 258 2192 952
f 952 2226 258
f 2192 258 1416
f 1833 896 259
f 2092 259 896
f 2002 1833 259
f 2092 1961 259
f 1961 2336 259
f 2336 2002 259
f 924 1631 260
f 260 1631 1088
f 942 261 776
f 1022 776 261
f 794 1022 261
f 794 261 1798
f 1114 1278 262
f 262 2481 1114
f 1278 1398 262
f 1398 2481 262
f 719 351 265
f 1598 265 351
f 265 1201 1456
f 265 1598 1201
f 267 517 344
f 763 444 267
f 1131 269 952
f 269 2226 952
f 1522 1110 269
f 1110 2226 269
f 1131 1399 269
f 1522 269 1399
f 718 1452 270
f 270 2013 718
f 1143 1438 270
f 270 1452 1143
f 1438 2013 270
f 966 271 299
f 271 1042 835
f 271 966 1042
f 272 1417 800
f 1621 272 800
f 272 1621 1115
f 272 1115 2376
f 1539 1417 272
f 272 2376 1539
f 296 273 501
f 296 2296 273
f 273 308 468
f 273 2296 308
f 764 273 468
f 2176 501 273
f 764 2090 273
f 2090 2176 273
f 274 2050 841
f 2480 274 841
f 274 1843 2078
f 274 2480 1843
f 274 2464 2050
f 2464 274 2078
f 1050 278 662
f 2032 662 278
f 794 278 1606
f 1050 1606 278
f 756 1433 279
f 1832 756 279
f 1190 279 1212
f 1190 1832 279
f 1433 1212 279
f 672 280 858
f 1272 700 282
f 1384 282 700
f 715 1272 282
f 282 2046 715
f 1384 2046 282
f 2473 440 283
f 326 284 742
f 326 1214 284
f 618 2018 285
f 285 2071 618
f 1471 1332 285
f 1332 1924 285
f 2018 1471 285
f 1924 2071 285
f 286 2390 783
f 1679 2390 286
f 2049 1797 286
f 980 287 1093
f 287 980 2307
f 287 2165 1093
f 287 2307 1627
f 1694 1656 287
f 1723 287 1656
f 1723 2165 287
f 644 289 1444
f 1225 1009 290
f 1009 1719 290
f 1225 290 1960
f 331 639 292
f 331 292 649
f 416 538 292
f 292 639 416
f 538 649 292
f 293 368 1240
f 293 1240 387
f 295 2315 1005
f 2359 1627 295
f 2380 295 1745
f 295 2380 2359
f 673 296 465
f 296 1488 465
f 501 1488 296
f 673 2296 296
f 966 299 2409
f 545 301 2009
f 620 301 638
f 620 2009 301
f 302 315 383
f 335 303 373
f 335 2000 303
f 2354 373 303
f 303 2000 2302
f 304 2067 554
f 2151 304 554
f 1654 304 1390
f 304 2151 1390
f 2067 304 1654
f 2466 910 305
f 2212 306 307
f 2212 2091 306
f 2091 2353 306
f 783 2390 307
f 307 2390 2212
f 330 468 308
f 308 673 330
f 2296 673 308
f 613 1083 310
f 1556 613 310
f 1083 993 310
f 1248 310 993
f 1556 310 1248
f 311 2450 449
f 959 312 606
f 1743 606 312
f 959 2385 312
f 312 2279 1743
f 2385 2279 312
f 364 1491 313
f 1491 906 313
f 468 315 764
f 315 2495 1444
f 318 1130 1385
f 1379 318 1331
f 1385 1331 318
f 319 1928 1742
f 2270 1928 319
f 324 2026 390
f 2401 324 390
f 1619 448 324
f 448 2026 324
f 1063 1619 324
f 2401 1063 324
f 325 1562 633
f 633 2207 325
f 1950 325 1436
f 325 2207 1436
f 2437 1562 325
f 2437 325 1950
f 1214 326 742
f 1651 1257 327
f 1472 468 330
f 330 673 1203
f 1450 330 1203
f 1450 2475 330
f 2475 1472 330
f 765 639 331
f 331 649 1108
f 332 1861 839
f 2500 332 839
f 1277 2457 332
f 332 2500 1277
f 1557 1861 332
f 2457 1557 332
f 389 333 1740
f 389 1873 333
f 333 1336 1820
f 333 1873 1336
f 1740 333 1820
f 1259 1418 334
f 1767 1259 334
f 1425 1406 334
f 1406 1767 334
f 1418 1486 334
f 1486 1425 334
f 2276 335 373
f 639 433 335
f 2000 335 433
f 639 335 1552
f 335 1303 2488
f 2488 2499 335
f 2167 692 336
f 2271 336 692
f 962 840 336
f 1770 336 840
f 2271 962 336
f 1770 2167 336
f 2177 2111 340
f 2111 2422 340
f 2177 340 2460
f 2422 2178 340
f 340 2178 2460
f 689 341 1757
f 689 2162 341
f 691 1939 341
f 341 2162 691
f 341 1127 1757
f 1939 1127 341
f 342 443 466
f 342 1371 443
f 342 466 742
f 342 742 481
f 1371 342 481
f 2141 1209 343
f 1960 343 1225
f 1960 2141 343
f 1577 777 346
f 777 2417 346
f 1577 346 1431
f 346 2474 1431
f 2474 346 2417
f 1744 347 2208
f 347 1744 2273
f 2094 2087 347
f 2087 2208 347
f 347 2126 2094
f 2126 347 2273
f 873 1676 348
f 2195 873 348
f 348 1565 1192
f 1192 2195 348
f 1676 1565 348
f 869 552 351
f 1695 869 351
f 1853 1598 351
f 351 2479 1853
f 1380 613 352
f 613 1788 352
f 352 2478 1380
f 352 1788 2070
f 2070 2478 352
f 387 470 354
f 387 354 684
f 1416 354 470
f 1509 684 354
f 1416 1509 354
f 355 1078 1111
f 2268 1078 355
f 1111 2370 355
f 355 2310 2268
f 2370 2310 355
f 2232 701 359
f 570 828 361
f 842 662 362
f 1109 796 362
f 796 1637 362
f 842 362 1637
f 364 1567 1491
f 704 713 365
f 784 704 365
f 995 784 365
f 646 600 366
f 366 600 2062
f 366 2097 646
f 387 368 785
f 373 2354 2276
f 374 2324 1694
f 572 1354 375
f 1354 1760 375
f 997 697 377
f 1125 377 697
f 2177 997 377
f 1125 1083 377
f 1083 2111 377
f 2111 2177 377
f 380 975 525
f 525 2447 380
f 380 535 975
f 380 1883 535
f 380 2321 1116
f 2374 2321 380
f 2447 2374 380
f 381 2062 382
f 382 2101 381
f 997 381 697
f 1215 381 997
f 2062 381 1215
f 600 1205 382
f 382 2062 600
f 1205 2101 382
f 1883 384 1894
f 747 1122 386
f 386 2309 747
f 1553 793 386
f 386 1122 1553
f 470 387 1999
f 387 684 770
f 2448 387 770
f 387 1240 2106
f 1841 387 2448
f 387 2106 1999
f 1063 389 1619
f 1063 2260 389
f 389 1740 1619
f 2260 1873 389
f 390 1781 1447
f 2401 390 1447
f 1781 390 2025
f 2026 2025 390
f 1961 635 392
f 635 2160 392
f 392 2160 1918
f 1918 2336 392
f 392 2336 1961
f 558 2471 393
f 393 2455 1444
f 2455 393 2471
f 394 2424 474
f 394 947 1606
f 2424 394 1606
f 1424 2130 395
f 395 2257 1424
f 1474 2257 395
f 1630 511 396
f 1800 1630 396
f 1390 580 398
f 580 2358 398
f 1720 1390 398
f 1569 1720 398
f 398 2358 1569
f 399 1686 831
f 851 1686 399
f 399 2303 851
f 1158 575 400
f 1274 400 575
f 655 1599 400
f 655 400 2044
f 400 1599 1158
f 400 1274 2044
f 1067 401 681
f 1842 681 401
f 1304 401 1067
f 1605 401 1304
f 401 1605 1842
f 406 674 776
f 776 1022 406
f 959 606 410
f 1071 410 925
f 978 1568 411
f 411 2350 978
f 1568 1373 411
f 1373 1776 411
f 1776 2350 411
f 413 449 2030
f 413 2030 1226
f 413 1226 2079
f 2079 1492 413
f 1719 567 414
f 1931 414 567
f 1011 414 1001
f 1001 414 2221
f 1931 1057 414
f 1057 2221 414
f 464 416 2331
f 2331 416 481
f 416 2479 481
f 416 639 1552
f 1159 416 2246
f 1159 2479 416
f 416 1552 2246
f 636 440 418
f 418 440 2473
f 636 418 2385
f 420 1623 967
f 2277 420 967
f 420 2277 1387
f 1387 2353 420
f 1623 420 2091
f 420 2353 2091
f 1218 422 1866
f 1535 1302 422
f 1302 1866 422
f 423 2000 433
f 472 1930 423
f 2488 472 423
f 2109 423 581
f 2109 981 423
f 2488 423 981
f 1598 423 2364
f 424 2229 608
f 1971 677 424
f 1585 425 448
f 425 2026 448
f 1250 425 1585
f 1675 425 1250
f 2025 425 1675
f 2025 2026 425
f 1031 2401 426
f 1347 1070 426
f 1347 426 1447
f 426 2401 1447
f 1031 917 428
f 428 2399 1031
f 428 1332 2260
f 2260 2399 428
f 1579 431 956
f 639 2492 433
f 433 2492 765
f 1971 436 677
f 2097 1458 436
f 1971 2097 436
f 437 814 2332
f 1493 1001 437
f 1884 1196 437
f 1884 437 2332
f 1931 567 439
f 567 2182 439
f 1805 1249 439
f 2182 1805 439
f 636 1651 440
f 864 674 441
f 2159 441 1760
f 1214 466 443
f 443 713 1736
f 443 966 1214
f 966 443 1736
f 732 1243 445
f 1985 732 445
f 445 1243 1314
f 1314 1281 445
f 1281 1665 445
f 1665 1985 445
f 1985 446 732
f 2007 732 446
f 1629 2007 446
f 446 2247 1629
f 1985 2247 446
f 1585 448 1542
f 2030 449 2450
f 722 1178 450
f 1609 722 450
f 962 450 840
f 1178 840 450
f 450 962 1584
f 1609 450 1584
f 858 1469 452
f 858 452 1650
f 452 1469 1228
f 1228 1650 452
f 454 778 509
f 1250 454 509
f 778 454 728
f 454 2243 728
f 1250 2014 454
f 2014 2243 454
f 559 490 456
f 737 592 456
f 576 457 798
f 1953 457 576
f 890 729 457
f 729 2090 457
f 457 2090 798
f 1953 890 457
f 658 1845 458
f 1654 1390 458
f 1654 458 2067
f 1845 1859 458
f 1859 2067 458
f 1849 1400 461
f 1509 1849 461
f 678 707 462
f 1762 678 462
f 707 1240 462
f 1240 1762 462
f 818 463 937
f 818 1762 463
f 1762 1240 463
f 464 788 1282
f 788 464 2331
f 464 1282 1122
f 673 465 1113
f 1034 884 465
f 465 884 1247
f 1488 1034 465
f 465 1247 1113
f 466 1214 742
f 872 812 467
f 812 1683 467
f 467 1858 872
f 1683 1118 467
f 1118 1858 467
f 741 469 572
f 754 572 469
f 700 1272 469
f 754 469 2400
f 469 1272 2400
f 1416 470 1999
f 1930 472 2439
f 2188 472 2488
f 1637 1252 474
f 474 1252 1734
f 474 2424 1637
f 1734 2031 474
f 588 550 478
f 744 478 550
f 478 1007 588
f 478 744 1691
f 1714 478 1691
f 2435 481 742
f 481 2250 1371
f 2331 481 2435
f 2248 2054 482
f 2383 482 2054
f 2371 2248 482
f 2326 2371 482
f 2383 2326 482
f 1293 718 484
f 718 1578 484
f 484 1578 911
f 2304 484 911
f 2304 1293 484
f 1978 826 486
f 1739 2299 486
f 2194 1978 486
f 2299 2194 486
f 816 487 1229
f 816 2125 487
f 487 2180 1229
f 487 2125 2256
f 908 488 581
f 581 488 2109
f 2218 2109 488
f 582 490 559
f 562 2342 490
f 623 491 890
f 623 1359 491
f 729 890 491
f 729 491 2090
f 1359 2176 491
f 491 2176 2090
f 1257 2017 494
f 548 940 498
f 2480 548 498
f 1376 498 940
f 1376 1843 498
f 1843 2480 498
f 501 2176 1488
f 2144 596 504
f 2440 504 596
f 2126 504 2094
f 2440 2094 504
f 2126 2144 504
f 976 597 505
f 597 1500 505
f 976 505 2034
f 1784 2034 505
f 746 885 507
f 885 2466 507
f 646 508 600
f 508 1205 600
f 646 1130 508
f 668 508 1130
f 668 1205 508
f 778 1734 509
f 1250 509 1252
f 1734 1252 509
f 511 809 1015
f 511 1914 809
f 1015 2119 511
f 1815 511 1630
f 1815 2433 511
f 511 2433 1914
f 587 513 888
f 2150 513 587
f 888 513 597
f 513 1500 597
f 513 2150 1500
f 514 555 582
f 630 555 514
f 514 582 2374
f 630 514 1039
f 514 2374 1039
f 2264 1697 517
f 2247 2264 517
f 518 1462 1834
f 1982 1462 518
f 1982 518 2317
f 2357 1894 520
f 2061 2419 520
f 2419 2357 520
f 1568 522 1193
f 522 2066 1193
f 1345 522 2420
f 522 1568 2420
f 2226 2066 522
f 1039 525 975
f 2447 525 1039
f 529 2024 1341
f 1341 2034 529
f 529 1904 1988
f 2034 1904 529
f 529 1988 2024
f 1841 531 641
f 531 2485 641
f 2353 2485 531
f 1442 975 535
f 2357 1442 535
f 2357 535 1883
f 1152 537 555
f 2210 555 537
f 1506 537 1152
f 2210 537 1506
f 649 538 1108
f 1122 1108 538
f 543 1295 656
f 656 1682 543
f 725 543 694
f 694 543 2421
f 543 1682 1397
f 1397 2421 543
f 1169 1188 545
f 1169 545 2009
f 1188 1433 545
f 548 1879 940
f 1229 1142 548
f 1142 1879 548
f 588 885 550
f 550 2437 744
f 886 550 885
f 886 2437 550
f 551 610 2354
f 1859 1267 554
f 1267 2003 554
f 554 2067 1859
f 2003 2151 554
f 562 555 2210
f 630 1757 555
f 555 1757 1152
f 2328 1408 558
f 2471 558 1408
f 558 2406 2328
f 559 1116 582
f 2342 562 2210
f 1897 1523 565
f 1523 2231 565
f 565 2443 1897
f 1719 2182 567
f 701 2460 570
f 570 1326 828
f 2460 1326 570
f 572 754 1354
f 1586 979 575
f 1586 575 1158
f 798 1650 576
f 1650 1953 576
f 578 1074 1278
f 578 2217 1074
f 1114 578 1278
f 1860 2375 578
f 2375 2217 578
f 1390 2151 580
f 580 2151 2358
f 582 1116 2321
f 2374 582 2321
f 587 937 737
f 1593 587 737
f 587 888 750
f 937 587 750
f 1593 2150 587
f 885 588 2466
f 588 1007 2466
f 737 937 592
f 593 1221 1019
f 1019 1814 593
f 593 1797 1221
f 618 1710 594
f 594 2018 618
f 896 2018 594
f 594 2092 896
f 1710 1900 594
f 1900 2092 594
f 2440 596 1264
f 2144 2181 596
f 1399 888 597
f 976 1399 597
f 598 899 884
f 884 1034 598
f 598 2395 899
f 598 1034 1006
f 791 2475 602
f 1603 1156 602
f 1450 1603 602
f 602 2475 1450
f 704 607 713
f 607 1736 713
f 607 1042 1736
f 1321 2202 608
f 1303 887 610
f 610 887 2354
f 1556 1872 613
f 1872 1788 613
f 2189 614 2053
f 2423 2053 614
f 2189 2223 614
f 2223 2446 614
f 2446 2423 614
f 1710 618 2157
f 618 2071 2157
f 619 1987 1622
f 1987 619 2145
f 620 638 759
f 1792 620 759
f 1266 620 1792
f 1266 2009 620
f 890 621 623
f 623 621 914
f 621 890 1953
f 1909 914 621
f 1714 1691 621
f 1909 621 1691
f 1714 621 1953
f 1035 705 625
f 799 807 625
f 625 807 1035
f 1652 625 979
f 1137 628 1077
f 628 2433 1077
f 1092 628 2393
f 1092 2433 628
f 630 1039 689
f 630 689 1757
f 794 632 1022
f 794 1606 632
f 1022 632 2489
f 2489 632 1606
f 1562 2346 633
f 2312 2207 633
f 2346 2312 633
f 1354 754 635
f 754 2400 635
f 1996 1354 635
f 1961 1996 635
f 2400 2160 635
f 2017 1651 636
f 1236 759 638
f 2004 1236 638
f 2492 639 765
f 641 749 1841
f 641 1387 1434
f 641 2485 1387
f 2455 644 1444
f 1385 1130 646
f 646 2097 1385
f 696 647 958
f 696 1311 647
f 859 958 647
f 647 1223 859
f 1311 1223 647
f 811 2305 653
f 2305 2449 653
f 1942 655 663
f 655 2044 663
f 1942 1599 655
f 1243 732 656
f 732 1682 656
f 656 2175 1243
f 1295 1693 656
f 1693 2175 656
f 1865 658 1532
f 1865 1845 658
f 780 1267 659
f 780 659 1442
f 1267 2320 659
f 842 1050 662
f 2044 947 663
f 672 858 1444
f 1219 673 1113
f 1219 1203 673
f 674 942 776
f 864 942 674
f 1919 675 902
f 902 675 1982
f 1281 2241 675
f 2241 1982 675
f 2431 1668 676
f 2429 2317 676
f 707 678 823
f 678 818 750
f 888 678 750
f 678 1762 818
f 678 1131 823
f 888 1399 678
f 1131 678 1399
f 1067 681 1265
f 1779 1265 681
f 1842 1779 681
f 770 684 2033
f 2033 684 1221
f 1039 2386 689
f 2386 2162 689
f 1911 690 691
f 1939 691 690
f 1865 690 1845
f 690 1911 1845
f 1981 690 1865
f 1939 690 1981
f 1467 2271 692
f 1315 725 694
f 1292 1315 694
f 1828 1292 694
f 2421 1828 694
f 1300 1311 696
f 700 1015 809
f 1384 700 809
f 700 2405 1015
f 2044 1274 705
f 823 1680 707
f 708 1734 1583
f 708 1583 1942
f 2031 1734 708
f 1509 1416 709
f 1509 709 1849
f 843 713 966
f 843 995 713
f 2160 1272 715
f 2046 1918 715
f 1918 2160 715
f 1584 716 911
f 716 2307 911
f 2271 716 1584
f 2271 1745 716
f 1293 1452 718
f 1578 718 1367
f 1367 718 2013
f 958 1426 721
f 721 1426 1205
f 1609 1584 722
f 1584 2413 722
f 2413 1949 722
f 1264 725 1594
f 1315 1594 725
f 2244 1647 728
f 728 2243 1698
f 2244 728 1698
f 2007 1682 732
f 733 1872 1559
f 733 1559 2344
f 1788 1872 733
f 2070 1788 733
f 2070 733 2344
f 1284 739 829
f 739 2209 829
f 743 1756 1749
f 743 1877 1756
f 2452 1877 743
f 1950 1691 744
f 2437 1950 744
f 841 885 746
f 746 2343 841
f 934 2343 746
f 747 1108 1122
f 1108 747 2309
f 818 937 750
f 756 1981 1532
f 1981 756 1832
f 1236 1530 759
f 1792 759 1530
f 1498 2141 762
f 2421 763 1292
f 858 798 764
f 764 798 2090
f 2033 2448 770
f 1088 2417 777
f 780 2003 1267
f 780 1442 2357
f 2357 2419 780
f 784 995 2438
f 839 1282 788
f 788 2435 839
f 2331 2435 788
f 2135 2085 790
f 2085 2341 790
f 2135 790 2110
f 790 2284 2110
f 2314 2284 790
f 2314 790 2341
f 1230 2318 791
f 2318 1472 791
f 1472 2475 791
f 2322 793 1553
f 2322 2030 793
f 2030 2450 793
f 1637 796 1062
f 1062 796 1657
f 1109 1657 796
f 798 858 1650
f 2259 807 799
f 800 1417 2289
f 1621 800 1993
f 800 2289 1993
f 1556 1248 801
f 1248 2477 801
f 1872 1556 801
f 1936 1872 801
f 2477 1936 801
f 805 1888 1144
f 805 1144 2390
f 1613 1423 805
f 1423 1830 805
f 1613 805 1827
f 1679 1827 805
f 1679 805 2390
f 1830 1888 805
f 1502 1035 807
f 807 2259 1502
f 809 1914 1384
f 872 1088 812
f 1318 2332 814
f 2465 1318 814
f 815 2439 2325
f 816 1536 2125
f 920 817 1093
f 2231 817 920
f 817 980 1093
f 817 2231 980
f 952 823 1131
f 2192 823 952
f 1680 823 2381
f 2192 2381 823
f 986 1076 825
f 1821 986 825
f 825 1548 1123
f 825 1123 1821
f 2135 826 1978
f 2110 826 2135
f 826 2110 2284
f 2393 826 2284
f 1511 828 1047
f 828 1705 1047
f 1705 828 1326
f 830 2171 1331
f 2171 830 2261
f 2202 2335 830
f 830 2335 2261
f 2071 1924 831
f 1089 2169 832
f 832 2169 2452
f 1861 1282 839
f 2435 2500 839
f 886 885 841
f 2050 886 841
f 841 2343 2480
f 1606 1050 842
f 842 2424 1606
f 842 1637 2424
f 843 966 2409
f 995 843 2438
f 2409 2438 843
f 978 2350 844
f 844 1814 1019
f 1814 844 2445
f 2350 2445 844
f 851 2303 1175
f 1462 855 909
f 855 2241 1069
f 1462 2241 855
f 859 2477 958
f 859 1223 2397
f 2397 1936 859
f 1936 2477 859
f 942 864 1686
f 1772 866 1320
f 2207 1320 866
f 1772 1436 866
f 2207 866 1436
f 960 868 1977
f 1527 1526 868
f 1526 1977 868
f 1793 1527 868
f 1648 1833 870
f 2002 870 1833
f 872 1858 2248
f 873 2288 1676
f 873 2195 1698
f 1698 2288 873
f 876 2299 1877
f 2291 2194 876
f 2194 2299 876
f 2291 876 2224
f 899 1320 884
f 884 2377 1247
f 884 1320 2398
f 2398 2377 884
f 886 2050 2437
f 2276 2354 887
f 1403 1183 893
f 1833 1648 896
f 2018 896 1648
f 1772 1320 899
f 1772 899 2395
f 1114 2481 901
f 901 1676 1820
f 1676 901 2481
f 2446 1919 902
f 2423 902 1982
f 2446 902 2423
f 1315 903 1594
f 1315 2380 903
f 1594 903 2380
f 1491 2406 906
f 1674 1462 909
f 2022 1674 909
f 2367 2022 909
f 2466 1007 910
f 2304 911 980
f 980 911 2307
f 1949 911 1578
f 911 2413 1584
f 1949 2413 911
f 914 1909 1044
f 1044 2395 914
f 1723 1656 915
f 1656 2337 915
f 1983 1723 915
f 1806 1774 915
f 1983 915 1774
f 915 2337 1806
f 1175 2303 917
f 1052 1561 919
f 2458 1052 919
f 1561 1812 919
f 1812 1972 919
f 2458 919 1972
f 1079 955 920
f 1617 1079 920
f 920 1093 1617
f 1209 1459 924
f 1459 2458 924
f 1631 924 2458
f 1226 927 961
f 1546 961 927
f 1226 2030 927
f 1546 927 2414
f 2030 1862 927
f 1862 2414 927
f 928 1448 1068
f 1398 1146 928
f 1652 1448 928
f 934 1288 1536
f 1807 934 1536
f 2343 934 1807
f 1111 939 1304
f 1605 1304 939
f 939 1610 1605
f 1677 1376 940
f 940 1879 1677
f 947 2489 1606
f 1079 2327 955
f 955 2327 2028
f 2028 2443 955
f 1051 1579 956
f 1426 958 1248
f 958 2477 1248
f 1376 1677 960
f 1977 1376 960
f 969 961 1557
f 961 969 2079
f 2079 1226 961
f 1546 1557 961
f 962 2271 1584
f 966 1736 1042
f 2277 967 1409
f 1277 969 2457
f 969 1557 2457
f 1327 971 1764
f 1692 971 1640
f 1640 971 2082
f 971 1692 1764
f 2386 1039 975
f 1341 1010 976
f 1010 1522 976
f 976 2034 1341
f 976 1522 1399
f 978 1216 1568
f 1531 1448 979
f 1652 979 1448
f 1586 1531 979
f 2231 2304 980
f 1853 981 1598
f 1853 2488 981
f 1059 1029 986
f 1076 986 1029
f 1821 1912 986
f 1125 993 1083
f 2177 1215 997
f 1001 2221 1029
f 1005 2315 2449
f 1006 1034 1488
f 2176 1359 1006
f 1488 2176 1006
f 1511 1047 1009
f 1047 2182 1009
f 1511 1009 1225
f 2182 1719 1009
f 1522 1010 1110
f 1110 1010 2066
f 1341 2024 1010
f 1010 2024 2066
f 2119 1015 2405
f 1057 1076 1029
f 2221 1057 1029
f 1031 2399 2401
f 1916 2096 1037
f 2326 1916 1037
f 2374 2447 1039
f 1692 1043 1764
f 1692 2208 1043
f 1770 1764 1043
f 2087 1043 2208
f 1772 2395 1044
f 1407 1046 1367
f 1578 1367 1046
f 1949 1578 1046
f 1705 2182 1047
f 1048 1336 1873
f 1958 1336 1048
f 1648 1048 1873
f 1579 1051 1610
f 1610 1051 1842
f 1052 2355 1561
f 1052 1755 2355
f 1755 1052 2458
f 1068 1435 1060
f 1192 1565 1060
f 1637 1062 1543
f 1062 2348 1543
f 1657 2348 1062
f 2399 2260 1063
f 2399 1063 2401
f 1064 2076 1160
f 1491 1567 1064
f 1064 2328 1491
f 1567 2076 1064
f 1694 1065 2124
f 2324 1065 1694
f 2124 1065 2324
f 1713 1265 1066
f 1265 1921 1066
f 1525 1713 1066
f 1066 2043 1525
f 1921 1796 1066
f 1066 1796 2043
f 1265 1646 1067
f 1067 1748 1304
f 1646 1748 1067
f 1448 1435 1068
f 1314 1069 1281
f 2241 1281 1069
f 1356 1069 1314
f 1070 1657 1109
f 1070 1347 1657
f 1073 1471 2018
f 2260 1471 1073
f 1648 1873 1073
f 1648 1073 2018
f 1073 1873 2260
f 1074 1089 1278
f 1074 2169 1089
f 1081 1809 1075
f 1501 1075 1241
f 1591 1241 1075
f 1075 1809 1591
f 1749 1137 1077
f 1352 1077 1630
f 1749 1077 1352
f 1077 1815 1630
f 2433 1815 1077
f 2265 1928 1078
f 2268 2265 1078
f 1617 1093 1079
f 1093 2165 1079
f 1079 2165 1983
f 1983 2327 1079
f 2213 1780 1080
f 1780 2403 1080
f 2222 2213 1080
f 1892 1809 1081
f 2262 1892 1081
f 1088 1631 2417
f 1194 1914 1092
f 2284 1194 1092
f 1914 2433 1092
f 1092 2393 2284
f 1291 1879 1105
f 1793 1105 2310
f 1105 2268 2310
f 2066 2226 1110
f 1111 1304 2370
f 1869 1219 1113
f 1247 1869 1113
f 1716 1259 1115
f 1767 1115 1259
f 1621 1716 1115
f 1767 2376 1115
f 1683 2257 1118
f 2379 1858 1118
f 1118 2257 2379
f 1553 1122 1282
f 1123 1165 1821
f 2397 1165 1123
f 1548 1559 1123
f 1559 2397 1123
f 1127 1190 1152
f 1152 1757 1127
f 1127 1939 1190
f 1739 1137 1756
f 1756 1137 1749
f 1140 1139 1586
f 1140 1997 1139
f 1531 1139 1435
f 1139 1531 1586
f 1599 1217 1140
f 1647 1140 1217
f 1599 1140 1586
f 1647 1997 1140
f 2180 1142 1229
f 1920 1879 1142
f 1920 1142 2180
f 1533 1438 1143
f 1143 1452 1523
f 1523 1717 1143
f 1668 1533 1143
f 1717 1668 1143
f 1144 1888 2091
f 2091 2212 1144
f 1144 2212 2390
f 1278 1146 1398
f 2016 1153 1561
f 1153 2215 1561
f 1521 1156 2086
f 1521 2349 1156
f 1603 2086 1156
f 1599 1586 1158
f 2246 2023 1159
f 2023 2285 1159
f 2479 1159 2499
f 2076 2180 1160
f 1821 1165 2143
f 1169 1262 1188
f 1262 1169 2034
f 1731 1904 1169
f 1169 2009 1731
f 1169 1904 2034
f 1172 1269 1937
f 2130 1172 1937
f 1174 1277 2500
f 2500 2483 1174
f 2478 1180 1380
f 1758 1699 1180
f 1758 1180 2182
f 2182 1180 1805
f 1180 2478 1805
f 1382 2269 1183
f 2436 1382 1183
f 2436 1183 1403
f 1433 1188 1212
f 1639 1212 1188
f 2463 1188 1262
f 1639 1188 2463
f 1212 1813 1190
f 1939 1832 1190
f 1568 1193 1373
f 1193 1988 1373
f 2024 1988 1193
f 2066 2024 1193
f 1194 1597 1384
f 1384 1914 1194
f 2284 1597 1194
f 1456 1201 2364
f 1201 1598 2364
f 1219 1450 1203
f 1205 1426 2101
f 1209 2141 1459
f 1409 1210 1406
f 1210 1767 1406
f 1409 2140 1210
f 1210 2140 1767
f 1212 1639 1600
f 1600 1813 1212
f 2476 2062 1215
f 1215 2177 2460
f 1216 1400 2420
f 2420 1568 1216
f 1583 1217 1942
f 1599 1942 1217
f 1603 1219 1381
f 2158 1381 1219
f 1219 1603 1450
f 2158 1219 1869
f 1797 2467 1221
f 2033 1221 2448
f 1221 2467 2448
f 1953 1650 1228
f 1230 1796 1921
f 2349 1796 1230
f 2042 1230 1921
f 2042 2318 1230
f 1232 1792 1263
f 1943 1232 1263
f 1232 1266 1792
f 1943 1266 1232
f 1866 2358 1233
f 1992 2061 1233
f 2358 1992 1233
f 1418 1259 1236
f 1530 1236 1259
f 1466 1418 1236
f 2004 1466 1236
f 2106 1240 1680
f 1311 1300 1241
f 2143 1311 1241
f 1591 2297 1241
f 2297 2143 1241
f 1356 1314 1243
f 1356 1243 2175
f 1247 2377 1869
f 2478 1548 1249
f 1805 2478 1249
f 1252 1543 1250
f 1675 1250 1543
f 1585 2014 1250
f 1637 1543 1252
f 1256 1562 2050
f 1256 2346 1562
f 1256 2050 2464
f 1256 2298 2346
f 1256 2464 2298
f 1651 2017 1257
f 1259 1716 1530
f 1784 1262 2034
f 1784 2463 1262
f 1479 1263 1792
f 1479 1993 1263
f 1263 1810 1943
f 1993 1810 1263
f 1594 2425 1264
f 2425 1825 1264
f 1825 2497 1264
f 2440 1264 2497
f 1713 1646 1265
f 1265 1779 1921
f 1988 1731 1266
f 1731 2009 1266
f 1943 1776 1266
f 1776 1988 1266
f 2320 1267 1859
f 1640 2082 1268
f 1640 1268 2208
f 1268 1834 1674
f 2022 1268 1674
f 1834 1268 2082
f 1268 2022 2208
f 1944 1937 1269
f 2160 2400 1272
f 1766 1827 1275
f 1275 1827 1948
f 1979 1275 1948
f 1665 1281 1940
f 2322 1553 1282
f 1282 1861 2322
f 1288 2125 1536
f 1291 1677 1879
f 2380 1315 1292
f 1292 1627 2359
f 1292 1828 2421
f 1292 2359 2380
f 1523 1452 1293
f 1293 2231 1523
f 1293 2304 2231
f 2135 1978 1297
f 1978 2194 1297
f 1297 2117 2040
f 2117 1297 2291
f 2194 2291 1297
f 2346 2298 1299
f 2298 2372 1299
f 2340 2312 1299
f 1299 2312 2346
f 1299 2372 2340
f 1777 1302 1535
f 1569 1302 1777
f 1302 1569 2358
f 1302 2358 1866
f 1304 1748 2370
f 1393 1825 1306
f 1393 1306 2380
f 1594 2380 1306
f 1306 2425 1594
f 1825 2425 1306
f 1419 1318 2465
f 2016 2153 1318
f 2153 2332 1318
f 1320 2207 2398
f 1795 1933 1321
f 1933 2202 1321
f 1326 1699 1758
f 1699 1326 2460
f 1758 1705 1326
f 1614 1327 1507
f 1327 1643 1507
f 1643 1327 1764
f 1379 1331 2171
f 1480 1331 1385
f 2260 1332 1471
f 1820 1336 1860
f 2451 1860 1336
f 1958 2451 1336
f 1345 2420 1849
f 1781 1347 1447
f 1657 1347 1781
f 1352 1630 1800
f 1352 2259 1749
f 1352 1800 2259
f 1354 2198 1760
f 1996 2198 1354
f 2175 2367 1356
f 1466 2004 1357
f 2052 2043 1362
f 2043 2252 1362
f 2206 2052 1362
f 1362 2403 2128
f 1376 1363 1843
f 1376 1977 1363
f 1843 1363 1615
f 1363 2258 1615
f 1977 2258 1363
f 1364 2289 1766
f 1993 1364 1810
f 1993 2289 1364
f 1407 1367 1507
f 1373 1988 1776
f 2171 2261 1379
f 2086 1603 1381
f 2472 2086 1381
f 2472 1381 2158
f 2046 1384 1597
f 1385 2097 1480
f 1387 2287 1434
f 2277 2287 1387
f 1387 2485 2353
f 1389 1957 1710
f 2157 1389 1710
f 2159 1760 1389
f 1760 2198 1389
f 1389 2198 1957
f 2159 1389 2157
f 1391 2028 2388
f 2443 2028 1391
f 1391 2037 2443
f 2454 2037 1391
f 1391 2388 2189
f 1467 1393 2380
f 1642 1394 1529
f 1642 2333 1394
f 1729 1920 1394
f 2333 1729 1394
f 2007 1397 1682
f 2007 2421 1397
f 1398 1565 2481
f 2420 1400 1849
f 1409 1406 1711
f 1425 1711 1406
f 1507 1643 1407
f 1743 1408 1443
f 2328 1443 1408
f 2471 1408 1743
f 2019 1409 1711
f 2287 1409 2019
f 2287 2277 1409
f 1999 2192 1416
f 1417 1830 1423
f 1417 1423 2289
f 1539 1460 1417
f 1460 1830 1417
f 1466 1486 1418
f 2465 2253 1419
f 2040 1885 1421
f 2289 1423 1613
f 1431 2039 1424
f 1424 2257 1431
f 2039 2130 1424
f 1486 2410 1425
f 1711 1425 2410
f 1785 2262 1430
f 1577 1431 2257
f 1431 2474 2039
f 1434 2287 1535
f 1531 1435 1448
f 2476 1458 2062
f 1498 2077 1459
f 2141 1498 1459
f 2077 2458 1459
f 1539 2376 1460
f 1888 1830 1460
f 2376 2140 1460
f 1674 1834 1462
f 2241 1462 1982
f 1467 2380 2271
f 1472 1779 1842
f 1779 1472 2042
f 2318 2042 1472
f 1937 2239 1474
f 1474 2239 2379
f 2379 2257 1474
f 1716 1621 1479
f 1993 1479 1621
f 1792 1716 1479
f 2097 1971 1480
f 1919 1484 1868
f 1484 2073 1868
f 1919 2446 1484
f 2073 1484 2223
f 1484 2446 2223
f 1720 2410 1486
f 1912 1547 1489
f 1547 2057 1489
f 2057 2253 1489
f 2253 2465 1489
f 2328 2406 1491
f 1492 2079 1695
f 1755 2077 1498
f 1498 2444 1755
f 1500 2150 1616
f 1502 2259 1800
f 1506 1813 1600
f 1516 1713 1525
f 1525 2258 1516
f 1527 1516 1526
f 1526 1516 2258
f 1527 1646 1516
f 1713 1516 1646
f 1521 2252 1796
f 1796 2349 1521
f 2222 2084 1521
f 2084 2252 1521
f 2086 2222 1521
f 1897 1717 1523
f 2043 2052 1525
f 2258 1525 2052
f 2258 1977 1526
f 1646 1527 1748
f 1527 1793 1748
f 1716 1792 1530
f 1981 1865 1532
f 1668 1751 1533
f 2287 1777 1535
f 1542 2243 1585
f 2288 2243 1542
f 2245 2288 1542
f 2348 1675 1543
f 2414 1557 1546
f 1547 1591 2057
f 2297 1591 1547
f 1912 2297 1547
f 1548 2344 1559
f 2478 2344 1548
f 2246 1552 1622
f 1557 2414 1861
f 1936 1559 1872
f 1559 1936 2397
f 1581 1812 1561
f 1880 1581 1561
f 1561 2215 1880
f 1561 2355 2016
f 1562 2437 2050
f 1565 1676 2481
f 2076 1567 2180
f 2410 1720 1569
f 1569 1777 2410
f 2474 1812 1581
f 2039 1581 1880
f 2039 2474 1581
f 2243 2014 1585
f 1809 2057 1591
f 1882 2150 1593
f 2342 1882 1593
f 1597 2314 2046
f 2284 2314 1597
f 1639 2463 1600
f 1838 1600 2463
f 1610 1842 1605
f 1613 1827 1766
f 1766 2289 1613
f 1702 2078 1615
f 1702 1615 2300
f 2078 1843 1615
f 1615 2258 2206
f 1616 1882 1838
f 2150 1882 1616
f 2091 1888 1623
f 1812 1631 1972
f 2417 1631 1812
f 2458 1972 1631
f 1640 2208 1692
f 1742 2265 1642
f 2333 1642 2265
f 2244 1997 1647
f 1656 1694 2337
f 2348 1657 1781
f 1751 1668 2431
f 2348 2025 1675
f 1740 1820 1676
f 1676 2245 1740
f 2288 2245 1676
f 2381 2106 1680
f 1950 1909 1691
f 2102 2175 1693
f 2181 2102 1693
f 2124 2337 1694
f 1697 1868 2073
f 2264 1868 1697
f 2073 2324 1697
f 2195 2244 1698
f 2243 2288 1698
f 2178 2422 1699
f 2178 1699 2460
f 1702 2464 2078
f 1702 2300 2298
f 2464 1702 2298
f 1758 2182 1705
f 1957 1900 1710
f 2019 1711 1777
f 1777 1711 2410
f 1717 1897 2037
f 2165 1723 1983
f 1726 1735 1809
f 1892 1726 1809
f 1892 2404 1726
f 2404 1944 1726
f 1879 1920 1729
f 1988 1904 1731
f 1809 1735 2057
f 1735 2149 2057
f 2236 2149 1735
f 1756 1877 1739
f 1877 2299 1739
f 1742 1928 2265
f 2208 2022 1744
f 2273 1744 2022
f 2271 2380 1745
f 1793 2370 1748
f 1752 2023 2246
f 2458 2077 1755
f 2444 2355 1755
f 2140 2376 1767
f 1768 2053 2423
f 1768 2454 2053
f 2317 1768 2423
f 2429 1768 2317
f 1768 2429 2454
f 1976 1867 1773
f 1867 2383 1773
f 2054 1976 1773
f 1773 2383 2054
f 1806 2187 1774
f 1774 2327 1983
f 2187 2068 1774
f 2068 2327 1774
f 1943 2164 1776
f 2164 2350 1776
f 2019 1777 2287
f 1779 2042 1921
f 2403 1780 2128
f 1780 2213 2372
f 2372 2300 1780
f 2348 1781 2025
f 1795 1786 1785
f 1867 1785 1786
f 1786 2383 1867
f 2370 1793 2310
f 2329 1933 1795
f 2252 2043 1796
f 1797 2049 2448
f 2448 2467 1797
f 2124 2107 1806
f 2107 2187 1806
f 1806 2337 2124
f 2480 2343 1807
f 2164 1943 1810
f 2164 1810 2088
f 2474 2417 1812
f 1979 1814 2445
f 2143 1912 1821
f 1824 2124 2073
f 1824 2073 2223
f 1824 2107 2124
f 2223 2107 1824
f 1825 2167 2497
f 1981 1832 1939
f 2431 1834 2082
f 1841 2448 2049
f 1859 1845 2320
f 1845 1911 2320
f 1853 2479 2499
f 2488 1853 2499
f 2102 2301 1856
f 2367 2102 1856
f 2126 2273 1856
f 2301 2126 1856
f 2273 2367 1856
f 1858 2054 2248
f 2379 2054 1858
f 1860 2451 2375
f 2322 1861 2030
f 2030 1861 2414
f 2414 1862 2030
f 1940 1868 2264
f 1869 2377 2158
f 2130 2039 1880
f 1883 1894 2357
f 1884 2332 2444
f 2040 1958 1885
f 2037 1897 2443
f 1900 1957 2092
f 2143 2297 1912
f 2035 2214 1918
f 2341 2035 1918
f 1918 2046 2341
f 1918 2214 2336
f 2202 1933 2335
f 1933 2329 2335
f 1944 2404 1937
f 1937 2404 2239
f 2247 1940 2264
f 1957 1996 2092
f 2198 1996 1957
f 2040 2451 1958
f 1996 1961 2092
f 2239 1976 2054
f 2404 1976 2239
f 1982 2317 2423
f 2003 1992 2151
f 2151 1992 2358
f 1997 2244 2195
f 1999 2106 2192
f 2000 2488 2302
f 2488 2000 2373
f 2214 2002 2336
f 2153 2016 2355
f 2367 2273 2022
f 2028 2327 2388
f 2085 2035 2341
f 2207 2312 2036
f 2207 2036 2398
f 2312 2340 2036
f 2340 2377 2036
f 2377 2398 2036
f 2429 2037 2454
f 2117 2451 2040
f 2046 2314 2341
f 2206 2258 2052
f 2189 2053 2454
f 2054 2379 2239
f 2057 2149 2253
f 2388 2068 2187
f 2327 2068 2388
f 2070 2344 2478
f 2159 2157 2071
f 2124 2324 2073
f 2472 2222 2086
f 2094 2497 2087
f 2350 2164 2088
f 2445 2350 2088
f 2440 2497 2094
f 2367 2175 2102
f 2301 2102 2181
f 2106 2381 2192
f 2107 2223 2187
f 2291 2224 2117
f 2224 2375 2117
f 2375 2451 2117
f 2405 2489 2119
f 2126 2301 2144
f 2372 2158 2129
f 2377 2129 2158
f 2372 2129 2340
f 2340 2129 2377
f 2301 2181 2144
f 2149 2236 2215
f 2444 2332 2153
f 2153 2355 2444
f 2213 2158 2372
f 2213 2472 2158
f 2223 2189 2187
f 2189 2388 2187
f 2222 2472 2213
f 2224 2217 2375
f 2329 2261 2335
f 2268 2333 2265
f 2372 2298 2300
