# sdm_hand_5000.obj  (5000 v, 5424 f)  units: metres
v -0.131037846 -0.029360797 0.084297284
v -0.124207243 -0.032700326 0.087824374
v -0.140955403 -0.019426635 0.076619104
v -0.110148340 -0.027782766 0.076027557
v -0.113279238 -0.023149140 0.069396041
v -0.108970232 -0.021966197 0.065360807
v -0.123196796 -0.013214978 0.061717860
v -0.118887790 -0.012032035 0.057682626
v -0.135990813 -0.005367735 0.088396206
v -0.105967626 -0.015943691 0.085945114
v -0.108314641 -0.009090240 0.081173144
v -0.103744335 -0.007167355 0.077757753
v -0.063616410 -0.007399301 0.025626233
v -0.059176758 -0.005846387 0.021900922
v -0.082854904 -0.014128596 0.041769248
v -0.086771965 -0.014201626 0.046734251
v -0.120026529 -0.020861253 0.097741932
v -0.126073241 -0.015301897 0.096074387
v -0.118232198 0.000843922 0.073494963
v -0.096689522 -0.004267463 0.039056070
v -0.113661893 0.002766807 0.070079572
v -0.073533967 0.002534862 0.017948052
v -0.069094315 0.004087776 0.014222741
v -0.092772461 -0.004194433 0.034091067
v -0.092161340 -0.001201191 0.037174414
v -0.081546076 0.000597216 0.059131201
v -0.076583833 0.003630015 0.056645583
v -0.062453272 0.021975796 0.028788635
v -0.091463633 0.010531379 0.051453020
v -0.086501390 0.013564177 0.048967402
v -0.057345338 0.010359310 0.040502571
v -0.067262895 0.020293472 0.032824390
v -0.039999999 -0.005500000 0.180999994
v -0.039999999 -0.005500000 0.195999995
v -0.024000000 -0.005500000 0.180999994
v -0.018999999 -0.005500000 0.188999996
v -0.024000000 -0.005500000 0.195999995
v -0.018999999 -0.005500000 0.206000000
v -0.002000000 -0.005500000 0.188999996
v -0.002000000 -0.005500000 0.206000000
v 0.003000000 -0.005500000 0.184000000
v 0.003000000 -0.005500000 0.200000003
v 0.018999999 -0.005500000 0.184000000
v 0.018999999 -0.005500000 0.200000003
v 0.024499999 -0.005500000 0.167999998
v 0.037500001 -0.005500000 0.167999998
v 0.024499999 -0.005500000 0.180999994
v 0.037500001 -0.005500000 0.180999994
v -0.025000000 0.002000000 -0.029999999
v -0.037999999 -0.003000000 0.085000001
v -0.025000000 0.020000000 -0.029999999
v 0.037999999 -0.003000000 0.020000000
v 0.045000002 0.000000000 0.000000000
v 0.025000000 0.002000000 -0.029999999
v 0.037999999 -0.003000000 0.085000001
v 0.025000000 0.020000000 -0.029999999
v 0.045000002 0.022000000 0.000000000
v -0.045000002 0.000000000 0.094999999
v -0.041499998 0.002500000 0.101000004
v -0.041499998 0.002500000 0.141000003
v -0.041499998 0.002500000 0.147000000
v -0.022500001 0.002500000 0.101000004
v -0.020500001 0.002500000 0.101000004
v -0.022500001 0.002500000 0.141000003
v -0.022500001 0.002500000 0.147000000
v -0.020500001 0.002500000 0.145999998
v -0.041499998 0.002500000 0.172000006
v -0.041499998 0.002500000 0.178000003
v -0.041499998 0.002500000 0.197999999
v -0.020500001 0.002500000 0.151999995
v -0.022500001 0.002500000 0.172000006
v -0.022500001 0.002500000 0.178000003
v -0.020500001 0.002500000 0.180000007
v -0.020500001 0.002500000 0.186000004
v -0.022500001 0.002500000 0.197999999
v -0.020500001 0.002500000 0.208000004
v -0.045000002 0.022000000 0.094999999
v -0.041499998 0.019500000 0.101000004
v -0.039500002 0.021000000 0.101499997
v -0.041499998 0.019500000 0.141000003
v -0.041499998 0.019500000 0.147000000
v -0.039500002 0.019500000 0.147000000
v -0.039500002 0.021000000 0.140499994
v -0.039500002 0.021000000 0.147499993
v -0.025203124 0.019500000 0.101250000
v -0.022500001 0.019500000 0.101000004
v -0.020500001 0.019500000 0.101000004
v -0.024499999 0.021000000 0.101499997
v -0.015394997 0.019500000 0.102086670
v -0.018500000 0.021000000 0.101499997
v -0.002500000 0.019500000 0.101000004
v -0.002500000 0.021000000 0.101499997
v -0.028990525 0.019500000 0.136989153
v -0.022500001 0.019500000 0.141000003
v -0.024499999 0.019500000 0.147249996
v -0.022500001 0.019500000 0.147000000
v -0.020500001 0.019500000 0.145999998
v -0.024499999 0.021000000 0.140499994
v -0.024499999 0.021000000 0.147499993
v -0.018500000 0.021000000 0.145500004
v -0.041499998 0.019500000 0.172000006
v -0.041499998 0.019500000 0.178000003
v -0.039500002 0.019500000 0.178000003
v -0.039500002 0.021000000 0.171499997
v -0.039500002 0.021000000 0.178499997
v -0.041499998 0.019500000 0.197999999
v -0.020500001 0.019500000 0.151999995
v -0.018500000 0.019500000 0.152250000
v -0.018500000 0.021000000 0.152500004
v -0.022500001 0.019500000 0.172000006
v -0.022500001 0.019500000 0.178000003
v -0.024499999 0.021000000 0.171499997
v -0.002500000 0.021000000 0.152500004
v -0.018500000 0.016875001 0.186000004
v -0.020500001 0.019500000 0.180000007
v -0.020500001 0.019500000 0.186000004
v -0.024499999 0.021000000 0.178499997
v -0.018500000 0.019500000 0.186000004
v -0.018500000 0.021000000 0.179499999
v -0.018500000 0.021000000 0.186499998
v -0.022500001 0.019500000 0.197999999
v -0.020500001 0.019500000 0.208000004
v -0.003000000 0.019500000 0.186250001
v -0.002500000 0.021000000 0.179499999
v -0.002500000 0.021000000 0.186499998
v -0.000500000 0.002500000 0.101000004
v 0.001500000 0.002500000 0.101000004
v 0.020500001 0.002500000 0.101000004
v -0.000500000 0.002500000 0.145999998
v 0.001500000 0.002500000 0.143000007
v 0.020500001 0.002500000 0.143000007
v 0.045000002 0.000000000 0.094999999
v 0.023000000 0.002500000 0.101000004
v 0.039000001 0.002500000 0.101000004
v 0.023000000 0.002500000 0.133000001
v 0.023000000 0.002500000 0.138999999
v 0.039000001 0.002500000 0.133000001
v 0.039000001 0.002500000 0.138999999
v -0.000500000 0.002500000 0.151999995
v 0.001500000 0.002500000 0.149000004
v 0.001500000 0.002500000 0.174999997
v 0.020500001 0.002500000 0.149000004
v 0.020500001 0.002500000 0.174999997
v -0.000500000 0.002500000 0.180000007
v 0.001500000 0.002500000 0.180999994
v -0.000500000 0.002500000 0.186000004
v -0.000500000 0.002500000 0.208000004
v 0.001500000 0.002500000 0.202000007
v 0.020500001 0.002500000 0.180999994
v 0.020500001 0.002500000 0.202000007
v 0.023000000 0.002500000 0.158999994
v 0.023000000 0.002500000 0.165000007
v 0.024499999 0.002500000 0.168812498
v 0.039000001 0.002500000 0.158999994
v 0.039000001 0.002500000 0.165000007
v 0.023000000 0.002500000 0.182999998
v 0.037500001 0.002500000 0.180999994
v 0.039000001 0.002500000 0.182999998
v -0.000500000 0.019500000 0.101000004
v 0.001500000 0.019500000 0.101000004
v 0.003968750 0.019500000 0.101250000
v 0.003500000 0.021000000 0.101499997
v 0.018500000 0.019500000 0.101000004
v 0.016964266 0.019500000 0.104378216
v 0.020500001 0.019500000 0.101000004
v 0.018500000 0.021000000 0.101499997
v -0.000500000 0.019500000 0.145999998
v 0.001500000 0.019500000 0.143000007
v 0.003500000 0.019500000 0.142750003
v 0.003500000 0.021000000 0.142499998
v 0.020500001 0.019500000 0.143000007
v 0.017562500 0.021000000 0.142499998
v 0.023000000 0.019500000 0.101000004
v 0.025000000 0.021000000 0.101499997
v 0.039000001 0.019500000 0.101000004
v 0.037000000 0.021000000 0.101499997
v 0.045000002 0.022000000 0.094999999
v 0.023000000 0.019500000 0.133000001
v 0.025000000 0.021000000 0.132499993
v 0.023000000 0.019500000 0.138999999
v 0.025000000 0.021000000 0.139500007
v 0.039000001 0.019500000 0.133000001
v 0.037000000 0.021000000 0.132499993
v 0.039000001 0.019500000 0.138999999
v 0.037000000 0.021000000 0.139500007
v -0.000500000 0.019500000 0.151999995
v 0.001500000 0.019500000 0.149000004
v 0.003500000 0.019500000 0.149000004
v 0.003500000 0.021000000 0.149499997
v 0.001500000 0.019500000 0.174999997
v 0.003500000 0.021000000 0.174500003
v 0.019500000 0.019500000 0.149000004
v 0.018500000 0.021000000 0.149499997
v 0.018500000 0.019500000 0.174999997
v 0.020500001 0.019500000 0.174999997
v 0.018500000 0.021000000 0.174500003
v -0.000500000 0.019500000 0.180000007
v 0.001500000 0.019500000 0.180999994
v -0.000500000 0.019500000 0.186000004
v 0.003500000 0.021000000 0.181500003
v -0.000500000 0.019500000 0.208000004
v 0.001500000 0.019500000 0.202000007
v 0.018500000 0.019500000 0.181249999
v 0.020500001 0.019500000 0.180999994
v 0.018500000 0.021000000 0.181500003
v 0.020500001 0.019500000 0.202000007
v 0.023000000 0.019500000 0.158999994
v 0.025000000 0.019500000 0.158999994
v 0.025000000 0.021000000 0.158500001
v 0.023000000 0.019500000 0.165000007
v 0.027531250 0.019500000 0.165250004
v 0.025000000 0.021000000 0.165500000
v 0.036437500 0.019500000 0.158749998
v 0.039000001 0.019500000 0.158999994
v 0.037000000 0.021000000 0.158500001
v 0.033789975 0.019500000 0.168497317
v 0.039000001 0.019500000 0.165000007
v 0.037000000 0.021000000 0.165500000
v 0.023000000 0.019500000 0.182999998
v 0.039000001 0.019500000 0.182999998
v -0.031263202 0.002500000 0.154309215
v -0.010500000 0.002500000 0.176000000
v -0.045000002 0.012750001 0.094999999
v 0.045000002 0.022000000 0.017812500
v 0.045000002 0.000000000 0.047500000
v -0.110534462 -0.009866696 0.083035796
v -0.119760614 -0.013093847 0.090777461
v -0.108057983 -0.021863228 0.080986336
v -0.112348376 -0.020513096 0.071604248
v -0.122281383 -0.026297936 0.076949739
v -0.129641551 -0.025406731 0.087609594
v -0.122116886 -0.026780789 0.092783153
v -0.109322961 -0.001579389 0.073438776
v -0.104643850 0.005921164 0.062512535
v -0.096483707 -0.017598626 0.054883369
v -0.089053377 -0.007919744 0.036970385
v 0.039000001 0.019500000 0.171750004
v 0.039000001 0.002500000 0.180187494
v 0.023000000 0.019500000 0.172875003
v 0.035000001 0.002500000 0.182999998
v 0.029250000 0.002500000 0.165000007
v 0.037000000 0.021000000 0.162000001
v 0.039000001 0.019500000 0.147749997
v 0.023000000 0.019500000 0.147124997
v 0.031000000 0.002500000 0.138999999
v 0.037000000 0.021000000 0.136000000
v 0.039000001 0.019500000 0.119500002
v 0.023000000 0.019500000 0.114500003
v 0.031000000 0.002500000 0.131000000
v 0.031000000 0.002500000 0.101000004
v 0.037000000 0.021000000 0.098249998
v 0.020500001 0.019500000 0.188874999
v 0.020500001 0.002500000 0.200000003
v 0.001500000 0.019500000 0.191500000
v 0.001500000 0.002500000 0.185000000
v 0.010851563 0.002500000 0.202000007
v 0.018500000 0.021000000 0.178000003
v 0.003500000 0.021000000 0.178000003
v 0.011000000 0.002500000 0.149000004
v 0.003500000 0.021000000 0.145999997
v 0.020500001 0.019500000 0.131187506
v 0.020500001 0.019500000 0.108875005
v 0.001500000 0.019500000 0.108875005
v 0.001500000 0.019500000 0.127250006
v 0.001500000 0.019500000 0.137750007
v 0.001500000 0.002500000 0.127250006
v 0.011000000 0.002500000 0.143000007
v 0.011000000 0.002500000 0.101000004
v 0.018500000 0.021000000 0.098249998
v 0.003500000 0.021000000 0.098249998
v -0.000500000 0.019500000 0.194250004
v -0.010500000 0.002500000 0.188999996
v -0.010500000 -0.005500000 0.188999996
v -0.020500001 0.019500000 0.197000004
v -0.020500001 0.002500000 0.190859371
v -0.015500000 0.002500000 0.186000004
v -0.009093750 0.002500000 0.208000004
v -0.005500000 0.002500000 0.206000000
v -0.010500001 -0.005500000 0.206000000
v -0.018500000 0.021000000 0.182999998
v -0.010500000 0.002500000 0.151999995
v -0.000500000 0.019500000 0.137562499
v -0.000500000 0.019500000 0.117875002
v -0.020500001 0.019500000 0.135453124
v -0.010500000 0.002500000 0.145999998
v -0.010500000 0.002500000 0.101000004
v -0.002500000 0.021000000 0.098249998
v -0.018500000 0.021000000 0.098249998
v -0.041499998 0.019500000 0.185500002
v -0.041499998 0.002500000 0.184749994
v -0.031109375 0.002500000 0.197999999
v -0.024499999 0.021000000 0.175874997
v -0.039500002 0.021000000 0.174999997
v -0.023500000 0.019500000 0.166796878
v -0.041499998 0.019500000 0.155593752
v -0.041499998 0.013468751 0.172000006
v -0.032000000 0.002500000 0.147000000
v -0.024499999 0.021000000 0.143999993
v -0.022500001 0.019500000 0.127250003
v -0.022500001 0.019500000 0.108500004
v -0.022500001 0.016000001 0.101000004
v -0.041499998 0.019500000 0.117250004
v -0.040500000 0.019500000 0.138249999
v -0.032000000 0.002500000 0.141000003
v -0.032000000 0.002500000 0.101000004
v -0.024499999 0.021000000 0.098249998
v -0.039500002 0.021000000 0.098249998
v -0.041899145 -0.002171397 0.014374106
v 0.000000000 0.022000000 0.094999999
v -0.066495501 0.009769199 0.027366895
v -0.117177793 -0.030241546 0.081925967
v -0.112997078 -0.018402472 0.091843523
v -0.011375000 0.021000000 0.152500004
v -0.011375000 0.021000000 0.179499999
v -0.002000000 -0.005500000 0.197499998
v 0.018999999 -0.005500000 0.192000002
v 0.003000000 -0.005500000 0.192000002
v -0.020500001 0.002500000 0.201484374
v -0.018999999 -0.005500000 0.197499998
v 0.035000001 0.022000000 0.000000000
v -0.031414063 0.021000000 0.101499997
v -0.030710938 0.021000000 0.178499997
v -0.072778069 0.004905008 0.020038231
v -0.022500001 0.022000000 0.094999999
v 0.039000001 0.011000000 0.182999998
v 0.020500001 0.008343750 0.202000007
v -0.000500000 0.011000000 0.208000004
v 0.032500000 0.021000000 0.132499993
v -0.129482406 -0.011887029 0.093435012
v -0.114303871 0.000432311 0.067888371
v -0.092777686 0.007154556 0.048781331
v 0.000250000 -0.003000000 0.085000001
v -0.018562500 -0.003000000 0.085000001
v 0.023000000 0.013468751 0.133000001
v 0.023000000 0.011781251 0.158999994
v 0.039000001 0.011781251 0.138999999
v 0.020500001 0.011781251 0.149000004
v -0.000500000 0.013046876 0.186000004
v -0.020500001 0.011000000 0.208000004
v -0.062923964 0.015947277 0.036183594
v -0.087124702 0.006185183 0.054812224
v 0.011374999 -0.003000000 0.020000000
v -0.002000000 0.002500000 0.201749999
v 0.012212846 -0.003000000 0.052187500
v -0.013528993 0.019500000 0.186996755
v 0.003000000 0.002500000 0.188000001
v -0.030945313 0.021000000 0.140499994
v -0.022500001 0.002500000 0.182406244
v 0.015687500 0.019500000 0.101499997
v -0.128486131 -0.007526456 0.075909770
v 0.039000001 0.002500000 0.169650388
v 0.037500001 0.002500000 0.176937495
v -0.093297303 0.009241446 0.052152552
v -0.037999999 -0.003000000 0.045171602
v -0.022500001 0.008343750 0.197999999
v 0.001500000 0.008343750 0.202000007
v 0.030437500 0.021000000 0.139500007
v 0.030308690 0.019500000 0.153248699
v 0.029500000 0.019500000 0.158500001
v -0.084355620 -0.001250366 0.027028498
v -0.041499998 0.013468751 0.147000000
v 0.001500000 0.013468751 0.101000004
v 0.020500001 0.013468751 0.143000007
v 0.020500001 0.013046876 0.174999997
v -0.000500000 0.002500000 0.129125000
v -0.120454378 -0.010958637 0.061094901
v 0.039000001 0.002500000 0.148999997
v 0.023000000 0.002500000 0.148999997
v 0.009562500 -0.003000000 0.085000001
v -0.013187500 -0.003000000 0.074577616
v -0.020500001 0.011781251 0.101000004
v -0.019500000 0.013906251 0.151999995
v -0.013468750 0.002500000 0.188624997
v -0.014749999 -0.005500000 0.188999996
v -0.041499998 0.010937501 0.141000003
v -0.022500001 0.013046876 0.178000003
v 0.001500000 0.013468751 0.174999997
v 0.020500001 0.010937501 0.180999994
v 0.018500000 -0.003000000 0.075109690
v 0.025187500 -0.003000000 0.085000001
v 0.039000001 0.011781251 0.101000004
v 0.020500001 0.013468751 0.101000004
v 0.020500001 0.002500000 0.119375005
v -0.000500000 0.013906251 0.151999995
v -0.000500000 0.010937501 0.101000004
v -0.000500000 0.002500000 0.112250003
v -0.020500001 0.011781251 0.145999998
v -0.020500001 0.002500000 0.120687501
v -0.022500001 0.002500000 0.111000004
v 0.001500000 0.010937501 0.180999994
v 0.023000000 0.013046876 0.165000007
v -0.020500001 0.010937501 0.186000004
v -0.041499998 0.013468751 0.101000004
v -0.022500001 0.013468751 0.141000003
v -0.022500001 0.013468751 0.172000006
v 0.001500000 0.012000001 0.149000004
v -0.000500000 0.011781251 0.145999998
v -0.035250001 0.000000000 0.094999999
v -0.020500001 0.019500000 0.164906251
v -0.073876128 0.017980277 0.038373550
v 0.031000000 -0.005500000 0.167999998
v -0.000500000 0.019500000 0.163812500
v 0.037500001 -0.005500000 0.174499996
v 0.024499999 -0.005500000 0.174499996
v 0.037500001 -0.001500000 0.180999994
v 0.010999999 -0.005500000 0.184000000
v 0.014999999 -0.005500000 0.184000000
v 0.012187500 -0.001500000 0.184000000
v 0.007000000 -0.005500000 0.184000000
v 0.007437500 -0.001423828 0.184000000
v -0.032000000 -0.005500000 0.180999994
v -0.028000000 -0.005500000 0.180999994
v -0.032000000 -0.005500000 0.195999995
v -0.024000000 -0.005500000 0.188499994
v -0.030812500 -0.001500000 0.180999994
v -0.126686633 -0.030216786 0.085904829
v -0.120692518 -0.031470936 0.084875170
v -0.122293226 -0.028680048 0.082218324
v -0.113663066 -0.029012156 0.078976762
v -0.112627729 -0.025299225 0.074108012
v -0.118778500 -0.027450658 0.079269120
v -0.116511803 -0.019631863 0.094792728
v -0.122505918 -0.018377713 0.095822386
v -0.116355148 -0.016226280 0.090661279
v -0.109482352 -0.017173082 0.088894319
v -0.112840423 -0.014996889 0.087712075
v -0.108447015 -0.013460151 0.084025569
v -0.014250000 -0.001417969 0.188999996
v -0.116534956 0.000140495 0.070392613
v 0.037999999 -0.003000000 0.056577149
v -0.039999999 -0.005500000 0.188499994
v 0.001500000 0.019500000 0.159968751
v -0.074660064 0.002789518 0.019732059
v -0.060088932 0.002589917 0.033994173
v -0.095057026 -0.002399351 0.039364438
v -0.037999999 -0.003000000 0.072389690
v 0.025242187 -0.003000000 0.020000000
v 0.004718749 -0.003000000 0.020000000
v 0.004718749 -0.003000000 0.026942964
v 0.015812499 -0.003000000 0.020000000
v -0.125446635 -0.001679564 0.079548593
v -0.024468750 0.001250000 -0.007500000
v -0.007761719 -0.003000000 0.020000000
v 0.012999999 -0.005500000 0.190000000
v -0.031927210 -0.003000000 0.059534736
v 0.001500000 0.011413822 0.105856846
v -0.030000000 -0.005500000 0.186883327
v -0.040500000 0.019500000 0.169406251
v -0.022500001 0.019500000 0.150125001
v -0.138473108 -0.012397185 0.082507655
v -0.002000000 -0.005500000 0.201749999
v -0.002000000 -0.001500000 0.206000000
v -0.000500000 0.002500000 0.190062496
v -0.002000000 -0.001500000 0.188999996
v -0.002000000 -0.000628907 0.192187497
v -0.000500000 0.002500000 0.199226561
v -0.018999999 0.002500000 0.191124997
v -0.018999999 -0.005500000 0.193249997
v -0.018999999 -0.001500000 0.188999996
v -0.018999999 -0.000628907 0.192187497
v -0.018999999 -0.001500000 0.196437498
v -0.018999999 -0.001500000 0.206000000
v -0.018999999 -0.000628907 0.202812499
v -0.020500001 0.008171131 0.195352019
v -0.009250000 -0.001500000 0.188999996
v 0.001500000 0.012637634 0.168788645
v -0.035999999 -0.005500000 0.180999994
v -0.035562499 -0.001423828 0.180999994
v 0.031000000 -0.005500000 0.180999994
v -0.109103161 -0.024822997 0.078506946
v -0.029007357 0.005681553 0.178000003
v -0.113638318 -0.024580213 0.084678918
v -0.115629387 -0.025855043 0.076036858
v -0.120235486 -0.017089445 0.093327426
v -0.093575027 0.000655262 0.041402319
v -0.092660516 -0.008303215 0.042175330
v 0.022500001 0.022000000 0.094999999
v -0.003250000 0.019750000 0.094999999
v -0.031468356 0.021125000 0.097528343
v -0.003500000 0.021000000 0.145500004
v -0.018500000 0.016000001 0.183000006
v -0.031003907 0.021000000 0.171499997
v -0.001500000 0.019500000 0.144343751
v 0.025000000 0.016000001 0.162000001
v -0.118083055 -0.018337281 0.065676923
v 0.001500000 0.019500000 0.184937496
v -0.117095245 -0.023891341 0.090035347
v 0.010999999 -0.005500000 0.200000003
v -0.063086270 0.017106505 0.031641585
v -0.121071708 -0.023821021 0.095262543
v -0.040500000 0.016437501 0.141000003
v -0.022500001 0.014723131 0.157367692
v 0.011880620 0.002500000 0.183148328
v -0.039500002 0.016000001 0.175000005
v -0.113000331 -0.013802225 0.073624739
v -0.039500002 0.016000001 0.144000002
v -0.091257814 -0.002799784 0.067280317
v 0.003000000 -0.001500000 0.194000002
v 0.025000000 0.016875001 0.165000007
v -0.012890624 -0.005500000 0.195109371
v -0.033187500 0.002500000 0.172000006
v -0.080111310 -0.006359204 0.048277644
v 0.014499998 -0.005500000 0.195500001
v 0.001500000 0.011000000 0.120589172
v 0.003500000 0.016000001 0.098000002
v -0.015500000 0.002500000 0.180000007
v -0.012679503 0.006623991 0.186000004
v -0.017358259 0.016000001 0.148761157
v -0.034518538 -0.005500000 0.190669770
v 0.008539062 0.019500000 0.149499997
v 0.009007813 0.021000000 0.149499997
v -0.006483989 -0.000049575 0.200429931
v 0.024499999 -0.001500000 0.173687496
v -0.034573349 0.000432600 0.186561780
v -0.087287009 0.007344411 0.050270215
v 0.030493189 0.010739171 0.138999999
v -0.107012805 -0.018903460 0.083465725
v 0.023000000 0.011781251 0.101000004
v -0.111043856 -0.024204727 0.081813581
v -0.065565661 0.019590046 0.029722040
v 0.039000001 0.002500000 0.113000003
v 0.039000001 0.011781251 0.133000001
v 0.031000000 0.019500000 0.182999998
v 0.031000000 0.002500000 0.120333334
v -0.006250000 -0.005500000 0.206000000
v 0.001500000 0.002500000 0.111500005
v -0.134447006 -0.025945929 0.081657910
v -0.032000000 0.019500000 0.197999999
v -0.004356633 0.019500000 0.102696461
v 0.037000000 0.016875001 0.158999994
v 0.037000000 0.016000001 0.162000001
v 0.018999999 -0.005500000 0.188000001
v -0.072033251 -0.010343368 0.032688802
v 0.020500001 0.002500000 0.187250001
v 0.018999999 -0.001500000 0.184000000
v 0.018999999 -0.000500000 0.187000001
v -0.110797619 -0.020800212 0.085900346
v 0.015973995 0.019500000 0.173318813
v -0.041499998 0.002500000 0.157937503
v -0.008937500 0.002500000 0.186000004
v 0.003500000 0.016000001 0.146000006
v -0.130411230 -0.015738464 0.067771490
v -0.030172462 -0.000973806 0.185640374
v -0.039500002 0.019000001 0.142812501
v -0.106030665 -0.013641848 0.072334089
v -0.065367292 -0.000038370 0.037411468
v 0.018999999 -0.001500000 0.191000001
v -0.006020161 -0.001486391 0.206000000
v -0.018500000 0.016000001 0.098000002
v -0.114055567 -0.002343046 0.072312158
v 0.033000001 -0.001500000 0.180999994
v 0.023000000 0.002500000 0.115000003
v 0.039000001 0.013468751 0.158999994
v -0.032527344 0.021000000 0.147499993
v -0.034628917 0.019500000 0.151179181
v -0.097934033 -0.009080019 0.045325673
v -0.118073176 -0.025933820 0.077161069
v -0.038562502 0.016437501 0.178000003
v 0.039000001 0.002500000 0.125000002
v -0.039999999 -0.005500000 0.192249995
v -0.041499998 0.013931680 0.151219307
v 0.025000000 0.016000001 0.136000000
v 0.023000000 0.013468751 0.138999999
v 0.011916666 -0.005500000 0.193250000
v 0.039000001 0.013307839 0.127394231
v 0.024499999 -0.001500000 0.167999998
v -0.036326407 0.019500000 0.192597588
v -0.000500000 0.016517754 0.143060285
v -0.123684411 -0.019055398 0.087642108
v 0.001500000 0.013906251 0.143000007
v 0.029062497 0.021000000 0.135118301
v 0.001500000 0.004846863 0.185054346
v -0.110033019 -0.017505909 0.080448949
v 0.014515625 0.021000000 0.101499997
v 0.014281250 0.021000000 0.098521632
v 0.025000000 0.018867767 0.161697220
v -0.069504959 -0.001500892 0.021067313
v -0.068312161 0.002307662 0.019244637
v -0.070791550 0.004791203 0.017325092
v 0.003000000 -0.001500000 0.200000003
v 0.037500001 -0.005500000 0.177749995
v 0.001500000 0.002500000 0.160375001
v 0.034485219 0.014055127 0.101000004
v 0.018500000 0.016000001 0.177999996
v 0.037500001 -0.001500000 0.167999998
v -0.061807507 0.004964398 0.009788884
v 0.003500000 0.016000001 0.177999996
v 0.011000001 0.019500000 0.202000007
v 0.024499999 -0.001500000 0.180999994
v -0.025000000 0.020000000 -0.014999999
v -0.115432535 -0.017122285 0.083916323
v -0.110125202 -0.020367780 0.079146105
v 0.023000000 0.013821079 0.151278523
v -0.035054050 0.013599985 0.145582032
v 0.037000000 0.016000001 0.136000000
v -0.082782306 0.009838866 0.051846720
v -0.014218751 -0.005500000 0.201218750
v -0.022500001 0.002500000 0.162625004
v -0.073806444 -0.002601671 0.044995495
v 0.037500001 -0.001500000 0.176124995
v -0.004833334 -0.005500000 0.199624999
v -0.007159324 -0.005500000 0.194548336
v 0.030635417 0.016000001 0.135389974
v 0.003000000 -0.000500000 0.197000002
v 0.034250002 -0.005500000 0.176124995
v 0.012160853 -0.002184031 0.191537461
v 0.023000000 0.013988052 0.142487581
v 0.010226190 0.019500000 0.129716258
v -0.051235473 -0.004072759 0.032104320
v -0.108580572 -0.023343113 0.079746641
v -0.006604167 -0.005500000 0.197263887
v 0.033437500 -0.002179687 0.167999998
v -0.117125616 -0.024950059 0.075587265
v 0.003000000 -0.001750000 0.189500002
v -0.115835602 -0.006071684 0.070120431
v -0.027399642 0.015863376 0.097666632
v -0.000500000 0.019500000 0.105218753
v 0.007455285 -0.005500000 0.189227643
v -0.084485638 -0.007727132 0.052157917
v -0.004625000 -0.000265625 0.188999996
v -0.023000000 0.019500000 0.181250001
v -0.010500001 0.019500000 0.208000004
v -0.124091921 -0.022423468 0.092245768
v -0.077152188 -0.003157883 0.026269010
v -0.017676127 0.002500000 0.187013558
v 0.028867899 -0.003000000 0.028543418
v 0.006224719 -0.005500000 0.192216162
v -0.109195819 -0.021725162 0.079687869
v -0.065494034 0.005114015 0.028604805
v -0.006475150 -0.001185365 0.196540997
v -0.035142928 0.013453862 0.197999999
v -0.024499999 0.018278686 0.098518502
v 0.015583332 -0.005500000 0.192250001
v -0.041499998 0.002500000 0.118500004
v -0.006250000 -0.005500000 0.188999996
v -0.068166991 0.006574082 0.049583015
v -0.022500001 0.002500000 0.126000003
v -0.034374999 -0.001500000 0.195999995
v -0.002000000 0.000142363 0.200440146
v -0.108482256 -0.016283460 0.082806661
v -0.008995633 0.019500000 0.195073606
v -0.028000000 -0.005500000 0.195999995
v -0.041499998 0.012730668 0.112372516
v -0.112934860 -0.020196490 0.082288375
v 0.023000000 0.008524809 0.169252111
v -0.029625000 -0.001312500 0.195999995
v -0.066955651 0.018000298 0.029460587
v 0.025000000 0.021000000 0.136875002
v 0.020500001 0.002500000 0.160781251
v -0.020500001 0.019500000 0.108734378
v -0.109902420 -0.021912891 0.083304455
v 0.020250001 0.019500000 0.163890624
v 0.039000001 0.010937501 0.165000007
v -0.031154836 0.013800080 0.173485357
v 0.031659406 0.019500000 0.118972220
v -0.004390223 0.000748294 0.198530292
v -0.118711440 -0.015642425 0.085842360
v -0.020500001 0.019500000 0.190125004
v -0.029866641 -0.005500000 0.191631783
v -0.125287298 -0.024794556 0.089832775
v 0.028467075 0.019500000 0.142766279
v 0.011253228 0.001073052 0.191687217
v 0.031583333 0.002500000 0.108833333
v -0.024499999 0.018625000 0.173709056
v 0.009218750 0.002500000 0.173999998
v -0.004004086 0.000277675 0.206000000
v -0.013294922 0.021000000 0.098298595
v -0.031126152 0.000697848 0.183342687
v 0.003000000 -0.002910714 0.191821430
v 0.029500000 0.021000000 0.101499997
v 0.006006538 -0.002581301 0.190479119
v 0.037500001 -0.002179688 0.172062497
v -0.018500000 0.018562500 0.183332979
v -0.000500000 0.002500000 0.164250000
v -0.002500000 0.016000001 0.098000002
v 0.045000002 0.022000000 0.050839843
v -0.030241282 0.002139805 0.183054380
v -0.116881988 -0.027413499 0.085202865
v 0.013226563 0.021000000 0.174500003
v -0.091467723 -0.004494663 0.040352656
v -0.034785189 -0.005500000 0.185762250
v 0.011225577 -0.005500000 0.196593393
v -0.113769544 -0.021434350 0.088918587
v -0.024000000 -0.005500000 0.192249995
v -0.015449478 -0.005500000 0.192550517
v -0.045430858 0.011706639 0.068514673
v 0.031911849 -0.001247186 0.176455058
v -0.041499998 0.010937501 0.178000003
v -0.104667025 -0.007057856 0.045749989
v 0.007000000 -0.005500000 0.200000003
v 0.018999999 -0.001500000 0.200000003
v 0.017404729 -0.003000000 0.024897442
v 0.018999999 0.000500000 0.184000000
v -0.125074063 -0.028863306 0.083609340
v -0.112266166 -0.005132099 0.078113870
v -0.116597646 -0.024703173 0.080859102
v -0.007843750 0.002500000 0.206000000
v 0.025000000 0.017750001 0.158999994
v 0.031600192 0.010369548 0.182999998
v -0.066399177 0.016798911 0.032397006
v 0.023000000 0.002500000 0.168812498
v 0.024499999 -0.000160156 0.170437497
v -0.002000000 -0.002794149 0.201042022
v -0.030812500 0.000676270 0.180999994
v 0.030125000 0.002500000 0.146000000
v -0.122541158 -0.021201021 0.094603480
v -0.015913722 0.021000000 0.184079966
v 0.003000000 -0.005500000 0.196000002
v 0.045000002 0.011000000 0.000000000
v -0.124724210 -0.023045595 0.087614438
v -0.111574534 -0.026641415 0.079346405
v -0.009250000 -0.000605650 0.206000000
v -0.123018877 -0.010334058 0.065215441
v -0.032812728 -0.005500000 0.188116080
v 0.010882812 0.021000000 0.181500003
v -0.006803901 -0.002785328 0.199064912
v -0.014140716 -0.000924734 0.199741074
v 0.026124999 0.002500000 0.167296875
v 0.026937499 -0.000160156 0.167999998
v 0.016039434 -0.005500000 0.189118305
v -0.114338920 -0.022948787 0.082391274
v -0.016239253 0.002318802 0.196415113
v 0.018500000 0.016000001 0.146000006
v -0.014886066 0.019500000 0.153150941
v 0.009322648 -0.001329876 0.189543842
v -0.091397788 -0.009262852 0.059099086
v -0.015372351 -0.005500000 0.197768916
v -0.004436312 -0.001623326 0.200079785
v -0.041499998 0.002500000 0.193656245
v -0.039999999 -0.001500000 0.195999995
v -0.039999999 -0.000378906 0.193187495
v -0.011267795 0.021000000 0.148428859
v -0.121051134 -0.011046660 0.088877648
v 0.018999999 -0.005500000 0.196500002
v -0.039031252 0.016875001 0.147000000
v 0.012187500 0.000676270 0.184000000
v 0.018999999 0.000500000 0.200000003
v 0.016144230 -0.000500000 0.200000003
v -0.029225326 0.019500000 0.167090352
v -0.119777425 -0.024845690 0.085843199
v 0.001500000 0.002500000 0.193250002
v -0.011431792 -0.001349714 0.193734084
v -0.121447777 -0.027151912 0.080037717
v -0.035281251 0.019500000 0.171499997
v -0.113574365 -0.021294777 0.079553895
v -0.028750000 0.010923295 -0.011137500
v 0.003000000 -0.001500000 0.184000000
v 0.005318097 0.000716278 0.188949847
v 0.031406253 -0.005500000 0.177749995
v 0.003000000 -0.005500000 0.188000001
v 0.003000000 -0.002803571 0.186696430
v 0.009683345 0.015670336 0.099447499
v 0.010095652 -0.003364435 0.193122934
v -0.031906976 -0.005500000 0.184249981
v 0.033800045 0.001964111 0.177297491
v -0.014785240 -0.001960187 0.193013676
v -0.119623949 -0.028978794 0.081449727
v -0.035999999 -0.005500000 0.195999995
v 0.032162730 0.022000000 0.020106467
v -0.113008350 -0.022721301 0.074729027
v -0.113867424 -0.024057454 0.073148240
v -0.008484375 -0.003000000 0.085000001
v -0.018999999 -0.005500000 0.201749999
v -0.024000000 -0.001500000 0.180999994
v -0.033834733 0.001768920 0.183962018
v 0.034250001 -0.005500000 0.180999994
v 0.005375000 0.021000000 0.174500003
v 0.005257812 0.019500000 0.174500003
v 0.020500001 0.002500000 0.197000002
v 0.018999999 -0.000500000 0.197000003
v 0.035062502 -0.005500000 0.178562495
v -0.015128711 0.019500000 0.144872664
v -0.030127969 0.021000000 0.144655203
v -0.032938384 0.009028950 0.101000004
v -0.022500001 0.016582936 0.180883893
v -0.114145868 -0.025170988 0.078989763
v -0.027045912 -0.005500000 0.193009355
v -0.002000000 -0.005500000 0.193249997
v 0.006312500 0.021000000 0.147480739
v -0.031642431 0.009595682 0.178000003
v -0.030527587 -0.002734878 0.189128550
v -0.008875000 0.021000000 0.186499998
v -0.119137708 -0.029177327 0.085834405
v 0.018999999 -0.002551724 0.194258622
v -0.024000000 -0.005500000 0.184749994
v -0.027406250 -0.002093750 0.180999994
v -0.111227852 -0.013643409 0.085416585
v 0.010090812 -0.001376442 0.191356601
v -0.022500001 0.002500000 0.153250002
v 0.033401107 0.002356558 0.172814977
v 0.020500001 0.012147648 0.111764323
v -0.020500001 0.016875001 0.151999995
v -0.002000000 -0.001208789 0.201312426
v -0.116028370 -0.027584326 0.078269378
v -0.111487477 -0.019445089 0.088544685
v -0.122369356 -0.027402013 0.085431362
v 0.033000001 0.002500000 0.180999994
v 0.010826066 0.002500000 0.157305133
v 0.007603738 -0.000700333 0.190737533
v 0.015593750 -0.000947265 0.184000000
v -0.030960938 0.002500000 0.178000003
v -0.029731614 0.002096346 0.191641116
v 0.033563111 0.021000000 0.135816439
v 0.037500001 -0.000070587 0.170327258
v -0.126157486 -0.027358801 0.087726807
v -0.112950280 -0.022517660 0.086458776
v -0.107535394 -0.020383344 0.082226030
v 0.036612034 0.005054093 0.182999998
v -0.022500001 0.013332121 0.111276316
v 0.007079826 -0.001703341 0.195608482
v 0.023000000 0.013591853 0.112915702
v -0.018500000 0.021000000 0.149875004
v 0.015472987 -0.001853297 0.187797068
v 0.027114954 0.006692417 0.173188197
v 0.003000000 -0.000165541 0.191668921
v -0.115420430 -0.029626851 0.080451364
v -0.002000000 -0.002528704 0.195174919
v -0.036845859 -0.005500000 0.192893912
v -0.008375000 -0.005500000 0.203166666
v -0.109686710 -0.012218381 0.083065796
v -0.002500000 0.016000001 0.148999997
v 0.024499999 -0.005500000 0.171249997
v -0.110482827 -0.025033130 0.080017123
v -0.006604167 -0.005500000 0.201395832
v -0.033722607 -0.001527076 0.183990778
v -0.110026058 -0.014453001 0.081729865
v -0.016594892 -0.003202386 0.188999996
v 0.034250001 -0.005500000 0.167999998
v -0.024000000 -0.001500000 0.186624994
v -0.010420082 0.002500000 0.109717894
v -0.016454653 0.002870808 0.198678954
v 0.029802136 0.003515912 0.172336772
v -0.122622701 -0.018119347 0.091417015
v 0.008707031 0.000000000 0.094999999
v 0.028750000 -0.001375001 0.180999994
v -0.027016199 -0.003000000 0.047266426
v -0.114253744 -0.016459170 0.080026589
v -0.016647669 -0.000146332 0.188999996
v 0.024499999 0.002500000 0.172062497
v 0.014239815 0.002646379 0.186060520
v -0.011657406 -0.003000000 0.067745248
v 0.011203896 -0.000662593 0.189967109
v 0.034250002 -0.005500000 0.172062497
v -0.024000000 -0.001500000 0.195999995
v 0.003000000 0.000075176 0.186424824
v -0.020500001 0.012382043 0.120078329
v -0.022500001 0.012026028 0.132535058
v 0.015566549 -0.001840401 0.195627375
v -0.114430630 -0.021303771 0.084455684
v -0.029965197 0.000841251 0.184730639
v -0.111239715 -0.017787777 0.090368921
v -0.107724989 -0.016558386 0.087419716
v -0.028339846 0.000237537 0.180999994
v 0.029186318 0.012804017 0.158999994
v -0.039999999 -0.005500000 0.184749994
v -0.002000000 -0.000054079 0.196273434
v -0.115035201 -0.020663793 0.076433760
v -0.037187499 -0.002687500 0.195999995
v -0.024000000 0.000500000 0.195999995
v 0.016366236 0.000896071 0.195879693
v 0.007718750 0.021000000 0.101499997
v -0.014313243 0.002049594 0.199729048
v -0.117094702 -0.012596912 0.084563011
v -0.119490645 -0.026954293 0.083763115
v 0.010398777 0.019500000 0.185759462
v -0.034157048 0.019500000 0.119642764
v 0.018999999 0.000750000 0.198250003
v -0.011809154 -0.005500000 0.198543525
v -0.007045351 0.000688705 0.203362106
v 0.018999999 -0.003250000 0.186250000
v -0.018999999 0.000641113 0.196437498
v -0.115735991 -0.028106807 0.082825619
v 0.037500001 -0.003500000 0.180999994
v -0.039999999 -0.003500000 0.195999995
v 0.025450405 -0.003000000 0.078755782
v -0.028802326 -0.005500000 0.184008859
v -0.005313353 -0.003794704 0.200878841
v 0.030437500 0.021000000 0.158500001
v -0.015145017 0.003920858 0.193743694
v 0.018999999 -0.003022727 0.188863636
v -0.115364059 -0.021941881 0.078993622
v 0.026014356 0.002523248 0.169800024
v -0.029010781 -0.001095051 0.183386919
v 0.003500000 0.018478005 0.098564918
v -0.003412891 0.001416469 0.196553170
v -0.019905309 -0.003000000 0.078759710
v -0.004697586 -0.002109657 0.203366409
v -0.024000000 -0.001500000 0.191991662
v -0.027402772 -0.005500000 0.189186486
v 0.007593559 -0.003207803 0.186857856
v -0.118236851 -0.022527001 0.093275113
v 0.010523165 -0.005500000 0.187492278
v -0.029252024 0.001055949 0.187430767
v -0.024000000 -0.000378906 0.183812494
v -0.110409080 -0.015021339 0.076204678
v -0.004246876 0.001747700 0.200622363
v -0.014828214 0.001571360 0.195588736
v -0.018999999 -0.005500000 0.191124997
v -0.026684339 -0.005500000 0.186214319
v -0.114456242 -0.020420358 0.081007870
v 0.011693477 -0.000298454 0.191556882
v 0.020500001 0.012841996 0.190341841
v 0.011984537 0.002564131 0.193817206
v 0.025000000 0.018500001 0.135447917
v -0.010312913 0.019500000 0.136475930
v -0.114541748 -0.029319504 0.079714063
v -0.114529291 -0.028193762 0.081154476
v 0.012039063 0.002500000 0.180999994
v -0.017550098 0.002179676 0.197489926
v -0.116181155 -0.021181873 0.082892193
v -0.016249645 0.002092859 0.194679773
v -0.031065816 -0.002916755 0.183993767
v -0.115251642 -0.022394445 0.075526019
v -0.030000000 -0.005500000 0.180999994
v 0.018999999 0.000384615 0.189346154
v 0.016675582 -0.005500000 0.186324417
v -0.007186593 0.000050498 0.188999996
v -0.028108251 -0.002748600 0.191031423
v -0.039999999 -0.001500000 0.180999994
v -0.039999999 -0.000378906 0.183812494
v -0.024000000 0.002500000 0.194124995
v 0.020500001 0.013585646 0.155453986
v -0.006942048 0.001511422 0.191507761
v 0.016811125 0.021000000 0.097058484
v -0.014456812 0.002088627 0.197923107
v -0.118269166 -0.020246558 0.096267330
v -0.026202286 -0.005500000 0.183090766
v -0.111905703 -0.028397461 0.077502159
v 0.003125000 0.020000000 -0.029999999
v -0.111809951 -0.023001177 0.084360283
v -0.002000000 0.001115946 0.192187497
v -0.111388035 -0.026540996 0.075067784
v -0.008452949 -0.002804024 0.191896798
v -0.115055002 -0.023712644 0.080147294
v 0.035062501 -0.000051446 0.167999998
v 0.033000001 0.002500000 0.182999998
v -0.118948627 -0.013258416 0.064346617
v -0.002000000 0.000626467 0.194257822
v -0.013470624 -0.002810892 0.197404736
v -0.124219769 -0.016830768 0.087242763
v -0.005771202 0.001858684 0.199512351
v 0.037000001 0.002500000 0.182999998
v 0.018999999 -0.003156250 0.197281253
v 0.010957812 0.016000001 0.145994146
v -0.002000000 0.000561722 0.198263614
v -0.110083539 -0.022932027 0.078126837
v 0.012491128 0.021000000 0.145736796
v -0.013946868 0.000480975 0.198652866
v -0.022500001 0.019500000 0.190500000
v -0.003366115 0.001290832 0.193582130
v 0.037500001 -0.000160156 0.178562495
v 0.016857503 -0.000939925 0.197663918
v -0.005435094 0.020421875 -0.007879179
v -0.025000000 0.011000000 -0.029999999
v -0.123325183 -0.016532924 0.091018441
v -0.018999999 0.000438194 0.194183376
v -0.018500000 0.021000000 0.096624999
v -0.041499998 0.013854481 0.181533920
v 0.018999999 -0.002104666 0.187467105
v -0.114479218 -0.025109147 0.074661596
v -0.016553728 0.001362053 0.190456779
v -0.037113865 -0.005500000 0.183820204
v -0.008375000 -0.005500000 0.206000000
v -0.039366577 0.018262875 0.173223964
v -0.116508396 -0.019109712 0.086710602
v -0.014750000 -0.005500000 0.206000000
v -0.014250001 -0.001417969 0.206000000
v -0.000500000 0.011077362 0.203083149
v -0.016170490 0.001371241 0.198297222
v -0.016594892 -0.003202386 0.206000000
v -0.024499999 0.016000001 0.144000002
v -0.033184168 -0.002195458 0.187028978
v 0.005590015 -0.001532678 0.188209063
v 0.031101565 -0.005500000 0.171249997
v -0.018999999 -0.000734043 0.199579851
v -0.011349999 0.002500000 0.187500000
v 0.033757993 -0.001765684 0.171780348
v 0.009423755 0.019500000 0.105348838
v -0.007806439 -0.002796826 0.202830416
v 0.027432265 -0.001286215 0.170870545
v 0.025750000 0.019500000 0.158500001
v -0.009767569 0.000338296 0.191487822
v -0.018999999 -0.003180332 0.192187497
v 0.005192995 0.000038504 0.184000000
v -0.004132978 0.001527030 0.195064461
v -0.123162065 -0.029740558 0.090303763
v -0.122449880 -0.032085631 0.086349772
v -0.031524649 -0.000152701 0.184806358
v 0.010940113 0.007375746 0.174999997
v -0.005293139 0.021000000 0.149290042
v 0.031551851 0.021000000 0.098885200
v 0.018999999 -0.005500000 0.186000000
v -0.118935155 -0.030856241 0.083400568
v -0.039999999 -0.003055894 0.193354805
v 0.024499999 0.000351377 0.172549563
v 0.034892210 0.021000000 0.097098744
v 0.012376886 -0.003000000 0.080465170
v -0.121677699 -0.017918618 0.088021073
v -0.009639053 0.002445101 0.202859467
v -0.006604167 -0.005500000 0.199108505
v -0.008050596 0.002000000 -0.019250601
v -0.029369543 -0.003289419 0.180999994
v 0.006502158 0.001060337 0.186481090
v 0.020500001 0.005240487 0.185898773
v 0.023000000 0.002500000 0.176632808
v 0.024499999 -0.000737792 0.176937495
v 0.027845577 -0.002127937 0.175353200
v -0.118610035 -0.017834415 0.086806817
v -0.029368298 -0.003735619 0.183386511
v -0.015915566 -0.001662171 0.188999996
v 0.014999999 -0.005500000 0.200000003
v 0.010823148 -0.005500000 0.189673015
v -0.014250001 0.000740417 0.206000000
v 0.018999999 0.000523669 0.191405326
v 0.003000000 -0.005500000 0.190000001
v -0.111873334 -0.019283638 0.077514692
v 0.003000000 0.002500000 0.195000002
v 0.011328866 -0.003020330 0.189358294
v -0.113176268 -0.017878012 0.086039237
v -0.121728202 -0.020839213 0.084703992
v -0.029406105 0.001993348 0.185782345
v -0.113265286 -0.023711471 0.079205910
v 0.016895555 0.000720903 0.184000000
v 0.024499999 0.000500000 0.167999998
v 0.026074954 0.000079151 0.171478766
v 0.004467632 0.001183425 0.187042792
v 0.012114171 -0.001500000 0.200000003
v -0.011773751 -0.002906640 0.188999996
v -0.113520468 -0.021464988 0.074642409
v -0.112116107 -0.020959446 0.087397358
v -0.114189377 -0.013645676 0.086667712
v -0.115685213 -0.026475019 0.081442536
v 0.003000000 -0.005500000 0.194000002
v 0.003000000 0.000463235 0.189000001
v -0.074955172 0.013528225 0.044143049
v 0.034995969 -0.003071573 0.180999994
v -0.018999999 -0.001904619 0.194140294
v -0.016396875 -0.005500000 0.203396875
v 0.030489926 -0.002207136 0.170980343
v -0.036459896 -0.000034471 0.183792329
v -0.064942583 0.018132592 0.031199216
v -0.113983405 -0.027282477 0.077046998
v -0.002500000 0.021000000 0.183874998
v 0.014490811 0.002522149 0.189005216
v -0.037722465 -0.000030183 0.195999995
v -0.115859486 -0.024906734 0.087125441
v -0.116607311 -0.023261988 0.076313948
v -0.116557639 -0.026497443 0.077195024
v -0.003511017 0.019500000 0.179381148
v -0.116090542 -0.021689380 0.076436180
v -0.007463199 0.001679965 0.201928298
v 0.018999999 0.000750000 0.185750000
v -0.004220353 -0.005500000 0.195788192
v -0.115974585 -0.024476912 0.074537232
v 0.023000000 0.008343750 0.182999998
v -0.128044817 -0.027011728 0.083470587
v -0.009865918 0.021000000 0.182952039
v 0.012187501 0.000675597 0.200000003
v 0.008699779 -0.000295882 0.200000003
v -0.037856309 0.002784026 0.183586011
v -0.117549162 -0.027081377 0.078310068
v 0.003000000 0.000976217 0.190529383
v -0.114919365 -0.024095529 0.076152257
v 0.016889880 -0.005500000 0.194491073
v -0.031446778 -0.003487968 0.180999994
v -0.011542209 0.001222444 0.199956673
v -0.018999999 0.000890080 0.199093748
v 0.013302829 -0.000277929 0.196898726
v -0.113920268 -0.022726175 0.073640213
v -0.039999999 -0.001652503 0.194309515
v -0.011125000 0.021000000 0.145500004
v -0.000500000 0.004954675 0.199456451
v -0.027816377 -0.005500000 0.182660362
v -0.032156250 -0.003000000 0.085000001
v -0.112641481 -0.016717529 0.082492191
v -0.004289006 0.001250433 0.191073372
v -0.009044960 0.001926647 0.193523065
v -0.000195265 -0.003000000 0.034789589
v -0.026853831 -0.002646169 0.195999995
v -0.029730322 -0.000411865 0.180999994
v 0.001500000 0.012946191 0.136695350
v -0.004493543 -0.001393623 0.194249268
v 0.001500000 0.015558985 0.183855716
v -0.126970991 -0.025487021 0.087537570
v -0.033395293 0.002500000 0.125256415
v -0.011100761 -0.005500000 0.201604364
v -0.003772307 -0.000861418 0.197260446
v 0.007774517 -0.002509524 0.189210120
v -0.116362496 -0.016533434 0.082333546
v -0.093324036 -0.003468575 0.039910287
v -0.004580790 -0.000005698 0.196073532
v -0.007252346 0.001500287 0.196118161
v -0.114986698 -0.014571492 0.084424374
v -0.008549615 -0.005500000 0.197649419
v -0.002000000 -0.001177899 0.193936157
v -0.030280858 -0.005500000 0.185079560
v -0.118598065 -0.011984725 0.061537269
v 0.018999999 0.000263394 0.194290186
v 0.030187500 0.000500000 0.167999998
v -0.000500000 0.005687500 0.208000004
v -0.120944271 -0.030031262 0.083262686
v -0.004125000 -0.005500000 0.206000000
v -0.116060688 -0.018368137 0.082009211
v -0.117070024 -0.028515287 0.079819816
v -0.018999999 0.000500000 0.206000000
v -0.018999999 0.000935547 0.204406250
v 0.001500000 0.004524163 0.192519537
v 0.037000000 0.018473452 0.098655977
v -0.039999999 -0.001500000 0.189271142
v -0.119956738 -0.003954905 0.069513671
v 0.029699260 -0.002989880 0.178372337
v 0.029000000 0.002500000 0.182999998
v 0.016752218 -0.001148680 0.189568418
v 0.017505818 0.000853924 0.193576302
v -0.037750546 -0.003250547 0.180999994
v 0.027750001 -0.005500000 0.174499991
v -0.111072743 -0.024395003 0.076338102
v -0.110953956 -0.015584237 0.080152478
v -0.033765625 -0.003000000 0.020000000
v 0.028750215 -0.002164307 0.173002350
v -0.004844650 0.001032298 0.203948736
v -0.018999999 -0.001904619 0.190823350
v -0.002000000 -0.003500000 0.206000000
v -0.003702333 0.003274713 0.190332745
v -0.070168474 0.003333750 0.018802268
v -0.027716144 -0.003794606 0.180999994
v -0.114730026 -0.018404605 0.079444503
v -0.005907689 0.017224299 0.092463484
v 0.008359031 0.012610575 0.094999999
v -0.016874999 -0.005500000 0.188999996
v 0.025000000 0.016875001 0.138999999
v -0.020500001 0.017024850 0.190125004
v -0.108913569 -0.014671303 0.082964678
v -0.005496243 -0.000197876 0.191197961
v -0.008250000 0.021000000 0.101499997
v -0.029446496 0.000795764 0.183311715
v -0.003316210 -0.000510379 0.193405628
v -0.111642512 -0.024700532 0.078333238
v -0.017612604 0.002053582 0.195676805
v -0.003127921 0.002360967 0.195807548
v -0.004698408 -0.005500000 0.197679186
v 0.026747735 0.001267814 0.176990548
v 0.016937610 -0.003437611 0.184000000
v 0.013602992 -0.005500000 0.186927410
v -0.003335851 0.003338202 0.197278644
v 0.005747183 -0.000411774 0.200000003
v 0.016583862 -0.003178329 0.186284136
v 0.001500000 0.004940504 0.188487946
v -0.121160276 -0.029981112 0.087406911
v -0.125821401 -0.022921453 0.089977067
v 0.012255395 -0.005500000 0.188258409
v -0.115711748 -0.028560151 0.079300796
v -0.116177993 -0.024707935 0.076709753
v 0.016730173 0.002306302 0.185929683
v -0.033404497 -0.002256223 0.180999994
v -0.015875958 -0.003000000 0.077356461
v 0.017728561 0.001742964 0.191564363
v -0.116992501 -0.000397851 0.074454737
v -0.015353584 0.001486203 0.196847353
v 0.011681805 -0.005500000 0.191366157
v 0.010765625 0.016000001 0.178278315
v -0.012625000 -0.005500000 0.206000000
v -0.122086053 -0.023171601 0.080814046
v -0.018999999 -0.003500000 0.188999996
v -0.117166895 -0.026840670 0.080167440
v -0.031946439 -0.002763120 0.195999995
v -0.121992765 -0.016706889 0.085647668
v -0.117440950 -0.026710757 0.083118563
v 0.037500001 0.000327333 0.172960288
v 0.014405939 0.003556858 0.191932444
v -0.037588974 -0.005500000 0.186757061
v 0.016017568 0.000489710 0.188893236
v -0.118083176 -0.006960020 0.063205605
v 0.034791548 -0.001790048 0.178199749
v 0.013769478 -0.003149256 0.193492006
v -0.039999999 0.000500000 0.180999994
v -0.002000000 -0.003294456 0.197257437
v -0.002000000 -0.001642035 0.196871579
v -0.039999999 0.000500000 0.195999995
v 0.045000002 0.009551208 0.063698225
v 0.024499999 0.000989559 0.169440733
v 0.016683643 0.000429943 0.191542534
v -0.127624680 -0.019695303 0.092394042
v -0.005551778 0.002163888 0.197915736
v -0.026570233 -0.000036003 0.195999995
v 0.012999999 -0.005500000 0.200000003
v 0.037500001 -0.005500000 0.171249997
v 0.005743112 -0.005500000 0.186743112
v 0.030214896 0.001197985 0.178195410
v -0.116424200 -0.017869358 0.079907215
v 0.010249650 0.021000000 0.097545169
v -0.039999999 -0.003123340 0.183276765
v 0.006012103 0.004350943 0.189307151
v -0.018999999 0.000500000 0.188999996
v -0.110310375 -0.015406618 0.087134655
v -0.118183315 -0.016354508 0.084472465
v -0.037287359 -0.000080527 0.188307595
v -0.007726696 -0.004164002 0.198751332
v -0.031102270 0.002684603 0.183053562
v -0.035766912 0.021000000 0.143017699
v 0.017438095 0.000516762 0.197178525
v 0.004641959 0.000131477 0.185449421
v -0.111175768 -0.018681299 0.084123418
v 0.003812500 0.002500000 0.199375003
v -0.124948233 -0.029888021 0.088113620
v 0.017351613 -0.000523492 0.185825114
v 0.012263133 0.002379726 0.197824483
v -0.111058625 -0.022642771 0.079629711
v -0.016869745 -0.000972691 0.201239241
v -0.039999999 -0.002824339 0.186412790
v 0.018999999 -0.003981952 0.187630348
v -0.009701361 -0.003578225 0.202482223
v -0.011747666 -0.000059424 0.188999996
v -0.109635244 -0.016148028 0.081489039
v 0.029592357 0.004426720 0.044601932
v -0.028804734 -0.000371370 0.182264343
v 0.033563115 0.021000000 0.162183563
v 0.015061371 0.001229011 0.193209593
v 0.003500000 0.018500002 0.146625003
v -0.003117023 -0.000405383 0.198961157
v -0.029462793 0.001095903 0.180999994
v -0.027358666 -0.001796886 0.187908011
v -0.033999999 -0.005500000 0.195999995
v -0.002914062 0.016975605 0.183612142
v -0.002000000 -0.001153065 0.199916142
v -0.115874961 -0.024009634 0.077789623
v -0.127926327 -0.028975016 0.084945056
v -0.112671445 -0.014019461 0.082669934
v 0.027836179 0.002731810 0.171559268
v -0.004722732 0.002026752 0.199103383
v 0.014191780 -0.003079510 0.184000000
v -0.123532945 -0.020260987 0.090883447
v 0.024499999 0.001177494 0.170818956
v 0.045000002 0.007048127 0.034888357
v 0.018999999 -0.000812500 0.198562503
v 0.012570064 0.001939888 0.191328365
v -0.037527645 0.000123049 0.180999994
v 0.010086233 -0.005500000 0.193175368
v 0.028561522 -0.003000000 0.073286532
v -0.037203770 0.003492856 0.185536816
v -0.029429422 -0.005500000 0.182515675
v 0.025768323 0.000983672 0.169770289
v -0.124405475 -0.027369819 0.089810179
v -0.002000000 0.002500000 0.195906248
v -0.113947624 -0.019532191 0.074939039
v -0.035382939 0.000663435 0.180999994
v -0.119458208 -0.021698379 0.080705458
v 0.037500001 -0.002907813 0.178395187
v -0.031907134 -0.000411865 0.180999994
v -0.014198414 0.014033321 0.101000004
v -0.118766680 -0.025970040 0.083343507
v -0.028135529 0.000308774 0.190038301
v -0.005632366 0.001313186 0.196516815
v 0.016233402 0.001574455 0.190760733
v 0.037500001 -0.005500000 0.179374994
v 0.014562500 0.000826651 0.184000000
v -0.002500000 0.018500000 0.149624997
v 0.015707814 0.000305757 0.184000000
v 0.045000002 0.012375000 0.094999999
v -0.007711963 -0.003000000 0.068246059
v -0.003093472 0.000642116 0.197793483
v 0.013912086 0.014310858 0.137114364
v -0.121649962 -0.018814840 0.085020033
v -0.008102410 0.001824677 0.203340801
v 0.011975962 -0.005500000 0.189407849
v -0.120623288 -0.004947496 0.081416418
v 0.014974206 -0.005500000 0.185784733
v -0.028306156 0.000936872 0.193629563
v -0.016612060 -0.003223496 0.192011020
v -0.115136228 -0.025235152 0.080388620
v -0.126209072 -0.021876546 0.086353965
v 0.020500001 0.014762009 0.169822008
v 0.014568480 -0.002770322 0.200000003
v -0.092184937 0.006576418 0.056478313
v -0.117401364 -0.020932197 0.077605044
v 0.034779399 -0.002635771 0.175423442
v 0.003000000 -0.001577461 0.191037164
v -0.087342950 0.000554749 0.044941667
v -0.114691365 -0.021034023 0.075156521
v -0.118457092 -0.023987447 0.074999427
v 0.015255703 0.003578710 0.185876544
v -0.024000000 -0.003500000 0.195999995
v -0.114881447 -0.015790312 0.082864329
v 0.003000000 -0.000426699 0.190149223
v -0.022867764 -0.003000000 0.067113908
v -0.010580274 -0.001723781 0.190668392
v -0.007312500 -0.003425771 0.206000000
v -0.115243101 -0.026771112 0.076967576
v 0.030521106 -0.002903339 0.175081675
v -0.029057585 0.000112700 0.186028951
v 0.014600062 -0.000030342 0.186093424
v 0.018999999 -0.003322277 0.192210892
v 0.003000000 0.000500000 0.184000000
v 0.010438009 -0.000535107 0.186934122
v -0.115697384 -0.014713276 0.088577854
v 0.004665135 -0.001246050 0.189706284
v 0.008270443 -0.005500000 0.186241622
v -0.034203220 -0.005500000 0.193329430
v -0.126446983 -0.024782238 0.084533588
v -0.014149308 0.001298508 0.193944004
v -0.006125000 0.000554421 0.206000000
v -0.038311672 -0.004036873 0.184762711
v -0.115828638 -0.024603352 0.079108696
v 0.003000000 -0.000949264 0.187896027
v -0.117473315 -0.022040733 0.079557797
v 0.018999999 0.001062500 0.196687503
v -0.037302070 -0.005500000 0.189693009
v 0.035459837 0.002495537 0.172999646
v -0.012712777 0.002435971 0.195620853
v -0.113308407 -0.026289510 0.075577100
v 0.012732389 -0.003659808 0.187328744
v 0.017746234 0.001871666 0.187397416
v -0.002000000 0.002500000 0.198828123
v -0.111500404 -0.020087697 0.080423489
v -0.117493676 -0.024046789 0.077521322
v -0.109625751 -0.026302882 0.077267252
v -0.024000000 0.000500000 0.185792526
v -0.116517060 -0.025370745 0.082528159
v -0.017136366 -0.005500000 0.193348830
v -0.010100211 -0.002798890 0.198486110
v 0.013391669 -0.005500000 0.197630559
v 0.011000000 0.002500000 0.135177883
v -0.039999999 -0.003409755 0.190881750
v -0.122393664 -0.020959898 0.083363364
v -0.113880290 -0.019561387 0.087963395
v 0.009622219 0.000056598 0.184000000
v -0.035684805 0.001918119 0.183639162
v -0.114033941 -0.025562102 0.077099354
v 0.009414990 0.015683282 0.149000004
v -0.016641561 -0.000500000 0.206000000
v -0.115550302 -0.021850274 0.074547762
v -0.007947375 0.000674436 0.206000000
v 0.022197137 0.014538967 0.094999999
v -0.007723899 0.019500000 0.162613964
v -0.024000000 0.000500000 0.180999994
v 0.005872564 -0.000217298 0.187693924
v 0.012999999 -0.005500000 0.184000000
v -0.032121281 -0.000133067 0.195999995
v 0.017954720 -0.005500000 0.187000001
v 0.013347446 -0.002056516 0.185456086
v -0.039999999 0.001213193 0.183812494
v -0.039999999 0.000417143 0.186257030
v 0.011239333 -0.003949137 0.187874279
v 0.027180244 -0.001462336 0.178205344
v 0.017201047 -0.005500000 0.190886545
v -0.017067748 0.000823197 0.196741051
v -0.110041006 -0.013180005 0.084363086
v 0.011395710 -0.004400868 0.189063745
v -0.002000000 0.001251817 0.195906248
v -0.017475962 -0.000286159 0.203973962
v -0.005590127 0.002421147 0.194740672
v -0.012372250 -0.002478720 0.200646286
v -0.042697203 -0.000357186 0.059911723
v 0.010483553 0.002121741 0.186274398
v 0.005096775 -0.001489618 0.192650473
v -0.108937283 -0.014139456 0.056003754
v -0.015071719 -0.000243492 0.192955216
v -0.026171556 0.000395767 0.180999994
v 0.013646179 -0.003283691 0.190029401
v 0.012790411 -0.002121095 0.189666961
v -0.037999999 -0.005500000 0.195999995
v 0.016503890 -0.000764261 0.188037268
v -0.039999999 -0.003410293 0.188420250
v -0.115326709 -0.025925574 0.078304839
v -0.116660524 -0.025828994 0.079217065
v 0.029110949 -0.000026985 0.177030655
v -0.008906169 -0.003476569 0.196566865
v -0.010321106 -0.005500000 0.199811529
v -0.122265467 -0.023430930 0.089872254
v -0.003741303 -0.000246426 0.201749180
v -0.012107375 0.001342713 0.192221237
v -0.018999999 -0.003500000 0.206000000
v 0.018999999 -0.001156255 0.195352689
v 0.026559814 0.002086567 0.178800331
v -0.016689662 0.001768500 0.200387427
v -0.015110686 -0.002507306 0.203369020
v -0.114583372 -0.021312874 0.077725483
v -0.012948777 0.012918829 0.145999998
v -0.031307729 0.002443926 0.181743147
v -0.115417196 -0.023476223 0.081480662
v -0.122031442 -0.025008463 0.083970245
v 0.025537312 -0.000500000 0.167999998
v 0.027750000 -0.005500000 0.167999998
v 0.026856087 -0.002905991 0.167999998
v -0.114520296 -0.024268950 0.077699706
v 0.011821156 -0.005500000 0.185890813
v -0.036296045 -0.000354002 0.185679728
v 0.015651295 -0.003000000 0.066080719
v 0.037500001 0.000830078 0.176124995
v -0.037306953 -0.002585072 0.192961134
v -0.118123464 -0.015227899 0.087171122
v -0.009829435 -0.003494565 0.200086284
v 0.025000000 0.016000001 0.098000002
v -0.018999999 -0.005500000 0.203874999
v -0.033393009 0.000062577 0.185001840
v -0.028757234 0.000275198 0.065639504
v -0.120328460 -0.026259671 0.078500761
v 0.027850030 -0.005500000 0.171249995
v 0.028301808 0.001755951 0.170756072
v 0.007140455 0.003034082 0.194061908
v -0.014553183 -0.003452470 0.188999996
v -0.008808632 0.007289793 0.204505449
v 0.016811255 0.001082666 0.185565574
v 0.009788412 -0.002964040 0.184000000
v 0.014256300 -0.005500000 0.188651084
v 0.008407060 -0.003450844 0.191468851
v -0.007811499 -0.001692978 0.206000000
v 0.025000000 0.020000000 -0.014999999
v -0.122401508 -0.025932793 0.089089103
v -0.002000000 0.000500000 0.188999996
v -0.123642181 -0.027328835 0.081173962
v -0.116027240 -0.023714811 0.083436312
v -0.016071767 0.001033713 0.195549914
v -0.004426698 -0.005500000 0.203192901
v -0.004336985 -0.003145859 0.206000000
v 0.005104552 0.001525083 0.185214577
v 0.006437500 0.002500000 0.183249999
v -0.009407675 -0.002990241 0.194325679
v -0.114275265 -0.022307517 0.080469336
v -0.017661924 -0.001091125 0.191494797
v 0.017300667 -0.002423787 0.188046009
v -0.119329091 -0.016287923 0.087697036
v -0.066614925 0.001604235 0.016142287
v -0.014797841 0.016086417 0.181696155
v 0.018999999 -0.003071102 0.187229102
v -0.009278643 0.000686361 0.188999996
v -0.009178754 -0.001250655 0.192097641
v 0.026937499 0.001294004 0.167999998
v -0.009019625 0.002525154 0.190744300
v -0.009954265 -0.003032581 0.206000000
v -0.125813100 -0.025987607 0.088708818
v 0.024499999 -0.002903885 0.170358678
v 0.016773438 0.002500000 0.200000003
v -0.114667775 -0.027005215 0.082871112
v -0.009771051 -0.003532484 0.188999996
v -0.033999999 -0.005500000 0.180999994
v -0.024000000 0.000181303 0.193655885
v 0.005826256 -0.005500000 0.195142607
v 0.010053321 -0.000334902 0.188943258
v 0.017299506 0.000778506 0.200000003
v -0.017589114 0.001031100 0.188999996
v -0.112680117 -0.020710929 0.085572539
v -0.123916007 -0.027198109 0.087892002
v -0.000500000 0.004884970 0.191627605
v 0.034500000 0.002500000 0.165000007
v -0.036144142 -0.003271513 0.190644901
v -0.008277601 0.000783125 0.190646651
v -0.115001327 -0.009434705 0.084403100
v 0.010743483 0.001034493 0.184000000
v 0.027750000 -0.005500000 0.180999994
v 0.030831522 -0.002915761 0.180999994
v -0.031177912 0.000686894 0.193358584
v 0.004049267 0.017876389 0.176223955
v 0.008920952 0.002564434 0.193322617
v 0.028789654 -0.003872155 0.174420551
v -0.039999999 0.000446341 0.190832622
v 0.030730533 -0.003000000 0.052943167
v 0.035933702 -0.000312079 0.176734774
v 0.018500000 0.018375000 0.144694368
v -0.119813837 -0.031163589 0.084137869
v -0.029816449 0.003287214 0.192575256
v 0.020500001 0.010243241 0.133109977
v 0.018116657 0.000779151 0.186558062
v -0.121901690 -0.025485199 0.081466154
v -0.006591259 -0.003000000 0.063857225
v -0.112546877 -0.016539734 0.080488220
v -0.006405656 -0.005500000 0.203903200
v -0.035838374 0.022016058 0.029163680
v -0.024000000 -0.000318360 0.189308328
v -0.115579604 -0.026860778 0.079724258
v -0.002000000 -0.005500000 0.203874999
v 0.006007854 0.002280394 0.185219983
v -0.013569099 0.005793866 0.208000004
v 0.037500001 0.000500000 0.180999994
v 0.035625001 0.000718750 0.180999994
v -0.039089846 0.016262004 0.099500003
v 0.003000000 -0.003500000 0.200000003
v -0.109550919 -0.023033978 0.081399958
v 0.037500001 -0.003961933 0.179525258
v -0.007926622 0.002837106 0.199621660
v -0.114950681 -0.019549335 0.082707137
v 0.015931448 -0.001043997 0.186522369
v 0.032622299 0.000084656 0.173244074
v -0.012215270 0.005316189 0.203734574
v -0.038227651 0.001401609 0.184486431
v 0.013541381 0.001079314 0.185578771
v -0.003612949 -0.000395695 0.190913040
v 0.035865143 -0.002115241 0.176966863
v -0.016965586 -0.000064073 0.190947506
v -0.007312500 -0.005500000 0.206000000
v 0.039000001 0.005687500 0.182999998
v -0.031968176 0.002100902 0.185286922
v -0.113074454 -0.027569117 0.080083506
v -0.115275305 -0.016868211 0.081224734
v -0.112722022 -0.012740488 0.084968586
v 0.029375000 -0.005500000 0.180999994
v -0.036481688 -0.005500000 0.185429333
v 0.016632442 -0.003127952 0.193059435
v -0.002000000 0.001138205 0.199503353
v -0.124059834 -0.023816851 0.083174544
v 0.008461638 -0.000954950 0.186429037
v 0.015793840 -0.004024780 0.195018165
v -0.004756137 0.002546842 0.192466317
v 0.035770676 0.001667104 0.178600881
v -0.112713077 -0.025095364 0.082817315
v 0.017700267 -0.003406161 0.187333761
v -0.009252362 0.001610960 0.191954867
v -0.033169801 -0.001518617 0.189894376
v -0.113204132 -0.021830062 0.087676292
v 0.027929511 0.004070900 0.168343745
v 0.037500001 -0.001486850 0.177704759
v -0.117509430 -0.023811738 0.080027181
v -0.002000000 0.017455476 0.099827990
v -0.004372452 -0.003066345 0.196906193
v 0.006959393 -0.001764189 0.189869203
v 0.029216549 -0.002243953 0.174497478
v 0.016087598 -0.003921345 0.190396037
v -0.002000000 -0.003916272 0.202278127
v 0.032000001 0.000500000 0.180999994
v 0.037500001 -0.003500000 0.167999998
v -0.005574482 0.001668236 0.191648556
v -0.008375000 -0.005500000 0.188999996
v -0.006139129 -0.003148036 0.194753432
v -0.064664428 0.018344710 0.026946721
v 0.033234377 -0.005500000 0.174093746
v -0.115643842 -0.028915172 0.081660719
v -0.015812499 -0.005500000 0.190634837
v -0.001640706 -0.003000000 0.071442423
v 0.017338545 -0.000966834 0.184000000
v 0.018999999 -0.003117679 0.190542171
v -0.030473675 -0.002703275 0.180999994
v -0.116795985 -0.021699776 0.087362626
v -0.117938669 -0.016868192 0.088684962
v 0.035404121 -0.005500000 0.173909087
v -0.015812499 -0.005500000 0.188999996
v -0.036330335 -0.002563715 0.183298846
v 0.010486763 -0.001410727 0.184000000
v -0.016337370 -0.002141560 0.195883379
v -0.006878930 -0.003184162 0.196588030
v -0.030147529 -0.000702719 0.183976112
v -0.006715765 -0.002724324 0.188999996
v -0.002000000 -0.000440319 0.195020329
v -0.014044131 0.002244480 0.196535437
v -0.123702360 -0.018036280 0.089233007
v -0.120027629 -0.024752912 0.092708258
v 0.024499999 -0.001508860 0.169591860
v -0.037746630 -0.003008081 0.189690530
v -0.025591959 0.016000001 0.175196436
v -0.112194343 -0.022236132 0.082190388
v -0.026216625 -0.001362406 0.190151241
v 0.029578128 -0.005500000 0.176328121
v -0.005496000 -0.004035695 0.198081591
v -0.118501793 -0.021335035 0.078411401
v -0.120338847 -0.026597120 0.090724176
v -0.002000000 0.000500000 0.206000000
v 0.007475726 0.001949649 0.189512189
v -0.116367149 -0.023171464 0.079342623
v -0.016343749 -0.004398884 0.188999996
v 0.012859144 -0.001252071 0.191279926
v -0.007667030 -0.001458378 0.188999996
v -0.067191104 0.009850650 0.019220557
v 0.009639835 -0.002221369 0.185709288
v -0.008119299 0.002205728 0.191975568
v -0.117938067 -0.022977281 0.078841689
v -0.006911411 0.001675144 0.193331206
v -0.003215827 0.001296995 0.199341575
v -0.034318562 0.019500000 0.102333581
v -0.026323318 0.002166969 0.193300477
v -0.115936570 -0.020739615 0.075502120
v -0.111083989 -0.016917325 0.081655419
v 0.032211381 -0.003940978 0.176499480
v -0.009437500 -0.005500000 0.190749767
v -0.028290310 -0.003593808 0.185887482
v -0.130633531 -0.020036182 0.088666138
v -0.012682232 -0.005500000 0.191251523
v -0.112629550 -0.020437810 0.088735450
v -0.007776348 0.003453684 0.202439048
v 0.034326392 0.000840112 0.171077213
v -0.018124999 0.002500000 0.205734375
v -0.031138252 -0.004075701 0.187495063
v -0.012412468 -0.003050933 0.206000000
v 0.005032875 -0.003737363 0.191837952
v -0.120901656 -0.029104828 0.082138793
v 0.008699289 -0.001926341 0.190775360
v -0.113710790 -0.015883345 0.081512688
v -0.117551136 -0.029117862 0.083862039
v -0.015767464 -0.003681150 0.190555800
v -0.030295525 -0.000097242 0.182389940
v -0.002000000 0.001115946 0.202812499
v -0.123926958 -0.024856379 0.084940285
v 0.024499999 0.000321037 0.174974795
v -0.006722655 0.002298931 0.202777536
v -0.118245166 -0.025902950 0.088917993
v -0.002000000 -0.003142986 0.192358710
v -0.011920877 -0.005500000 0.200181775
v -0.033077558 -0.004176281 0.185145390
v -0.123022216 -0.017202990 0.088182450
v -0.029720042 -0.003000000 0.072227569
v -0.011291497 -0.004218084 0.199337768
v 0.006838946 -0.002989263 0.193614711
v -0.012198603 -0.000538537 0.191907979
v 0.010162868 -0.003552625 0.188794115
v -0.005112877 -0.000926064 0.192848994
v 0.014266659 0.000427042 0.200000003
v -0.016874999 -0.005500000 0.206000000
v 0.031512730 -0.001203414 0.167999998
v 0.013152430 -0.004276506 0.188814041
v -0.007869417 -0.005500000 0.195980532
v 0.015166339 0.001373949 0.185173772
v -0.031571419 -0.002380014 0.182359906
v -0.124963217 -0.020361225 0.092067054
v 0.005121835 -0.005500000 0.189003478
v -0.011712224 0.000207707 0.206000000
v -0.111753950 -0.022005562 0.085576093
v 0.017687679 0.002257263 0.190233412
v -0.118747853 -0.029816767 0.084503527
v 0.003125000 0.002000000 -0.029999999
v -0.117145216 -0.028010349 0.081536503
v -0.002000000 -0.004347126 0.204793618
v -0.002000000 -0.001852526 0.192763850
v -0.113896969 -0.019040563 0.076884586
v 0.017430004 -0.003932331 0.191673577
v 0.006921960 0.002095018 0.195404272
v -0.112734074 -0.019583860 0.076363753
v -0.002000000 0.001345568 0.191053900
v -0.022500001 0.010937501 0.101000004
v -0.031213519 -0.005500000 0.182603808
v -0.016757645 -0.005500000 0.200149943
v -0.119734941 -0.022915808 0.079095251
v 0.027092261 -0.000062085 0.174146746
v -0.003279540 0.004176745 0.208000004
v -0.004375427 -0.002382547 0.198437772
v 0.005428278 -0.000149429 0.196989929
v -0.115160131 -0.014094206 0.082294630
v -0.005153510 0.012063501 0.180000007
v -0.030000000 -0.005500000 0.195999995
v 0.009189059 0.000457150 0.185573693
v 0.029004224 -0.003366699 0.176380847
v -0.002000000 -0.001983214 0.190844829
v -0.017476169 0.000867445 0.195055144
v -0.116586955 -0.028071124 0.083970936
v 0.015003848 -0.004142547 0.189218624
v -0.120868604 -0.020743642 0.083377001
v 0.030672827 -0.000953734 0.180999994
v -0.018999999 -0.003121590 0.203640173
v -0.010663254 0.002235209 0.191444316
v -0.039999999 -0.002813791 0.189650869
v 0.015841443 -0.002362837 0.189074917
v -0.115947024 -0.027938679 0.080787001
v -0.112655795 -0.019704097 0.086806640
v 0.017312981 -0.002364064 0.196564591
v -0.038194529 -0.005500000 0.191453170
v -0.035187083 0.002533852 0.192241471
v 0.033939442 0.002798360 0.175980171
v -0.034616694 -0.002316303 0.185800400
v -0.121640835 -0.026217995 0.079004237
v -0.016572732 0.001465999 0.192036150
v 0.005422030 0.002230699 0.197597611
v 0.008776603 -0.005500000 0.187984075
v 0.018999999 0.000097427 0.199049635
v -0.025499023 0.001918386 0.182496273
v -0.011874106 0.000455943 0.193269714
v 0.003000000 -0.000500000 0.185074428
v -0.011340947 -0.003652208 0.196111189
v -0.066075640 0.004319489 0.017916847
v 0.010728738 -0.000483377 0.197632705
v -0.012357804 0.000809232 0.195589285
v -0.016553131 -0.000447475 0.195875990
v -0.119493548 -0.013973250 0.089294709
v -0.122699504 -0.026555664 0.079853608
v 0.010615063 -0.005500000 0.192033566
v -0.036536704 -0.001923309 0.191464307
v 0.004839026 -0.005500000 0.193517836
v -0.116170313 -0.018952995 0.077516181
v 0.039000001 0.012491696 0.111487974
v -0.007897852 -0.003688943 0.195244463
v -0.017439202 0.000899928 0.206000000
v 0.007538751 -0.000959310 0.188398813
v -0.005763077 -0.003941338 0.206000000
v -0.066290320 0.014787087 0.038987645
v -0.028829419 -0.000129298 0.057382300
v 0.006168442 -0.002870176 0.192012241
v 0.006250000 0.011000000 -0.029999999
v -0.010323677 0.009630590 0.208000004
v -0.036673881 -0.001689137 0.189500424
v -0.002981654 0.000347418 0.192049656
v 0.039000001 0.004677945 0.168635293
v -0.013824297 0.002782345 0.190873351
v -0.013875881 -0.000942653 0.191774568
v -0.026636506 0.001933177 0.185715943
v -0.038514309 0.000368897 0.182830244
v 0.018999999 -0.003500000 0.200000003
v -0.116675842 -0.020605377 0.080882483
v -0.006011599 -0.001204819 0.188999996
v -0.004127109 -0.003001041 0.188999996
v -0.118056474 -0.030548894 0.082663268
v -0.038402186 0.002086281 0.189186269
v 0.009615587 0.000079237 0.190809432
v 0.025783372 0.001645280 0.175345661
v 0.016321129 0.000411184 0.186735838
v -0.011268311 -0.003511188 0.201333141
v -0.002000000 -0.001440924 0.195686463
v -0.028070683 0.002350397 0.187217287
v -0.003544865 0.000913868 0.188999996
v 0.018999999 -0.000333188 0.190428908
v -0.031826894 -0.002900261 0.192490053
v -0.018999999 -0.000750856 0.195121311
v 0.016549998 -0.005500000 0.197550002
v -0.120240338 -0.025178617 0.084153034
v -0.111524103 -0.018222789 0.082416480
v 0.035579200 -0.002500000 0.167999998
v -0.117766714 -0.014710081 0.084022839
v -0.126693266 -0.025144518 0.086112597
v 0.010060341 -0.002942260 0.191230406
v -0.008065420 -0.003801296 0.188999996
v -0.032728854 -0.000521621 0.182548827
v -0.126113005 -0.029018506 0.087087961
v 0.005377945 -0.002367001 0.186713129
v -0.030182394 -0.001533439 0.182285660
v -0.036982117 0.001118455 0.182367393
v -0.024000000 0.000746317 0.187703004
v -0.006670018 -0.004213507 0.197637582
v -0.123969135 -0.018911250 0.093856185
v -0.110625276 -0.021618075 0.084619574
v 0.035041381 0.003026833 0.177511067
v -0.116077067 -0.023344217 0.075126966
v -0.016827787 -0.005500000 0.191819470
v -0.010458135 -0.002573571 0.192558221
v -0.110118962 -0.024312369 0.077509221
v -0.126106015 -0.019067828 0.091244280
v 0.000580361 -0.003000000 0.080064931
v -0.085987424 0.007385197 0.048514130
v -0.024000000 -0.000667652 0.182297901
v -0.024000000 -0.003310625 0.183076994
v -0.036804626 0.001080230 0.184789318
v -0.026710092 -0.002706526 0.183530104
v -0.008538235 0.019500000 0.121269190
v 0.010596431 0.002114210 0.188983461
v -0.039999999 -0.001473749 0.191481778
v -0.030600981 0.002520310 0.187163808
v 0.037500001 -0.002482789 0.179848317
v 0.036194115 -0.000995473 0.178181202
v 0.029578126 -0.005500000 0.178867181
v -0.005869023 -0.005500000 0.195788192
v -0.024812500 0.002500000 0.195999995
v 0.009605464 0.001585248 0.196652159
v 0.017443133 0.002017863 0.194582099
v 0.032705985 -0.000366991 0.171501498
v 0.011204996 -0.001976085 0.189587159
v 0.011526140 0.019500000 0.164402445
v -0.039999999 -0.003500000 0.180999994
v 0.024499999 -0.005500000 0.177749995
v 0.016116831 -0.002857976 0.191747482
v 0.017995103 0.001916652 0.185123212
v 0.017341368 -0.005500000 0.196089585
v -0.004766928 -0.005500000 0.191766924
v -0.002000000 0.000243520 0.204297176
v -0.010170752 -0.005500000 0.198127943
v 0.029928317 0.001559349 0.176463508
v -0.031649043 -0.005500000 0.193466343
v -0.123166575 -0.030339782 0.084567787
v -0.032938888 -0.001261306 0.193976275
v 0.008975247 0.002056410 0.185520750
v -0.004636353 -0.005500000 0.193796956
v -0.126126378 -0.029384976 0.084675683
v -0.118593186 -0.027703725 0.082334362
v 0.012176746 -0.003665041 0.192540904
v -0.117957783 -0.019495345 0.088880448
v 0.029552282 0.012525771 0.143976259
v -0.111858591 -0.021325031 0.083661514
v 0.016667529 -0.004085634 0.196777101
v -0.034046649 0.000500000 0.195999995
v 0.004718749 -0.003000000 0.023116961
v -0.005994806 -0.000387505 0.202185909
v -0.031360265 -0.000709887 0.181898200
v 0.003000000 -0.000695775 0.189024432
v -0.035711259 -0.003469426 0.180999994
v 0.010237841 0.002928403 0.192268848
v 0.005249453 -0.003250547 0.184000000
v -0.017755331 0.001694611 0.204814447
v -0.017605558 0.001791078 0.199109206
v -0.039999999 0.000399127 0.188362331
v 0.023000000 0.004152934 0.171435257
v -0.041499998 0.011876884 0.190043898
v -0.038529316 -0.002493659 0.191842368
v -0.112034241 -0.025766357 0.081072352
v 0.006049887 -0.000630934 0.189553385
v 0.018999999 0.001241556 0.190322567
v 0.003000000 0.000500000 0.200000003
v -0.112277495 -0.022352300 0.078453529
v -0.124457258 -0.023889122 0.091199412
v -0.032457345 0.002324648 0.192934513
v -0.036156249 0.002500000 0.180999994
v -0.003165472 -0.000879023 0.195499786
v -0.010197141 -0.005500000 0.200931381
v 0.007706320 -0.002148752 0.194326125
v -0.114668517 -0.018450559 0.086589428
v 0.029021508 -0.001658912 0.169757798
v -0.003028211 0.000591352 0.195296742
v 0.014731969 0.001305716 0.190204944
v -0.024000000 0.000553395 0.191294059
v 0.017368655 -0.000753345 0.190738451
v -0.007200920 -0.000536959 0.195242683
v -0.032530074 -0.000158087 0.186678571
v 0.018999999 0.002500000 0.188968751
v -0.038575389 0.001160457 0.187380921
v -0.121492315 -0.028897683 0.089237551
v -0.015116597 -0.003268346 0.200113386
v 0.027558428 0.022000000 0.076612575
v -0.032807814 -0.001292873 0.185550343
v 0.016859447 -0.002678404 0.200000003
v -0.112202295 -0.027289174 0.076304171
v -0.005464794 0.000965007 0.193771683
v 0.006839740 -0.001491341 0.187148979
v -0.008353042 -0.003990889 0.201266217
v 0.006302133 -0.003947493 0.188991034
v 0.010406250 0.000814857 0.200000003
v -0.009861560 0.000880699 0.194703127
v -0.123152311 -0.025314498 0.080527171
v -0.011750001 0.002500000 0.206000000
v 0.015110073 -0.005500000 0.187341841
v -0.005782774 0.000889304 0.188999996
v -0.010357996 -0.000969772 0.196704797
v 0.011905287 0.000645331 0.186805125
v -0.003679880 -0.001804459 0.192906281
v -0.114034207 -0.021797591 0.073891511
v -0.010324241 -0.003896115 0.190823842
v 0.010697454 -0.004446947 0.192055098
v -0.028946144 -0.001774941 0.180999994
v -0.034181608 -0.005500000 0.183415909
v -0.116775243 -0.017641385 0.081503836
v 0.028145114 0.000973809 0.173624699
v 0.008737952 0.001339989 0.193170653
v 0.024499999 -0.003155425 0.175790114
v -0.026058741 -0.003000000 0.080079243
v -0.124141597 -0.025305384 0.087233491
v -0.031485808 -0.001690092 0.186997126
v 0.018021038 0.002067803 0.197262938
v -0.003165340 0.001527927 0.191888159
v -0.025882813 0.002500000 0.180808589
v -0.123613133 -0.025952717 0.091345182
v -0.123996461 -0.022443563 0.090583135
v -0.008120695 -0.004376205 0.196951762
v -0.003621990 -0.001910992 0.201830178
v -0.008403117 -0.002107680 0.198562526
v -0.006109557 -0.001841263 0.200772538
v -0.003009782 0.000149819 0.196623616
v -0.007767007 -0.002937265 0.197587619
v 0.014073692 -0.003265047 0.197046310
v -0.002000000 0.001143244 0.201415347
v 0.004276210 0.001123235 0.184000000
v 0.017605620 -0.000917435 0.193971821
v 0.030712335 -0.003286786 0.167999998
v -0.032051973 -0.005500000 0.190470816
v -0.002000000 -0.004388227 0.203393838
v -0.124173170 -0.018604380 0.090993472
v 0.013069689 -0.000381557 0.185372284
v -0.004800757 -0.005500000 0.201428409
v -0.039999999 -0.001224749 0.187407638
v -0.107207321 -0.014701921 0.084985342
v -0.002000000 -0.002236459 0.202554961
v -0.017746907 -0.001645917 0.195066513
v 0.012047822 0.002002240 0.185312019
v 0.015379245 0.000884085 0.198224632
v -0.002500000 0.021000000 0.148562504
v 0.017892146 0.000080479 0.184000000
v -0.008802375 -0.005500000 0.194262870
v 0.004425394 -0.002401992 0.191109931
v -0.030893783 0.006277399 0.197999999
v -0.018999999 0.000553443 0.201156011
v 0.033685465 0.002409272 0.178600481
v -0.026140237 -0.000080267 0.192301967
v -0.024000000 -0.002500000 0.193995828
v -0.030329580 -0.004210810 0.180999994
v -0.005600263 0.002003450 0.203377416
v -0.003538101 0.002124105 0.197775157
v 0.037500001 0.001071294 0.177833332
v 0.011999999 -0.003623371 0.200000003
v 0.014146522 -0.001582071 0.186991183
v -0.114933579 -0.024250886 0.073828582
v -0.126491211 -0.024170654 0.088658084
v 0.017711004 -0.000042060 0.195295628
v 0.026175015 -0.005500000 0.172824979
v 0.016278124 -0.001756027 0.192912056
v 0.031138981 -0.005500000 0.179366976
v -0.025124126 0.001246804 0.180999994
v -0.039999999 0.002500000 0.186039057
v 0.018999999 0.000084240 0.188119562
v -0.009535099 -0.000661429 0.190308625
v -0.037262522 0.001790215 0.192286864
v 0.005228649 0.001956002 0.189552427
v -0.028604258 -0.000349231 0.184388515
v -0.117435311 -0.014928708 0.089567643
v -0.038369611 -0.003869612 0.195999995
v 0.034614013 -0.001298011 0.176690401
v -0.031922993 0.003937788 0.184434793
v -0.030385941 -0.003569656 0.182413749
v -0.018999999 0.000662131 0.190851078
v -0.016433240 -0.001828552 0.192289568
v -0.013132756 -0.000763509 0.193334575
v -0.122027098 -0.028317625 0.087660129
v -0.117164261 -0.024223733 0.078919137
v -0.002000000 -0.002301544 0.197778402
v -0.002000000 -0.005500000 0.199624999
v -0.002000000 -0.003648433 0.199138771
v -0.006596714 -0.000337676 0.198580596
v 0.037500001 0.000952448 0.171519234
v -0.009245230 -0.002263627 0.201483030
v 0.011479555 -0.002037324 0.193841283
v 0.011015320 0.002021873 0.195812369
v -0.016369970 -0.004289789 0.192922515
v 0.032116931 0.000633857 0.167999998
v 0.030707015 -0.001748904 0.179540611
v -0.032859931 -0.005500000 0.182416433
v 0.014452500 0.001514972 0.194987100
v -0.018999999 -0.000500000 0.188999996
v -0.036277866 -0.000310932 0.180999994
v -0.003128343 -0.003114067 0.198331946
v -0.030007479 -0.005500000 0.189259638
v -0.117393901 -0.014075623 0.086415284
v 0.013870179 0.001773838 0.198296792
v 0.003000000 -0.003500000 0.195000002
v -0.029055678 -0.002376186 0.182323443
v 0.004429012 -0.000393873 0.188437819
v -0.025936014 -0.000848837 0.187392706
v 0.007414865 -0.002312659 0.191454373
v -0.038333599 -0.002303808 0.182894848
v -0.089635002 0.007779669 0.050740416
v 0.003000000 0.001038048 0.187596554
v -0.035881161 -0.000259298 0.189379146
v -0.010728915 0.001027774 0.188999996
v 0.007437500 0.000717777 0.184000000
v 0.037500001 0.002500000 0.179374994
v -0.017451914 -0.001469468 0.188999996
v -0.114578328 -0.028054993 0.078219975
v -0.005443372 -0.002511032 0.190225188
v -0.018999999 0.000970600 0.192615521
v -0.113685872 -0.016525025 0.089892681
v 0.035912271 -0.001476984 0.175334749
v -0.111839405 -0.015216769 0.081794790
v -0.119194078 -0.019081858 0.082710045
v -0.012543081 -0.002406649 0.192287690
v -0.014822537 -0.003767316 0.192103431
v -0.004983285 -0.000835686 0.198322241
v -0.089924024 0.008086441 0.046301071
v -0.113521395 -0.021681535 0.081522120
v -0.117796824 -0.023769973 0.086184827
v -0.031608779 -0.001194070 0.183439089
v 0.013108037 -0.000444464 0.200000003
v -0.014721020 0.000590142 0.188999996
v 0.031203127 -0.005500000 0.176124996
v -0.013257514 -0.001717742 0.194339656
v -0.006999290 -0.001765755 0.197947758
v 0.007165003 -0.005500000 0.187595463
v 0.007906105 -0.003876350 0.188268001
v -0.014157442 0.002637349 0.202195469
v 0.035579771 -0.001221101 0.180999994
v -0.118444035 -0.017237571 0.082444442
v 0.031222134 0.001915086 0.170497437
v -0.033125243 -0.003984040 0.180999994
v 0.018999999 -0.001885619 0.196597628
v -0.027578172 0.014857314 0.141000003
v 0.036129469 0.000454254 0.178181621
v -0.110950938 -0.013087115 0.079407106
v -0.003159523 -0.002445778 0.196282392
v -0.004506647 0.000802294 0.197309567
v -0.037231915 -0.003949715 0.191998347
v 0.033411394 -0.000475256 0.167999998
v -0.027630727 0.002997680 0.185347178
v -0.039999999 -0.004019590 0.192230853
v -0.004501699 -0.001563390 0.191602893
v 0.006536526 -0.000353025 0.184000000
v -0.006898042 -0.003000000 0.073902235
v 0.010481262 0.000291341 0.195898201
v 0.007745212 -0.003518420 0.184000000
v -0.125689551 -0.027653037 0.082424040
v -0.027787831 -0.001669447 0.182521536
v 0.039750000 0.000000000 0.046821055
v 0.011749972 -0.002120372 0.187596125
v -0.012309532 0.002364252 0.190990685
v 0.028723265 -0.003713578 0.167999998
v 0.015003462 0.002204602 0.198713161
v -0.039999999 -0.005500000 0.182874994
v -0.124968727 -0.023745101 0.082849648
v 0.024704535 0.001576204 0.074849434
v 0.016178303 0.000755607 0.194470706
v -0.038813908 -0.004097692 0.190835920
v -0.018999999 -0.005500000 0.192187497
v 0.011373629 -0.001215148 0.192554149
v -0.004421890 0.000466473 0.190117140
v -0.126622226 -0.020587490 0.087175652
v -0.115163938 -0.022912545 0.073939585
v -0.005468208 -0.002716104 0.199636191
v -0.113082094 -0.017479494 0.078734658
v -0.109816337 -0.016428088 0.085446267
v 0.031486513 0.000734375 -0.001695682
v -0.004855751 -0.002487134 0.201206597
v 0.024499999 -0.003583474 0.172605729
v -0.111438674 -0.015456000 0.084553101
v 0.018999999 0.001500000 0.200000003
v -0.028870342 -0.003874285 0.188583125
v 0.003000000 -0.001857143 0.195785716
v 0.027596428 0.000437842 0.178440005
v -0.119902861 -0.030325226 0.085337546
v -0.007245039 -0.005500000 0.191914166
v -0.069005986 0.014677881 0.027810313
v -0.007208923 -0.002224078 0.192055056
v -0.003409804 0.001723089 0.190287943
v -0.115292373 -0.026818349 0.083919648
v 0.009539233 0.022000000 0.064079474
v -0.015829300 -0.003000000 0.068756725
v 0.006435586 -0.003762807 0.185579845
v -0.035187499 -0.003500000 0.195999995
v -0.005227760 -0.000742537 0.200919033
v -0.006956071 -0.000020695 0.190522444
v -0.039999999 -0.005500000 0.194124995
v -0.013239284 -0.005500000 0.199236038
v -0.035035164 0.000550745 0.182906387
v -0.010633271 0.001209087 0.192856025
v 0.017670790 -0.000718206 0.200000003
v -0.113061487 -0.022802839 0.081732206
v -0.113113429 -0.021656164 0.077505562
v -0.005044688 -0.005500000 0.196585720
v -0.025383994 0.001874964 0.190486194
v 0.017972751 0.001350071 0.198818835
v -0.123475989 -0.027209508 0.083676047
v -0.010281534 -0.004522316 0.201043677
v 0.007457959 0.003084498 0.198175452
v -0.035443275 -0.001531808 0.184512566
v -0.038703478 -0.002353634 0.195999995
v -0.031000000 -0.005500000 0.194847380
v 0.031507381 0.001944406 0.175808787
v 0.025597848 0.001268154 0.167999998
v -0.005918807 0.003548685 0.203931720
v -0.003358086 0.000000000 0.089004697
v 0.012348356 0.000691303 0.189267239
v -0.033842916 0.002101789 0.193125156
v 0.001500000 0.011856553 0.156311403
v -0.121392546 -0.029185380 0.085085774
v -0.034442588 -0.001547209 0.188734150
v -0.116385056 -0.013841212 0.084825100
v -0.011520083 -0.003095174 0.191418836
v -0.030731114 -0.004143256 0.190763014
v -0.009266918 -0.002185496 0.197115408
v -0.126144437 -0.023707103 0.086703873
v -0.007692127 -0.002082390 0.196304778
v -0.124410444 -0.025111623 0.090745597
v 0.004634952 -0.001259546 0.194838519
v 0.017895933 -0.002231684 0.186677261
v -0.114835051 -0.022526038 0.085579526
v -0.114858781 -0.016067789 0.060801888
v 0.036079215 -0.001115691 0.167999998
v -0.125427515 -0.027516699 0.084210645
v -0.121907772 -0.019888052 0.091275161
v 0.018999999 0.002500000 0.194500002
v 0.018999999 0.001256671 0.193471893
v -0.118954260 -0.025799321 0.087263039
v -0.025442757 0.000987916 0.195999995
v -0.031460876 0.000669128 0.186012125
v -0.030283955 -0.004155106 0.188800379
v -0.033976087 -0.000484367 0.194644932
v 0.017247369 0.016508904 0.176377784
v -0.115207204 -0.020073266 0.079888411
v 0.008961717 -0.001320924 0.184000000
v -0.033073158 0.001594111 0.182394065
v 0.004541949 0.002279109 0.188394891
v -0.002000000 -0.001576233 0.204266388
v -0.124058669 -0.026433033 0.085909682
v 0.018999999 -0.005500000 0.194000002
v -0.006267412 0.006354224 0.186000004
v 0.006206257 0.001210653 0.190353431
v 0.016520685 0.002088987 0.197113768
v 0.016333870 -0.002379708 0.194286883
v -0.018999999 0.001135473 0.202735167
v 0.008288801 -0.001575307 0.192656636
v 0.008864597 0.001956053 0.190739403
v -0.014078952 0.002104200 0.192612762
v 0.007442133 0.000015961 0.187284595
v -0.026066764 -0.000261186 0.182831900
v 0.038683593 0.000000000 0.061910400
v -0.015207584 -0.001185978 0.196446786
v 0.035558626 -0.002268253 0.179651253
v -0.039999999 0.000833961 0.194352053
v -0.002000000 -0.003500000 0.188999996
v -0.002000000 -0.005500000 0.191124997
v -0.013402417 0.000830337 0.200498633
v -0.110184367 -0.019299073 0.087050435
v 0.024499999 0.000500000 0.180999994
v 0.018999999 -0.005500000 0.198000003
v -0.027804678 -0.003000000 0.031677911
v 0.027055467 0.000535157 0.172841316
v -0.030266258 0.001273060 0.181995840
v -0.013073038 -0.003000000 0.071015735
v 0.007316502 -0.002723725 0.200000003
v 0.008045280 -0.005500000 0.192583185
v -0.123745613 -0.017135943 0.094862614
v -0.006914585 -0.002282849 0.204396688
v 0.018999999 0.001160577 0.187866347
v -0.010858578 -0.003079481 0.194308124
v 0.016453428 -0.002091124 0.184000000
v 0.010142308 0.000049188 0.192386087
v -0.002944030 -0.001438414 0.191522369
v -0.030812500 0.001125976 0.195999995
v 0.010954843 0.002500000 0.112277754
v -0.120902331 -0.024703428 0.078935691
v 0.003000000 -0.001602353 0.192520246
v -0.017238799 -0.005500000 0.201846914
v -0.002000000 0.001505312 0.198578744
v 0.005728029 0.002459661 0.187094345
v -0.037999999 -0.005500000 0.180999994
v 0.010278730 0.000959201 0.187321734
v 0.031108571 0.000259272 0.171544488
v 0.013648270 -0.002874848 0.191764263
v 0.024499999 -0.001356881 0.171845317
v 0.007831783 0.000754688 0.190558933
v -0.024000000 0.002500000 0.191253901
v -0.018999999 -0.002097448 0.202557142
v 0.033136245 -0.001494882 0.177759015
v 0.013915281 -0.000246364 0.192034485
v 0.004235029 -0.000696399 0.191473607
v 0.006093969 0.001109307 0.184000000
v 0.013502605 -0.000107318 0.187425868
v 0.016830646 -0.000013177 0.198810843
v -0.117961755 -0.020432119 0.086926065
v 0.007088580 0.009857637 0.180999994
v -0.118969445 -0.015388856 0.090763653
v -0.024000000 0.001173900 0.194714655
v 0.016012312 -0.000747920 0.194811099
v -0.035712725 -0.005500000 0.194253548
v 0.020500001 0.015092257 0.139609814
v -0.110914241 -0.023140770 0.083022727
v -0.118356011 -0.015420198 0.088682644
v 0.030000000 0.000852366 0.180999994
v -0.035304580 -0.005500000 0.188200846
v -0.007375000 0.001347739 0.188999996
v 0.034926928 -0.001315637 0.173826781
v -0.006503729 0.001190428 0.204651151
v 0.012317086 -0.000139040 0.198252190
v 0.026224579 -0.003422973 0.174559480
v -0.112493508 -0.024196249 0.080829808
v -0.035854449 -0.000866427 0.187580089
v -0.008069586 0.000906969 0.194081243
v -0.114062610 -0.022915486 0.078037742
v 0.030687001 -0.001100585 0.177311299
v -0.035837040 0.004047626 0.183276361
v -0.013103751 0.000863137 0.188999996
v -0.119355657 -0.024688850 0.082271723
v -0.038302716 -0.005500000 0.188308801
v 0.005060205 -0.002566675 0.200000003
v -0.014830167 -0.001705024 0.194649111
v -0.125179284 -0.025028865 0.083922833
v -0.039999999 0.002500000 0.194124995
v -0.018999999 -0.000621948 0.190902410
v 0.004193004 -0.000500000 0.200000003
v 0.026205823 -0.001832332 0.172724814
v -0.037356626 -0.005500000 0.194471590
v -0.116855379 -0.015860979 0.084451005
v -0.110366128 -0.012982998 0.081937363
v -0.119994346 -0.027875940 0.080289336
v -0.024000000 -0.003500000 0.180999994
v 0.018999999 -0.003981882 0.193627943
v 0.003000000 -0.002887715 0.193352571
v -0.059855527 0.015877926 0.030147882
v -0.018999999 -0.005500000 0.195374998
v -0.038828077 0.002249069 0.184109604
v 0.030066295 -0.000744224 0.171260734
v -0.112599806 -0.026674458 0.077682573
v -0.113037880 -0.020657192 0.080706663
v 0.013756418 -0.003950818 0.185635779
v 0.009198066 -0.001260726 0.187795470
v -0.010702159 -0.000610162 0.192488937
v -0.117078865 -0.017361465 0.086781967
v 0.036094646 0.001486259 0.175187378
v -0.027722033 0.000929919 0.191777251
v 0.037500001 -0.000334961 0.174687786
v -0.115928782 -0.020466676 0.084167073
v -0.115905434 -0.026024016 0.085739231
v 0.020500001 0.004608610 0.197949943
v 0.015846488 -0.000149415 0.185164613
v 0.010186580 -0.004238748 0.190178053
v -0.018999999 -0.003855180 0.194312497
v 0.017769856 -0.002137597 0.193229744
v -0.006711733 0.002439873 0.192194934
v -0.008054554 -0.000519322 0.206000000
v 0.027023182 0.002680179 0.177287341
v -0.031634389 -0.002746749 0.186762725
v -0.009353623 -0.004424078 0.198853132
v 0.004627715 0.000281649 0.190167450
v -0.036567197 -0.003867151 0.184646022
v -0.037262225 -0.002661989 0.190968945
v 0.030606680 -0.000979612 0.175448309
v 0.017452252 -0.002646072 0.190371148
v 0.012729362 0.002348794 0.195439706
v -0.114360722 -0.017077826 0.085977048
v 0.007313129 -0.003150187 0.190272858
v -0.014168106 -0.005500000 0.190540860
v 0.028591760 0.001016770 0.167999998
v -0.016163199 -0.001338983 0.194182557
v -0.113895937 -0.018931843 0.081197930
v 0.029967452 -0.005500000 0.172841142
v -0.004083363 -0.000086569 0.200009670
v 0.009307979 0.001397932 0.198754880
v -0.034091784 -0.005500000 0.187184547
v -0.115552377 -0.018372930 0.089289084
v -0.038710311 -0.000227624 0.194730778
v 0.014585541 -0.001739734 0.192097027
v -0.111076656 -0.020490262 0.082156742
v 0.010544626 0.002271394 0.190829167
v -0.124003769 -0.025927579 0.079653640
v -0.035771517 -0.005500000 0.182720305
v 0.031326021 0.001219817 0.179470035
v -0.114830438 -0.024611069 0.086178802
v -0.036256611 0.001238137 0.193496366
v -0.032441581 -0.002556774 0.184289411
v -0.118261542 -0.019655763 0.081899660
v -0.000500000 0.008829357 0.205467363
v 0.018999999 -0.001069938 0.193988347
v 0.009218750 0.001317128 0.184000000
v -0.012775494 -0.004074965 0.198498644
v -0.036810004 -0.004084322 0.186179395
v 0.015071092 -0.000102785 0.196074247
v -0.125446938 -0.031458556 0.086864601
v -0.123684654 -0.031220442 0.089064069
v 0.032125000 0.021000000 0.165500000
v -0.032744800 0.001214980 0.195999995
v -0.011853289 -0.003900184 0.192919959
v -0.015276561 0.019500000 0.179280864
v 0.035875001 -0.005500000 0.180999994
v 0.014952533 -0.000666443 0.188220770
v -0.112118396 -0.018095124 0.091106222
v 0.018999999 0.001315205 0.195369296
v 0.032130434 -0.001506340 0.171822628
v -0.038210925 -0.000984889 0.183819829
v -0.031940357 -0.005500000 0.186281310
v 0.011722039 -0.005500000 0.198337041
v 0.011603740 -0.004106559 0.190771866
v 0.009362418 -0.002866870 0.187921315
v 0.004528123 -0.003486945 0.194240345
v -0.004673327 -0.001687441 0.188999996
v -0.024000000 0.001482869 0.193187495
v 0.006825666 -0.005500000 0.185579628
v -0.111572513 -0.023848223 0.079700281
v -0.010722582 0.000092825 0.190121814
v 0.032354464 0.003762056 0.179575704
v -0.118565336 -0.026493705 0.085505868
v -0.029009202 -0.001614711 0.186899987
v 0.003000000 -0.005500000 0.198000003
v 0.009876188 -0.000979467 0.185211601
v -0.037199169 0.002503621 0.185046604
v -0.010638788 0.001935858 0.194066967
v -0.039999999 -0.001578639 0.182661031
v -0.004693869 -0.001115662 0.201890041
v -0.036177499 -0.003778350 0.187886466
v 0.035546431 0.002579579 0.170294686
v -0.123330589 -0.029370462 0.085642136
v -0.010510713 -0.003000000 0.077356461
v 0.018999999 -0.003500000 0.184000000
v 0.016999999 -0.005500000 0.184000000
v -0.014473658 0.001877005 0.204057341
v -0.111491468 -0.016348102 0.088756436
v 0.031096064 0.002103946 0.177456163
v 0.008728533 0.000173767 0.188243436
v -0.008437638 -0.001011852 0.194811106
v -0.113276743 -0.016885313 0.087809883
v 0.017489498 0.002472262 0.193064087
v -0.003207845 0.000231435 0.203362242
v -0.011837539 -0.002979202 0.197893992
v -0.007919337 -0.000846636 0.191386143
v -0.118461728 -0.019220864 0.085832274
v 0.029404081 0.002076849 0.172503324
v -0.125350555 -0.028480717 0.088220793
v 0.012295985 0.000976760 0.197226787
v 0.007704050 -0.002897107 0.192599957
v -0.116700172 -0.029153544 0.082716722
v 0.045000002 0.000000000 0.071376954
v -0.115259941 -0.020961510 0.087975493
v -0.117949227 -0.028492082 0.085185880
v -0.008945231 -0.004203738 0.195602219
v -0.117245845 -0.017518787 0.084862914
v -0.037534798 -0.003967261 0.183392521
v -0.008310330 -0.002085941 0.190316215
v -0.031189305 -0.001391949 0.195999995
v -0.018999999 -0.000429443 0.197841075
v -0.005746336 0.000742731 0.190279948
v -0.038600164 -0.003045358 0.194359748
v -0.124162458 -0.028204371 0.082438454
v 0.035524120 -0.000965389 0.170025775
v -0.115157809 -0.022170215 0.083574610
v -0.125237328 -0.027686144 0.086293667
v -0.035164351 -0.003950652 0.185442038
v -0.000500000 0.006154009 0.204262774
v -0.017813657 -0.004368418 0.188999996
v 0.032352531 0.013048408 0.133000001
v 0.033237216 0.015585926 0.165000007
v -0.005735289 -0.001096285 0.199326269
v -0.022500001 0.015609376 0.147000000
v -0.117640570 -0.024929596 0.083022640
v -0.123774123 -0.021715491 0.088046983
v 0.023731798 -0.003000000 0.038247601
v -0.110206080 -0.018131814 0.085801245
v -0.000796081 -0.003000000 0.025783191
v -0.008579710 -0.004467854 0.200151800
v -0.012855300 0.001073417 0.206000000
v 0.014988358 -0.005500000 0.198277332
v 0.016572333 -0.000671634 0.196304068
v 0.007176595 0.000840691 0.200000003
v -0.007400449 0.000082761 0.193485109
v -0.010109338 -0.002597293 0.195795070
v 0.005727332 -0.004078288 0.187547823
v -0.113895937 -0.021171993 0.076388397
v -0.124526345 -0.029093972 0.086933619
v -0.009437500 -0.005500000 0.188999996
v 0.034683844 0.002912428 0.174666691
v -0.125828657 -0.024465955 0.087567685
v 0.028919519 0.021000000 0.162441985
v 0.028204802 0.004013571 0.177017496
v -0.125239835 -0.023729194 0.090333440
v 0.012515172 0.001819498 0.189667116
v 0.006161101 -0.005500000 0.190442355
v -0.010639927 0.002500000 0.135830735
v -0.113808498 -0.024106750 0.082875018
v 0.026125000 -0.005500000 0.174449980
v -0.121874134 -0.028774911 0.086232690
v 0.035062501 0.001353646 0.167999998
v -0.035962700 -0.004224737 0.182799215
v -0.024000000 0.002500000 0.185687494
v -0.038583407 -0.001681858 0.193447047
v -0.111637626 -0.015993763 0.079166999
v -0.036646044 0.001150307 0.180999994
v 0.031863284 -0.005500000 0.172900387
v -0.010433675 -0.002925202 0.201416706
v -0.024000000 -0.002167058 0.184729407
v 0.008213901 -0.003263888 0.185650824
v -0.118529343 -0.028501724 0.080418797
v 0.035625001 0.002500000 0.180999994
v -0.036810844 -0.005500000 0.188054989
v -0.122609143 -0.026369721 0.086846791
v 0.030000000 0.002500000 0.182499997
v -0.012035107 -0.002216008 0.195059003
v -0.124814101 -0.030472253 0.085420434
v -0.032504360 -0.002997216 0.180999994
v 0.024499999 0.000385018 0.178815208
v 0.016209252 -0.002870203 0.195721044
v 0.006858257 -0.001646658 0.192680370
v 0.015816533 -0.000316819 0.193143008
v -0.115034605 -0.022606964 0.077209834
v -0.033992670 0.002475840 0.185747907
v 0.018999999 -0.005500000 0.190000001
v -0.025180425 0.001185765 0.192210405
v 0.010165993 0.001656172 0.192278116
v 0.018500000 0.021000000 0.099874998
v -0.034301065 -0.000969473 0.185720938
v -0.031470214 -0.000583915 0.194572496
v 0.027892757 0.000570519 0.180999994
v -0.017050816 -0.003598367 0.202763186
v -0.007128697 -0.003143905 0.190634571
v -0.004830366 -0.002753999 0.193646448
v -0.038781249 0.002500000 0.195999995
v -0.110311139 -0.025902583 0.078670449
v -0.009668714 0.002915964 0.192898698
v -0.028408162 0.002098854 0.189069123
v 0.034790953 0.001630826 0.173922417
v -0.039999999 -0.001986544 0.184750645
v 0.037500001 -0.005500000 0.172874996
v -0.118747337 -0.023087688 0.077913334
v 0.003000000 -0.003556677 0.188579194
v 0.032625000 -0.005500000 0.167999998
v -0.013782296 -0.002886734 0.199160498
v 0.034708485 0.001520085 0.172376432
v 0.011534005 -0.001386252 0.185717224
v 0.018999999 -0.002401841 0.198685535
v -0.018999999 -0.004021752 0.202331383
v -0.123418372 -0.028067007 0.086540509
v -0.120057822 -0.018755843 0.095241792
v -0.113340323 -0.023565921 0.085606320
v 0.010934403 -0.002575533 0.192130688
v -0.035446970 -0.004013949 0.186672839
v -0.005680148 -0.000217948 0.204595567
v -0.004474728 -0.003424535 0.202624674
v -0.120026855 -0.029345849 0.084294276
v 0.004239813 -0.005500000 0.195000002
v -0.033539069 0.001320086 0.185521585
v 0.014598053 -0.004122483 0.191135779
v -0.119274476 -0.028230328 0.087236305
v -0.028372496 -0.002349441 0.184199679
v 0.031688019 -0.001859054 0.180999994
v 0.032893737 -0.003688231 0.180999994
v -0.113898189 -0.025821759 0.083408249
v -0.018999999 -0.000721413 0.193520159
v 0.014909838 -0.002896649 0.190680212
v -0.006804584 -0.001442372 0.190344894
v -0.002000000 -0.005500000 0.195374998
v -0.034194400 -0.001090534 0.180999994
v -0.122341592 -0.019048988 0.089933862
v -0.037770178 0.000221398 0.193107910
v -0.004625000 0.001580505 0.188999996
v 0.005929211 -0.001028176 0.191210627
v -0.035695294 -0.002963769 0.189260088
v -0.112642722 -0.013798236 0.086197843
v -0.026712057 -0.003619272 0.186956174
v -0.036413690 0.001131536 0.186769260
v -0.111200215 -0.020031086 0.087415470
v -0.120055900 -0.028477279 0.083023340
v -0.121141064 -0.023614106 0.079706253
v 0.009496313 -0.002945953 0.190044663
v 0.018999999 -0.000252713 0.192850306
v 0.032915634 -0.001885845 0.170310933
v -0.034711732 -0.002051326 0.182567402
v -0.032637652 -0.003927672 0.183594079
v 0.033506143 -0.004247203 0.175377294
v -0.008908999 0.002741396 0.196915239
v 0.007591573 0.002657264 0.188917959
v -0.017180053 -0.002430575 0.193586236
v 0.030280822 -0.002185328 0.172546122
v -0.010485767 0.002215193 0.199942727
v -0.119131547 -0.022289423 0.079577640
v -0.003668324 -0.003764140 0.204338102
v -0.113320146 -0.015271296 0.083091913
v 0.013580407 -0.005500000 0.192128162
v -0.012598894 -0.001475353 0.188999996
v -0.032712738 -0.001412811 0.188139536
v -0.125524346 -0.021825527 0.088666034
v -0.117183280 -0.021944897 0.081733037
v -0.005811899 -0.003779382 0.191597418
v 0.026616643 -0.001153388 0.180999994
v 0.015251401 -0.005500000 0.193944913
v -0.111054466 -0.012271774 0.083706107
v -0.008434930 -0.003590441 0.204565170
v -0.035083826 -0.003137600 0.184071928
v -0.007255753 -0.003993773 0.192451990
v 0.032294347 -0.002285268 0.174498311
v -0.034511351 -0.004194574 0.180999994
v -0.119489138 -0.025282772 0.079281647
v -0.110654500 -0.025861721 0.076225136
v -0.009629203 0.002224272 0.198812609
v -0.112411593 -0.019284207 0.089946476
v -0.039999999 -0.000260186 0.191907062
v -0.124204851 -0.022822669 0.082221410
v 0.033797917 0.000851042 0.180999994
v 0.026000000 0.002500000 0.182999998
v 0.037500001 0.001058502 0.174231311
v 0.014277150 0.001670859 0.196705614
v 0.005000000 -0.005500000 0.184000000
v -0.112182753 -0.025487274 0.076632139
v 0.028811117 0.002495100 0.175731030
v -0.091235444 -0.002685665 0.038095250
v -0.115023010 -0.017517382 0.087824232
v -0.015782705 -0.001836764 0.206000000
v 0.005797752 0.001235400 0.195828182
v 0.017296941 -0.003000000 0.028607243
v -0.003538231 -0.001132948 0.203008896
v 0.031052589 0.000361185 0.176578911
v 0.004861671 0.002038937 0.191644355
v 0.037500001 -0.005500000 0.176124995
v -0.032000000 0.002500000 0.107630207
v -0.120246311 -0.017733061 0.087088414
v -0.031529568 -0.003894626 0.185410419
v -0.115252952 -0.021763877 0.081706395
v 0.009095512 0.003729736 0.194302644
v -0.032256517 0.001034494 0.180999994
v -0.003236233 0.000924766 0.201423697
v -0.009968750 -0.004578031 0.188999996
v -0.038706580 -0.001835128 0.185894765
v -0.018999999 -0.004195404 0.193034792
v -0.012567156 -0.001537125 0.204098201
v 0.003000000 -0.001368823 0.186511601
v 0.036680230 0.018849337 0.095910905
v -0.112726893 -0.024194238 0.077620364
v -0.029364215 -0.001470965 0.193312537
v 0.008661025 0.001112843 0.191833773
v 0.013226332 -0.004464519 0.190978000
v -0.034685362 -0.004016695 0.188047146
v -0.035741184 -0.005500000 0.189699439
v 0.028562500 -0.003513258 0.180999994
v -0.008708132 -0.005500000 0.192022737
v -0.027804506 -0.002960299 0.182514648
v -0.111121920 -0.020351062 0.084689976
v -0.117592468 -0.025728650 0.081130704
v -0.005944161 -0.002400032 0.197695928
v 0.001551810 0.022000000 0.019128329
v -0.034884026 0.001816935 0.194545986
v -0.008858494 0.001372068 0.197009520
v -0.026563885 0.001845311 0.191866983
v -0.113627526 -0.025101552 0.080437010
v 0.015742547 -0.000793395 0.191326065
v -0.120119297 -0.021744221 0.085703074
v -0.036625157 -0.002374758 0.180999994
v -0.013430284 -0.001945849 0.202723940
v 0.037500001 0.000989559 0.179559259
v -0.025455955 -0.002651884 0.192824908
v -0.123104858 -0.023230669 0.079393506
v -0.035408620 0.001571909 0.181946682
v -0.123731637 -0.025347886 0.083360265
v -0.036965648 0.001966082 0.194459074
v -0.004402389 0.000436536 0.192054416
v 0.012628247 -0.001093444 0.186967245
v 0.036294344 0.001969097 0.173808934
v -0.127445714 -0.027014852 0.086334933
v -0.026223147 -0.001920191 0.186260320
v -0.038548592 -0.005500000 0.193187495
v -0.017856724 -0.001117252 0.193146457
v 0.029061838 0.001407921 0.169384342
v -0.004906121 -0.000950444 0.190132190
v -0.123317098 -0.029264778 0.083347954
v 0.009818084 -0.001567309 0.193288446
v 0.033006149 0.001812377 0.169502191
v -0.113578608 -0.019962173 0.078042153
v -0.034235628 -0.000746566 0.182176056
v -0.031802124 0.000440826 0.187951219
v 0.031564537 0.000761244 0.177609582
v 0.030621746 -0.000928824 0.169531221
v 0.030770089 0.016000001 0.161822543
v -0.127122304 -0.028469297 0.086114066
v -0.118400871 -0.029610170 0.081687847
v 0.030806959 -0.004037829 0.172467028
v 0.033115243 -0.003000000 0.077723063
v 0.026124999 -0.005500000 0.176500080
v 0.015213807 -0.004091541 0.186341114
v -0.037435122 -0.004468610 0.188777059
v 0.017620914 -0.000479648 0.192475165
v -0.038721810 -0.000937856 0.191859968
v -0.010088428 -0.001228881 0.203737536
v -0.012802561 0.001754523 0.198242178
v -0.012625000 -0.005500000 0.188999996
v -0.110107173 -0.017217184 0.083125978
v -0.012981718 -0.003291116 0.190365147
v -0.112179294 -0.024091204 0.075146006
v -0.039999999 -0.004021880 0.194552500
v -0.113708734 -0.018464424 0.089599739
v -0.118263838 -0.025700750 0.079894175
v -0.115484326 -0.013805704 0.087404627
v -0.004665094 -0.004289189 0.192603281
v -0.016060830 -0.003658617 0.194661169
v 0.006383935 0.001180947 0.197179799
v -0.009109291 -0.003490780 0.198028593
v -0.009727527 0.003869425 0.200373236
v 0.026077970 -0.005500000 0.171249995
v -0.033038865 0.000513884 0.183671488
v -0.116836550 -0.018326257 0.088097333
v 0.025691692 0.001316690 0.172238976
v -0.008486980 -0.000396635 0.188999996
v -0.011757039 -0.001612149 0.191655832
v 0.032369833 0.002502062 0.176643524
v -0.018999999 -0.001904619 0.192747200
v -0.116299111 -0.029934199 0.081188665
v -0.032884361 0.000141998 0.194818503
v -0.033912111 -0.004270446 0.182469229
v 0.015899388 0.002050514 0.193665747
v 0.007661281 0.001243988 0.185249728
v -0.118930433 -0.026492823 0.078189753
v -0.033168969 -0.002493614 0.182329394
v 0.033460715 -0.003537727 0.172650647
v -0.113365647 -0.019686254 0.079894448
v -0.013696448 0.003159456 0.198024780
v -0.038282142 -0.005500000 0.185138065
v -0.115936892 -0.021546975 0.084798605
v -0.110633174 -0.018669191 0.079248793
v -0.016791502 0.000296083 0.199821239
v 0.030578126 -0.002563132 0.169334031
v -0.005759856 -0.005500000 0.202590529
v -0.037217525 -0.004378237 0.190232170
v -0.015539898 0.002492987 0.200833450
v 0.017686240 -0.005500000 0.189000001
v 0.037500001 -0.003500000 0.175312496
v -0.113922085 -0.017454356 0.081289029
v -0.125288543 -0.026192375 0.087449146
v 0.027553648 -0.004094284 0.175555529
v -0.033421701 -0.005500000 0.184862194
v 0.010554688 0.002500000 0.200000003
v 0.017264623 -0.001642507 0.195472767
v 0.003000000 0.001476246 0.189510941
v -0.028895090 0.000551340 0.195999995
v -0.003229171 -0.000934006 0.200759861
v -0.025189332 0.000616298 0.186680161
v -0.017699755 0.002285032 0.190652338
v -0.115190904 -0.001143307 0.071358569
v -0.002750000 0.018296875 0.146854524
v -0.034901597 0.003829652 0.192122199
v -0.002000000 -0.000582082 0.197633969
v -0.122892193 -0.021979035 0.089538800
v -0.013840013 0.002173511 0.195281365
v -0.004599878 -0.002915971 0.195175955
v 0.037500001 -0.003619074 0.173370934
v -0.123947380 -0.031507420 0.086290799
v 0.037500001 -0.000500000 0.179962682
v -0.024000000 -0.003491693 0.192249449
v -0.035800280 -0.001053787 0.182626445
v -0.029937610 -0.003395046 0.195999995
v -0.038647028 0.000593850 0.191621479
v 0.033983877 -0.004146446 0.178398199
v 0.010937111 -0.005500000 0.194790644
v 0.035669308 -0.001447192 0.171942353
v -0.008962229 0.000010991 0.203372185
v 0.033370687 -0.002196108 0.173339800
v 0.018999999 0.001500000 0.184000000
v 0.035211946 -0.004147427 0.179540179
v 0.015049174 -0.002974785 0.192772528
v -0.119444925 -0.025532027 0.077259685
v -0.113278883 -0.012978660 0.083655345
v -0.032832867 -0.001501211 0.195999995
v -0.034994779 -0.003822702 0.194071397
v -0.031402582 0.001801150 0.188035669
v 0.034515828 -0.002640119 0.169512917
v -0.015766691 -0.002783054 0.193542717
v -0.119243078 -0.027906217 0.085232547
v -0.120269085 -0.019260773 0.090985023
v -0.036742762 -0.003867967 0.193842936
v 0.032473599 -0.002760454 0.172021709
v 0.035056501 0.001343206 0.177324731
v -0.039999999 -0.005500000 0.190374995
v -0.121446270 -0.020767261 0.090102975
v -0.036072966 -0.005500000 0.191372945
v 0.003000000 -0.005500000 0.186000000
v -0.017290621 -0.002424188 0.190483315
v -0.108525812 -0.018341752 0.081896743
v 0.007804009 -0.005500000 0.190895967
v 0.015576676 -0.003166691 0.184000000
v 0.031590867 -0.000386189 0.179695109
v 0.010354083 0.005485866 0.070509264
v -0.111734886 -0.016570135 0.087058720
v 0.032589559 -0.002576764 0.180999994
v 0.014432882 -0.005500000 0.190133615
v -0.109365077 -0.019293934 0.080499625
v 0.024499999 0.001200373 0.173772990
v -0.117586747 -0.017534276 0.092741874
v 0.028040528 -0.002695529 0.179261186
v -0.120434645 -0.016879136 0.088671092
v -0.115137197 -0.015811178 0.089652329
v 0.003000000 -0.004320127 0.187000001
v 0.008926363 0.002434553 0.195465029
v 0.029475798 -0.005500000 0.171290957
v -0.006115885 -0.003690975 0.203150814
v 0.018999999 -0.004275000 0.185225000
v -0.110901396 -0.027154442 0.077813180
v 0.027510434 -0.002639804 0.173928755
v -0.121324706 -0.025643423 0.085838536
v 0.013489205 -0.005500000 0.194052517
v 0.017998112 -0.002500000 0.184000000
v 0.003992650 -0.005500000 0.194037870
v 0.029098525 -0.005500000 0.177597651
v -0.028164483 -0.005500000 0.187429451
v -0.013383441 -0.004405350 0.199855587
v -0.015635801 -0.005500000 0.201979824
v -0.038740716 -0.005500000 0.189679221
v -0.026000000 -0.005500000 0.195999995
v 0.017492174 -0.002915344 0.198298351
v 0.013551449 -0.004001399 0.200000003
v 0.003000000 0.000750000 0.198250003
v -0.109165575 -0.014555681 0.085636262
v 0.026190163 0.000834272 0.180999994
v -0.120549118 -0.022341137 0.096502237
v 0.012442241 -0.002816536 0.186275957
v -0.024000000 -0.005500000 0.194124995
v -0.026618922 -0.005500000 0.187803045
v -0.024499999 0.019269582 0.177048501
v -0.038232166 -0.004390406 0.193325308
v -0.038214167 -0.001525753 0.180999994
v -0.008791931 0.002039294 0.194993541
v 0.005597032 -0.004016013 0.190449416
v 0.029693580 0.000860318 0.171293083
v -0.114642417 -0.021828204 0.087078825
v 0.033654102 -0.002701981 0.179591982
v 0.005950525 -0.002628492 0.194775767
v 0.014287604 -0.001615490 0.184000000
v -0.113987764 -0.026591186 0.078296222
v -0.005984583 0.003093894 0.199746578
v 0.003000000 -0.004361469 0.193000002
v -0.033256008 0.002206885 0.190273854
v 0.028824120 -0.001003573 0.178242078
v -0.112952289 -0.017969467 0.080115784
v 0.004891390 0.000930537 0.200000003
v -0.121772248 -0.025329226 0.087481220
v -0.009911928 0.001398792 0.190189688
v -0.115384260 -0.020800710 0.091824057
v 0.025828858 0.001965060 0.170979032
v 0.031628874 -0.001121287 0.178212421
v -0.019926014 -0.003000000 0.061228369
v -0.026845253 -0.003165588 0.185322161
v -0.017854503 0.001665572 0.201686924
v 0.026840995 0.001733967 0.173857678
v 0.032374847 -0.004002828 0.179279644
v -0.112073192 -0.020681808 0.079091712
v 0.014565052 -0.002799794 0.185345045
v -0.029665811 -0.003810357 0.184691958
v 0.014477243 0.001517797 0.187120350
v -0.006686224 -0.000909423 0.193226079
v -0.016877741 -0.003807410 0.197915264
v -0.110361033 -0.017480429 0.089631620
v -0.126196598 -0.026264970 0.083672754
v -0.035787556 0.000082992 0.181963710
v 0.006139312 -0.000639723 0.195494347
v 0.010843998 0.000481806 0.185328248
v -0.114667765 -0.017275095 0.082434061
v 0.017939099 -0.003762566 0.192962034
v -0.016309446 -0.003000000 0.074247145
v 0.017366753 -0.002251150 0.185339124
v -0.013014994 -0.003935600 0.188999996
v -0.110382553 -0.023347722 0.082068214
v -0.111424533 -0.014540040 0.086569848
v -0.122848083 -0.024730535 0.086364887
v -0.119958219 -0.027090546 0.079336543
v -0.123869845 -0.023880288 0.090156567
v 0.004660882 -0.005500000 0.191384205
v -0.018999999 -0.000429443 0.196731011
v -0.013687500 -0.005500000 0.203697917
v -0.034846425 -0.002316664 0.187281927
v -0.018500000 0.018500001 0.148374999
v -0.122939904 -0.021451639 0.091688419
v -0.024000000 -0.001215200 0.193385329
v -0.031296598 -0.004255176 0.183866619
v 0.031267398 -0.002915977 0.172012400
v -0.122074330 -0.017713453 0.089727381
v -0.114297331 -0.026627874 0.080150659
v -0.115950417 -0.015090133 0.084143238
v 0.026842766 -0.003572306 0.172785843
v -0.014688720 -0.003000000 0.062181068
v -0.037147139 -0.004285282 0.187365791
v 0.025600954 0.000986569 0.173826522
v 0.029646568 -0.004293686 0.172156145
v 0.032190937 0.001483352 0.171825360
v -0.029716012 -0.004085685 0.186213707
v -0.037042031 -0.001243475 0.180999994
v 0.003000000 0.001464286 0.197000002
v -0.113379738 -0.018180812 0.082556925
v -0.002000000 -0.003977362 0.195824285
v -0.010698631 -0.003326536 0.204440698
v -0.114754441 -0.019017167 0.093318125
v 0.025933494 0.000334358 0.175596101
v -0.118830941 -0.024984795 0.090862536
v -0.028831075 -0.004485350 0.180999994
v 0.004612103 -0.002918145 0.189419040
v -0.010908987 -0.001490835 0.188999996
v -0.121594297 -0.025300905 0.094022848
v -0.118229576 -0.018512891 0.087745692
v -0.036005429 -0.000448150 0.193024480
v -0.039999999 -0.001743164 0.192858936
v -0.115974135 -0.026933782 0.084650898
v 0.036241067 0.002564806 0.178210978
v -0.035448022 -0.005500000 0.192647376
v 0.030586228 -0.001768581 0.173982356
v -0.011170291 -0.001174138 0.198360642
v -0.118596645 -0.024867104 0.084877563
v -0.029548664 0.000219093 0.188776662
v -0.110418906 -0.024065628 0.079150164
v -0.017589600 -0.000646322 0.194239210
v 0.003000000 -0.000812500 0.198562503
v -0.033758568 -0.000686439 0.187089206
v 0.007797230 -0.004025547 0.194588029
v 0.003000000 -0.003500000 0.184000000
v 0.004190927 -0.002290206 0.184000000
v 0.034509795 -0.003717096 0.176785875
v -0.109374061 -0.020222073 0.084809607
v -0.012038003 0.002394835 0.192991416
v 0.035326949 0.000696173 0.169819625
v 0.004216883 -0.002872873 0.192682559
v 0.034169740 -0.004146558 0.180999994
v -0.038838896 0.006760238 0.197999999
v -0.018999999 -0.001525285 0.204280312
v 0.027755028 0.002383955 0.172962561
v 0.030534700 -0.003978490 0.170763031
v -0.007612559 0.000446752 0.192178924
v 0.003000000 -0.003246187 0.190202801
v -0.111874578 -0.012584608 0.082743067
v -0.121144269 -0.018685272 0.092678219
v -0.007432569 -0.000856555 0.202989804
v -0.121203812 -0.027344862 0.086239932
v -0.124436969 -0.018141838 0.088344389
v -0.113423977 -0.021802685 0.083104576
v -0.027750611 0.002246900 0.192643912
v 0.037500001 -0.004238304 0.178210789
v -0.037082502 0.000068202 0.191526066
v -0.005276519 0.000617954 0.200235072
v -0.002000000 -0.003905392 0.194044268
v -0.031277390 -0.004145178 0.195999995
v 0.006980698 -0.002086805 0.185606624
v -0.017133409 -0.002259705 0.204380210
v 0.003000000 -0.004325064 0.189567627
v 0.028736211 -0.001893584 0.171700548
v -0.122888470 -0.019626381 0.094845966
v -0.122903963 -0.024882230 0.082284197
v -0.025481500 -0.002567110 0.184804965
v 0.003000000 -0.000500000 0.184000000
v -0.116129078 -0.024035152 0.088601327
v -0.030037791 -0.002908294 0.187528150
v -0.108798961 -0.020648304 0.080609720
v 0.012138461 -0.000512935 0.194754967
v 0.027800014 -0.005500000 0.172874993
v 0.033671465 -0.000053323 0.174638229
v 0.005580005 0.005974413 0.193297815
v 0.011975325 -0.002512300 0.198142279
v -0.035870854 -0.005500000 0.186805626
v 0.017926936 -0.000892323 0.196529734
v -0.016193880 0.002271870 0.202138766
v -0.038599810 -0.004084286 0.187547358
v 0.033883363 -0.000563741 0.170623613
v -0.009936194 -0.005500000 0.193905233
v -0.124046318 -0.027873574 0.084706203
v -0.118799713 -0.028572197 0.083562733
v -0.038843576 0.001900343 0.185893528
v -0.036853633 -0.004203479 0.195999995
v -0.039999999 -0.005500000 0.186624994
v -0.114614696 -0.024294069 0.081787249
v -0.027000000 -0.005500000 0.194671511
v 0.034463726 0.001814151 0.179874521
v -0.118434346 -0.018036380 0.089683181
v 0.025000000 0.011000000 -0.029999999
v 0.010468285 -0.002098935 0.196971419
v 0.018999999 -0.004165432 0.189640948
v 0.027334568 0.000784521 0.175723471
v -0.017143137 -0.005500000 0.197053890
v 0.014911165 -0.002156459 0.198399439
v 0.032347639 -0.000263182 0.169561454
v 0.037500001 -0.000256520 0.176506960
v 0.009098969 -0.005500000 0.189754678
v -0.114641066 -0.023851457 0.084002051
v 0.032173980 0.003817958 0.175148033
v -0.033550703 0.001222731 0.191508733
v 0.013074711 -0.001869554 0.196853525
v -0.015000609 -0.001533242 0.201796395
v 0.024499999 -0.005500000 0.176124995
v -0.039999999 -0.000621462 0.185243363
v 0.005313825 -0.001305439 0.198491637
v -0.120931859 -0.024755938 0.090097142
v -0.011960611 0.000645181 0.191086308
v -0.113596523 -0.020696583 0.087229322
v -0.124820754 -0.024581572 0.086289903
v -0.011605385 0.001557835 0.189988276
v -0.004350335 -0.003598152 0.199563138
v -0.027294257 0.001840884 0.190729915
v 0.007100642 -0.004301878 0.187043757
v 0.027836422 -0.000651652 0.169279642
v -0.108603670 -0.016865734 0.088157017
v -0.009979163 0.000046047 0.193693985
v -0.034238002 -0.004328092 0.184149865
v 0.008705519 -0.004278305 0.192764202
v -0.118187685 -0.021369369 0.084169018
v -0.031088376 0.001724623 0.190677814
v -0.010043162 -0.004178619 0.195128147
v -0.007681324 -0.005500000 0.193315539
v -0.031966742 -0.003995322 0.182281835
v -0.003300844 -0.005500000 0.194557020
v -0.013183076 0.002721112 0.200519842
v 0.004584713 -0.005500000 0.185584713
v -0.014940356 -0.005500000 0.191461802
v -0.031287975 0.002794564 0.188477221
v 0.006050289 0.001300107 0.200000003
v -0.013296873 0.001711898 0.191880186
v -0.037768723 -0.004039767 0.194862563
v -0.032904329 -0.004068102 0.186991370
v 0.015580164 0.002639409 0.196462294
v -0.114253607 -0.014181643 0.083211921
v -0.028659307 -0.001402056 0.189487951
v 0.031672421 -0.000207454 0.174490273
v 0.021741602 0.000000000 0.087257715
v -0.030896531 -0.000613424 0.187488936
v -0.022500001 0.002500000 0.191898432
v -0.125602186 -0.021174196 0.090966670
v 0.018999999 -0.001625000 0.185708333
v -0.032122985 -0.001723659 0.180999994
v 0.008896713 -0.001609785 0.195982122
v -0.116159735 -0.018688658 0.084057481
v -0.008058065 0.004226288 0.208000004
v -0.013956423 -0.001516338 0.204413525
v -0.027716425 0.000552197 0.183377524
v 0.004482682 -0.002204544 0.193874867
v 0.012514283 -0.005500000 0.195462728
v 0.036122753 -0.000757207 0.174125607
v -0.027051626 0.000691751 0.192705729
v -0.111340467 -0.025986145 0.077651697
v 0.034224890 0.000939080 0.178394995
v 0.035984738 0.000321821 0.171670457
v -0.037562499 0.001360308 0.195999995
v -0.024000000 -0.003014837 0.189581454
v -0.014427351 -0.003467883 0.206000000
v -0.005251338 -0.004184672 0.196213387
v -0.005460688 -0.005500000 0.194663812
v -0.124888751 -0.024888551 0.088312232
v -0.025108868 0.002876282 0.193155457
v -0.116744119 -0.020148001 0.087859656
v -0.012142372 0.001684664 0.202747539
v -0.038899900 0.001266326 0.195999995
v -0.031605197 0.001705687 0.182538396
v 0.020500001 0.003219079 0.194500002
v -0.018999999 -0.004340166 0.191656247
v 0.005443678 -0.001602203 0.184000000
v -0.118590541 -0.024038328 0.076907517
v -0.012459081 -0.005500000 0.193198129
v -0.008423985 -0.003715982 0.193961006
v -0.004955478 0.001251899 0.206000000
v 0.012791626 -0.002346537 0.192844410
v -0.039500002 0.021000000 0.143124994
v -0.124784165 -0.021532314 0.091792267
v 0.008109528 -0.003648056 0.197198498
v -0.012067076 -0.004247712 0.194595095
v -0.018999999 0.000212601 0.193232447
v -0.124044537 -0.029858282 0.089202999
v -0.031671244 -0.002402880 0.194430940
v -0.123188243 -0.025491303 0.087959519
v -0.035390112 -0.005500000 0.184355834
v -0.110595235 -0.021923275 0.082060241
v -0.038482529 0.000936783 0.194791704
v -0.031134825 -0.001186418 0.190860990
v 0.011154938 -0.003000000 0.048723314
v -0.010832985 -0.000623729 0.191258911
v 0.015747262 -0.004342139 0.191712008
v 0.031801727 -0.002813135 0.179842089
v -0.119725474 -0.026545640 0.080484575
v -0.034414390 0.000249335 0.192734164
v -0.109712106 -0.021096226 0.084115250
v -0.121380184 -0.017726196 0.094570090
v 0.015875461 -0.004256781 0.193155900
v 0.027605109 0.002598444 0.169605665
v -0.013409618 -0.005500000 0.197112748
v -0.009478428 0.001559474 0.204370711
v -0.004296854 -0.001421809 0.206000000
v 0.015904110 -0.003709875 0.185300631
v -0.010138735 -0.000317119 0.199138730
v -0.025593503 0.000713480 0.194049358
v -0.010528568 -0.005500000 0.203765033
v -0.039999999 -0.002720995 0.182040661
v -0.110203851 -0.020754898 0.080958591
v -0.122970351 -0.027696013 0.089541409
v -0.115724644 -0.019955487 0.078415889
v 0.027924809 -0.000917446 0.179793457
v -0.033754446 -0.002619509 0.192154732
v -0.009891373 0.005261742 0.192812889
v -0.030816407 -0.005500000 0.186086698
v -0.020500001 0.002500000 0.168625002
v 0.024499999 -0.002931883 0.178439863
v -0.033504566 0.001239305 0.189234504
v 0.029375000 -0.005500000 0.167999998
v -0.116774551 -0.019556983 0.085358013
v 0.004596831 -0.004045110 0.185924480
v -0.011710594 -0.002435545 0.190169991
v 0.018999999 -0.001334180 0.189055574
v 0.017698968 0.003039548 0.196145719
v -0.118678478 -0.026682775 0.081244360
v -0.117082886 -0.019219002 0.090318434
v 0.034328703 -0.004244364 0.173840315
v -0.124914499 -0.026104716 0.089730912
v -0.016499903 -0.002831191 0.200815423
v -0.036836648 -0.004345216 0.180999994
v -0.110905059 -0.023201558 0.077035434
v -0.015620938 0.000246630 0.190872654
v 0.025000000 0.021000000 0.162437500
v -0.039999999 -0.004114053 0.187125584
v 0.011798906 -0.003560906 0.184000000
v -0.018999999 -0.001211369 0.190020617
v 0.017754267 -0.000920497 0.187414454
v -0.102786886 -0.000332025 0.052023495
v -0.114259548 -0.023638823 0.074750286
v -0.018415297 -0.003000000 0.055576539
v 0.011391906 -0.000411865 0.184000000
v -0.117296845 -0.013204881 0.087451457
v -0.116547031 -0.016490499 0.085651597
v 0.011331030 0.001140080 0.190349830
v 0.008989152 -0.000423795 0.195795005
v 0.035239900 0.000321512 0.174147655
v -0.015343042 0.003599447 0.201192493
v -0.039999999 0.002500000 0.190374995
v 0.004150838 -0.002434181 0.195261561
v -0.119475641 -0.026744883 0.089418034
v -0.118654088 -0.014671080 0.089773871
v -0.016103968 -0.003000000 0.080266983
v -0.013164967 -0.005500000 0.200489409
v -0.112784385 -0.028704809 0.078239461
v 0.011167343 0.003457305 0.187356974
v -0.015886562 -0.000327687 0.200473639
v -0.014804522 -0.002402623 0.206000000
v -0.008785630 -0.001195873 0.204615502
v -0.108795506 -0.015615418 0.086745321
v -0.012121631 -0.005500000 0.204371442
v -0.003297477 -0.004038049 0.195670220
v 0.034999705 0.000582082 0.179561291
v -0.008018074 0.002174685 0.204755260
v -0.017630841 0.000297955 0.198438887
v -0.008938652 -0.004381477 0.192432769
v -0.014168529 -0.004043741 0.198013750
v -0.113582449 -0.014547567 0.081720897
v -0.120437879 -0.026039075 0.082819802
v 0.034505837 -0.001310908 0.167999998
v -0.117339800 -0.019528362 0.076519086
v -0.117600339 -0.016885160 0.090149081
v 0.032206294 -0.004141708 0.171428413
v -0.011945796 -0.005500000 0.196501293
v -0.002000000 -0.003250138 0.203808937
v -0.017578093 -0.005500000 0.190421902
v 0.034386141 -0.005500000 0.174787395
v -0.005345534 0.000200887 0.203128920
v -0.024000000 -0.001574196 0.190357146
v 0.028398608 -0.003816380 0.172816529
v -0.114253621 -0.021198084 0.085889683
v 0.027420916 -0.004162376 0.167999998
v -0.025608735 -0.005500000 0.193801369
v -0.112543478 -0.016239332 0.084208259
v -0.005336674 -0.002937045 0.204415522
v -0.034542857 -0.002891384 0.180999994
v 0.015791883 0.000979601 0.200000003
v -0.031740126 -0.001397013 0.189254324
v -0.011003241 -0.005500000 0.191366825
v -0.118839225 -0.018130861 0.093982026
v -0.111347135 -0.025808287 0.080130599
v -0.110923921 -0.019000575 0.080904543
v -0.036198358 -0.001105860 0.195999995
v 0.003000000 0.001162775 0.185500000
v 0.034904632 -0.000668442 0.175415596
v 0.010117830 0.001441532 0.194261667
v -0.014844745 -0.005500000 0.194504638
v -0.025376844 -0.000521856 0.193406977
v -0.018999999 -0.003066507 0.198825158
v 0.027692622 0.000310997 0.170967500
v 0.003000000 -0.004220485 0.191691361
v -0.032481263 -0.000134893 0.193537967
v 0.003000000 0.000500000 0.194988310
v 0.035378644 0.002308278 0.176378144
v 0.003948337 -0.004152480 0.190647271
v -0.004017388 -0.000519645 0.204484470
v 0.027375626 -0.004319833 0.171478392
v -0.013797581 -0.003606154 0.195548143
v -0.016430330 0.000911527 0.202008894
v -0.116218662 -0.016937628 0.089026113
v -0.017920875 -0.002204785 0.203359334
v 0.017883887 -0.003951075 0.188410030
v 0.033403649 0.000878114 0.172378913
v 0.012576210 -0.003000000 0.041708483
v -0.016594274 -0.002466396 0.199058199
v -0.110884229 -0.013759020 0.080996427
v -0.017597348 -0.004152390 0.193820295
v -0.002000000 -0.005500000 0.202812499
v 0.033658774 0.002166140 0.171428267
v -0.003445372 -0.002787430 0.200176479
v -0.116573451 -0.022391704 0.083230265
v -0.027340805 -0.000692800 0.191351360
v 0.031812500 0.002500000 0.167999998
v 0.036317756 0.001745820 0.179866872
v -0.124467854 -0.028581925 0.089230566
v -0.112805582 -0.026687059 0.080877439
v -0.017506225 0.000264854 0.193144851
v 0.033015952 0.001056075 0.176647493
v 0.031809546 0.005449503 0.165000007
v 0.006854262 -0.005500000 0.193792229
v -0.018999999 -0.005500000 0.199624999
v 0.017827440 0.001554410 0.195848608
v -0.110305079 -0.018411788 0.088354338
v -0.117272270 -0.025898454 0.084746603
v 0.016021941 -0.001868131 0.190590625
v 0.009521618 -0.002768974 0.194611412
v -0.088976670 -0.001889793 0.049239040
v 0.029636184 0.002651474 0.170324058
v 0.031898555 -0.002639290 0.170898162
v -0.012118690 -0.000751306 0.190574765
v 0.034207544 -0.000598904 0.180999994
v 0.028985667 0.001904834 0.173670599
v -0.007893898 -0.005500000 0.190489604
v -0.123064723 -0.018966995 0.092548763
v -0.117689654 -0.019877210 0.082960732
v 0.031821504 -0.002517474 0.167999998
v -0.007180263 -0.002238367 0.194902369
v 0.030802701 -0.003976177 0.176269202
v -0.020500001 0.011853655 0.172996598
v 0.031419427 -0.003681023 0.178129942
v 0.024499999 -0.005500000 0.172874996
v 0.005000000 -0.005500000 0.200000003
v 0.009053669 -0.002695503 0.192190299
v -0.120851903 -0.026016307 0.092138332
v -0.010595718 -0.002654176 0.188999996
v 0.037500001 -0.001228156 0.173354645
v -0.030267078 -0.005500000 0.183660817
v 0.034871210 0.002457746 0.171639210
v -0.035980927 0.002504482 0.187811681
v 0.037500001 -0.002121234 0.169984169
v -0.006799912 -0.000503349 0.206000000
v -0.007250000 0.021000000 0.098348555
v -0.119424196 -0.020772383 0.087839850
v -0.114187040 -0.015206803 0.088530321
v -0.029651742 -0.002528970 0.191698953
v -0.006883739 -0.003977905 0.194033205
v 0.037500001 0.000500000 0.167999998
v -0.037154199 -0.002883082 0.182114660
v -0.111663485 -0.018345445 0.087079152
v -0.035430698 -0.001422015 0.186489559
v -0.025214111 -0.001747149 0.193860653
v -0.032973495 -0.005500000 0.183639871
v -0.015256500 -0.002263879 0.191616862
v -0.037834872 0.003350309 0.193428254
v -0.118366236 -0.017659954 0.084260312
v -0.007296732 0.001662902 0.200435838
v -0.004340177 -0.003461267 0.191620083
v 0.028703299 -0.005500000 0.169667594
v 0.033580387 0.001031928 0.167999998
v -0.017723171 0.001817222 0.203233014
v 0.014339759 -0.004037648 0.187655980
v -0.025009663 -0.002331756 0.191136707
v 0.005977749 -0.001525350 0.193907927
v 0.004065509 0.001410526 0.189029045
v -0.034409063 -0.005500000 0.194688108
v -0.038884588 -0.002363619 0.188397787
v 0.010913545 -0.003000000 0.027945740
v -0.123556910 -0.028800699 0.088402793
v -0.111489235 -0.018392906 0.078343750
v -0.024000000 -0.001818512 0.183266278
v 0.034271866 0.001544376 0.175606062
v 0.006676711 0.001680995 0.198682054
v -0.003519366 -0.001956409 0.204707755
v 0.024499999 -0.003500000 0.180999994
v -0.121592144 -0.026963887 0.088273845
v -0.037587338 0.002016734 0.186707854
v 0.010952416 -0.003007247 0.186749616
v 0.029532992 -0.000349983 0.180999994
v 0.037500001 -0.004100238 0.176702776
v -0.016294727 -0.004321226 0.201025999
v -0.028246083 0.001294273 0.182006966
v 0.005881836 -0.004209465 0.193317555
v -0.014800462 -0.001342127 0.190443615
v 0.029933380 -0.004112133 0.180999994
v -0.110263598 -0.016987081 0.087041414
v 0.013727190 -0.003777472 0.195174012
v -0.010221150 -0.004090311 0.197345683
v -0.025889670 -0.003248728 0.180999994
v -0.034134310 0.001173035 0.180999994
v -0.025846626 0.001036190 0.183744773
v -0.027168579 -0.002861538 0.189117031
v 0.017335908 -0.005500000 0.192729643
v -0.116778864 -0.015848028 0.088464998
v -0.036512726 -0.002013460 0.187973165
v -0.030157242 -0.000992362 0.189639511
v -0.112591735 -0.014771336 0.084687442
v 0.004365616 -0.004313632 0.193030128
v 0.024499999 -0.004053276 0.171237353
v 0.033459320 -0.003077903 0.174238745
v 0.005506377 0.000046021 0.194001740
v 0.009848102 -0.005500000 0.194332555
v 0.002989012 -0.003000000 0.031321735
v -0.013388840 -0.000422153 0.188999996
v 0.035438940 -0.000643258 0.179619025
v -0.004587101 -0.001661079 0.196387772
v -0.116776572 -0.014022900 0.088208646
v -0.007252139 -0.000812883 0.204469753
v 0.034221974 0.001987994 0.170329385
v -0.034418536 -0.000593105 0.183725101
v -0.011763022 -0.005500000 0.190148398
v 0.027117007 0.000528100 0.168972089
v -0.018999999 -0.004091873 0.197811131
v -0.034162704 -0.001165339 0.192997066
v 0.024499999 -0.003500000 0.167999998
v -0.030131946 0.000199072 0.190340919
v -0.010137386 0.000841567 0.206000000
v -0.013883283 -0.002722541 0.191604577
v 0.034021441 0.000292134 0.169251631
v 0.029333186 -0.003039044 0.170538145
v -0.034060091 -0.003806390 0.189591801
v -0.027151517 -0.005500000 0.184543246
v -0.124189338 -0.025799385 0.089030653
v -0.030352224 -0.001465309 0.194619931
v 0.009606131 -0.003172960 0.196133532
v 0.015345872 0.000636635 0.191539309
v -0.017473553 -0.004225278 0.190150302
v 0.012297690 0.000558476 0.185311833
v 0.017715315 -0.005500000 0.185284684
v -0.026433916 0.001959006 0.194881269
v 0.029910686 -0.004330078 0.177518057
v 0.031762828 -0.003165827 0.173477820
v 0.033674850 -0.000939108 0.172898580
v 0.011121789 -0.002858264 0.185263371
v 0.005202333 0.000734040 0.198372786
v 0.004048306 -0.003000000 0.061701627
v 0.003000000 0.001331878 0.195826514
v -0.016788387 0.003442959 0.203606995
v 0.017847153 -0.001939214 0.200000003
v 0.030439987 -0.005500000 0.169644085
v -0.007772426 -0.005500000 0.204556586
v -0.015004286 0.002004930 0.191357854
v -0.026912667 -0.001451264 0.184694123
v 0.033701709 -0.001514631 0.169321831
v -0.126722594 -0.027543142 0.084998222
v -0.038495684 -0.000930356 0.187309456
v 0.004594756 0.001204325 0.196827147
v -0.117390485 -0.019939210 0.095530029
v -0.117408642 -0.021081093 0.094076094
v -0.002000000 -0.000048621 0.201726060
v -0.113950235 -0.020351800 0.090552598
v 0.030570168 -0.002519602 0.176868949
v -0.017596707 -0.005500000 0.198682390
v -0.030009776 -0.001419013 0.188267504
v -0.034968749 0.002500000 0.195999995
v -0.004125000 -0.005500000 0.188999996
v 0.009000000 -0.005500000 0.184000000
v 0.033834373 0.003474890 0.172330810
v 0.037500001 -0.001496974 0.180002240
v 0.024499999 -0.005500000 0.169624997
v -0.109239635 -0.017370312 0.081450991
v -0.031698752 -0.001412148 0.193188905
v -0.121447695 -0.026623189 0.084355837
v -0.034965308 0.000743413 0.184686143
v -0.027342552 0.001652916 0.193884701
v -0.010260355 -0.004192087 0.193197918
v -0.124975868 -0.026245293 0.084632071
v 0.029565165 0.000263986 0.175668266
v -0.121187484 -0.028127398 0.081092477
v -0.014827275 -0.004403964 0.193554223
v -0.006082940 -0.004225467 0.199438735
v -0.005952118 0.019500000 0.187982476
v 0.003000000 0.001022461 0.193000002
v 0.029674728 0.001512408 0.179589226
v -0.113403708 -0.020566099 0.089569412
v -0.034529627 -0.002671391 0.190114810
v -0.109670214 -0.023955384 0.080361914
v -0.113026871 -0.026475290 0.079257956
v -0.026000000 -0.005500000 0.180999994
v -0.039999999 -0.002080411 0.183647702
v -0.123270848 -0.021902593 0.093441415
v -0.010541079 -0.002381332 0.202724615
v -0.108708406 -0.021442189 0.082371204
v 0.032965688 0.001496047 0.178546226
v 0.008998731 0.001111055 0.200000003
v 0.003734375 0.018187500 0.180999994
v -0.026941771 -0.003057036 0.180999994
v -0.037155505 -0.000991818 0.182386982
v -0.015838833 0.000935506 0.206000000
v -0.005748361 -0.002114911 0.195516863
v -0.027264517 -0.001475577 0.193869414
v 0.016999999 -0.005500000 0.200000003
v 0.018999999 -0.004049426 0.198549429
v -0.027976444 -0.000969513 0.180999994
v 0.005392229 -0.002325411 0.185190317
v -0.006729764 -0.005500000 0.204981438
v 0.026530156 -0.003841620 0.180999994
v 0.007103836 -0.004102129 0.191542534
v -0.015631050 -0.003000051 0.204725436
v -0.118978271 -0.016546823 0.092149695
v 0.037500001 0.001048593 0.169368076
v -0.106490215 -0.017423575 0.084705419
v -0.035245624 -0.004170991 0.190178759
v 0.026122791 -0.000680478 0.169750910
v 0.029375000 -0.001500000 0.167999998
v 0.003000000 -0.005500000 0.189000001
v -0.009556270 -0.002504515 0.188999996
v 0.010376412 -0.001265345 0.195956564
v -0.018999999 -0.003375229 0.190500457
v 0.008419492 -0.004297381 0.190279602
v 0.017827296 -0.003941005 0.185745076
v -0.008618046 -0.002314655 0.193717333
v -0.015284203 -0.000099815 0.204790618
v -0.116078785 -0.020345794 0.093309721
v -0.028511364 -0.002544404 0.195999995
v -0.025144921 0.002084467 0.194353118
v 0.003000000 -0.002500000 0.185179873
v 0.029648406 -0.003105455 0.172072830
v -0.013222286 -0.004214412 0.206000000
v 0.037500001 -0.001289492 0.178854392
v -0.111898321 -0.020593970 0.076938696
v -0.013538174 -0.002467314 0.206000000
v 0.025639885 -0.004219647 0.171828060
v 0.024812499 0.002500000 0.180187494
v 0.029751607 -0.004089109 0.169125905
v 0.032821353 0.002522668 0.175228119
v -0.016254478 0.002660872 0.192486132
v 0.005379091 0.001935730 0.199034663
v -0.108236210 -0.019979932 0.083653184
v -0.118000640 -0.023100878 0.088349013
v -0.025679028 -0.001419231 0.183678679
v 0.011549367 -0.003000000 0.058385878
v -0.017850877 -0.000143293 0.188999996
v -0.017787906 -0.005500000 0.203148826
v 0.015679255 -0.001859274 0.200000003
v -0.011012714 -0.005500000 0.204888887
v -0.032798405 -0.005500000 0.194598268
v -0.028838820 -0.002396880 0.188379790
v 0.009000000 -0.005500000 0.200000003
v -0.000500000 0.009195667 0.189324757
v 0.012658090 -0.002627654 0.194387335
v -0.018999999 -0.004335152 0.203510886
v 0.006110305 -0.003000000 0.030837540
v -0.006135275 -0.002072539 0.202433288
v -0.025575276 -0.003568963 0.195999995
v -0.011175791 -0.004056470 0.206000000
v 0.004004544 0.002050624 0.197016725
v -0.034968670 -0.003516992 0.182401013
v -0.004068967 -0.004237499 0.194228665
v -0.012948624 0.001381681 0.204794828
v 0.007682785 -0.000573911 0.197003747
v -0.006853087 0.001718577 0.190030914
v -0.025568839 -0.005500000 0.184541151
v -0.032820313 0.019500000 0.140499994
v -0.037103856 0.000572469 0.194605767
v -0.034194565 -0.002805836 0.188340954
v -0.008868046 -0.004094205 0.190326371
v -0.025675681 -0.001453687 0.195999995
v -0.121266224 -0.019619483 0.096782159
v -0.004625000 0.002500000 0.188410154
v -0.121676414 -0.024031859 0.087698972
v -0.006648894 -0.004563428 0.195540939
v -0.011743707 0.001353646 0.206000000
v 0.004513078 0.000111475 0.192727440
v -0.028653253 -0.003714219 0.181987305
v 0.034773376 0.000550062 0.176263104
v 0.005855548 -0.000866053 0.186278504
v -0.119896558 -0.022407755 0.089691457
v 0.003000000 -0.004033837 0.185466164
v 0.016003447 -0.001321174 0.198764316
v -0.111893518 -0.015148503 0.083313026
v -0.122509348 -0.031048757 0.087768110
v 0.004236311 -0.004239311 0.188867427
v -0.009437500 -0.005500000 0.204868753
v 0.006263390 -0.003963611 0.194509520
v -0.009437500 -0.005500000 0.206000000
v 0.036119236 -0.004038285 0.180999994
v 0.018999999 -0.003890723 0.195358112
v -0.008782870 -0.001716951 0.203067733
v -0.029114866 -0.003133512 0.189995139
v -0.008592071 -0.002588143 0.199809602
v 0.035875001 -0.005500000 0.176937495
v -0.014041314 0.000331237 0.204611812
v -0.002000000 -0.000628907 0.202812499
v -0.010030158 -0.005500000 0.202476944
v -0.110656596 -0.021433189 0.078068694
v -0.122096080 -0.029522617 0.083141034
v -0.120647851 -0.027698803 0.089697926
v -0.038963600 -0.000211276 0.186132488
v -0.027770581 -0.004144203 0.183972343
v -0.009797094 0.001239768 0.202720025
v -0.035339721 -0.004238161 0.192278731
v 0.016592026 -0.004379470 0.186982624
v -0.005637436 -0.000328233 0.197061372
v -0.109950403 -0.019138578 0.082913314
v 0.025985215 -0.002888356 0.173618402
v 0.004158151 -0.003259520 0.187574681
v -0.119438095 -0.020977937 0.093218041
v 0.015931411 -0.001877331 0.185249725
v -0.124879988 -0.019047065 0.092714057
v -0.038943518 0.000509729 0.188729922
v -0.039999999 0.001303756 0.187317345
v 0.008078782 0.001996429 0.198705648
v 0.037500001 0.002500000 0.173687496
v -0.115516665 -0.022265834 0.090099476
v 0.032418501 -0.001306887 0.179629332
v 0.034452566 -0.001882808 0.180999994
v -0.039999999 -0.000500000 0.180999994
v 0.012734112 -0.004486673 0.193849872
v -0.121957055 -0.026019381 0.090969992
v -0.025290267 -0.000032157 0.184117416
v -0.003103163 0.001300357 0.206000000
v -0.027315631 0.001137889 0.180999994
v -0.035861074 0.000699252 0.195999995
v -0.026817438 -0.000063505 0.193712810
v -0.024499999 0.018500001 0.144552084
v 0.001500000 0.008577196 0.196157210
v -0.017688082 -0.004234994 0.206000000
v -0.012290109 -0.002686979 0.193612658
v 0.026125001 -0.005500000 0.179374993
v 0.006291594 -0.000139325 0.192621589
v -0.002000000 -0.004304842 0.192848386
v 0.014030847 -0.004391239 0.192540742
v 0.029860960 -0.004417207 0.174957840
v -0.010933999 0.001546715 0.196082443
v -0.119281486 -0.017663927 0.090913772
v -0.008000000 0.002500000 0.180000007
v -0.000500000 0.016941722 0.189833400
v -0.113014927 -0.015760264 0.079642287
v -0.038314334 -0.001248113 0.189252760
v -0.024000000 0.001243786 0.189437495
v 0.006279294 0.000191790 0.198593516
v 0.032431522 -0.004224574 0.169645349
v 0.004097802 0.001047380 0.194168612
v -0.012628437 -0.004286816 0.196606373
v -0.009791032 -0.004364740 0.204229890
v -0.024000000 -0.005500000 0.190374995
v 0.037500001 0.001566924 0.170468970
v 0.031576032 -0.002423814 0.175749073
v -0.118986331 -0.024011006 0.087274908
v -0.030109672 -0.000536280 0.193881470
v -0.018999999 -0.003982581 0.200139867
v -0.117931141 -0.025327196 0.078367889
v -0.014463342 0.002052324 0.201159899
v 0.031394376 -0.004323439 0.167999998
v 0.014537099 -0.005500000 0.192925066
v -0.119686733 -0.015372143 0.089371581
v 0.028863141 -0.004120224 0.171057003
v -0.112370176 -0.016146995 0.077281346
v -0.005239474 -0.004427608 0.202189843
v -0.024000000 -0.003980704 0.194508579
v -0.111405393 -0.016467910 0.083240366
v 0.036416668 -0.005500000 0.178562495
v -0.038941761 -0.005500000 0.192203926
v -0.028672896 -0.005500000 0.190370655
v -0.121312327 -0.026815165 0.081430801
v 0.031307545 -0.004301627 0.174819911
v 0.028159220 0.003058549 0.174181121
v 0.011318579 -0.003775196 0.196963030
v -0.008577205 -0.002851727 0.206000000
v -0.116227658 -0.025722253 0.084179428
v -0.116504116 -0.019631626 0.089146230
v -0.124108398 -0.020857899 0.086688800
v -0.015182825 -0.005500000 0.199958950
v -0.017869862 -0.002604262 0.192270386
v -0.025755080 -0.001498815 0.180999994
v -0.117783586 -0.027326438 0.084102196
v -0.014810862 -0.005500000 0.196184892
v -0.037538659 -0.002591409 0.184131435
v -0.006491146 -0.003252385 0.201777101
v -0.029668727 -0.002002408 0.190035849
v -0.013091004 0.002344286 0.203249116
v -0.009920594 -0.004313353 0.206000000
v 0.025505814 -0.005500000 0.175475030
v 0.028265968 -0.004547279 0.177247339
v -0.126849586 -0.026588276 0.087223191
v -0.113208723 -0.026320955 0.081871829
v -0.033181248 -0.005500000 0.191859748
v -0.011117533 0.001406421 0.204804544
v -0.110754624 -0.017573062 0.079560981
v 0.020955586 0.000390175 0.046643475
v -0.017957578 -0.000322630 0.206000000
v -0.038742500 -0.005500000 0.194787829
v -0.030415691 -0.002461078 0.193331341
v 0.006958082 0.002102238 0.191256129
v -0.004905530 0.002209594 0.204581942
v -0.009303506 -0.000023125 0.196568035
v -0.118724292 -0.026986305 0.088135196
v 0.029150580 -0.003924396 0.179606763
v -0.037097313 -0.001035723 0.194312418
v 0.027750001 -0.005500000 0.179374994
v 0.011000000 0.016000001 0.174999997
v 0.005660088 -0.001959595 0.196242588
v -0.127618667 -0.023351399 0.087655944
v -0.006685688 -0.004146193 0.188999996
v -0.028293437 -0.005500000 0.185763330
v 0.003000000 0.001260267 0.191759808
v -0.111325810 -0.023137736 0.081336108
v 0.032723976 0.002871025 0.170843084
v -0.114287742 -0.019094102 0.084793762
v -0.003211427 -0.005500000 0.192187497
v -0.033377781 0.000056598 0.180999994
v -0.111794691 -0.019326187 0.085704474
v 0.036423893 -0.002256554 0.178404080
v 0.013707816 0.001378200 0.192570024
v -0.017760513 -0.000571844 0.197081696
v -0.037340762 -0.003045876 0.188349657
v -0.017910049 -0.000893837 0.189996014
v -0.038958973 -0.003532155 0.183679862
v -0.010525376 -0.003000000 0.032452820
v -0.036878028 0.001621494 0.189820540
v -0.032346659 -0.000162436 0.190527800
v -0.122621761 -0.022650880 0.084398235
v -0.039999999 0.001105158 0.192855737
v -0.038738024 -0.001633130 0.195026092
v -0.013023117 -0.001855295 0.190689574
v -0.015584282 -0.004093324 0.202826567
v -0.119374754 -0.023643050 0.084400682
v -0.115006193 -0.017577493 0.091705641
v 0.003000000 -0.000136372 0.193758296
v -0.123620487 -0.023730791 0.088635759
v 0.004325558 -0.000650462 0.187007103
v 0.014482654 -0.004238029 0.194046013
v -0.033625733 -0.004018819 0.192744775
v -0.033230159 -0.002677703 0.189266746
v -0.121919281 -0.020386011 0.095684345
v -0.011432615 -0.004348575 0.188999996
v 0.034042341 -0.000820811 0.179294592
v -0.031507103 -0.002659667 0.190552836
v -0.116403184 -0.018553163 0.093459243
v -0.121570836 -0.020204125 0.086493668
v -0.036044049 0.000875953 0.191411060
v -0.113875759 -0.018709820 0.092580824
v -0.113728487 -0.017451458 0.091016575
v -0.116755225 -0.023830429 0.082396137
v -0.038877307 0.001378945 0.193314568
v 0.035791143 0.015639198 0.097894057
v -0.107796122 -0.017640179 0.083058808
v -0.011756780 -0.005500000 0.202934192
v 0.003980531 -0.002695776 0.185563849
v -0.005976997 -0.005500000 0.200252169
v -0.002000000 -0.000910259 0.190140166
v 0.036319942 -0.005500000 0.179819935
v -0.037480879 0.000131207 0.189950242
v -0.117110198 -0.025102267 0.088487945
v -0.120015984 -0.026456847 0.088211338
v -0.015172358 0.001561503 0.202430563
v -0.010043319 -0.000120302 0.204716417
v -0.111806006 -0.024123353 0.082903297
v -0.013465542 0.000523432 0.192040472
v -0.114413362 -0.014379667 0.087638334
v 0.036290451 -0.002103277 0.173194030
v 0.006047540 0.000548606 0.191354901
v -0.031344967 -0.000243291 0.192230605
v -0.113448385 -0.014298017 0.087134081
v -0.029355118 -0.005500000 0.188073524
v -0.119728526 -0.022189173 0.092496698
v 0.015371654 -0.004171244 0.197765017
v -0.017324064 -0.005500000 0.204572047
v -0.028016898 -0.000867417 0.195999995
v -0.007183682 0.000084256 0.031343594
v 0.014135237 0.000045643 0.195035420
v -0.026908842 -0.004127846 0.182126377
v -0.032281060 -0.003853729 0.191637059
v 0.009996155 -0.005500000 0.185563739
v 0.012869710 -0.002695723 0.184000000
v -0.013643385 -0.003909873 0.202984219
v -0.010892599 -0.001444639 0.206000000
v -0.115552708 -0.019184450 0.087975401
v 0.005837835 -0.005500000 0.197643549
v -0.017810940 -0.002133537 0.197850577
v 0.014735259 0.003840196 0.196719420
v -0.034012808 -0.003912139 0.191245470
v -0.039999999 -0.000734485 0.188432133
v 0.035983258 -0.000291652 0.172798891
v -0.031539364 -0.005500000 0.189004947
v 0.029236987 -0.001357754 0.175994708
v -0.038773412 -0.005500000 0.186306287
v 0.027149179 0.001397747 0.180999994
v -0.016134591 0.002079518 0.203760359
v 0.033863573 -0.001595374 0.174762169
v -0.121294361 -0.018124748 0.090739407
v -0.012362395 0.000221956 0.204449840
v 0.004466186 0.000278018 0.195471155
v -0.032859194 -0.002735851 0.185875522
v -0.012501331 -0.003000000 0.059683849
v -0.027838102 -0.000443916 0.186777895
v -0.120677472 -0.023936684 0.082643892
v -0.004937830 -0.000264334 0.194862543
v -0.038775448 -0.004275449 0.180999994
v 0.000786249 -0.003000000 0.028555972
v -0.011548449 -0.004599877 0.197448834
v -0.038650868 -0.005500000 0.183634425
v -0.029149065 -0.001046687 0.190909204
v -0.026554085 0.001281674 0.189121198
v -0.003376906 -0.001019777 0.188999996
v 0.025745687 -0.002470875 0.180999994
v -0.035716765 0.002241491 0.191299874
v -0.030766213 -0.002520195 0.195999995
v -0.120412387 -0.027652345 0.087318002
v -0.027500477 -0.001713802 0.190033358
v -0.011284967 0.001897861 0.201479371
v -0.033908448 -0.002970435 0.184108724
v -0.112683768 -0.011591306 0.083580626
v -0.038962949 -0.000949433 0.182142925
v -0.024000000 -0.002409259 0.192789541
v -0.038761655 -0.003640048 0.182342551
v 0.004481714 -0.005500000 0.187611973
v -0.118730371 -0.023288243 0.085483578
v -0.108544558 -0.017281367 0.082316430
v -0.016549236 -0.004377332 0.191443786
v -0.009405743 -0.001876106 0.206000000
v -0.045000002 0.000000000 0.000000000
v -0.026868032 -0.000457570 0.189169942
v -0.123202715 -0.024497850 0.092440767
v -0.111862598 -0.018752318 0.079685704
v 0.014409691 -0.001040222 0.197656281
v -0.018999999 -0.002500000 0.188999996
v 0.034979186 -0.003335851 0.171352274
v -0.116035534 -0.017197825 0.087125069
v 0.014028069 -0.000372889 0.184000000
v -0.014812571 -0.004193613 0.204406721
v -0.016715749 -0.000491643 0.074877024
v -0.112048998 -0.017739856 0.081047004
v 0.015799389 -0.002891015 0.197128706
v 0.008170971 0.003534138 0.189760110
v -0.025067591 -0.000279786 0.195999995
v 0.036459771 -0.000271167 0.180999994
v -0.033600765 -0.002982911 0.195999995
v -0.111587882 -0.012840538 0.084609929
v -0.037368758 0.000294977 0.186656329
v -0.028607504 -0.001496835 0.194698466
v -0.112836161 -0.024017059 0.082127465
v 0.029382247 -0.000640666 0.179729628
v 0.005981897 0.000455217 0.185018369
v 0.004670595 0.000000000 0.019418350
v 0.011018245 -0.005500000 0.185115792
v 0.003000000 -0.001506261 0.185008405
v -0.038354424 0.002282469 0.191188368
v -0.119416776 -0.018422798 0.092393599
v 0.031686861 0.002777881 0.172689647
v -0.026125623 -0.005500000 0.190995356
v 0.028675682 0.001281334 0.175739480
v -0.011343050 0.002154659 0.197881139
v 0.035209327 -0.004300146 0.177965319
v -0.039999999 0.001245421 0.189581752
v -0.030670240 -0.005500000 0.188016288
v -0.034959340 0.001199059 0.192446106
v -0.011634880 0.000200466 0.197331413
v -0.003043746 -0.002278591 0.188999996
v -0.119666564 -0.029905227 0.082573620
v 0.036305282 0.000118055 0.167999998
v -0.116145483 -0.022351324 0.077904338
v -0.026359327 -0.002092116 0.182208368
v -0.003299836 -0.003372545 0.193069104
v 0.007975182 0.000224818 0.198808376
v 0.004271114 -0.000941854 0.184000000
v -0.030037297 0.001701674 0.193295803
v -0.003563834 -0.005500000 0.190563830
v -0.122904652 -0.029498821 0.087312773
v -0.119474185 -0.027001432 0.086615162
v 0.010740107 -0.004448812 0.186284634
v 0.015342818 -0.002526400 0.186491597
v -0.112335453 -0.019131337 0.081404354
v -0.123580801 -0.020404395 0.093696558
v -0.014634509 -0.002046683 0.199849822
v -0.116194369 -0.023707996 0.086538319
v -0.027700346 0.001028633 0.188089543
v 0.008515034 -0.004404795 0.186771305
v -0.014988901 -0.003047928 0.196738455
v -0.113881815 -0.014800472 0.085857502
v 0.017375000 0.002500000 0.182554684
v -0.115984707 -0.018932916 0.091815343
v 0.005332290 0.001053299 0.192867115
v -0.031496365 -0.004093006 0.189714283
v 0.037500001 0.001665039 0.176878298
v -0.029861380 -0.005500000 0.190441217
v -0.027944609 -0.004124892 0.189830986
v -0.113711556 -0.013002631 0.085698654
v -0.032857050 -0.000439550 0.192119063
v -0.123847085 -0.024705714 0.091586187
v -0.024000000 -0.001777593 0.188349078
v 0.035181912 -0.001450040 0.169112702
v -0.017874127 -0.004002021 0.201075278
v 0.036323603 -0.003634355 0.178960601
v -0.116945641 -0.022518552 0.091618247
v -0.005103065 -0.004251345 0.188999996
v 0.036043986 0.001682929 0.170854254
v 0.028280285 0.001806088 0.179263505
v -0.114602364 -0.018697054 0.090811713
v 0.011717399 -0.005500000 0.187133463
v -0.018999999 -0.005500000 0.200687499
v 0.017656447 -0.004304157 0.189960078
v -0.014412973 -0.005500000 0.202556872
v -0.117059922 -0.023858942 0.084918067
v -0.017453748 -0.001865622 0.206000000
v 0.019269067 -0.000217556 0.037773233
v 0.031118751 0.012579546 -0.002550000
v 0.007773519 0.000794268 0.195560049
v 0.012050986 -0.004046027 0.195560201
v -0.038850378 0.000051450 0.184716766
v -0.014646213 -0.004455254 0.194910989
v -0.013995481 -0.000444187 0.201332670
v 0.029061473 0.002500000 0.167211126
v -0.032873236 0.001378042 0.186797672
v 0.007292028 -0.000375872 0.185444984
v -0.116444157 -0.020762732 0.090401197
v -0.005980327 -0.003366885 0.193062429
v 0.025869341 -0.001882428 0.167999998
v 0.004438365 0.002983291 0.198466300
v -0.030710974 0.002465513 0.192090324
v -0.008862786 -0.002562974 0.195314618
v 0.006935869 0.001123901 0.192228452
v -0.026508597 0.000494211 0.190897492
v -0.030481125 0.004146723 0.192494045
v -0.008232993 0.000262438 0.204715898
v -0.013176589 -0.003986966 0.192958104
v 0.004395858 -0.001174521 0.185462149
v 0.014595694 -0.001181209 0.185294118
v -0.011850485 -0.004248013 0.190277035
v 0.032388832 -0.001175053 0.174523078
v -0.005945897 -0.005500000 0.192851807
v 0.036097892 -0.005500000 0.175352027
v -0.014050761 -0.004372944 0.196514411
v -0.012216346 -0.002990391 0.203393783
v -0.107427857 -0.016140993 0.084122632
v 0.037500001 -0.002711926 0.176990891
v 0.026161812 -0.003701471 0.179289721
v 0.035468752 -0.005500000 0.170031247
v -0.112083482 -0.013867538 0.083884615
v 0.025753214 -0.002639847 0.177043977
v -0.010164445 -0.001957032 0.204977520
v -0.033363969 -0.005500000 0.189594430
v -0.115082113 -0.016692521 0.090681210
v 0.006579408 -0.002619787 0.184000000
v 0.007067643 0.002230346 0.197616290
v 0.012489496 -0.005500000 0.196734228
v -0.017994792 0.000433101 0.190016074
v 0.003000000 -0.000785303 0.195071513
v -0.121106969 -0.025909424 0.080159240
v -0.113551198 -0.028034580 0.077762624
v 0.008000000 -0.004207824 0.200000003
v 0.030078739 -0.005500000 0.179990938
v 0.003000000 -0.002319977 0.187981871
v -0.114543762 -0.021383254 0.089984718
v -0.011900341 -0.005500000 0.192147984
v 0.030907230 0.003097228 0.171391558
v -0.005228595 -0.001665147 0.204860453
v -0.005011500 -0.005500000 0.204675516
v -0.115048852 -0.015857319 0.087652239
v 0.024499999 0.001583478 0.178562495
v -0.037112679 -0.001444376 0.186524015
v -0.015713127 -0.002260090 0.190371624
v 0.017939442 -0.004439443 0.184000000
v -0.013600823 -0.005500000 0.193944674
v -0.123047120 -0.024888600 0.089827281
v -0.025904890 -0.000678165 0.194841726
v 0.004042575 0.001542395 0.198470923
v -0.003654780 -0.000069796 0.188999996
v -0.016202223 -0.005500000 0.195270402
v -0.018098839 -0.000168218 0.195502895
v 0.008954606 0.000955661 0.197569473
v -0.110696513 -0.014344983 0.084032963
v -0.122272393 -0.016808319 0.088981716
v 0.007057085 -0.004530714 0.189922256
v -0.026510605 -0.001925171 0.191574131
v 0.016718592 -0.003900698 0.188729399
v -0.039999999 -0.004142846 0.185550298
v 0.026124999 -0.005500000 0.167999998
v 0.005552857 -0.002891707 0.193307431
v 0.032071487 -0.005500000 0.174045504
v -0.120576797 -0.027792188 0.084328467
v 0.032625000 -0.005500000 0.180999994
v -0.125242955 -0.028950160 0.085547624
v 0.034692361 -0.001918598 0.170782230
v -0.025464892 -0.004043115 0.191526267
v 0.033718750 0.019500000 0.101374999
v -0.032442326 -0.001793704 0.191645179
v -0.013650829 -0.001998594 0.195987832
v -0.039999999 -0.000220397 0.189669923
v 0.017706624 -0.002988450 0.194677083
v 0.004116635 -0.001154678 0.193251993
v 0.032530315 -0.004453613 0.173909369
v 0.034989957 -0.005500000 0.179892480
v 0.013182763 -0.004086343 0.184000000
v 0.006339609 -0.005500000 0.188584162
v -0.000500000 0.008238044 0.195128220
v 0.002629294 0.017999900 0.094999999
v -0.112730601 -0.019523931 0.088195247
v -0.010202747 0.001212730 0.197878232
v -0.125301975 -0.027246518 0.088793170
v -0.018999999 -0.001112703 0.201244357
v -0.024000000 -0.000863357 0.185335797
v 0.029558271 -0.002756692 0.167999998
v -0.005999194 -0.004025748 0.190165521
v -0.024000000 -0.000756701 0.194758115
v -0.117891662 -0.019207721 0.091939772
v -0.030441406 0.002500000 0.180249997
v 0.027013629 -0.000142295 0.177137298
v -0.007471034 -0.002275970 0.200881379
v 0.018999999 -0.002271554 0.191815509
v -0.011073873 -0.003969376 0.202683066
v -0.016574666 0.000946994 0.204622649
v 0.013247547 0.006759735 0.143000007
v -0.118844715 -0.023580903 0.089874452
v -0.003267676 0.001839016 0.204369663
v -0.121754859 -0.030631978 0.084321491
v -0.118021705 -0.015923316 0.091002147
v -0.117482464 -0.022036052 0.090033807
v -0.039500002 0.017582237 0.096776864
v 0.008187500 0.019500000 0.142499998
v 0.011585937 0.021000000 0.142499998
v 0.037500001 -0.004288830 0.174386442
v 0.032468537 -0.003702144 0.167999998
v -0.118289976 -0.023645632 0.091896428
v -0.119636193 -0.025039137 0.088945079
v 0.004387629 0.001811151 0.193010232
v 0.024499999 0.002500000 0.175718746
v 0.012689363 -0.004224547 0.197674887
v 0.003000000 -0.003192508 0.197692511
v -0.028996465 0.002521880 0.193261282
v -0.019392070 0.017827118 0.095993154
v 0.025855037 -0.001525814 0.171256412
v -0.110149830 -0.019549632 0.081654938
v 0.008000000 -0.005500000 0.184000000
v -0.039999999 0.001213193 0.185164376
v 0.009442341 -0.004162554 0.191307096
v -0.006549166 -0.005500000 0.190820108
v -0.037177898 -0.002314021 0.194744543
v 0.024499999 -0.004151093 0.173789162
v -0.012990365 -0.005500000 0.202080201
v 0.006994182 -0.003229935 0.195862931
v -0.117454268 -0.023445266 0.091076220
v -0.017329800 -0.004225243 0.195962140
v -0.032974329 -0.004336252 0.188558990
v -0.016497828 -0.003196568 0.196255630
v 0.014725767 -0.002925992 0.195644892
v 0.004066560 -0.001860992 0.187268124
v -0.038775123 0.001014276 0.190054919
v 0.027794274 -0.002976638 0.170509677
v 0.012739625 0.001401872 0.195071143
v 0.035890243 0.001119351 0.173008542
v -0.121104779 -0.020003849 0.094123731
v -0.122379344 -0.028168817 0.084107521
v 0.017773511 -0.005500000 0.197268377
v -0.011131527 -0.001976844 0.203989717
v -0.123985264 -0.017429427 0.092125407
v -0.029165282 -0.004320717 0.191245704
v -0.116448903 -0.017170600 0.091828083
v -0.119038859 -0.023988036 0.080042012
v -0.121331297 -0.028828174 0.083462789
v 0.003655770 0.000808436 0.031641948
v -0.014669255 -0.004495496 0.199485562
v -0.012263081 -0.004340519 0.202377811
v 0.031538509 -0.004167281 0.180999994
v 0.026240815 -0.001574422 0.174344663
v -0.018974686 -0.000133596 0.060802676
v -0.121205193 -0.027637621 0.082756927
v -0.018999999 -0.000245935 0.201835646
v -0.039999999 -0.002731266 0.192000831
v -0.017833028 -0.001193255 0.202243146
v -0.008593594 -0.004184834 0.206000000
v -0.011185998 -0.002689220 0.206000000
v 0.013299912 -0.004335069 0.196547089
v -0.110379461 -0.015421228 0.082972956
v -0.017652785 -0.002062755 0.200421980
v 0.024499999 0.001242389 0.179870434
v 0.014264223 0.000493145 0.197339897
v -0.119087999 -0.019680774 0.092058277
v -0.004066964 0.016000001 0.147877973
v 0.034577714 -0.000125276 0.172133852
v -0.014033067 -0.002861966 0.204968023
v -0.027608240 -0.005500000 0.191535141
v -0.038918515 -0.003181463 0.192829189
v 0.016786170 -0.004244641 0.198467051
v -0.035289126 -0.001579074 0.194541117
v -0.107586004 -0.017509137 0.086010099
v -0.015381456 -0.003134330 0.198500745
v -0.124737201 -0.026388278 0.082743434
v -0.117074867 -0.023182402 0.087356524
v -0.032827605 -0.002387721 0.193036067
v -0.011269834 -0.005500000 0.195007304
v -0.005163459 -0.004495214 0.203993524
v -0.037025549 0.003014727 0.191617358
v -0.029129523 -0.005500000 0.193699114
v -0.119042860 -0.020616466 0.089841283
v 0.008357034 -0.000183875 0.184000000
v -0.028703267 -0.005500000 0.192382053
v 0.006057087 -0.001512318 0.197306994
v -0.122024793 -0.016450099 0.093318483
v -0.017480945 -0.001964123 0.196420242
v -0.017589760 -0.003959259 0.199638768
v 0.007873152 0.001263668 0.188318638
v -0.113503567 -0.018296715 0.087223878
v 0.003000000 -0.002500000 0.198959027
v -0.026511665 0.000211236 0.187837647
v 0.035379803 0.015624259 0.138999999
v 0.034412425 -0.002838832 0.177366887
v 0.009916961 -0.005500000 0.188686669
v -0.119943574 -0.023417153 0.091230671
v -0.108010349 -0.014940536 0.083928862
v -0.111791334 -0.022395446 0.076315244
v -0.109899320 -0.019876986 0.085934540
v 0.035915866 -0.005500000 0.172305289
v -0.034183013 -0.000058599 0.188953218
v -0.006700298 0.002759207 0.195765974
v 0.033143785 -0.002513634 0.176142722
v 0.030470908 -0.004250251 0.179084628
v -0.114329507 -0.016911392 0.088835443
v 0.003000000 0.000482143 0.197267860
v -0.013687500 -0.005500000 0.206000000
v -0.008809810 -0.001317804 0.197979009
v -0.120315873 -0.023497193 0.088847745
v 0.033943009 -0.005500000 0.179993938
v -0.109873925 -0.022152741 0.080632891
v -0.016217234 -0.002523302 0.197373521
v 0.006207036 0.000030840 0.048247122
v -0.033877880 -0.002109251 0.194867304
v -0.011422980 -0.001899521 0.196997577
v 0.011832990 -0.001060220 0.197051461
v 0.003000000 -0.001887640 0.197185347
v 0.014439955 0.002393128 0.192944005
v -0.034613559 -0.002568124 0.195999995
v -0.003242310 -0.002316219 0.194507464
v -0.028484375 0.016000001 0.101000004
v -0.039999999 -0.000072167 0.187305570
v -0.017971390 0.000990068 0.200162900
v 0.012603564 -0.002936338 0.188614005
v 0.018999999 -0.001674236 0.197757661
v -0.008625000 0.001583084 0.188999996
v -0.006042037 -0.001685332 0.191314407
v 0.036349925 -0.002982726 0.176061691
v -0.018999999 -0.004439976 0.198994401
v -0.014019531 -0.005500000 0.204848958
v 0.027604636 -0.003980309 0.179886587
v -0.115554425 -0.020584022 0.086161640
v 0.036040087 -0.004519108 0.176993566
v 0.037500001 -0.002074011 0.174670157
v 0.033533557 -0.000184125 0.177763355
v 0.005481312 -0.003499727 0.195887370
v -0.114206387 -0.017611390 0.083713941
v -0.124588935 -0.031251679 0.087973367
v -0.014812378 -0.002973074 0.201812872
v -0.025268328 -0.003003028 0.194553161
v -0.025243208 -0.002227154 0.189452325
v 0.024499999 -0.001341718 0.179230975
v -0.026462532 -0.002434947 0.194263903
v 0.024499999 -0.000182688 0.173755687
v 0.017604313 -0.002189170 0.191916236
v -0.016073114 -0.005500000 0.194090423
v -0.027476893 -0.000577475 0.194895992
v -0.011436010 -0.000770882 0.204619690
v -0.025290565 -0.001039554 0.182228032
v 0.035875001 -0.005500000 0.167999998
v -0.110192044 -0.020220419 0.083661488
v -0.120661923 -0.015868594 0.092049798
v -0.119678183 -0.023275100 0.094168912
v 0.018187499 0.002500000 0.184375000
v 0.006353057 -0.005500000 0.196390666
v 0.016506928 -0.005500000 0.185116030
v -0.007267461 -0.005500000 0.200288292
v -0.117585724 -0.018809142 0.094263313
v -0.122459966 -0.030073037 0.088966727
v -0.009315156 0.000020879 0.063696172
v 0.036569695 0.000299939 0.170516149
v -0.079700525 0.009387996 0.034779818
v 0.007688205 0.002398803 0.186932499
v -0.028210111 -0.000438427 0.193200403
v -0.013668046 -0.002685605 0.203833426
v -0.007363910 -0.004461164 0.191069676
v -0.037013237 -0.001423879 0.184492921
v -0.024000000 -0.001811409 0.185669417
v -0.024000000 -0.005500000 0.186624994
v -0.024000000 -0.003500000 0.186748235
v -0.123773436 -0.015733753 0.092545077
v -0.124820482 -0.019995946 0.090692331
v -0.111844772 -0.021531088 0.080943098
v -0.009471273 -0.002700808 0.203881831
v -0.039999999 -0.004177398 0.182281603
v -0.028944198 0.001517005 0.192236393
v 0.012019062 0.001049087 0.198964675
v 0.006008614 -0.003071566 0.197479964
v -0.028733294 0.001597724 0.194902890
v -0.016393234 -0.001190506 0.202972217
v -0.012197424 -0.004287614 0.200935429
v -0.112294301 -0.016949805 0.089813150
v 0.028000000 0.002500000 0.180999994
v -0.007101297 -0.004019680 0.204320505
v -0.024000000 -0.003834015 0.184661124
v -0.120066558 -0.017935400 0.094266072
v -0.017260994 0.006295678 0.201475597
v -0.018999999 0.001134862 0.197731012
v 0.017742834 -0.000237792 0.189140045
v -0.112883038 -0.015923323 0.088835968
v 0.033304246 -0.004364081 0.177396256
v 0.025597557 0.001687402 0.180181935
v -0.031951325 -0.002924936 0.188349497
v 0.015781180 -0.001540895 0.196902467
v -0.115466877 -0.014767063 0.085884737
v -0.032020186 0.001044583 0.194560740
v -0.106587473 -0.015322806 0.085465228
v -0.112682835 -0.022434330 0.080338891
v -0.002437500 0.002500000 0.205203125
v 0.033226275 -0.003082408 0.170802731
v -0.122191103 -0.026324067 0.083020334
v -0.031318789 -0.001814154 0.185122265
v -0.039999999 -0.002458953 0.187608688
v 0.024499999 -0.000681708 0.178178517
v -0.026909491 -0.001412942 0.195999995
v -0.112588243 -0.024051574 0.084006545
v 0.009794667 -0.002510299 0.200000003
v -0.029161012 -0.004309240 0.187325859
v -0.028655831 -0.005500000 0.189115715
v -0.030749174 -0.003848953 0.193716695
v -0.015701720 -0.004290076 0.197420220
v -0.118854662 -0.019061352 0.090576549
v 0.029343484 -0.000901742 0.174632561
v -0.030118447 -0.000044416 0.195999995
v -0.003505260 -0.005500000 0.193362858
v 0.012025787 -0.004339292 0.185106102
v -0.018999999 -0.002786884 0.195279991
v 0.003000000 -0.003122313 0.196320682
v -0.002000000 -0.003712854 0.190720952
v 0.033129952 0.000574763 0.179790877
v -0.013324733 -0.003464389 0.194254518
v -0.017147325 -0.003971784 0.204482576
v 0.009003181 -0.005500000 0.191547402
v 0.032726565 -0.005500000 0.176053911
v -0.036120472 -0.005500000 0.188776039
v -0.030737914 -0.001699566 0.192173892
v -0.033919496 -0.002729395 0.193724176
v 0.016991482 -0.004158884 0.194049074
v 0.024499999 -0.001488846 0.175399258
v -0.025201014 0.000406331 0.189891144
v 0.010957972 -0.004058761 0.194055468
v 0.037500001 -0.000946491 0.169262637
v 0.008199296 0.002429789 0.196809900
v -0.018999999 -0.002942112 0.200796839
v -0.111448367 -0.017384694 0.088329958
v 0.031101802 0.001293604 0.167999998
v -0.036245192 -0.004371818 0.189135957
v -0.002500000 0.021000000 0.096624999
v -0.012661454 -0.005500000 0.203469472
v -0.018500000 0.018473452 0.098655977
v -0.018999999 -0.003851719 0.204733347
v -0.018046581 -0.003701156 0.198180204
v -0.003388055 -0.005500000 0.197004527
v -0.008016141 0.002777173 0.201592408
v 0.013800616 -0.005500000 0.198915252
v 0.031930174 -0.005500000 0.175202632
v 0.028237330 0.001453980 0.177773470
v -0.030052720 0.002500000 0.165631569
v 0.033215537 -0.002986337 0.177832656
v 0.017646000 -0.004305572 0.195540798
v -0.025444114 -0.004250490 0.185760074
v -0.004842957 -0.005500000 0.190140229
v -0.025368939 -0.003929340 0.182407948
v 0.008268648 -0.001881878 0.185007439
v 0.028448993 -0.002367672 0.177991600
v 0.036215316 -0.002790323 0.174496815
v -0.120548046 -0.016678737 0.087410607
v -0.017935265 -0.003577415 0.191304844
v -0.114761146 -0.022404797 0.088943814
v -0.027693504 -0.002090962 0.186264306
v -0.003455012 -0.005500000 0.202065016
v -0.006940368 -0.003878795 0.200368172
v -0.118810859 -0.021992636 0.088188842
v -0.122639475 -0.028260674 0.091543458
v 0.026881505 0.000640744 0.179752643
v -0.118035899 -0.018017762 0.091286798
v -0.017840903 -0.003000000 0.188999996
v -0.116148919 -0.017910757 0.090553403
v 0.033977325 -0.004379461 0.179679522
v -0.118167950 -0.025193449 0.086202239
v 0.033164758 -0.005500000 0.172789406
v -0.035950090 -0.002406704 0.181959333
v -0.015211574 -0.000322355 0.203014802
v -0.033800154 0.002604759 0.194630444
v 0.034281945 -0.005500000 0.169362082
v -0.121588603 -0.022301586 0.095279914
v 0.011945827 -0.002194340 0.196085146
v -0.024000000 -0.000222160 0.192382098
v -0.003189640 -0.004329685 0.202919504
v 0.024499999 -0.004031581 0.169389014
v 0.030550459 -0.005500000 0.174204423
v -0.112581861 -0.014544251 0.080725334
v -0.120261981 -0.028572204 0.088069495
v 0.008279203 -0.005500000 0.193978210
v -0.002748036 -0.003000000 0.031210979
v -0.025199652 -0.000847285 0.188976475
v -0.004676852 -0.004112487 0.190350403
v 0.031579887 0.001539582 0.169262626
v -0.003416667 -0.005500000 0.200434052
v -0.012177367 -0.002516354 0.204884167
v -0.005170547 -0.000396340 0.206000000
v -0.024000000 -0.003926093 0.188279349
v -0.117414754 -0.020747397 0.089506814
v 0.027591181 -0.004337763 0.169689017
v 0.032007080 -0.002257308 0.177990658
v 0.025716975 -0.002856840 0.172014842
v -0.123808552 -0.023551392 0.092113294
v 0.029513953 -0.002519340 0.180999994
v -0.119971168 -0.018629127 0.089302314
v -0.011922531 -0.004303028 0.204291522
v -0.118987464 -0.022174814 0.090731892
v 0.000495275 -0.003000000 0.046761475
v -0.012549004 -0.003000000 0.045683005
v -0.009768200 -0.001305400 0.194448471
v -0.038740049 -0.005500000 0.182214774
v -0.039999999 -0.001890913 0.190381258
v 0.012437940 -0.005500000 0.192228450
v -0.026656934 -0.001244176 0.192847805
v -0.109149631 -0.017518246 0.084417955
v -0.003746892 -0.004246037 0.201176761
v -0.119691687 -0.016463508 0.090115467
v 0.004521453 -0.002565732 0.196967074
v -0.037382113 0.001719974 0.183523980
v -0.034746042 -0.002813458 0.194964167
v -0.011504102 0.000402880 0.201904919
v -0.108765026 -0.018041404 0.086844332
v -0.028564864 -0.004075695 0.195999995
v -0.120544712 -0.020063803 0.092203222
v -0.114805702 -0.019847122 0.089216414
v -0.003297962 -0.004249821 0.188999996
v -0.027080590 -0.004425868 0.191224858
v -0.003161721 -0.005500000 0.198562498
v -0.002000000 -0.004324771 0.198037549
v -0.036065410 -0.003348361 0.194969394
v 0.009860322 -0.005500000 0.198348950
v 0.025375000 0.019500000 0.139250003
v -0.011933080 0.000996337 0.198472058
v 0.003890528 0.000352243 0.197102292
v -0.117466612 -0.024466831 0.087337319
v -0.017869662 -0.003020762 0.206000000
v 0.028888562 -0.005500000 0.173529689
v 0.034176718 -0.004301670 0.169886254
v 0.006415257 -0.004149180 0.184000000
v 0.014612122 -0.005500000 0.196911887
v 0.012176261 -0.004205439 0.186314265
v -0.003658703 -0.002299939 0.190410503
v -0.025610155 -0.005500000 0.189281432
v -0.014279135 -0.004107283 0.201131862
v 0.026124999 -0.005500000 0.180999994
v -0.038881764 -0.001986756 0.184752521
v -0.031318970 0.002047766 0.193245214
v 0.004094313 0.001547070 0.195600524
v -0.032790558 -0.004274480 0.190242761
v -0.026442126 -0.004380949 0.189703482
v -0.119147848 -0.020553905 0.097004631
v -0.006226806 -0.002748966 0.206000000
v 0.030546369 -0.003205291 0.179695788
v -0.112598441 -0.018734398 0.078610507
v -0.018999999 -0.002963130 0.193426132
v 0.026828321 -0.001898035 0.169142704
v 0.017731928 -0.005500000 0.198731932
v -0.036060539 -0.002458462 0.193690752
v 0.017836206 -0.001909398 0.189188784
v 0.008432848 0.000074804 0.193121484
v -0.032679294 -0.000809228 0.184203551
v -0.002000000 -0.004438651 0.191665071
v 0.014960737 -0.003926459 0.196435674
v -0.011179224 -0.005500000 0.193215864
v -0.013016235 -0.004346383 0.191557614
v -0.118002011 -0.023201685 0.083294353
v 0.025919325 0.000692681 0.178135896
v -0.126193237 -0.022749118 0.087731336
v -0.122940972 -0.031211524 0.085513326
v 0.012830326 0.003263957 0.195481623
v -0.002000000 -0.004265122 0.200558926
v -0.011388428 -0.004704672 0.191752710
v -0.030948898 -0.005500000 0.191031707
v -0.115119852 -0.023656789 0.087787288
v -0.034571107 -0.005500000 0.189227435
v 0.027800484 -0.004480234 0.178670887
v 0.008289396 -0.002355076 0.187305175
v -0.113896796 -0.018412878 0.070634398
v 0.009439065 -0.001342452 0.197626932
v 0.009460939 -0.003865948 0.185874683
v -0.034067650 -0.003316038 0.186481045
v -0.108739916 -0.017062953 0.086153876
v -0.025393209 -0.001148097 0.185161845
v 0.015764351 -0.003980221 0.200000003
v -0.011866839 -0.002143524 0.202312210
v -0.121049545 -0.025168415 0.088424541
v 0.011176197 -0.002514321 0.200000003
v 0.025682851 -0.004269074 0.173498790
v -0.107918461 -0.018925108 0.084607511
v -0.120471569 -0.017458641 0.091801660
v -0.126078461 -0.026730037 0.086045584
v -0.111671971 -0.016513928 0.085652985
v 0.033536492 -0.005500000 0.177956905
v 0.017839965 -0.005500000 0.193794466
v -0.113177940 -0.022949038 0.083576009
v -0.041499998 0.005303301 0.190673092
v -0.121822828 -0.016595962 0.091115911
v -0.122255464 -0.018717383 0.093944365
v -0.022500001 0.009866862 0.151424944
v 0.031000706 -0.004580467 0.173641805
v -0.114048326 -0.021381316 0.072676682
v -0.003307427 -0.004239765 0.206000000
v -0.109208546 -0.013821664 0.084778145
v -0.037530003 -0.002790215 0.185841773
v 0.018500000 0.018030121 0.097670891
v 0.014656830 -0.003878949 0.200000003
v -0.121571199 -0.031778284 0.085612471
v -0.039999999 -0.000668483 0.190699390
v -0.039999999 -0.004269170 0.189596439
v -0.119690659 -0.019323983 0.093680878
v -0.025042403 -0.002776472 0.183390091
v 0.005081987 0.002675970 0.194981970
v 0.014454225 -0.002242929 0.196867823
v -0.007283543 0.000447445 0.197783836
v -0.037227802 -0.005500000 0.182303232
v -0.024000000 -0.004463823 0.193221513
v -0.002000000 -0.004503822 0.196875546
v 0.004031250 0.002500000 0.183148436
v 0.007841339 -0.005500000 0.197045289
v 0.024499999 -0.004637355 0.170306200
v -0.122533981 -0.024289084 0.091217831
v 0.037500001 -0.005500000 0.169624997
v 0.005183897 0.000960601 0.184000000
v -0.016002801 -0.005500000 0.196550144
v -0.016408310 -0.000944740 0.199233220
v -0.025478384 -0.005500000 0.192326744
v -0.003177793 -0.004348097 0.199346635
v 0.004185713 -0.001958354 0.188575615
v -0.037288391 -0.001385505 0.192620445
v -0.027257081 -0.000939372 0.183409768
v -0.018999999 -0.001678883 0.198518265
v -0.031703125 0.002500000 0.195999995
v 0.024499999 -0.005500000 0.179374994
v 0.036528770 0.000350834 0.179376856
v -0.012309425 -0.003000000 0.064492656
v -0.121042874 -0.030730224 0.086286055
v -0.120441897 -0.024969338 0.087204433
v 0.035402839 -0.003881016 0.169475164
v -0.015736272 -0.001678216 0.200626187
v -0.122440755 -0.027820124 0.081253981
v 0.027186502 -0.000869149 0.175532173
v 0.010438781 -0.002168992 0.198665891
v 0.009552509 -0.005500000 0.196062703
v 0.007834144 -0.004446800 0.185377411
v 0.035885706 -0.004078662 0.173226494
v 0.012712451 -0.003092251 0.185038642
v 0.018999999 -0.004500000 0.200000003
v -0.119016162 -0.020632150 0.091554306
v 0.009488242 -0.005500000 0.197235201
v 0.014037182 -0.004285439 0.197997613
v -0.039999999 -0.000500000 0.195999995
v 0.015826260 -0.003118886 0.198945323
v -0.120910791 -0.015859874 0.089550018
v -0.117133194 -0.018142972 0.089401767
v -0.017523174 -0.002878027 0.194935273
v 0.016745508 0.000226355 0.070742183
v -0.017999370 -0.001335245 0.205107961
v -0.025994806 -0.004033291 0.193147323
v -0.028145122 -0.004168922 0.192285130
v 0.009280042 -0.004147015 0.194518282
v -0.120865377 -0.021444241 0.091564672
v 0.039000001 0.012870297 0.147172406
v 0.026742278 -0.003380491 0.169228706
v -0.005250374 0.001493857 0.202397131
v -0.025047471 -0.000350198 0.180999994
v -0.030416323 0.000379744 0.194626259
v -0.026003178 -0.001827926 0.188719721
v -0.122584715 -0.023259313 0.093693561
v -0.011655969 0.001173200 0.197007485
v -0.005488039 -0.004260769 0.194188448
v -0.039051997 -0.004289292 0.192126782
v -0.024000000 -0.005500000 0.182874994
v -0.024000000 -0.000646191 0.191133963
v -0.024000000 -0.004000815 0.190781840
v -0.113240349 -0.019331096 0.090956276
v 0.004477994 -0.004022006 0.200000003
v -0.018999999 -0.002640271 0.197461857
v 0.008934856 -0.002097306 0.197278984
v -0.004048606 -0.004328473 0.197934428
v 0.028796659 -0.005500000 0.175191183
v 0.024499999 -0.000256518 0.179944390
v -0.031964398 0.001493588 0.184066514
v -0.114309854 -0.015681102 0.084490066
v 0.025887295 -0.004032978 0.167999998
v -0.115295806 -0.024013084 0.085207984
v 0.003672004 0.000706699 0.067319065
v -0.039265627 0.018989002 0.099907459
v -0.013773108 -0.005500000 0.192434842
v -0.027830586 -0.004115735 0.193993423
v -0.029702773 -0.004169312 0.192886541
v -0.003043788 -0.002500000 0.206000000
v -0.016220295 -0.005500000 0.198869077
v 0.027386838 0.001474017 0.171336308
v -0.028757961 -0.001217101 0.185289108
v 0.028083227 -0.001467425 0.176768165
v -0.039999999 -0.003279122 0.184572261
v -0.036180903 -0.002506237 0.185298475
v 0.034300735 -0.003728017 0.167999998
v -0.029985337 -0.002148648 0.184039332
v 0.017529658 -0.004059318 0.200000003
v 0.008506117 -0.005500000 0.198692981
v -0.035087056 -0.000379440 0.195999995
v -0.116569451 -0.016634546 0.079329988
v 0.004224551 -0.004275449 0.184000000
v -0.108891153 -0.020869917 0.083347665
v -0.120366604 -0.024155118 0.080230361
v -0.016155530 0.001212264 0.188999996
v 0.018500000 0.016875001 0.180999994
v 0.035744922 -0.004292262 0.175205979
v 0.012607048 -0.004504642 0.200000003
v -0.002000000 -0.003243752 0.204919443
v 0.014815400 -0.004216459 0.184000000
v -0.008574059 -0.004321964 0.203021249
v -0.115625877 -0.022689561 0.087255727
v -0.026227007 0.000296920 0.184931074
v -0.028219043 -0.001562292 0.192260054
v 0.033412846 0.004140393 0.171044454
v -0.021147045 0.000000000 0.085634378
v 0.027922005 -0.001856262 0.167999998
v -0.018999999 -0.002500000 0.206000000
v 0.007277870 0.015478347 0.143000007
v -0.020500001 0.005818882 0.203331099
v -0.009832050 -0.005500000 0.196456741
v 0.015177380 -0.003017063 0.194305922
v 0.025819668 -0.001102454 0.177582136
v 0.010840567 -0.003025252 0.195219749
v -0.017598439 -0.001046165 0.198735791
v 0.006250035 -0.001759036 0.200000003
v -0.118053408 -0.020702612 0.092619234
v -0.037072227 -0.001017093 0.191116729
v 0.036382429 -0.002500000 0.180999994
v 0.010524273 -0.004169879 0.184000000
v -0.127225847 -0.026019446 0.085076980
v -0.032767487 -0.004220535 0.195999995
v -0.112031706 -0.027663815 0.078614115
v 0.015856803 -0.005500000 0.196102646
v -0.012502332 -0.001213671 0.206000000
v -0.037634112 -0.004474637 0.182072508
v -0.012615868 -0.003196495 0.201862951
v 0.034979991 -0.005500000 0.172890211
v -0.039500002 0.021000000 0.096624999
v -0.118231089 -0.024582789 0.088532169
v 0.009058553 -0.004140682 0.188917509
v -0.018445053 0.000160864 0.042892181
v -0.125790227 -0.025945841 0.082533277
v -0.033781250 0.002500000 0.180191240
v -0.013051846 -0.005500000 0.190115637
v 0.013999999 -0.005500000 0.184000000
v 0.013499999 -0.005500000 0.185422817
v -0.034090185 -0.001386045 0.191119252
v 0.026153940 -0.002444965 0.175534691
v 0.026410071 -0.002187388 0.179748904
v 0.007542204 -0.002120215 0.197203736
v -0.106846307 -0.016251039 0.086682415
v -0.029755202 -0.005500000 0.194777506
v 0.012454898 -0.003343076 0.190253042
v -0.005756457 -0.003000000 0.056085470
v 0.010188852 0.001534226 0.184988421
v 0.018999999 -0.000425147 0.185025021
v -0.018999999 0.001487477 0.191615973
v -0.032556087 -0.003994945 0.193706755
v -0.009991997 -0.005500000 0.192188088
v -0.121245972 -0.021380676 0.096072132
v 0.010430497 -0.003991779 0.200000003
v -0.122900770 -0.029000616 0.090923611
v 0.036562256 -0.000565595 0.169229816
v 0.028562500 -0.004672770 0.180999994
v -0.118317238 -0.022185887 0.091830649
v -0.027673748 -0.002619698 0.194844885
v 0.007034320 -0.005500000 0.198518269
v -0.027726458 0.002822204 0.193908243
v 0.004034140 0.000880273 0.191551811
v -0.121741577 -0.017548891 0.092538818
v 0.003000000 -0.004281133 0.195937736
v -0.118412645 -0.019158759 0.093173199
v 0.003000000 0.002500000 0.185500000
v -0.015263389 0.000170762 0.195636328
v 0.010297254 -0.000883917 0.200000003
v -0.015483412 -0.004278562 0.195904230
v -0.012781642 -0.003012030 0.196029121
v 0.037500001 -0.003797117 0.169677585
v 0.034770071 0.002178614 0.169201918
v -0.025899519 -0.005500000 0.194883749
v -0.018999999 0.002500000 0.200820311
v -0.117552710 -0.026609732 0.087109133
v 0.004398427 -0.001137474 0.196814118
v -0.117348362 -0.019911242 0.093533704
v -0.037715612 -0.003000000 0.051945464
v 0.026312545 -0.005500000 0.177937537
v -0.034999999 -0.005500000 0.195999995
v -0.025197790 -0.000717668 0.190980895
v 0.025638073 -0.000998417 0.176128828
v -0.025655399 -0.004465423 0.194424377
v -0.030968987 -0.005500000 0.192343920
v 0.029102364 0.000320608 0.178812428
v -0.120050445 -0.020503806 0.095219275
v -0.041499998 0.004602292 0.193828639
v 0.025995520 -0.000514863 0.179169421
v 0.023000000 0.005004192 0.178398808
v 0.018999999 -0.005500000 0.195000002
v -0.031578915 -0.004502700 0.192648027
v -0.003124187 -0.000748864 0.206000000
v -0.031352731 0.001588135 0.180999994
v -0.013227434 -0.004167396 0.204638888
v -0.121076211 -0.021275631 0.081906679
v -0.114388894 -0.018459576 0.088130006
v -0.124559065 -0.020890986 0.088178497
v -0.014436882 -0.004256343 0.190220473
v -0.003426461 -0.005500000 0.204573539
v -0.118105661 -0.020944559 0.095153052
v 0.024499999 -0.002640388 0.179847649
v -0.025400881 -0.003495548 0.188407743
v -0.039999999 -0.004430149 0.183776737
v 0.026683928 -0.002604037 0.178190958
v 0.018999999 -0.004549894 0.194525356
v -0.026966936 -0.004473038 0.185418595
v 0.024499999 -0.002529632 0.174550123
v 0.006184476 -0.004000850 0.200000003
v 0.035276441 -0.000493313 0.171171472
v -0.033480828 0.001093648 0.194395220
v -0.122336531 -0.022334932 0.094374668
v -0.008936320 0.003158575 0.204183186
v 0.009464312 -0.005500000 0.186745353
v 0.035227051 0.019500000 0.144985956
v -0.108422768 -0.019647322 0.081475313
v 0.007249659 -0.000650330 0.200000003
v -0.035724274 0.000254818 0.194890251
v 0.013668703 0.000071813 0.198339315
v -0.122381782 -0.024492348 0.093421411
v -0.039999999 -0.001551881 0.186150231
v -0.018999999 -0.002149288 0.199972107
v -0.013868047 0.000870396 0.202152691
v 0.010543893 -0.005500000 0.190837845
v -0.116625474 -0.022332604 0.088657340
v -0.115613448 -0.019768599 0.090421410
v -0.027087299 -0.003108317 0.192758734
v 0.011477806 -0.000389517 0.200000003
v 0.008644986 -0.003015729 0.198757299
v -0.025952322 -0.004160034 0.184033098
v 0.034651387 -0.005500000 0.177345367
v -0.110768079 -0.021605629 0.079578181
v -0.120646376 -0.020240368 0.097262046
v 0.025454655 0.017455476 0.099373335
v -0.120345756 -0.026223494 0.086391240
v 0.009231931 -0.004287479 0.200000003
v -0.122007528 -0.021510536 0.093474503
v 0.037500001 -0.003778593 0.171405942
v -0.018999999 -0.005500000 0.196437498
v 0.008504561 -0.002916231 0.193647735
v -0.010541751 -0.005500000 0.190222820
v -0.017901960 0.000799095 0.191509051
v -0.124288062 -0.025503599 0.081703415
v -0.018999999 -0.000500000 0.206000000
v 0.016217993 -0.005500000 0.198877310
v -0.039999999 0.002500000 0.192249995
v 0.008344123 -0.002946527 0.195627670
v 0.036402342 -0.003993853 0.170534629
v -0.122391046 -0.020361611 0.092973671
v -0.024000000 0.001031090 0.184371701
v -0.026743996 -0.000723136 0.180999994
v 0.034727256 -0.002661133 0.172743876
v -0.124644862 -0.022191154 0.089358473
v 0.004009011 -0.003851620 0.195743527
v 0.028453108 -0.003012417 0.169077905
v -0.003276000 -0.004174788 0.197031229
v 0.034863011 -0.002891883 0.173915129
v -0.033047362 -0.001042853 0.180999994
v 0.033373140 -0.004529155 0.167999998
v 0.007319793 -0.004133643 0.193017836
v -0.026001554 -0.002401444 0.187479195
v 0.036389870 -0.002828465 0.171650841
v 0.033328039 -0.000731412 0.176052660
v -0.014237552 0.001627938 0.190154529
v 0.024499999 -0.002272226 0.177049908
v -0.028880227 -0.002919856 0.193220005
v -0.033446727 -0.002780457 0.190735080
v 0.025000000 0.021000000 0.099062498
v 0.023000000 0.014532154 0.170346804
v 0.005945155 -0.002615112 0.198730959
v 0.026867227 -0.005500000 0.175475030
v -0.038811319 0.000000000 0.180999994
v -0.030606332 -0.002976416 0.194975294
v -0.028618531 0.000090625 0.194975190
v 0.010134684 -0.004400761 0.195509696
v -0.121116838 -0.023285336 0.093200948
v 0.005796342 -0.005500000 0.198955969
v 0.026046129 -0.004222886 0.175983985
v -0.026516645 0.000922905 0.182283064
v -0.038638107 -0.004038200 0.189214819
v 0.006750314 -0.004342747 0.197175314
v 0.009881055 -0.003080161 0.197790066
v 0.008770311 0.021000000 0.178461839
v 0.031568733 -0.001411192 0.170543538
v 0.027359776 -0.002522804 0.180999994
v 0.015706150 -0.000053140 0.197497147
v -0.027268252 0.015311528 0.145730121
v 0.009802159 -0.004549387 0.197141548
v -0.029721109 0.001540459 0.190101752
v 0.024499999 0.000122629 0.176134715
v -0.110512078 -0.024389284 0.080887924
v -0.013937501 0.002500000 0.206000000
v 0.036348960 -0.005500000 0.169151039
v -0.120624674 -0.021299768 0.092988984
v -0.118657587 -0.021848203 0.094696799
v -0.122567420 -0.025574838 0.092748935
v -0.026544519 -0.003651397 0.194728005
v -0.122456857 -0.022748600 0.091091869
v -0.124078708 -0.021155889 0.092789912
v 0.004184011 -0.002454308 0.198614385
v 0.011440728 -0.003720590 0.198911116
v 0.005468247 0.003106792 0.190273624
v -0.123885386 -0.030338163 0.087226001
v -0.117942091 -0.020118439 0.090853345
v -0.004140714 0.000935185 0.204905699
v 0.007106940 -0.004198721 0.198580934
v 0.008310297 0.000911627 0.186557601
v 0.012255318 -0.000554343 0.188840040
v 0.026710866 0.001893171 0.169017840
v -0.017845303 -0.000569073 0.200011992
v -0.116760755 -0.020235023 0.091884008
v -0.015631554 -0.004318359 0.206000000
v -0.038713654 -0.000980509 0.195999995
v -0.029246128 -0.004593312 0.189776026
v 0.026395875 -0.004180478 0.177523338
v -0.033252936 -0.005500000 0.186168737
v -0.010830361 -0.003000000 0.080222861
v 0.013982986 -0.001801853 0.190433055
v 0.036034778 -0.003969663 0.167999998
v 0.018999999 0.000076424 0.195815143
v 0.030505314 -0.000298192 0.178488696
v -0.034422614 0.001571983 0.182818784
v -0.026677738 -0.003063434 0.190589018
v -0.126794660 -0.028329732 0.083697699
v 0.028161699 -0.003539269 0.178037199
v -0.112605841 -0.015666110 0.086433290
v 0.036534801 -0.003009218 0.167999998
v -0.119458768 -0.019648714 0.096055127
v -0.121886071 -0.018998598 0.096302273
v 0.007195974 -0.003000000 0.039169264
v 0.005320213 -0.004079013 0.198713519
v -0.030398593 -0.005500000 0.193683509
v -0.005434667 -0.002986449 0.188999996
v -0.004596937 -0.004355882 0.206000000
v -0.017961379 -0.004357567 0.192273360
v -0.034082850 -0.004196654 0.195999995
v -0.031018839 0.021000000 0.175141201
v -0.010018798 0.000689390 0.200128134
v -0.007096132 -0.005500000 0.202748310
v -0.120824848 -0.021745728 0.088828514
v 0.018999999 -0.004263527 0.196602314
v -0.007887400 -0.005500000 0.201694771
v -0.122046213 -0.023935713 0.092420003
v 0.018999999 -0.002968429 0.196107699
v 0.008483557 -0.001780674 0.200000003
v 0.014303867 -0.001315031 0.200000003
v -0.112170059 -0.013299822 0.081470156
v -0.002000000 -0.002572481 0.198857106
v -0.116828800 -0.022505217 0.085939203
v -0.002000000 0.000243520 0.190702820
v 0.031000000 0.002500000 0.155000000
v -0.117578321 -0.021159861 0.085479307
v -0.113937392 -0.028386865 0.080140108
v -0.003045956 -0.003175646 0.201876300
v -0.017807616 -0.005500000 0.195950546
v 0.024499999 0.001500000 0.180999994
v -0.033809324 0.003467686 0.193996513
v 0.025503167 -0.002960835 0.167999998
v -0.009792594 -0.002486654 0.190523241
v 0.003500000 0.021000000 0.096624999
v 0.031249866 0.001153186 0.174313715
v 0.037500001 -0.001245329 0.171048790
v 0.027599831 0.004671913 0.182999998
v 0.013882446 -0.002982086 0.198433587
v 0.003000000 -0.004337632 0.194175267
v -0.015839172 -0.001326556 0.204633424
v 0.006391812 0.010716580 0.138769766
v -0.118618023 -0.020364826 0.094217237
v -0.025083420 -0.004416580 0.180999994
v -0.005022338 0.001851628 0.193693329
v -0.014924273 -0.001651080 0.198333890
v 0.009850995 -0.000198559 0.198808111
v -0.039999999 -0.002736786 0.185414705
v 0.006843750 0.002500000 0.200000003
v -0.034243103 -0.004581760 0.186153405
v 0.031255693 -0.004081323 0.169170781
v -0.128546175 -0.028354131 0.084465170
v -0.038278135 0.001195020 0.180999994
v -0.039999999 0.001124153 0.182338397
v 0.036300549 -0.004517984 0.171905692
v -0.120023509 -0.022719530 0.095333761
v -0.109466186 -0.020475589 0.082505265
v 0.033466151 -0.003303561 0.169261706
v -0.039139858 -0.000549151 0.190440960
v -0.119919382 -0.027228893 0.081928286
v -0.123846873 -0.022213013 0.086525688
v -0.025455633 0.022000000 0.082117375
v 0.025509646 -0.000448354 0.174621338
v -0.015196738 0.000803116 0.203525145
v -0.122566424 -0.027664195 0.082581976
v -0.022500001 0.010035916 0.186614059
v 0.008648449 -0.004495459 0.198088477
v 0.025552347 -0.001993070 0.178508107
v -0.037621398 0.001209766 0.188519815
v 0.006311813 0.021000000 0.099441364
v 0.024499999 -0.004341543 0.178562495
v 0.007185980 -0.003000000 0.048696843
v 0.037500001 -0.000693744 0.172197673
v -0.116075776 -0.020963392 0.089044951
v -0.029382935 -0.002875472 0.194577601
v 0.011878503 0.002010375 0.187480229
v -0.039047235 -0.005500000 0.184528653
v -0.015414035 -0.000485237 0.188999996
v -0.003373526 -0.004164378 0.192159632
v -0.114477661 -0.021002691 0.082911560
v -0.013176818 0.000000000 0.012172100
v 0.003000000 -0.004500000 0.200000003
v -0.112818546 -0.018080070 0.088851867
v 0.005703939 -0.005500000 0.185031244
v -0.108995145 -0.018729414 0.083319081
v -0.120892481 -0.022023495 0.094415540
v 0.018999999 -0.003263946 0.199081255
v -0.038555158 0.001727384 0.182704367
v -0.027226748 0.001891450 0.182866833
v 0.017967685 -0.004348587 0.197233354
v -0.116966997 -0.026706213 0.082045234
v -0.119043580 -0.020340430 0.079689345
v -0.024000000 -0.002419278 0.182026320
v -0.008468750 0.002500000 0.188249998
v 0.007976299 -0.005500000 0.195802911
v -0.031573315 -0.004242718 0.194644573
v -0.038099507 0.002749554 0.188513053
v -0.117464873 -0.019303999 0.080514020
v -0.116646087 -0.021233623 0.092893791
v -0.008357095 -0.002427486 0.204744504
v -0.122331149 -0.029341602 0.089746684
v 0.036597836 -0.005500000 0.173687496
v -0.024000000 -0.004462012 0.189515708
v 0.014531766 -0.000547689 0.198780061
v -0.110306558 -0.011597496 0.082585910
v -0.002000000 -0.002888811 0.191352245
v 0.011534100 -0.001116860 0.199014275
v -0.018999999 -0.000314344 0.204723828
v -0.121333002 -0.024560963 0.094642695
v 0.012837257 -0.003627996 0.198837879
v -0.029800917 -0.004340862 0.194616195
v 0.016533656 0.001851425 0.198594477
v 0.005022315 -0.004363068 0.194703682
v -0.013439965 -0.002598414 0.188999996
v -0.027643153 -0.004010090 0.188278892
v -0.024000000 -0.004460631 0.183575565
v 0.010304834 -0.001976194 0.187556411
v -0.039999999 -0.005500000 0.191312495
v -0.121883510 -0.021361639 0.095320279
v -0.011671979 -0.000825987 0.202380639
v 0.024499999 -0.004121536 0.177016700
v -0.117591402 -0.021216216 0.091108041
v 0.004530548 -0.005500000 0.196629028
v -0.003532730 0.002040585 0.202664088
v -0.014451616 -0.002714253 0.190215007
v 0.036387223 0.001622561 0.169300433
v 0.009982632 -0.004217046 0.198773449
v -0.024000000 0.000833961 0.182647936
v 0.032121796 -0.001748413 0.169155322
v 0.030909556 0.000162829 0.180999994
v -0.121702257 -0.023426075 0.082020419
v -0.030539078 -0.003557212 0.192170965
v 0.018999999 0.002500000 0.197250002
v -0.039008230 -0.002353426 0.190427773
v 0.027380419 -0.002909736 0.176957864
v -0.041499998 0.004878865 0.184206361
v 0.016577655 -0.002057079 0.198048438
v -0.018999999 -0.004571021 0.196893751
v -0.028311243 -0.005500000 0.194725100
v -0.015970565 -0.004153694 0.199522529
v -0.033925102 -0.003975906 0.194825345
v -0.024000000 -0.003375214 0.193338065
v -0.122319295 -0.030378275 0.086103402
v 0.029460366 -0.004467601 0.173449570
v 0.036668919 -0.001220914 0.179709060
v 0.009002609 -0.004110275 0.184000000
v 0.005332544 -0.004431613 0.184000000
v 0.009676671 -0.004394186 0.187573511
v 0.024499999 -0.002711950 0.169055501
v -0.024000000 0.001531050 0.190843745
v -0.115927934 -0.022889163 0.084793697
v -0.114509302 -0.027640646 0.079341769
v 0.003000000 -0.004426634 0.197243068
v -0.025131473 0.001673069 0.184198101
v -0.118714968 -0.019058864 0.095037447
v -0.032912149 -0.005500000 0.193137036
v 0.030714660 0.001766634 0.172051500
v -0.012976323 -0.000630659 0.203319978
v -0.109362777 -0.022738239 0.079066590
v 0.024499999 -0.000794448 0.172815662
v -0.013696812 -0.003416166 0.188999996
v -0.024000000 -0.001871923 0.194934006
v -0.114365801 -0.019800965 0.091802046
v -0.122692347 -0.019803592 0.087201250
v 0.003890827 -0.000144083 0.194142982
v 0.033107509 0.006085024 0.177301775
v 0.014614211 -0.005500000 0.191657418
v -0.025184304 -0.005500000 0.182134086
v 0.030215035 0.000100837 0.179816118
v -0.025424554 -0.005500000 0.186958156
v -0.025284830 -0.003704799 0.189806921
v 0.026002691 -0.002482692 0.170016369
v -0.108046614 -0.015123731 0.085842678
v 0.036478816 0.001353100 0.176871248
v -0.122328801 -0.023021574 0.086668945
v -0.024000000 -0.005500000 0.191312495
v -0.018999999 -0.002633723 0.204788129
v -0.108195933 -0.015890821 0.085287930
v -0.024499999 0.017554656 0.142896468
v -0.109482318 -0.013492494 0.082778261
v 0.037500001 0.002500000 0.171249997
v 0.005893227 -0.002536001 0.188752985
v 0.035217346 -0.005500000 0.171261654
v -0.024000000 -0.002515963 0.186427551
v -0.014195721 -0.002795222 0.194099777
v -0.036319091 -0.002643611 0.187010358
v -0.017800543 -0.003399984 0.197022009
v -0.011816992 0.013968549 0.096362352
v -0.029616151 -0.002800083 0.186314706
v -0.015214303 -0.000355922 0.206000000
v 0.007148256 -0.002728941 0.198185927
v -0.113192090 -0.024374936 0.075884568
v -0.121466476 -0.027555146 0.090941172
v -0.038215126 -0.004397668 0.186092600
v -0.025064919 -0.002671660 0.186339946
v 0.032856625 0.001065226 0.170618859
v -0.114453937 -0.013412159 0.084968606
v 0.007017322 -0.001319279 0.198748293
v 0.025629250 -0.004073944 0.169241385
v -0.013296607 -0.000165471 0.206000000
v -0.013535535 0.002404537 0.193544319
v -0.008234117 -0.000640040 0.189894871
v 0.008854161 -0.005500000 0.185192067
v -0.017793936 -0.005500000 0.200772814
v -0.123090584 -0.017761425 0.093204430
v -0.112487502 -0.025203648 0.079569136
v 0.004473621 -0.005500000 0.198257285
v -0.029397709 0.001136359 0.191359920
v -0.027793235 -0.004368940 0.186656139
v -0.121198802 -0.021804264 0.083227272
v -0.012422148 -0.000334212 0.198907250
v -0.122783596 -0.026079873 0.085053771
v 0.004606574 -0.004022160 0.197326971
v 0.016784531 -0.001469459 0.200000003
v -0.037474191 -0.001408087 0.195999995
v 0.009851351 0.000343720 0.042607742
v -0.041499998 0.008343750 0.197999999
v 0.003000000 0.002500000 0.190750001
v 0.013045412 -0.002917570 0.196393528
v 0.026569506 -0.005500000 0.170094559
v -0.127082493 -0.023591099 0.088195011
v -0.031768422 -0.005500000 0.187487836
v -0.039999999 -0.004486893 0.193391217
v -0.119826415 -0.025411626 0.091596104
v 0.003000000 -0.004231983 0.198627692
v -0.123500281 -0.027310036 0.090913868
v -0.119168965 -0.023701809 0.092959095
v 0.035058005 -0.004636416 0.167999998
v -0.024000000 -0.000611263 0.187652478
v -0.028173468 -0.004148240 0.190788262
v -0.002500000 0.019087099 0.096832348
v 0.018999999 -0.004453203 0.191035174
v 0.032763726 0.001368137 0.180999994
v 0.037000000 0.019031250 0.136194362
v 0.008624343 -0.000566724 0.198117514
v -0.010658953 -0.003000000 0.072876092
v -0.110252166 -0.016297785 0.088173947
v -0.113247577 -0.024678340 0.073628126
v -0.124369498 -0.029744499 0.084364256
v -0.121932430 -0.027012041 0.089896796
v -0.111531694 -0.017726936 0.085728084
v -0.013939489 -0.000109378 0.190147693
v 0.008673913 -0.001650038 0.198746951
v 0.037000000 0.018562500 0.162388721
v -0.024866615 0.000230828 0.187955424
v -0.025222978 -0.004256771 0.187345787
v 0.029108881 -0.004537653 0.178467984
v -0.123276855 -0.016425745 0.093817212
v 0.014388001 -0.001831347 0.194011725
v -0.002000000 -0.003148521 0.202854379
v -0.002000000 0.002500000 0.192453122
v -0.035031865 0.001977944 0.186446340
v 0.025803708 -0.000522071 0.172970465
v 0.011492470 0.019500000 0.139627061
v -0.024000000 -0.000362470 0.186539176
v 0.025571853 -0.001409331 0.180999994
v -0.110980211 -0.019651568 0.078425702
v -0.025055059 -0.005500000 0.183453241
v -0.018999999 -0.003640007 0.196441663
v -0.121108079 -0.024543101 0.091784565
v -0.035499999 -0.004538086 0.195999995
v -0.106228921 -0.016683633 0.085325267
v -0.010722345 0.001091171 0.056183041
v -0.024000000 -0.004326566 0.182122491
v 0.015019620 -0.004381598 0.198993546
v 0.024499999 0.000983049 0.176937495
v 0.024499999 -0.000527733 0.175426539
v -0.115294012 -0.025517103 0.083207668
v -0.110439785 -0.016480308 0.084444741
v -0.122378181 -0.027520732 0.092163306
v 0.008624364 -0.003070471 0.200000003
v -0.020500001 0.009671876 0.180000007
v -0.035566402 -0.001737729 0.191438314
v -0.002000000 -0.002789210 0.189961550
v -0.114645023 -0.025370289 0.084957019
v -0.039999999 -0.005500000 0.185687494
v -0.013475729 -0.000512402 0.204950061
v -0.120889160 -0.026211538 0.089406215
v -0.124635802 -0.022068130 0.072892910
v 0.034919437 -0.003146569 0.178592596
v -0.123627601 -0.019279788 0.089525837
v 0.028684965 0.000085193 0.174104954
v -0.115936531 -0.021808779 0.091233142
v -0.117447576 -0.022376579 0.077431414
v -0.018999999 -0.005500000 0.194312497
v 0.016121441 -0.004494439 0.184000000
v -0.110050652 -0.018031467 0.081852182
v -0.121209322 -0.018519232 0.095444749
v 0.032184952 0.000000000 0.023321626
v -0.017893112 -0.005500000 0.194759771
v -0.011258229 0.002780461 0.195766477
v 0.027341596 -0.002707169 0.171934972
v -0.121149637 -0.020751441 0.087674336
v -0.125317242 -0.021006508 0.089770161
v -0.018054372 0.000187767 0.205074852
v -0.038196923 0.000931757 0.185693404
v 0.007437500 0.002500000 0.184000000
v -0.032848092 -0.002889494 0.194765551
v -0.113437020 -0.022839868 0.076087829
v -0.017877375 0.001480774 0.193038909
v -0.002967974 0.000224848 0.205014994
v -0.005141396 -0.002278416 0.206000000
v -0.016158256 -0.001041606 0.190688554
v 0.032461965 0.002500000 0.166492377
v 0.029173471 -0.000815727 0.172515755
v 0.026088729 -0.003981754 0.170539110
v -0.039999999 -0.002786538 0.194924937
v -0.011284517 -0.000227743 0.195942560
v 0.025411145 0.002132729 0.168961423
v 0.024499999 -0.004500000 0.180999994
v 0.032149283 -0.003683619 0.175186896
v -0.123529632 -0.020303919 0.082422562
v 0.034062570 0.000000000 0.086202032
v 0.015589255 0.001858491 0.191827092
v 0.016641128 -0.002049686 0.186870263
v -0.029477378 -0.000105970 0.192226245
v -0.111444740 -0.023336422 0.078093741
v -0.003034461 -0.003991992 0.190324408
v 0.032323814 -0.005500000 0.170295405
v -0.012698024 -0.000599629 0.195701706
v 0.026799306 -0.001680199 0.176771880
v -0.003390143 -0.002359353 0.197263936
v -0.016420735 -0.002286508 0.202318202
v 0.002064217 -0.000378217 0.041934040
v 0.029729556 -0.003226893 0.173380475
v -0.007599691 0.000586642 0.201449103
v -0.111936690 -0.015519769 0.087955296
v 0.030932574 -0.002481540 0.178423149
v 0.018999999 -0.002099343 0.192712007
v -0.025000000 -0.005500000 0.195999995
v -0.024000000 0.001472340 0.188433358
v 0.025621267 -0.004498252 0.180999994
v -0.120929658 -0.025363032 0.093083984
v 0.029246072 -0.002044804 0.179764322
v 0.013407735 -0.001232529 0.194797720
v 0.003500000 0.016000001 0.099500003
v -0.002000000 0.001540987 0.194853718
v 0.006602615 -0.004588898 0.195663433
v -0.015668607 -0.005500000 0.204713176
v -0.124149224 -0.026476737 0.090487853
v -0.004229772 0.002773051 0.202093786
v 0.015124101 -0.003224650 0.187600606
v -0.011671264 0.004413607 0.197256947
v 0.015243296 -0.000950978 0.200000003
v 0.032000000 0.002500000 0.158999994
v -0.025112328 -0.001335861 0.192341427
v 0.036281251 0.002500000 0.168406248
v -0.014031642 0.001433135 0.188999996
v -0.122994427 -0.016587859 0.092297892
v -0.024000000 -0.002833807 0.187758475
v 0.025995722 0.019500000 0.101676799
v 0.036252617 0.001584459 0.172191074
v -0.008909903 0.000275030 0.189708629
v -0.111549061 -0.025250131 0.075413984
v -0.002000000 -0.001500000 0.198562498
v -0.027101590 0.001038975 0.186426096
v -0.038130255 -0.002917601 0.187071701
v -0.006155585 -0.002259627 0.192957882
v -0.113091261 -0.021837034 0.084715685
v 0.024499999 -0.004000000 0.179808598
v -0.118840015 -0.023942777 0.078374602
v -0.018999999 0.000284271 0.203480831
v -0.016140668 -0.000832924 0.197785885
v 0.012022959 0.005961763 0.180999994
v -0.017849678 -0.002460863 0.201900716
v 0.004343715 -0.000189031 0.198577216
v -0.025063418 -0.001818504 0.187554157
v -0.008902869 0.014488510 0.150489579
v -0.126066785 -0.030837671 0.086384715
v 0.029636160 -0.001735962 0.177815194
v -0.038770230 0.002117267 0.194764504
v -0.037307728 -0.005500000 0.184825112
v 0.005164624 -0.004496605 0.196290923
v -0.126294332 -0.022001603 0.089796894
v -0.123719871 -0.028347224 0.090219814
v 0.016051152 -0.005500000 0.190376277
v 0.015258418 0.000070810 0.200000003
v -0.011851169 0.002500000 0.162010880
v -0.020500001 0.005687500 0.208000004
v 0.016045332 -0.005500000 0.187983889
v 0.012591472 -0.002646469 0.200000003
v -0.002976083 -0.002920662 0.191514507
v -0.015057956 -0.002754522 0.195270855
v -0.119569554 -0.021533624 0.096281753
v -0.025160279 -0.005500000 0.190351211
v -0.119352076 -0.019503576 0.084463575
v 0.018419388 0.005229940 0.196085267
v -0.112064807 -0.017734247 0.077932375
v -0.004928125 -0.003000000 0.025282962
v -0.028506172 0.002302177 0.190991324
v -0.033096888 0.001904932 0.195050894
v 0.028508899 -0.005500000 0.178562494
v -0.112432111 -0.025610372 0.078430795
v -0.022500001 0.004475606 0.193847734
v -0.009666065 -0.003162263 0.205242049
v -0.120393832 -0.015961752 0.086622197
v -0.111600372 -0.019652125 0.082957017
v -0.113535282 -0.020070437 0.084684965
v -0.000500000 0.012887668 0.163561050
v 0.037500001 0.001654347 0.178725842
v 0.031000000 0.002500000 0.180999994
v 0.028848985 0.000609567 0.180056605
v -0.027007399 0.001035347 0.195999995
v -0.032030556 -0.005500000 0.183228775
v 0.012300446 0.001712383 0.193546501
v -0.025244146 0.001655219 0.188039476
v -0.002000000 -0.000500000 0.206000000
v -0.108710958 -0.018777719 0.085821836
v 0.016955915 -0.004311581 0.185178897
v -0.018999999 -0.005500000 0.190062496
v 0.033396569 -0.004456372 0.170953676
v 0.028789948 -0.000122581 0.167999998
v -0.039999999 -0.000232125 0.182458815
v 0.027449639 -0.005500000 0.177299850
v 0.013345278 0.001220875 0.184000000
v 0.013269013 -0.001556071 0.198374995
v 0.037500001 -0.000500000 0.167999998
v -0.124342054 -0.020016739 0.092950929
v -0.003250000 0.019500000 0.152250000
v -0.116771232 -0.024907713 0.085976608
v -0.111462724 -0.025071943 0.079677118
v -0.010533772 -0.002163777 0.199959434
v 0.036003478 -0.003184347 0.177605521
v 0.017873603 0.001475618 0.188939594
v 0.025352364 0.001042131 0.179509357
v -0.009832541 -0.000427251 0.188999996
v 0.009628290 0.000325444 0.059129779
v 0.019154678 -0.003000000 0.053351959
v -0.028734375 0.002500000 0.195999995
v -0.112262322 -0.021746188 0.076024589
v -0.037806337 -0.000333657 0.185266372
v 0.028859472 -0.005500000 0.179890523
v 0.039000001 0.006880556 0.171356312
v 0.027533466 -0.001073828 0.172806162
v 0.032775805 -0.005500000 0.178844181
v -0.026506770 -0.004364670 0.195999995
v -0.121125355 -0.022817953 0.090653969
v 0.003000000 0.001500000 0.200000003
v 0.032145787 -0.004306310 0.172484901
v -0.060637157 0.006908624 0.025477475
v -0.041499998 0.012693364 0.134713231
v -0.120187278 -0.029705321 0.086506958
v -0.094698279 0.001512306 0.043962033
v 0.018500000 0.016437501 0.099500003
v 0.037500001 -0.002500000 0.167999998
v -0.037706423 0.000455977 0.183694739
v -0.005612125 -0.001230750 0.203349511
v 0.028869904 -0.005500000 0.172328411
v -0.120426249 -0.025552283 0.077697540
v 0.006334806 0.001660114 0.193732104
v 0.028436735 -0.002440506 0.180999994
v -0.014795105 0.006542303 0.180000007
v 0.045000002 0.000000000 0.025234375
v -0.035820763 -0.004489671 0.180999994
v -0.119932450 -0.018453003 0.087617508
v -0.035911781 -0.002385202 0.195999995
v -0.018999999 -0.004297196 0.195432623
v -0.007569522 -0.001197732 0.200507185
v 0.025499707 -0.004619887 0.174832447
v -0.000500000 0.009671876 0.180000007
v -0.002000000 0.001257352 0.197187560
v -0.018999999 0.002500000 0.194046872
v -0.017687220 0.000140063 0.201899313
v 0.032875000 0.019500000 0.139500007
v -0.010939955 -0.001410722 0.200778653
v 0.007852490 -0.003000000 0.076260675
v 0.008424872 -0.004529242 0.196227870
v 0.003000000 -0.002593618 0.194872788
v -0.008680781 -0.005500000 0.200282288
v -0.017118017 0.002666546 0.204551699
v 0.026937500 -0.005500000 0.180187493
v -0.114166625 -0.022281499 0.074878445
v 0.030091925 0.000175493 0.169627533
v -0.112775168 -0.018753410 0.083930932
v -0.035435766 -0.002903297 0.192158000
v -0.034866813 0.001392303 0.195999995
v -0.016080463 0.001239019 0.193221025
v -0.123403751 -0.021938160 0.083610128
v 0.027046476 -0.004476112 0.174084739
v -0.039238280 0.002500000 0.181663081
v 0.034797698 -0.004411338 0.172398701
v 0.018500000 0.021000000 0.145124998
v -0.008929538 -0.000537766 0.201261622
v -0.006158953 -0.005500000 0.191778177
v -0.124907214 -0.023461604 0.085599937
v -0.117959088 -0.024921654 0.089818096
v -0.034356681 -0.005500000 0.192132552
v -0.117408951 -0.029270745 0.080864517
v -0.018999999 0.001449533 0.194278212
v 0.007275937 0.003236250 0.196350857
v -0.015417235 0.001562128 0.204974728
v 0.036606251 -0.005500000 0.170437497
v 0.013160420 -0.001853733 0.187861600
v -0.125378387 -0.022476229 0.086548519
v -0.023168372 0.000090998 0.077645674
v -0.112862029 -0.021382094 0.075461659
v 0.008622137 0.006642165 0.202000007
v -0.014795147 -0.002396705 0.204814880
v 0.039000001 0.004789089 0.179021125
v -0.121833477 -0.023347240 0.094552199
v -0.114476705 -0.025900584 0.075605313
v -0.027808118 -0.001840367 0.195999995
v -0.124479630 -0.017620182 0.093785988
v -0.029805624 0.002195120 0.184055588
v -0.036329934 -0.005500000 0.181919143
v 0.001500000 0.010967806 0.186052549
v -0.038976185 -0.003145757 0.186045472
v -0.045411009 0.022005630 0.076912036
v -0.024908274 -0.000853531 0.186526653
v -0.113901906 -0.023197615 0.086808211
v 0.004335410 -0.005500000 0.190086200
v -0.028980707 0.001841562 0.182642245
v 0.012155143 0.000211850 0.193519327
v 0.035383492 -0.004569518 0.170873187
v -0.016654594 0.001618373 0.206000000
v -0.113518136 -0.014040464 0.084457176
v -0.024499999 0.021000000 0.096624999
v -0.033708930 0.019500000 0.181006438
v -0.008703977 0.013444022 0.195400803
v -0.103625806 0.000517916 0.068533504
v 0.025000000 0.020000000 -0.007500000
v -0.010250000 0.021000000 0.094999999
v -0.111105812 -0.013344523 0.066409707
v -0.037134253 0.013531433 0.094999999
v -0.054923603 0.001859397 0.030181829
v 0.001500000 0.015593751 0.140303984
v 0.007218750 0.008777981 0.143000007
v -0.131354212 -0.026159411 0.085254766
v -0.031441919 0.019500000 0.109425685
v 0.036225017 -0.002367410 0.169723103
v -0.020500001 0.013028386 0.157522756
v -0.000500000 0.012453764 0.127155538
v -0.041499998 0.013363160 0.161668339
v 0.027062500 0.021000000 0.094999999
v -0.034352249 -0.002941147 0.042189079
v -0.000500000 0.013620910 0.106587337
v 0.037500001 -0.003087851 0.170534261
v -0.045000002 0.022000000 0.000000000
f 527 230 1
f 230 1056 1
f 1056 231 1
f 231 4990 1
f 4990 527 1
f 2584 987 2
f 987 3302 2
f 2584 2 2222
f 2 3872 2222
f 3302 2223 2
f 2223 3872 2
f 350 3 450
f 3 350 542
f 3 1574 450
f 527 1574 3
f 4741 527 3
f 4741 3 542
f 1812 4 928
f 4 2634 928
f 1812 932 4
f 932 2434 4
f 2434 1316 4
f 1316 2634 4
f 229 5 485
f 229 4129 5
f 230 5 4129
f 230 4741 5
f 5 4741 485
f 545 6 235
f 2051 235 6
f 545 4985 6
f 4985 2051 6
f 485 542 7
f 713 485 7
f 542 713 7
f 1173 689 8
f 689 2051 8
f 2051 1173 8
f 733 9 329
f 1574 329 9
f 441 450 9
f 733 441 9
f 450 1574 9
f 4282 10 3931
f 10 4724 3931
f 4282 4724 10
f 1448 226 11
f 226 1964 11
f 11 495 695
f 895 495 11
f 1448 11 695
f 1964 895 11
f 545 12 233
f 12 4982 233
f 545 497 12
f 497 4982 12
f 434 533 13
f 577 434 13
f 533 577 13
f 308 609 14
f 308 14 3543
f 609 4987 14
f 3543 14 1423
f 4902 1423 14
f 14 4987 4902
f 236 624 15
f 1278 236 15
f 15 599 502
f 1278 15 502
f 533 599 15
f 624 533 15
f 235 556 16
f 235 16 619
f 16 556 476
f 619 16 476
f 4291 2651 17
f 2651 4846 17
f 4370 17 4079
f 17 4846 4079
f 4370 4291 17
f 227 329 18
f 227 18 3905
f 329 1574 18
f 1574 1183 18
f 1183 3905 18
f 441 19 1110
f 441 1158 19
f 19 1158 1110
f 3048 20 435
f 20 4905 435
f 476 689 20
f 3048 476 20
f 689 4905 20
f 2576 233 21
f 233 4982 21
f 234 330 21
f 4982 234 21
f 2576 21 330
f 323 22 433
f 323 577 22
f 22 577 433
f 586 3543 23
f 23 5000 586
f 23 1423 1665
f 3543 1423 23
f 1665 1561 23
f 1561 5000 23
f 2446 25 24
f 25 3896 24
f 360 236 24
f 2446 24 236
f 360 24 3896
f 25 435 1945
f 25 2446 435
f 3896 25 1945
f 619 341 26
f 341 1274 26
f 497 619 26
f 1274 497 26
f 636 27 502
f 27 1278 502
f 636 596 27
f 596 1278 27
f 1468 28 4970
f 28 1468 5000
f 28 1524 2163
f 1524 28 5000
f 28 2163 4970
f 353 29 331
f 29 1928 331
f 1274 341 29
f 341 1928 29
f 1274 29 353
f 596 400 30
f 3896 30 400
f 1732 596 30
f 1945 1732 30
f 3896 1945 30
f 434 340 31
f 340 1680 31
f 636 434 31
f 1680 636 31
f 700 32 340
f 32 1680 340
f 400 1680 32
f 400 32 2006
f 700 2006 32
f 3520 33 1751
f 33 3909 1751
f 3909 33 1983
f 33 4039 1983
f 3520 2110 33
f 2110 4039 33
f 1894 874 34
f 874 2528 34
f 1894 34 1361
f 34 3413 1361
f 2528 2016 34
f 2016 3413 34
f 4506 2160 35
f 2160 4726 35
f 4506 35 3209
f 35 4630 3209
f 4630 35 4200
f 35 4726 4200
f 2292 1130 36
f 1130 2987 36
f 2292 36 1164
f 36 4872 1164
f 2987 4872 36
f 3381 1282 37
f 1282 4792 37
f 3381 37 2653
f 37 4792 2653
f 3348 1372 38
f 1372 3975 38
f 3489 38 1394
f 38 3975 1394
f 3348 38 1605
f 38 3489 1605
f 3953 39 2084
f 4054 2084 39
f 3589 39 2085
f 3953 2085 39
f 3589 3186 39
f 3186 4054 39
f 4130 1102 40
f 1102 4337 40
f 1619 1123 40
f 1123 4130 40
f 1619 40 1471
f 40 4337 1471
f 2843 41 2443
f 41 4232 2443
f 2843 2613 41
f 2613 3299 41
f 3299 2749 41
f 2749 4232 41
f 4669 42 2247
f 42 4687 2247
f 4204 42 3063
f 42 4669 3063
f 4544 42 4204
f 4544 4687 42
f 2633 992 43
f 992 3159 43
f 2633 43 2257
f 43 3684 2257
f 3159 2258 43
f 2258 3684 43
f 3223 44 2089
f 44 4085 2089
f 4085 44 3222
f 44 4228 3222
f 3223 4175 44
f 4175 4228 44
f 4014 3145 45
f 3145 4212 45
f 3699 3190 45
f 4014 45 3190
f 4212 3699 45
f 4309 46 1520
f 46 4456 1520
f 4430 3884 46
f 3884 4456 46
f 4309 4150 46
f 4150 4430 46
f 4161 4073 47
f 4073 4794 47
f 4772 4161 47
f 4794 4772 47
f 1479 873 48
f 873 3307 48
f 1479 48 1255
f 48 3473 1255
f 3307 2228 48
f 2228 3473 48
f 442 746 49
f 1617 442 49
f 746 954 49
f 954 1617 49
f 436 1074 50
f 436 50 4246
f 50 1074 4246
f 51 746 590
f 929 51 590
f 954 746 51
f 954 51 929
f 626 52 430
f 52 4751 430
f 626 437 52
f 437 4751 52
f 1234 53 709
f 3628 709 53
f 1234 4915 53
f 1996 3628 53
f 4915 1996 53
f 1996 1617 54
f 1617 2806 54
f 2806 1996 54
f 380 2516 55
f 380 55 4775
f 2516 430 55
f 430 4775 55
f 929 1408 56
f 2806 929 56
f 1408 2806 56
f 224 57 320
f 709 57 224
f 57 3628 320
f 709 3628 57
f 223 686 58
f 4986 223 58
f 58 4246 398
f 4986 58 398
f 58 686 1353
f 4246 58 1353
f 774 305 59
f 305 2455 59
f 643 393 59
f 774 59 393
f 643 59 634
f 59 2455 634
f 304 60 1085
f 304 1962 60
f 60 1962 375
f 4903 60 375
f 1085 60 634
f 60 4903 634
f 297 221 61
f 539 61 221
f 594 297 61
f 561 361 61
f 361 594 61
f 561 61 539
f 774 62 305
f 305 62 2455
f 62 809 389
f 2455 62 389
f 774 1626 62
f 1626 809 62
f 286 830 63
f 1250 286 63
f 63 846 371
f 1250 63 371
f 830 388 63
f 388 846 63
f 304 1085 64
f 1962 304 64
f 64 847 394
f 1962 64 394
f 637 847 64
f 1085 637 64
f 65 221 297
f 789 221 65
f 4424 65 297
f 4127 789 65
f 4127 65 2296
f 65 4424 2296
f 1378 66 285
f 285 66 2320
f 387 846 66
f 1378 387 66
f 66 846 388
f 2320 66 388
f 67 654 296
f 4995 67 296
f 539 501 67
f 501 654 67
f 4995 539 67
f 958 68 290
f 68 4942 290
f 801 68 688
f 958 688 68
f 801 4942 68
f 291 69 2358
f 291 2757 69
f 729 2358 69
f 4679 729 69
f 2757 4679 69
f 4830 281 70
f 281 4840 70
f 372 4830 70
f 4993 372 70
f 2928 70 4840
f 70 2928 4993
f 492 395 71
f 395 501 71
f 492 71 598
f 71 501 598
f 348 1840 72
f 4528 348 72
f 72 471 376
f 4528 72 376
f 801 471 72
f 801 72 1840
f 2928 506 73
f 506 4734 73
f 4734 2928 73
f 464 74 275
f 74 625 275
f 464 392 74
f 392 625 74
f 291 1745 75
f 1869 291 75
f 355 1869 75
f 2856 355 75
f 2856 75 1745
f 277 1473 76
f 277 76 1579
f 318 1579 76
f 4841 318 76
f 4841 76 1473
f 223 77 4970
f 223 4986 77
f 479 4524 77
f 479 77 4986
f 4524 4970 77
f 643 302 78
f 302 4215 78
f 643 78 393
f 78 1476 393
f 4215 1476 78
f 321 307 79
f 307 4215 79
f 4215 321 79
f 303 491 80
f 544 303 80
f 491 544 80
f 81 555 82
f 735 81 82
f 295 555 81
f 561 295 81
f 561 81 361
f 81 735 361
f 82 555 84
f 2891 82 84
f 544 735 82
f 544 82 2891
f 83 347 303
f 544 83 303
f 83 2891 347
f 544 2891 83
f 555 554 84
f 554 1200 84
f 1200 2891 84
f 86 85 300
f 632 85 86
f 306 88 85
f 88 321 85
f 85 4991 300
f 306 85 632
f 1567 85 321
f 85 1567 4991
f 301 86 300
f 632 86 301
f 87 650 89
f 1250 87 89
f 87 371 846
f 87 1250 371
f 650 87 846
f 306 321 88
f 288 89 90
f 90 89 1135
f 3974 89 288
f 89 529 1135
f 1737 529 89
f 89 650 1737
f 89 3974 1250
f 667 288 90
f 667 90 1135
f 287 92 91
f 91 92 529
f 529 159 91
f 159 1513 91
f 1513 287 91
f 287 1135 92
f 92 1135 529
f 299 93 94
f 93 1962 94
f 298 93 98
f 98 93 347
f 298 4641 93
f 866 93 299
f 303 93 302
f 93 866 302
f 3284 93 303
f 347 93 3284
f 4641 1962 93
f 847 299 94
f 847 94 394
f 94 1962 394
f 449 96 95
f 96 2296 95
f 298 99 95
f 554 95 99
f 3346 298 95
f 95 555 449
f 555 95 554
f 2296 4424 95
f 4424 3346 95
f 449 2296 96
f 284 97 772
f 284 846 97
f 97 846 387
f 1378 97 387
f 97 1378 772
f 773 298 98
f 773 98 347
f 298 773 99
f 773 554 99
f 812 732 100
f 732 1071 100
f 812 100 772
f 1071 772 100
f 964 101 296
f 101 4995 296
f 964 448 101
f 448 4995 101
f 103 558 102
f 4980 103 102
f 958 289 102
f 289 4980 102
f 102 558 688
f 958 102 688
f 293 103 105
f 105 103 4980
f 964 103 293
f 558 103 964
f 293 104 964
f 293 4474 104
f 104 482 448
f 964 104 448
f 104 4474 482
f 4474 293 105
f 4474 105 322
f 322 105 4980
f 567 289 106
f 289 1784 106
f 567 106 528
f 106 631 528
f 631 106 4679
f 106 1784 4679
f 108 372 107
f 399 108 107
f 372 792 107
f 792 399 107
f 109 108 313
f 109 812 108
f 108 724 313
f 2707 372 108
f 724 108 399
f 812 2707 108
f 812 109 313
f 492 294 110
f 294 654 110
f 492 110 395
f 110 654 395
f 775 376 111
f 376 780 111
f 775 111 621
f 111 2655 621
f 111 780 2655
f 292 294 112
f 482 292 112
f 294 482 112
f 113 1865 313
f 4881 113 313
f 4881 1865 113
f 118 114 116
f 116 114 392
f 118 673 114
f 507 392 114
f 481 507 114
f 673 481 114
f 399 115 2227
f 399 3060 115
f 115 1424 2227
f 4734 1424 115
f 3060 4734 115
f 118 116 345
f 658 345 116
f 658 116 392
f 292 322 117
f 2655 292 117
f 117 322 621
f 2655 117 621
f 280 118 120
f 345 120 118
f 280 673 118
f 280 314 119
f 280 119 2227
f 119 314 2227
f 707 280 120
f 345 782 120
f 782 707 120
f 949 121 355
f 121 1869 355
f 528 1869 121
f 4980 528 121
f 949 4980 121
f 274 464 122
f 641 274 122
f 122 464 339
f 1684 122 339
f 622 641 122
f 1684 622 122
f 123 125 782
f 123 1043 125
f 271 199 123
f 1224 123 199
f 3202 271 123
f 3202 123 782
f 1224 1043 123
f 314 124 1049
f 314 1057 124
f 1043 1049 124
f 1057 1043 124
f 125 1043 782
f 126 830 286
f 1250 126 286
f 1250 385 126
f 385 4998 126
f 830 126 386
f 126 4998 386
f 752 268 127
f 268 2104 127
f 446 362 127
f 362 752 127
f 446 127 526
f 127 2104 526
f 268 752 128
f 268 128 2104
f 128 752 382
f 791 128 382
f 128 791 383
f 2104 128 383
f 1378 285 129
f 285 2320 129
f 397 129 365
f 129 2320 365
f 397 1378 129
f 1081 266 130
f 1322 130 266
f 267 130 1322
f 267 4989 130
f 1081 130 570
f 130 4989 570
f 267 1322 131
f 3734 267 131
f 1462 363 131
f 363 3734 131
f 131 1322 383
f 1462 131 383
f 132 3467 834
f 4775 132 834
f 1259 132 2275
f 1259 3467 132
f 4775 2275 132
f 583 250 133
f 250 663 133
f 552 518 133
f 583 133 518
f 663 552 133
f 583 134 250
f 250 134 663
f 583 381 134
f 381 1675 134
f 521 663 134
f 1675 521 134
f 552 249 135
f 2293 135 249
f 334 811 135
f 2293 334 135
f 811 552 135
f 516 245 136
f 245 705 136
f 368 607 136
f 368 136 705
f 563 516 136
f 607 563 136
f 249 559 137
f 2293 249 137
f 137 559 522
f 2293 137 522
f 516 138 245
f 245 138 705
f 516 336 138
f 336 4190 138
f 367 705 138
f 4190 367 138
f 281 4830 139
f 281 139 4840
f 139 4830 384
f 4861 139 384
f 139 674 4840
f 4861 674 139
f 259 798 140
f 1329 259 140
f 1329 140 396
f 140 2038 396
f 798 582 140
f 582 2038 140
f 466 141 377
f 141 989 377
f 466 582 141
f 665 141 582
f 665 989 141
f 259 142 798
f 1329 142 259
f 922 142 337
f 142 1329 337
f 798 142 649
f 142 922 649
f 649 364 143
f 364 989 143
f 649 143 665
f 143 989 665
f 3357 674 144
f 4922 144 674
f 1635 3357 144
f 4922 1635 144
f 572 145 255
f 145 4146 255
f 572 390 145
f 2125 145 390
f 2125 908 145
f 908 4146 145
f 2070 338 146
f 338 3270 146
f 146 3270 453
f 3290 146 453
f 146 540 2070
f 146 3290 540
f 1631 277 147
f 277 3933 147
f 456 2291 147
f 456 147 3933
f 1631 147 1100
f 147 2291 1100
f 256 148 1204
f 256 4959 148
f 356 741 148
f 4959 356 148
f 741 1204 148
f 908 378 149
f 1004 149 378
f 1004 534 149
f 534 3602 149
f 3602 908 149
f 253 326 150
f 253 150 1433
f 326 256 150
f 256 1433 150
f 335 593 151
f 4807 335 151
f 151 593 368
f 4807 151 368
f 391 241 152
f 241 718 152
f 701 391 152
f 718 701 152
f 718 153 701
f 701 153 1005
f 2033 153 718
f 153 839 1005
f 1233 839 153
f 1181 153 1024
f 153 2033 1024
f 153 1181 1233
f 4190 154 367
f 154 4807 367
f 854 154 553
f 154 4190 553
f 854 4807 154
f 1687 351 155
f 351 4766 155
f 653 1687 155
f 3040 653 155
f 1445 3040 155
f 4766 1445 155
f 1005 3254 156
f 4327 1005 156
f 1055 4327 156
f 4500 1055 156
f 2440 156 3254
f 4500 156 2440
f 238 158 157
f 942 157 158
f 1933 238 157
f 157 942 2335
f 1474 157 2335
f 2489 157 1474
f 2489 1933 157
f 238 1491 158
f 808 942 158
f 1491 808 158
f 617 159 529
f 617 1513 159
f 752 160 161
f 978 161 160
f 160 446 263
f 978 160 263
f 362 446 160
f 752 362 160
f 270 161 162
f 162 161 861
f 884 161 270
f 161 884 752
f 161 978 861
f 4532 270 162
f 4532 162 861
f 165 163 164
f 164 163 166
f 165 4906 163
f 163 2351 166
f 4133 2351 163
f 4906 4133 163
f 262 165 164
f 574 164 166
f 164 978 262
f 574 349 164
f 978 164 349
f 382 165 262
f 382 4906 165
f 2351 574 166
f 568 167 397
f 167 2577 397
f 568 483 167
f 483 2577 167
f 265 168 169
f 4249 169 168
f 265 4988 168
f 570 4249 168
f 4988 570 168
f 260 170 169
f 170 3742 169
f 169 1219 260
f 4716 265 169
f 4249 1219 169
f 3741 169 3742
f 4716 169 3741
f 260 3742 170
f 363 261 171
f 171 261 4716
f 1459 363 171
f 1459 171 4716
f 947 172 3742
f 947 4944 172
f 172 1459 4716
f 4944 1459 172
f 172 3741 3742
f 3741 172 4716
f 811 248 173
f 248 4813 173
f 811 173 518
f 173 4371 518
f 4813 4371 173
f 991 174 670
f 174 4813 670
f 4405 174 991
f 4405 4813 174
f 247 1675 175
f 247 175 3707
f 381 583 175
f 1675 381 175
f 175 583 3707
f 251 991 176
f 251 176 3707
f 176 991 670
f 3707 176 670
f 177 676 477
f 2467 177 477
f 177 1180 676
f 1259 1180 177
f 2467 1259 177
f 248 178 655
f 248 811 178
f 178 811 334
f 2293 178 334
f 2293 655 178
f 571 328 179
f 328 655 179
f 648 571 179
f 648 179 655
f 607 244 180
f 244 4060 180
f 607 180 563
f 180 1131 563
f 4060 1131 180
f 648 181 357
f 181 4060 357
f 648 4060 181
f 565 247 182
f 247 655 182
f 565 182 522
f 182 2293 522
f 182 655 4696
f 2293 182 4696
f 803 246 183
f 246 4696 183
f 183 655 328
f 803 183 328
f 4696 655 183
f 243 4190 184
f 4352 243 184
f 3827 184 336
f 184 4190 336
f 184 3827 4696
f 184 4696 4352
f 246 803 185
f 246 185 4696
f 803 357 185
f 357 4352 185
f 4352 4696 185
f 4861 384 186
f 384 4881 186
f 402 4861 186
f 402 186 4881
f 510 188 187
f 188 1329 187
f 396 432 187
f 1329 396 187
f 432 510 187
f 260 188 189
f 189 188 510
f 260 1219 188
f 1219 1329 188
f 779 260 189
f 511 189 510
f 779 189 511
f 190 466 377
f 1453 190 377
f 432 466 190
f 432 190 768
f 190 1453 768
f 258 191 1453
f 258 4420 191
f 191 767 768
f 4420 767 191
f 191 768 1453
f 192 193 652
f 192 4944 193
f 192 922 337
f 1329 192 337
f 652 922 192
f 1459 192 1329
f 1459 4944 192
f 193 511 652
f 4944 511 193
f 195 538 194
f 2062 195 194
f 257 194 196
f 196 194 538
f 2062 194 257
f 652 195 364
f 195 2062 364
f 652 538 195
f 4420 257 196
f 679 196 538
f 4420 196 679
f 402 1049 197
f 4861 402 197
f 1635 197 1049
f 1635 4922 197
f 4922 4861 197
f 486 198 390
f 198 3216 390
f 486 865 198
f 865 3216 198
f 271 3358 199
f 1224 199 338
f 199 3358 338
f 258 3216 200
f 4420 258 200
f 715 200 865
f 4420 200 715
f 200 3216 865
f 641 201 271
f 201 3717 271
f 968 201 327
f 201 1684 327
f 641 622 201
f 1684 201 622
f 3717 201 968
f 865 254 202
f 3347 202 254
f 202 3347 356
f 4959 202 356
f 865 202 588
f 202 4959 588
f 252 204 203
f 204 4236 203
f 257 205 203
f 205 715 203
f 865 252 203
f 203 2062 257
f 865 203 715
f 203 4236 2062
f 378 204 252
f 378 4236 204
f 257 715 205
f 865 206 252
f 206 902 252
f 902 206 326
f 206 4959 326
f 865 588 206
f 588 4959 206
f 698 208 207
f 208 981 207
f 244 335 207
f 981 244 207
f 335 698 207
f 209 981 208
f 2945 209 208
f 698 576 208
f 576 2945 208
f 209 878 981
f 2945 878 209
f 239 211 210
f 499 210 211
f 4406 239 210
f 499 391 210
f 391 4406 210
f 211 2224 212
f 2945 211 212
f 216 211 239
f 2224 211 216
f 576 499 211
f 211 2945 576
f 2224 2945 212
f 243 213 214
f 530 214 213
f 242 213 215
f 213 878 215
f 4706 213 242
f 358 213 243
f 358 359 213
f 213 359 878
f 4706 530 213
f 4190 243 214
f 530 553 214
f 553 4190 214
f 1217 242 215
f 878 1217 215
f 237 217 216
f 2294 216 217
f 242 218 216
f 218 2224 216
f 219 216 239
f 523 216 219
f 237 216 220
f 220 216 523
f 216 4706 242
f 2294 4706 216
f 237 4895 217
f 2294 217 653
f 217 4895 653
f 242 1217 218
f 1217 2224 218
f 239 4406 219
f 699 523 219
f 699 219 1055
f 219 4406 1055
f 4895 237 220
f 699 325 220
f 325 4895 220
f 699 220 523
f 221 3982 539
f 221 789 598
f 3982 221 598
f 506 222 3357
f 4840 222 506
f 4840 3357 222
f 4970 686 223
f 224 320 759
f 759 676 224
f 676 1234 224
f 1234 709 224
f 1234 1180 225
f 1180 2275 225
f 1234 225 4915
f 2275 1978 225
f 225 1978 4915
f 1448 227 226
f 227 3534 226
f 3534 1964 226
f 227 733 329
f 733 227 1448
f 1669 2954 227
f 1669 227 3905
f 2954 3534 227
f 610 628 228
f 1478 610 228
f 2785 228 628
f 2785 807 228
f 807 3213 228
f 3213 1478 228
f 485 4106 229
f 895 3379 229
f 4106 895 229
f 3379 4129 229
f 4741 230 527
f 2209 1056 230
f 1280 2209 230
f 4129 1280 230
f 1056 3424 231
f 1574 231 1183
f 231 3424 1183
f 1574 4990 231
f 232 4433 1841
f 1841 4732 232
f 4433 232 2733
f 232 4795 2733
f 232 4655 3065
f 3065 4795 232
f 4732 4655 232
f 233 4985 545
f 2576 4985 233
f 234 2950 330
f 353 234 1274
f 2950 234 353
f 4982 1274 234
f 726 545 235
f 556 235 1356
f 726 235 619
f 1356 235 2051
f 624 236 360
f 2446 236 1278
f 238 1933 351
f 4961 238 351
f 4961 1491 238
f 808 699 240
f 699 936 240
f 936 797 240
f 797 2335 240
f 808 240 942
f 240 2335 942
f 391 3040 241
f 241 3634 718
f 3040 1445 241
f 1445 4766 241
f 4766 3634 241
f 4352 358 243
f 244 593 335
f 358 661 244
f 358 244 981
f 607 593 244
f 244 661 4060
f 247 565 1675
f 655 247 3707
f 4813 248 655
f 552 524 249
f 559 249 524
f 996 991 251
f 2467 996 251
f 2467 251 1108
f 1108 251 3707
f 902 378 252
f 2178 326 253
f 769 253 1433
f 253 769 2178
f 865 486 254
f 486 4968 254
f 3347 254 4968
f 1148 572 255
f 1148 255 741
f 255 4304 741
f 4146 4304 255
f 326 4959 256
f 1204 4511 256
f 1433 256 2569
f 4511 2569 256
f 4420 715 257
f 1453 3216 258
f 779 947 260
f 947 3742 260
f 261 791 262
f 978 261 262
f 2130 261 363
f 978 608 261
f 261 608 4716
f 791 261 1462
f 1462 261 2130
f 791 382 262
f 504 264 263
f 264 978 263
f 504 263 446
f 608 264 265
f 264 1081 265
f 504 1081 264
f 978 264 608
f 4716 608 265
f 1081 4988 265
f 504 526 266
f 504 266 1081
f 526 2104 266
f 2104 1322 266
f 4989 267 3734
f 924 575 269
f 575 2351 269
f 924 269 1333
f 269 4133 1333
f 2351 4133 269
f 4497 884 270
f 1191 4497 270
f 4532 1191 270
f 271 3202 641
f 3270 3358 271
f 3270 271 3717
f 272 373 976
f 373 272 1931
f 976 4556 272
f 272 4556 1931
f 2462 2312 273
f 2312 4378 273
f 3457 2462 273
f 3141 2524 273
f 2524 3457 273
f 273 4378 3141
f 345 274 641
f 274 345 658
f 464 274 658
f 318 464 275
f 318 275 4312
f 275 625 457
f 457 4924 275
f 4924 4312 275
f 540 373 276
f 373 625 276
f 507 540 276
f 625 507 276
f 697 278 277
f 3933 277 278
f 277 1820 697
f 2862 1473 277
f 1579 4429 277
f 1631 2862 277
f 4429 1820 277
f 1301 278 697
f 1301 2889 278
f 2889 3933 278
f 3266 279 1162
f 279 3276 1162
f 3304 279 3266
f 3403 3276 279
f 3306 279 3304
f 3306 3403 279
f 1057 314 280
f 673 280 2227
f 707 1057 280
f 283 1737 282
f 4994 283 282
f 568 282 483
f 282 905 483
f 282 568 4994
f 905 282 1737
f 617 1737 283
f 4998 617 283
f 4994 4998 283
f 846 284 650
f 284 1737 650
f 772 905 284
f 905 1737 284
f 1135 287 3073
f 4693 287 1513
f 3972 3073 287
f 4693 3972 287
f 957 288 667
f 957 3752 288
f 288 3752 3974
f 567 4980 289
f 1784 289 958
f 729 4124 290
f 729 290 4383
f 958 290 4598
f 1887 2960 290
f 4942 1887 290
f 290 2960 4383
f 290 4124 4598
f 1745 291 4891
f 291 1869 2757
f 3185 291 2358
f 4160 291 3185
f 291 4160 4891
f 292 664 294
f 292 4474 322
f 4474 292 482
f 2655 664 292
f 492 449 294
f 449 555 294
f 739 482 294
f 739 294 555
f 654 294 664
f 448 739 295
f 4995 448 295
f 739 555 295
f 4995 295 561
f 964 296 654
f 594 4424 297
f 3346 4641 298
f 299 809 300
f 4991 299 300
f 847 809 299
f 4991 866 299
f 809 301 300
f 632 301 3855
f 301 809 1626
f 3855 301 1626
f 4903 303 302
f 643 4903 302
f 866 4991 302
f 1567 4215 302
f 4991 1567 302
f 347 3284 303
f 303 4903 491
f 321 306 479
f 479 306 4979
f 306 632 4979
f 321 479 307
f 479 4269 307
f 4269 4215 307
f 308 3543 442
f 4543 308 442
f 4997 609 308
f 2090 308 1119
f 4543 1119 308
f 308 2090 4997
f 4524 324 309
f 324 4984 309
f 477 2010 309
f 477 309 3718
f 3718 309 478
f 309 4984 478
f 2010 4524 309
f 310 577 323
f 323 1125 310
f 310 340 434
f 340 310 700
f 629 310 434
f 700 310 489
f 310 2163 489
f 629 577 310
f 1125 578 310
f 310 578 1665
f 310 1665 4902
f 310 4902 2163
f 2274 1696 311
f 1696 2514 311
f 2545 2274 311
f 2514 4950 311
f 4950 2545 311
f 3464 312 2230
f 312 4203 2230
f 3464 3463 312
f 3463 4203 312
f 313 724 1334
f 732 812 313
f 990 732 313
f 1865 990 313
f 1334 4881 313
f 1049 2227 314
f 4056 315 1904
f 315 4057 1904
f 3977 2392 315
f 2392 4145 315
f 315 4056 3977
f 4145 4057 315
f 2161 316 1292
f 316 4694 1292
f 2348 316 1345
f 316 3123 1345
f 2161 2069 316
f 2069 4122 316
f 2348 4694 316
f 3123 316 4122
f 2703 317 1015
f 3012 1015 317
f 2639 1033 317
f 1033 2667 317
f 1673 2639 317
f 2703 1673 317
f 3012 317 2667
f 4250 464 318
f 1579 318 4312
f 4841 4250 318
f 2810 3183 319
f 4376 2810 319
f 3183 3042 319
f 3042 3863 319
f 319 3863 3143
f 319 3143 4600
f 4600 4376 319
f 759 320 2480
f 2480 320 953
f 320 3628 953
f 4215 1567 321
f 322 4980 621
f 2006 323 433
f 579 1125 323
f 2006 579 323
f 479 616 324
f 4524 479 324
f 3752 324 616
f 4984 324 3752
f 325 699 1491
f 4895 325 1491
f 902 326 2178
f 327 2216 968
f 327 1684 1100
f 2216 327 1100
f 571 803 328
f 1110 429 330
f 429 2576 330
f 330 1173 1110
f 1173 330 2950
f 2950 353 331
f 1928 1945 331
f 1945 2950 331
f 1731 369 332
f 369 2035 332
f 762 1731 332
f 2035 762 332
f 762 4246 333
f 4454 762 333
f 886 333 1074
f 886 2964 333
f 333 4246 1074
f 333 2964 4454
f 854 698 335
f 4807 854 335
f 516 3827 336
f 338 2070 1224
f 3358 3270 338
f 339 464 4250
f 4841 1684 339
f 4250 4841 339
f 341 619 3048
f 341 3048 1928
f 3098 438 342
f 438 3566 342
f 440 3098 342
f 3566 440 342
f 343 1313 456
f 3933 343 456
f 1850 1313 343
f 343 1589 1850
f 343 3933 1589
f 344 2903 3025
f 4534 2903 344
f 3025 4890 344
f 3262 3166 344
f 3166 4534 344
f 4890 3262 344
f 3202 345 641
f 782 345 3202
f 4304 346 741
f 4680 741 346
f 2571 346 1929
f 346 4304 1929
f 2571 4680 346
f 1200 773 347
f 2891 1200 347
f 1840 348 2326
f 2856 2326 348
f 4528 2856 348
f 349 574 978
f 450 441 350
f 1110 350 441
f 542 350 713
f 1110 713 350
f 1933 352 351
f 351 352 3334
f 4895 351 1687
f 3334 4643 351
f 4809 351 4643
f 4809 4766 351
f 351 4895 4961
f 352 1389 3334
f 3606 1389 352
f 3606 352 1877
f 352 4862 1877
f 1933 4862 352
f 354 4316 1353
f 4997 354 1353
f 354 4997 4316
f 949 355 4528
f 4856 355 2856
f 4528 355 4856
f 356 3347 741
f 571 648 357
f 571 357 803
f 357 4060 661
f 357 661 4926
f 357 4926 4352
f 981 359 358
f 4352 661 358
f 981 878 359
f 433 624 360
f 2006 433 360
f 2006 360 3896
f 594 361 735
f 1459 4249 363
f 1462 2130 363
f 4249 3734 363
f 649 1272 364
f 364 1272 652
f 2062 989 364
f 830 386 365
f 386 4994 365
f 365 4994 397
f 2320 830 365
f 937 713 366
f 366 713 1173
f 1097 937 366
f 1097 366 1173
f 705 367 4488
f 367 4807 4488
f 593 607 368
f 705 4488 368
f 4807 368 4488
f 369 997 380
f 369 380 2854
f 997 369 1731
f 2854 2035 369
f 370 2256 1156
f 2695 370 1156
f 2695 2093 370
f 2093 4698 370
f 4698 2256 370
f 372 2707 508
f 4830 372 508
f 372 4993 792
f 976 373 540
f 373 4235 625
f 373 1931 2146
f 4235 373 1950
f 373 4810 1950
f 2146 4810 373
f 1558 1401 374
f 1401 4623 374
f 1535 374 1527
f 2196 1527 374
f 1558 374 1535
f 4275 2196 374
f 2697 2524 374
f 2524 4275 374
f 374 4623 2697
f 1962 491 375
f 491 4903 375
f 376 471 780
f 775 4528 376
f 989 1453 377
f 378 902 1004
f 4826 378 908
f 4826 4236 378
f 997 379 875
f 875 379 1388
f 997 4928 379
f 4928 1388 379
f 997 875 380
f 875 2516 380
f 2854 380 4775
f 752 4906 382
f 1462 383 791
f 1322 2104 383
f 4830 4881 384
f 385 1250 1513
f 4998 385 1513
f 4998 4994 386
f 2320 388 830
f 389 809 637
f 1085 389 637
f 1085 2455 389
f 390 1083 486
f 4968 390 572
f 4968 1083 390
f 2125 390 3216
f 2294 391 499
f 645 391 701
f 645 4406 391
f 3040 391 2294
f 464 1132 392
f 392 507 625
f 392 1132 658
f 1476 774 393
f 395 654 501
f 2038 432 396
f 568 397 4994
f 2577 1378 397
f 834 616 398
f 4986 398 616
f 834 398 4246
f 724 399 1334
f 792 4993 399
f 1334 399 2227
f 4993 3060 399
f 1035 400 596
f 400 1035 1680
f 3896 400 2006
f 3375 2367 401
f 2367 4781 401
f 3170 2931 401
f 2931 3375 401
f 4781 3170 401
f 1334 1049 402
f 402 4881 1334
f 3743 403 2364
f 403 4564 2364
f 3653 403 2454
f 403 3743 2454
f 3653 4564 403
f 3062 2322 404
f 3404 404 2322
f 3404 2820 404
f 3760 404 2820
f 3760 3062 404
f 1741 405 873
f 405 4259 873
f 2585 1474 405
f 1474 3558 405
f 3189 405 1741
f 3558 1957 405
f 405 1957 4259
f 405 3189 2585
f 2947 1337 406
f 3567 406 1337
f 406 4260 2947
f 3495 3187 406
f 3187 4260 406
f 3567 3495 406
f 3890 1267 407
f 1267 4276 407
f 3890 407 2258
f 407 4748 2258
f 4276 4240 407
f 4240 4748 407
f 2947 1537 408
f 1537 2953 408
f 2664 3496 408
f 408 3551 2664
f 408 3496 2947
f 408 2953 3551
f 3755 409 1975
f 4067 1975 409
f 3755 2241 409
f 2241 4546 409
f 4546 2443 409
f 2443 4609 409
f 409 4609 4067
f 2885 1972 410
f 1972 3817 410
f 2064 1975 410
f 3665 410 1975
f 3817 2064 410
f 3665 2885 410
f 1627 411 914
f 411 1874 914
f 1874 411 1065
f 1960 1065 411
f 1914 1436 411
f 1436 1960 411
f 1914 411 1627
f 1241 914 412
f 914 2730 412
f 1241 412 1073
f 3209 1073 412
f 412 2730 1126
f 3209 412 1126
f 3267 413 1223
f 413 4262 1223
f 2031 1636 413
f 1636 2774 413
f 3267 2031 413
f 4262 413 2774
f 4071 414 3367
f 414 4565 3367
f 4026 414 3903
f 4632 3903 414
f 4026 4565 414
f 4632 414 4071
f 1080 415 704
f 1249 704 415
f 1080 1829 415
f 415 2859 1249
f 415 1829 1531
f 1531 2859 415
f 1765 416 1227
f 416 2513 1227
f 2513 416 1717
f 416 4831 1717
f 2340 416 1765
f 2340 4831 416
f 2004 417 1460
f 417 3737 1460
f 2004 4164 417
f 4135 3737 417
f 4164 4135 417
f 3199 1583 418
f 3317 418 1583
f 2504 2286 418
f 4168 418 2286
f 3317 2504 418
f 418 4168 3199
f 1935 419 906
f 4490 906 419
f 2966 1493 419
f 4490 419 1493
f 3671 419 1935
f 3671 2966 419
f 1310 420 932
f 420 4816 932
f 1310 960 420
f 960 4700 420
f 420 4700 2527
f 2527 4816 420
f 1104 421 1061
f 421 2550 1061
f 1104 2334 421
f 2334 2159 421
f 2701 421 2159
f 2701 2550 421
f 3244 2727 422
f 2727 3460 422
f 3179 422 3178
f 3892 3178 422
f 3244 422 3179
f 3892 422 3460
f 2096 1723 423
f 2779 423 1723
f 2910 2096 423
f 4466 423 2779
f 423 4750 2910
f 4466 4750 423
f 2628 1893 424
f 3738 424 1893
f 424 3664 2628
f 3779 3664 424
f 3738 3779 424
f 2688 3044 425
f 4699 2688 425
f 425 4050 2832
f 4699 425 2832
f 3044 4050 425
f 2699 2399 426
f 3485 426 2399
f 2699 426 4789
f 3481 3075 426
f 3075 3924 426
f 3485 3481 426
f 3924 4789 426
f 1347 427 820
f 427 4642 820
f 3831 1133 427
f 1133 4642 427
f 4131 427 1347
f 3831 427 1860
f 427 4131 1860
f 1401 1010 428
f 1010 4540 428
f 4576 1401 428
f 3134 2420 428
f 2420 4576 428
f 4540 3134 428
f 1110 2576 429
f 2299 626 430
f 430 1239 1457
f 430 2516 1239
f 1457 2299 430
f 2080 430 1978
f 4751 1978 430
f 2080 4775 430
f 1363 2946 431
f 4137 1363 431
f 2644 431 2148
f 431 2801 2148
f 2644 2610 431
f 2610 4137 431
f 2946 2801 431
f 432 2038 466
f 1750 510 432
f 1750 432 768
f 577 624 433
f 434 546 533
f 546 434 636
f 434 577 629
f 1945 435 475
f 475 435 4905
f 2446 1090 435
f 1090 3048 435
f 445 1598 436
f 4316 445 436
f 1598 1074 436
f 1353 436 4246
f 1353 4316 436
f 692 440 437
f 440 4751 437
f 626 692 437
f 2301 443 438
f 443 3566 438
f 1773 2301 438
f 3098 1773 438
f 2301 1773 439
f 3098 439 1773
f 439 3521 2301
f 3273 439 3098
f 3133 439 3273
f 3521 439 3133
f 3098 440 692
f 3566 4751 440
f 733 1266 441
f 1158 441 1266
f 3543 746 442
f 1001 442 1617
f 442 1001 1996
f 4543 442 1996
f 2090 1119 443
f 1119 4543 443
f 3440 2090 443
f 2301 4851 443
f 4851 3440 443
f 3566 443 4543
f 1265 1151 444
f 1405 444 1151
f 1265 444 1160
f 444 4041 1160
f 1405 2622 444
f 2419 4041 444
f 444 4629 2419
f 2622 4629 444
f 836 4037 445
f 4997 836 445
f 445 1285 1598
f 2677 1285 445
f 2952 2677 445
f 445 4037 2952
f 4997 445 4316
f 446 526 504
f 447 2927 1096
f 1096 3426 447
f 3426 2641 447
f 3486 447 2641
f 4684 2927 447
f 3577 447 3486
f 3577 4684 447
f 482 744 448
f 739 448 744
f 2296 449 492
f 3029 451 1518
f 451 4099 1518
f 4023 1904 451
f 1904 4099 451
f 3995 451 3029
f 4023 451 3995
f 4219 1123 452
f 1123 4239 452
f 452 4239 2067
f 2067 4869 452
f 4330 4219 452
f 4869 4330 452
f 1444 456 453
f 456 4713 453
f 453 3270 1444
f 4713 3290 453
f 3472 454 1410
f 454 3526 1410
f 3580 454 2084
f 454 4736 2084
f 3472 4736 454
f 3580 3526 454
f 938 455 931
f 4487 931 455
f 1095 455 938
f 1095 1620 455
f 1639 455 1620
f 1639 3472 455
f 455 3472 4487
f 1072 2291 456
f 3717 1072 456
f 1244 456 1313
f 4713 456 1244
f 1444 3717 456
f 625 1898 457
f 457 1898 4288
f 4288 4924 457
f 1988 1319 458
f 1319 4752 458
f 2464 1988 458
f 458 4747 2464
f 4752 4747 458
f 1934 459 1916
f 2948 1916 459
f 1934 3548 459
f 3548 2948 459
f 460 2153 1122
f 1122 2544 460
f 1937 1898 460
f 2153 460 1898
f 2895 1937 460
f 460 2544 2389
f 2389 2895 460
f 2704 1707 461
f 1707 3951 461
f 2704 461 2283
f 461 4159 2283
f 461 3951 4721
f 4205 4159 461
f 4205 461 4721
f 462 4570 2758
f 2758 4639 462
f 3626 3412 462
f 3412 4381 462
f 462 4248 3626
f 4639 4248 462
f 4381 4570 462
f 2117 2758 463
f 3722 2117 463
f 2758 4570 463
f 3789 3722 463
f 463 4824 3789
f 4570 4824 463
f 464 658 1132
f 465 2541 1560
f 1560 3237 465
f 465 4888 2541
f 3237 2732 465
f 2732 4888 465
f 2038 582 466
f 2210 467 1436
f 467 4916 1436
f 2942 467 2110
f 467 4967 2110
f 2210 4967 467
f 4916 467 2942
f 1917 1246 468
f 468 1246 2393
f 2487 468 1777
f 2997 1777 468
f 468 2722 1917
f 2393 2997 468
f 2722 468 2487
f 3115 1496 469
f 1496 3673 469
f 3673 1885 469
f 3703 469 1885
f 469 3785 3115
f 3703 3785 469
f 610 3207 470
f 470 4621 610
f 2359 470 823
f 470 3207 823
f 1729 946 470
f 946 4621 470
f 1729 470 1316
f 470 2359 1316
f 780 471 801
f 472 2388 1505
f 1505 3940 472
f 2375 2212 472
f 2212 4737 472
f 3940 2375 472
f 4737 2388 472
f 1048 613 473
f 1054 473 613
f 1054 960 473
f 960 4963 473
f 1288 1048 473
f 473 4963 1288
f 3820 2910 474
f 2910 3920 474
f 3230 474 3001
f 474 3920 3001
f 3886 474 3230
f 3886 3820 474
f 1945 475 4905
f 476 556 689
f 476 3048 619
f 477 676 1809
f 3718 1333 477
f 1333 4996 477
f 2010 477 1809
f 2467 477 4996
f 478 3073 3972
f 4984 3073 478
f 3718 478 4650
f 4693 478 3972
f 4693 4650 478
f 4979 616 479
f 479 4986 4269
f 772 480 483
f 480 2577 483
f 480 772 1071
f 990 480 1071
f 990 1865 480
f 480 1865 2577
f 507 481 1424
f 481 673 1424
f 744 482 739
f 483 905 772
f 576 484 499
f 2512 499 484
f 576 698 484
f 484 698 854
f 2512 484 854
f 937 495 485
f 495 4106 485
f 4741 542 485
f 485 713 937
f 1083 4968 486
f 3335 487 2783
f 487 3475 2783
f 3335 3763 487
f 487 4948 3475
f 3763 4948 487
f 2235 1186 488
f 1186 4238 488
f 4238 1878 488
f 4292 488 1878
f 4059 2235 488
f 4059 488 3269
f 4373 3269 488
f 4373 488 4292
f 1041 700 489
f 1041 489 2163
f 4010 490 2651
f 490 4518 2651
f 4518 490 3887
f 490 4571 3887
f 4010 4962 490
f 4962 4571 490
f 496 544 491
f 1962 496 491
f 789 492 598
f 789 4127 492
f 492 4127 2296
f 1449 493 736
f 493 4877 736
f 493 1417 908
f 3602 493 908
f 1258 493 1023
f 493 3888 1023
f 1258 1256 493
f 1256 4877 493
f 4759 1417 493
f 2218 493 1449
f 2218 1932 493
f 1932 4759 493
f 3602 3888 493
f 558 494 654
f 494 558 964
f 964 654 494
f 695 495 615
f 937 615 495
f 4106 495 895
f 496 735 544
f 594 735 496
f 1962 594 496
f 726 497 545
f 497 726 619
f 4982 497 1274
f 498 2002 3669
f 4930 2002 498
f 2162 498 2106
f 3450 2106 498
f 2162 4930 498
f 3669 3450 498
f 2512 2294 499
f 500 3685 2887
f 2887 3812 500
f 2985 2913 500
f 3398 500 2913
f 3812 2985 500
f 3398 3008 500
f 3008 3685 500
f 501 539 3982
f 3982 598 501
f 636 502 599
f 2637 2426 503
f 2426 4264 503
f 2866 2637 503
f 3667 2866 503
f 503 4068 3667
f 503 4264 4068
f 1129 752 505
f 752 4798 505
f 884 3718 505
f 4798 884 505
f 3718 1129 505
f 2928 4840 506
f 4914 506 3357
f 506 4914 4734
f 507 2070 540
f 507 1424 1224
f 2070 507 1224
f 508 2707 1378
f 508 1378 4830
f 2612 2473 509
f 2473 4103 509
f 509 4949 2612
f 3663 3408 509
f 3408 4949 509
f 4103 3663 509
f 652 511 510
f 1750 652 510
f 947 779 511
f 947 511 4944
f 2114 1998 513
f 1998 4345 513
f 513 4622 2114
f 4622 513 3878
f 513 4729 3878
f 4345 3963 513
f 3963 4729 513
f 1732 515 1278
f 3048 1278 515
f 1732 1928 515
f 1928 3048 515
f 603 516 562
f 562 516 1131
f 1131 516 563
f 603 3827 516
f 2615 517 807
f 517 3259 807
f 3468 517 2615
f 3468 3232 517
f 3232 4117 517
f 4117 3259 517
f 552 811 518
f 583 518 4371
f 1786 519 1505
f 3479 1505 519
f 1786 4428 519
f 2698 2131 519
f 2131 3479 519
f 519 4428 2698
f 647 700 520
f 520 1524 647
f 700 1041 520
f 1041 2163 520
f 2163 1524 520
f 559 524 521
f 524 663 521
f 565 559 521
f 1675 565 521
f 559 565 522
f 552 663 524
f 3679 1102 525
f 1102 4471 525
f 1679 1490 525
f 1490 3226 525
f 525 4471 1679
f 3226 3679 525
f 4990 1574 527
f 567 528 4980
f 631 1869 528
f 1737 617 529
f 531 2512 530
f 4706 531 530
f 854 553 530
f 854 530 2512
f 2512 531 2294
f 531 4706 2294
f 1211 532 992
f 532 1339 992
f 2808 532 1211
f 2563 1339 532
f 2563 532 2348
f 532 2808 2348
f 599 533 546
f 533 624 577
f 534 1004 902
f 902 2883 534
f 2055 1805 534
f 1805 3888 534
f 2883 2055 534
f 534 3888 3602
f 1866 693 535
f 693 4287 535
f 1866 535 1529
f 2638 1529 535
f 2638 535 2257
f 535 2858 2257
f 4287 2858 535
f 959 2858 536
f 2935 959 536
f 2098 536 1052
f 536 4287 1052
f 2098 1888 536
f 2935 536 1888
f 536 2858 4287
f 1030 1614 537
f 537 2402 1030
f 1724 537 1614
f 1724 2752 537
f 537 3833 2402
f 2752 3833 537
f 1750 538 652
f 679 538 768
f 1750 768 538
f 561 539 4995
f 540 4556 976
f 3290 4556 540
f 1329 541 944
f 541 4249 944
f 541 1329 1219
f 1219 4249 541
f 546 636 599
f 1014 547 1705
f 2406 547 1014
f 2935 547 1530
f 547 3731 1530
f 2935 1705 547
f 2406 4791 547
f 4791 3731 547
f 3072 1407 548
f 1407 4080 548
f 2915 4025 548
f 548 4764 2915
f 4025 3072 548
f 4764 548 4080
f 1250 3974 549
f 4650 1250 549
f 3752 549 3974
f 3752 4650 549
f 550 2576 615
f 4985 550 615
f 4985 2576 550
f 2386 551 1519
f 3052 1519 551
f 2621 551 2386
f 2621 3337 551
f 3337 3052 551
f 773 1200 554
f 556 1356 689
f 1048 557 613
f 557 1280 613
f 1048 1061 557
f 2550 557 1061
f 1280 557 2598
f 2598 557 2550
f 558 654 780
f 780 688 558
f 1970 4580 560
f 4685 1970 560
f 2500 2016 560
f 2016 4685 560
f 3384 2500 560
f 4580 3384 560
f 603 562 2293
f 904 562 1131
f 562 904 2293
f 1671 564 1238
f 2591 1238 564
f 1671 4041 564
f 2866 2591 564
f 2866 564 2637
f 564 4041 2637
f 1382 566 1024
f 566 1546 1024
f 1382 3639 566
f 566 4611 1546
f 4495 3145 566
f 3145 4611 566
f 4495 566 3639
f 570 4988 1081
f 570 4989 4249
f 4968 572 1148
f 1214 573 1118
f 573 3410 1118
f 1214 3191 573
f 2623 2557 573
f 2557 3410 573
f 3191 2623 573
f 1191 574 575
f 574 2351 575
f 861 978 574
f 1191 861 574
f 924 1191 575
f 1125 1665 578
f 1125 579 1665
f 579 1561 1665
f 2006 1561 579
f 2149 580 1477
f 580 3825 1477
f 2154 1789 580
f 1789 2746 580
f 2154 580 2149
f 3825 580 2746
f 2770 1255 581
f 1255 3383 581
f 2454 3110 581
f 3312 2454 581
f 3110 2770 581
f 3312 581 3383
f 665 582 798
f 3467 1108 583
f 1108 3707 583
f 4371 3467 583
f 1161 2062 584
f 1161 584 4236
f 2062 4236 584
f 4464 2052 585
f 2052 4879 585
f 3966 3071 585
f 4907 585 3071
f 4879 3966 585
f 4907 4464 585
f 746 3543 586
f 746 586 5000
f 1453 1161 587
f 1161 3216 587
f 3216 1453 587
f 4209 589 2088
f 589 4718 2088
f 3527 589 3105
f 589 4339 3105
f 3527 4718 589
f 4209 3876 589
f 4339 589 3876
f 590 746 953
f 929 590 953
f 2785 628 592
f 3316 592 628
f 2623 592 2557
f 592 4719 2557
f 2785 592 2623
f 3316 4719 592
f 4424 594 1962
f 595 603 2293
f 603 595 3827
f 4696 595 2293
f 595 4696 3827
f 636 1035 596
f 1732 1278 596
f 3394 597 2643
f 3624 2643 597
f 3394 2965 597
f 2965 3761 597
f 3761 3624 597
f 600 2813 1511
f 1511 3657 600
f 2175 2813 600
f 3868 2175 600
f 3657 2564 600
f 2564 3868 600
f 1141 601 1000
f 601 3471 1000
f 4056 601 1141
f 1858 3471 601
f 4023 1858 601
f 4056 4023 601
f 602 1744 1608
f 1867 602 1608
f 2876 1744 602
f 602 1867 2839
f 602 2839 3652
f 3652 2876 602
f 604 3669 2002
f 2002 3851 604
f 3840 604 2746
f 3851 2746 604
f 3167 3014 604
f 604 3014 3669
f 3840 3167 604
f 3653 605 2988
f 3958 2988 605
f 605 3653 3312
f 3312 4368 605
f 4121 3958 605
f 605 4368 4121
f 609 1353 4987
f 1353 609 4997
f 610 4621 628
f 3207 610 1478
f 1094 611 1000
f 1141 1000 611
f 1608 611 1094
f 611 2023 1141
f 1744 611 1608
f 2023 611 1744
f 1968 612 1606
f 3057 1606 612
f 1711 612 2981
f 1711 4226 612
f 2981 612 1968
f 3744 3057 612
f 4226 3744 612
f 1054 613 1280
f 1284 614 1277
f 614 2762 1277
f 1284 1776 614
f 1776 1304 614
f 3674 614 1304
f 2762 614 2366
f 3674 2366 614
f 615 2576 695
f 4985 615 937
f 3855 616 632
f 632 616 4979
f 4650 616 834
f 616 3855 1476
f 4986 616 1476
f 4650 3752 616
f 617 4998 1513
f 1954 1659 618
f 2814 618 1659
f 618 3716 1954
f 2616 2319 618
f 2319 3716 618
f 2814 2616 618
f 1822 620 1694
f 2239 1694 620
f 620 2396 1704
f 1704 3689 620
f 1822 2396 620
f 620 3526 2239
f 3689 3526 620
f 775 621 4528
f 949 4528 621
f 4980 949 621
f 1791 623 1150
f 623 2892 1150
f 1791 4031 623
f 4436 2892 623
f 4196 3211 623
f 3211 4436 623
f 4196 623 4031
f 625 1441 1194
f 625 1194 1898
f 4235 1441 625
f 626 2450 692
f 626 2299 2450
f 2703 627 1673
f 3041 1673 627
f 2616 2095 627
f 3041 627 2095
f 2616 627 2319
f 627 2703 2319
f 628 4621 3316
f 1869 631 4679
f 1345 3123 633
f 633 4838 1345
f 633 3123 2426
f 2426 3376 633
f 3376 4629 633
f 4629 4838 633
f 643 634 4903
f 634 2455 1085
f 3054 1522 635
f 1522 3425 635
f 635 3758 3054
f 3617 3186 635
f 3186 3986 635
f 3617 635 3425
f 3758 635 3986
f 1035 636 1680
f 847 637 809
f 638 2600 1772
f 1772 4230 638
f 3559 2600 638
f 638 4230 3004
f 3004 4918 638
f 638 3853 3559
f 4918 3853 638
f 1225 639 793
f 639 3180 793
f 639 1225 945
f 945 1499 639
f 1850 639 1499
f 1850 3180 639
f 1214 1133 640
f 3831 640 1133
f 640 3540 1214
f 3540 640 3468
f 3656 3468 640
f 3831 3656 640
f 4051 1636 642
f 1636 4601 642
f 642 2803 2645
f 4898 642 2645
f 4601 2803 642
f 4051 642 4898
f 701 1783 645
f 1783 4406 645
f 2282 3529 646
f 646 3948 2282
f 3490 2572 646
f 3948 646 2572
f 3245 646 2588
f 2588 646 3529
f 3245 4964 646
f 646 4964 3490
f 700 647 2006
f 647 1524 2006
f 904 648 655
f 904 4060 648
f 798 649 665
f 922 1272 649
f 2698 1478 651
f 1478 3213 651
f 1724 2131 651
f 2909 1724 651
f 2698 651 2131
f 4233 2909 651
f 4233 651 3213
f 922 652 1272
f 4895 1687 653
f 3040 2294 653
f 654 664 1548
f 1548 780 654
f 2293 904 655
f 4813 655 3707
f 3607 3385 659
f 3385 3818 659
f 659 4101 3607
f 3818 4469 659
f 4322 4101 659
f 4469 4322 659
f 660 1150 1881
f 2317 1150 660
f 1881 1431 660
f 1431 2940 660
f 2317 660 2047
f 2940 2047 660
f 4352 4926 661
f 664 2655 1548
f 3342 666 1555
f 4330 1555 666
f 3342 2889 666
f 4025 666 2889
f 666 4025 2915
f 2915 4330 666
f 3752 957 667
f 3073 667 1135
f 667 3073 4984
f 4984 3752 667
f 669 2106 1277
f 1277 2762 669
f 2162 2106 669
f 2667 2162 669
f 669 3012 2667
f 3012 669 2762
f 3707 670 4813
f 3067 2583 672
f 4375 672 2583
f 3067 672 4535
f 4375 4999 672
f 4499 4535 672
f 4999 4499 672
f 2227 1424 673
f 3357 4840 674
f 4922 674 4861
f 1513 1250 675
f 1250 4650 675
f 4693 1513 675
f 4693 675 4650
f 759 2010 676
f 1180 1234 676
f 2010 1809 676
f 2277 1641 678
f 2737 678 1641
f 2737 2177 678
f 2177 4313 678
f 4313 2277 678
f 767 679 768
f 767 4420 679
f 1090 2446 680
f 3048 1090 680
f 680 2446 1278
f 1278 3048 680
f 681 2791 1497
f 1497 2899 681
f 2791 681 2203
f 4453 2203 681
f 681 2899 2568
f 4453 681 2568
f 3667 2235 682
f 4059 682 2235
f 2866 682 2591
f 4171 2591 682
f 2866 3667 682
f 4177 682 4059
f 4177 4171 682
f 1576 683 1509
f 683 3993 1509
f 1576 3205 683
f 3675 683 3205
f 683 3675 3993
f 2586 4144 684
f 684 4638 2586
f 2994 684 2653
f 684 4144 2653
f 2994 4154 684
f 4154 4638 684
f 1727 685 1319
f 685 3880 1319
f 2844 685 1727
f 2844 4216 685
f 685 3685 3008
f 3008 3880 685
f 4216 3685 685
f 4987 1353 686
f 4970 4987 686
f 780 801 688
f 689 1173 2950
f 1356 2051 689
f 689 2950 4905
f 4346 3063 690
f 3063 4414 690
f 3672 690 3269
f 690 4229 3269
f 4346 690 3672
f 4298 4229 690
f 4414 4298 690
f 1660 737 691
f 737 2020 691
f 1660 691 1235
f 2371 1235 691
f 3169 1692 691
f 1692 4549 691
f 2020 3169 691
f 691 4549 2371
f 692 2450 3098
f 2595 1052 693
f 1052 4287 693
f 1866 2595 693
f 1765 4461 694
f 694 4701 1765
f 1976 2286 694
f 1976 694 4461
f 2504 694 2286
f 2504 4701 694
f 695 1158 1266
f 2576 1158 695
f 695 1266 1448
f 1332 1301 697
f 697 3147 1332
f 3293 697 1820
f 3293 3147 697
f 808 1491 699
f 699 4500 936
f 4500 699 1055
f 1783 701 1005
f 995 1233 702
f 702 2114 995
f 1233 1181 702
f 1181 1546 702
f 1546 2114 702
f 1225 793 703
f 793 1861 703
f 703 4485 1225
f 4099 703 1518
f 703 4712 1518
f 1861 4712 703
f 703 4099 1905
f 1905 4485 703
f 1221 1080 704
f 704 4331 1221
f 1249 2460 704
f 2460 4331 704
f 3456 2779 706
f 3595 706 2779
f 3595 3211 706
f 4349 706 3211
f 706 4581 3456
f 4349 4581 706
f 782 1057 707
f 2381 708 1033
f 708 4502 1033
f 4585 2247 708
f 2247 4615 708
f 2381 4585 708
f 4302 4502 708
f 708 4615 4302
f 3037 1493 711
f 1493 4263 711
f 2634 2359 711
f 3002 711 2359
f 711 4263 2634
f 3037 711 3002
f 2184 1332 712
f 3147 712 1332
f 2184 712 1407
f 712 3542 1407
f 3147 3498 712
f 3542 712 3498
f 1173 713 1110
f 714 4103 2203
f 2203 4453 714
f 3663 714 3506
f 714 4684 3506
f 3663 4103 714
f 4453 4684 714
f 2033 718 1428
f 2197 1428 718
f 2197 718 3634
f 2033 719 1382
f 3639 1382 719
f 2033 1428 719
f 2197 719 1428
f 4874 719 2197
f 719 4247 3639
f 4874 4247 719
f 720 2622 1405
f 1405 4842 720
f 2563 4838 720
f 4842 2563 720
f 4838 2622 720
f 1329 944 723
f 944 4249 723
f 1459 1329 723
f 4249 1459 723
f 2913 2017 727
f 3394 727 2017
f 2810 4152 727
f 727 4220 2810
f 3398 2913 727
f 3394 4220 727
f 727 4152 3398
f 2152 2358 729
f 2152 729 4383
f 4124 729 4325
f 4679 4325 729
f 2030 730 874
f 730 4769 874
f 1070 730 4179
f 1070 4769 730
f 2030 4450 730
f 730 4450 4179
f 2083 731 1070
f 731 2736 1070
f 3444 731 2083
f 2437 2736 731
f 731 3444 2437
f 732 990 1071
f 733 1448 1266
f 3775 1755 734
f 1755 4328 734
f 3775 734 2089
f 4478 2089 734
f 734 4328 3308
f 3308 4478 734
f 736 2953 1449
f 3551 2953 736
f 736 4877 3551
f 2000 1440 737
f 1440 2020 737
f 2000 737 1660
f 2020 1440 738
f 1440 2998 738
f 2020 738 4676
f 2998 4839 738
f 3265 4676 738
f 738 4806 3265
f 4839 4806 738
f 1204 741 1017
f 1017 741 4680
f 741 1107 1148
f 3347 1107 741
f 1670 1656 743
f 2701 743 1656
f 743 4168 1670
f 2701 2159 743
f 3199 743 2159
f 3199 4168 743
f 746 5000 953
f 2750 2749 747
f 2749 3247 747
f 747 3587 2750
f 3568 2782 747
f 2782 3587 747
f 3247 3568 747
f 1951 749 1551
f 2640 1551 749
f 1885 1743 749
f 2640 749 1743
f 749 4897 1885
f 1951 3958 749
f 749 3958 4121
f 4121 4897 749
f 750 2366 2629
f 3236 2366 750
f 2629 2613 750
f 2613 3538 750
f 750 3538 3236
f 2629 2366 751
f 2366 3674 751
f 3247 751 2466
f 3674 2466 751
f 751 3299 2629
f 3299 751 3247
f 884 4798 752
f 1333 752 1129
f 1333 4906 752
f 1096 2927 754
f 754 3068 1096
f 2234 2568 754
f 754 2927 2234
f 2568 3083 754
f 4866 3068 754
f 3083 4866 754
f 3199 757 1583
f 757 3581 1583
f 2334 757 2159
f 3199 2159 757
f 2334 2514 757
f 2514 3581 757
f 2156 758 1361
f 758 2800 1361
f 2156 2129 758
f 4318 758 2129
f 4723 2800 758
f 4318 4723 758
f 759 2480 2010
f 1826 1029 760
f 1029 4958 760
f 1826 760 1069
f 760 4700 1069
f 3832 2527 760
f 2527 4700 760
f 760 4958 3832
f 1069 761 4129
f 1069 4700 761
f 1880 4129 761
f 761 4700 1880
f 1731 762 4454
f 4246 762 2035
f 3264 1394 763
f 1394 3272 763
f 2107 3264 763
f 763 4666 2107
f 763 3272 2372
f 3372 763 2372
f 3372 3622 763
f 3622 4666 763
f 1733 764 1335
f 764 4193 1335
f 1733 4555 764
f 3119 764 2160
f 764 4555 2160
f 3396 764 3119
f 3396 4193 764
f 2756 766 2228
f 766 3714 2228
f 3703 766 2756
f 3703 3844 766
f 3844 3714 766
f 4595 769 1433
f 2055 2883 769
f 2055 769 4595
f 2883 2178 769
f 867 1235 770
f 770 1306 867
f 1235 3859 770
f 4457 1306 770
f 1961 1373 770
f 1373 4457 770
f 1961 770 3859
f 3383 771 3312
f 771 4368 3312
f 3383 3473 771
f 3473 3714 771
f 3844 771 3714
f 3844 4121 771
f 4121 4368 771
f 2707 812 772
f 772 1378 2707
f 774 1476 3855
f 3855 1626 774
f 2994 2803 777
f 2803 4601 777
f 4154 2994 777
f 3803 3572 777
f 777 3572 4154
f 3818 3803 777
f 3818 777 3815
f 777 4601 3815
f 3431 2085 778
f 2085 4090 778
f 2773 2392 778
f 2392 2841 778
f 3352 2773 778
f 2841 3949 778
f 778 4090 3352
f 3949 3431 778
f 1548 2655 780
f 782 1043 1057
f 2004 1616 783
f 2277 783 1616
f 783 4904 2004
f 2277 4313 783
f 2384 783 4313
f 2384 4904 783
f 784 2217 1373
f 1373 4481 784
f 3308 2161 784
f 2161 4791 784
f 4791 2217 784
f 784 4481 3308
f 3903 3283 785
f 3283 4720 785
f 3919 3903 785
f 4578 3919 785
f 4578 785 4200
f 785 4720 4200
f 1126 1002 786
f 1829 786 1002
f 3217 1126 786
f 1829 3224 786
f 3396 3217 786
f 3224 4388 786
f 786 4388 3396
f 3560 787 1347
f 787 4131 1347
f 2399 787 1495
f 3560 1495 787
f 2399 2699 787
f 2649 787 2699
f 2649 4131 787
f 3314 1861 793
f 3180 3314 793
f 1061 1048 794
f 1288 794 1048
f 1104 1061 794
f 1152 1104 794
f 1935 1152 794
f 1288 1935 794
f 2436 795 851
f 3044 851 795
f 2402 795 1576
f 2436 1576 795
f 2402 2087 795
f 3044 795 2087
f 936 2338 797
f 2439 2335 797
f 797 2338 4863
f 797 4695 2439
f 4863 4695 797
f 1529 800 1258
f 800 3551 1258
f 2100 800 1529
f 2664 800 2100
f 3551 800 2664
f 1840 3728 801
f 3728 4274 801
f 4274 4942 801
f 3368 1907 804
f 804 1907 4535
f 3368 804 3231
f 3966 3231 804
f 804 4499 3966
f 4499 804 4535
f 1431 3406 805
f 805 3721 1431
f 2271 805 1717
f 1717 805 2513
f 805 2271 3721
f 2513 805 2498
f 3406 2498 805
f 1030 1509 806
f 806 1614 1030
f 1509 4972 806
f 2375 1614 806
f 806 4972 2375
f 807 4353 2615
f 2785 4353 807
f 4233 3213 807
f 4233 807 3259
f 1284 815 1062
f 3427 1062 815
f 1284 1277 815
f 2106 815 1277
f 3450 815 2106
f 3427 815 3203
f 815 3450 3203
f 907 816 906
f 816 1152 906
f 1526 816 907
f 1152 816 1104
f 4950 1104 816
f 816 1526 2545
f 4950 816 2545
f 1620 1095 817
f 1702 817 1095
f 1178 1177 817
f 1177 2725 817
f 1702 1178 817
f 2773 1620 817
f 2725 2773 817
f 2500 1652 818
f 1652 2612 818
f 2156 818 2129
f 2739 2129 818
f 2500 818 2156
f 2739 818 2612
f 3304 2919 819
f 3315 819 2919
f 3304 819 3171
f 819 4476 3171
f 3315 4931 819
f 4479 4476 819
f 4931 4479 819
f 2427 1347 820
f 2158 4567 820
f 4642 2158 820
f 4567 2427 820
f 2577 1257 821
f 1257 4830 821
f 3800 2577 821
f 4830 3800 821
f 3062 822 2537
f 3190 2537 822
f 3129 822 3062
f 3129 4148 822
f 4148 3190 822
f 3002 2359 823
f 4428 3002 823
f 3207 4428 823
f 2560 824 1858
f 3471 1858 824
f 4476 824 2560
f 3891 3471 824
f 3891 824 4479
f 4479 824 4476
f 1214 1118 826
f 1118 3027 826
f 1214 826 1133
f 826 4642 1133
f 3027 2158 826
f 2158 4642 826
f 1401 827 1010
f 1934 1010 827
f 1558 827 1401
f 2292 827 1558
f 827 4001 1934
f 2292 4001 827
f 4009 2367 828
f 2367 4396 828
f 4009 828 3884
f 828 4690 3884
f 4396 4690 828
f 4691 3612 829
f 4812 829 3612
f 3902 3723 829
f 4717 829 3723
f 4646 3902 829
f 4812 4646 829
f 4717 4691 829
f 1333 1129 834
f 4650 834 1129
f 3467 1333 834
f 2035 2854 834
f 4246 2035 834
f 2854 4775 834
f 3109 835 1644
f 4032 1644 835
f 2425 835 2354
f 2354 835 3109
f 2425 4422 835
f 835 4913 4032
f 4422 4913 835
f 836 2090 4037
f 4997 2090 836
f 1934 838 1010
f 4540 1010 838
f 3263 1441 838
f 4235 838 1441
f 3263 838 1934
f 4235 4540 838
f 1233 995 839
f 995 2624 839
f 839 3748 1005
f 2624 3748 839
f 841 4163 1260
f 1260 4698 841
f 841 2093 2011
f 2011 2677 841
f 4698 2093 841
f 2677 4163 841
f 4268 4005 843
f 4781 843 4005
f 4645 4268 843
f 4781 4645 843
f 3557 844 859
f 844 3726 859
f 3275 1282 844
f 1282 4624 844
f 3288 3275 844
f 3557 3288 844
f 4624 3726 844
f 1929 845 1304
f 2466 1304 845
f 2466 845 1663
f 3005 1663 845
f 1929 3005 845
f 851 2230 2436
f 2230 851 3916
f 3044 2688 851
f 3916 851 2688
f 2971 2832 852
f 4050 852 2832
f 4282 2971 852
f 4050 3807 852
f 3807 4282 852
f 1080 1221 853
f 853 3224 1080
f 1221 3343 853
f 4388 3224 853
f 3343 4388 853
f 4341 1983 855
f 1983 4539 855
f 4341 855 3698
f 855 4738 3698
f 4539 4738 855
f 1702 856 1178
f 856 2579 1178
f 1542 1349 856
f 1349 4923 856
f 1702 1542 856
f 2579 856 4923
f 2030 1894 858
f 2800 858 1894
f 858 4677 2030
f 2800 4918 858
f 4918 4677 858
f 2058 859 1745
f 859 2127 1745
f 2058 3557 859
f 859 3726 2127
f 4532 861 1191
f 1660 1235 867
f 1306 4595 867
f 2000 1660 867
f 2000 867 4595
f 1595 868 1368
f 868 1758 1368
f 1595 2017 868
f 2985 1758 868
f 2017 2913 868
f 2913 2985 868
f 1425 870 959
f 870 2858 959
f 1211 992 870
f 2633 870 992
f 1425 1211 870
f 2633 2257 870
f 2257 2858 870
f 1707 871 956
f 871 4951 956
f 2704 871 1707
f 2704 2283 871
f 871 2283 3922
f 871 3922 4312
f 871 4312 4924
f 4924 4951 871
f 907 1434 872
f 1526 907 872
f 1434 2009 872
f 872 2274 1526
f 2009 1641 872
f 1641 2274 872
f 1741 873 1479
f 4259 3307 873
f 2030 874 1894
f 4769 2528 874
f 1239 875 1388
f 2516 875 1239
f 1241 1073 876
f 3152 876 1073
f 1096 3068 876
f 876 3426 1096
f 3068 1241 876
f 3152 3426 876
f 2315 1217 878
f 2945 2315 878
f 880 1425 959
f 2935 880 959
f 1425 880 1211
f 2808 1211 880
f 2808 880 1530
f 2935 1530 880
f 4497 3718 884
f 886 1074 1835
f 2695 1156 886
f 886 1156 2964
f 886 1598 1285
f 2677 886 1285
f 1835 1598 886
f 2011 886 2677
f 2695 886 2011
f 2990 888 2586
f 888 3536 2586
f 3536 888 2709
f 4012 2709 888
f 2990 4201 888
f 4201 4012 888
f 2654 889 2641
f 3943 2641 889
f 4071 889 2654
f 3803 3385 889
f 3385 3943 889
f 3803 889 3572
f 4071 3572 889
f 891 3179 4432
f 891 4561 3179
f 3745 3616 891
f 4561 891 3616
f 891 4689 3745
f 4432 3887 891
f 3887 4689 891
f 1151 1012 892
f 1012 3829 892
f 892 3621 1151
f 3495 1386 892
f 1386 3621 892
f 3829 1659 892
f 4351 892 1659
f 892 4351 3495
f 3101 1733 894
f 1733 4590 894
f 3101 894 2332
f 3723 2332 894
f 4387 3723 894
f 4590 4387 894
f 1964 3379 895
f 1988 898 1727
f 2987 1727 898
f 2884 898 1988
f 2884 4872 898
f 4872 2987 898
f 2654 2641 899
f 3426 899 2641
f 4632 2654 899
f 3283 899 3152
f 3426 3152 899
f 3283 4632 899
f 2883 902 2178
f 4060 904 1131
f 906 4490 907
f 1935 906 1152
f 3407 1434 907
f 1493 3407 907
f 907 4490 1493
f 908 1417 4146
f 2125 4826 908
f 1627 914 1241
f 1874 2730 914
f 1705 915 1788
f 2935 915 1705
f 2098 1788 915
f 2098 915 1888
f 2935 1888 915
f 1821 1267 916
f 1267 3890 916
f 3159 1339 916
f 4842 916 1339
f 4842 1821 916
f 3890 3159 916
f 1694 1560 917
f 2541 917 1560
f 1822 1694 917
f 2135 1822 917
f 2541 2135 917
f 2657 1751 919
f 1751 2920 919
f 2920 2251 919
f 2251 4875 919
f 3338 2657 919
f 919 4875 3338
f 920 3756 1341
f 1341 4875 920
f 2251 3210 920
f 920 4875 2251
f 2821 920 2363
f 3210 2363 920
f 2821 3756 920
f 2127 921 1745
f 921 2856 1745
f 2240 2116 921
f 921 2116 2856
f 2240 921 2127
f 924 3718 1191
f 924 1333 3718
f 4338 3178 926
f 3178 4617 926
f 4465 4079 926
f 4079 4846 926
f 4846 4338 926
f 4617 4465 926
f 3152 1073 927
f 3209 927 1073
f 3283 3152 927
f 3209 4630 927
f 927 4720 3283
f 4630 4720 927
f 928 3671 1812
f 2634 4263 928
f 3671 928 2966
f 928 4263 2966
f 929 953 1408
f 954 929 1617
f 929 1683 1617
f 2806 1683 929
f 1724 1614 930
f 2375 930 1614
f 930 2131 1724
f 3479 2131 930
f 2375 3940 930
f 3940 3479 930
f 938 931 4713
f 1625 931 4487
f 1625 4713 931
f 1812 1310 932
f 932 4816 2434
f 2981 1968 935
f 3090 935 1968
f 2981 935 2052
f 3582 2052 935
f 3090 2324 935
f 2324 3582 935
f 936 4500 2338
f 1097 4985 937
f 1542 1095 938
f 1542 938 1349
f 938 4799 1349
f 4713 4799 938
f 1961 3859 943
f 4481 1961 943
f 943 3859 2371
f 2371 4549 943
f 4478 943 3223
f 4549 3223 943
f 4481 943 4478
f 945 1225 4817
f 945 2108 1499
f 4923 2108 945
f 4817 2579 945
f 2579 4923 945
f 2943 946 1729
f 3316 946 2943
f 3316 4621 946
f 2813 951 1511
f 951 3250 1511
f 2489 951 1877
f 1877 951 2813
f 2585 951 2489
f 3250 951 2585
f 953 4983 1408
f 2480 953 1468
f 5000 1468 953
f 3628 4983 953
f 2389 1707 956
f 2895 2389 956
f 956 4951 2895
f 4598 1784 958
f 1880 960 1054
f 1310 4963 960
f 1880 4700 960
f 962 2899 1497
f 1497 4834 962
f 2210 2899 962
f 962 4143 2210
f 3523 4143 962
f 4834 3523 962
f 3171 1490 963
f 1490 3792 963
f 3304 3171 963
f 3306 3304 963
f 3792 3306 963
f 4449 1605 966
f 1605 4801 966
f 3249 2874 966
f 2874 4449 966
f 3841 3249 966
f 3864 3841 966
f 4801 3864 966
f 2969 967 2448
f 967 4652 2448
f 3252 967 2969
f 3252 4265 967
f 4662 967 4265
f 4662 4652 967
f 2291 1072 968
f 968 1072 3717
f 2291 968 2216
f 2969 2448 970
f 2448 3626 970
f 970 4449 2969
f 970 4064 3348
f 3348 4449 970
f 3626 4064 970
f 1962 971 4424
f 1962 4641 971
f 971 3346 4424
f 3346 971 4641
f 2330 2200 974
f 2631 974 2200
f 2330 974 4781
f 2631 3170 974
f 3170 4781 974
f 1870 1067 975
f 2283 975 1067
f 3722 1870 975
f 4159 975 2283
f 3722 975 4359
f 4159 4359 975
f 2544 1122 983
f 3239 983 1122
f 2884 2464 983
f 4083 983 2464
f 983 4083 2544
f 3239 2884 983
f 984 3587 1851
f 1851 4151 984
f 2121 1972 984
f 2885 984 1972
f 984 4151 2121
f 3587 984 2885
f 2896 2223 986
f 2223 3893 986
f 986 4837 2896
f 3893 4563 986
f 4563 4293 986
f 4293 4837 986
f 4097 987 2584
f 4164 3302 987
f 4135 987 4097
f 4164 987 4135
f 989 2062 1453
f 2467 991 996
f 991 2467 4996
f 4405 991 4996
f 3159 992 1339
f 1616 1460 993
f 1460 3581 993
f 1696 1616 993
f 3581 1696 993
f 1070 2736 994
f 994 4769 1070
f 3790 1970 994
f 1970 4685 994
f 4685 2528 994
f 2528 4769 994
f 3790 994 2736
f 2114 4622 995
f 995 3878 2624
f 4622 3878 995
f 1731 4928 997
f 1094 1000 4931
f 3471 3891 1000
f 1000 3891 4931
f 1996 1001 1617
f 2730 1002 1126
f 1829 1002 1531
f 1874 1531 1002
f 2730 1874 1002
f 4327 1783 1005
f 3748 3254 1005
f 1006 4402 3938
f 3938 4728 1006
f 3963 4402 1006
f 1006 4729 3963
f 4728 4427 1006
f 4427 4729 1006
f 2647 1186 1011
f 1186 3979 1011
f 3979 2304 1011
f 4382 1011 2304
f 1011 4134 2647
f 4112 1011 3222
f 1011 4382 3222
f 4134 1011 4112
f 1265 1012 1151
f 1265 1160 1012
f 1160 4361 1012
f 2814 3829 1012
f 4361 2814 1012
f 2303 4429 1013
f 1013 4662 2303
f 3219 1013 4429
f 3219 4652 1013
f 4652 4662 1013
f 1705 1788 1014
f 1788 1805 1014
f 1805 2056 1014
f 2406 1014 2056
f 1015 4973 2703
f 3012 2777 1015
f 3236 1015 2777
f 3236 4973 1015
f 1016 3251 1624
f 1624 4850 1016
f 3100 4719 1016
f 4850 3100 1016
f 4719 3251 1016
f 2723 1204 1017
f 3167 2723 1017
f 3167 1017 3014
f 3203 3014 1017
f 3203 1017 4680
f 1529 1258 1023
f 1866 1529 1023
f 1023 2595 1866
f 3888 2595 1023
f 1024 1546 1181
f 2033 1382 1024
f 4365 1027 1949
f 4843 1949 1027
f 4306 4115 1027
f 1027 4115 4843
f 4365 4306 1027
f 2732 1028 2420
f 1028 4576 2420
f 3457 2697 1028
f 2697 4576 1028
f 2732 3066 1028
f 3457 1028 3066
f 1029 4129 1245
f 1029 1245 4958
f 1029 1826 4129
f 1576 1509 1030
f 2402 1576 1030
f 3485 2399 1031
f 2399 3609 1031
f 3481 1031 2531
f 2531 1031 3534
f 3485 1031 3481
f 3609 3534 1031
f 2639 2381 1033
f 4502 2667 1033
f 1284 1062 1034
f 2571 1034 1062
f 1776 1284 1034
f 1776 1034 1304
f 1034 1929 1304
f 2571 1929 1034
f 1957 3337 1036
f 1036 4259 1957
f 2387 2756 1036
f 1036 3337 2387
f 2756 3307 1036
f 3307 4259 1036
f 1707 2389 1037
f 1037 3951 1707
f 2389 2544 1037
f 2544 4083 1037
f 4083 3951 1037
f 2643 1038 2107
f 1038 3264 2107
f 2643 3624 1038
f 3489 3264 1038
f 1038 4801 3489
f 1038 3624 4801
f 1935 1288 1042
f 1288 4963 1042
f 1812 1042 1310
f 1042 4963 1310
f 1812 3671 1042
f 1042 3671 1935
f 1043 1224 1049
f 2881 1045 2872
f 1045 3344 2872
f 2881 4450 1045
f 3004 3344 1045
f 1045 4677 3004
f 4450 4677 1045
f 2212 1046 2177
f 4313 2177 1046
f 1046 2212 4102
f 3475 1046 2783
f 1046 4102 2783
f 3475 4313 1046
f 1049 1224 1635
f 1049 1334 2227
f 2098 1052 3888
f 2595 3888 1052
f 2023 1744 1053
f 1744 2876 1053
f 2841 1053 1764
f 2876 1764 1053
f 3977 2023 1053
f 2841 2392 1053
f 2392 3977 1053
f 1880 1054 1280
f 1055 4406 4327
f 1976 1056 2209
f 1976 4461 1056
f 1056 2498 3424
f 1056 4514 2498
f 4461 4514 1056
f 1949 1604 1058
f 1604 2569 1058
f 1817 1058 2569
f 1817 4365 1058
f 1058 4365 1949
f 3215 1059 1817
f 4306 1817 1059
f 3215 2306 1059
f 2306 4354 1059
f 4482 4306 1059
f 4354 4482 1059
f 4680 2571 1062
f 1062 3427 4680
f 1755 4264 1064
f 1064 4328 1755
f 2426 3123 1064
f 4264 2426 1064
f 3123 4122 1064
f 4122 4328 1064
f 1874 1065 1531
f 1065 2859 1531
f 2341 1065 1960
f 2341 2859 1065
f 4312 1067 1870
f 1067 3922 2283
f 4312 3922 1067
f 1826 1069 4129
f 1070 4179 2083
f 1598 1835 1074
f 4019 3133 1078
f 3133 4467 1078
f 1078 4037 4019
f 4036 4037 1078
f 4036 1078 4467
f 4051 1079 3245
f 1079 4964 3245
f 3288 1079 3275
f 3275 1079 4898
f 3288 3939 1079
f 3939 4964 1079
f 4051 4898 1079
f 3224 1829 1080
f 1881 1084 1431
f 1084 3406 1431
f 1881 4683 1084
f 3424 3406 1084
f 1084 4683 3424
f 1795 1086 1595
f 3761 1595 1086
f 1795 3315 1086
f 3469 1086 3315
f 3761 1086 3469
f 1608 1094 4251
f 1758 4251 1094
f 1758 1094 4931
f 1702 1095 1542
f 4985 1097 1173
f 1373 2217 1098
f 1098 4457 1373
f 2231 1098 2056
f 1098 2406 2056
f 2217 2406 1098
f 2231 4457 1098
f 1912 1606 1099
f 3235 1099 1606
f 1099 3970 1912
f 1099 2197 3634
f 4874 2197 1099
f 3235 4874 1099
f 3634 3970 1099
f 1684 1631 1100
f 2291 2216 1100
f 1460 1101 3581
f 1101 1460 3737
f 3317 1583 1101
f 1583 3581 1101
f 3737 3317 1101
f 4337 1102 3679
f 4130 4471 1102
f 4950 2334 1104
f 1106 1105 1579
f 4570 1105 1106
f 1677 1579 1105
f 3412 1677 1105
f 4381 3412 1105
f 4570 4381 1105
f 1106 1579 4312
f 2074 1106 4312
f 2074 4824 1106
f 1106 4824 4570
f 1107 3347 1148
f 1108 3467 2467
f 1647 1109 1363
f 1109 3937 1363
f 4040 1109 1647
f 3710 3504 1109
f 3504 3937 1109
f 4136 3710 1109
f 4136 1109 4040
f 1158 2576 1110
f 2338 1112 2440
f 1112 2338 4500
f 1112 4500 2440
f 1751 2657 1115
f 3520 1751 1115
f 2657 2487 1115
f 2942 1115 2487
f 3520 1115 2942
f 2322 1883 1116
f 2787 1116 1883
f 4408 2322 1116
f 2787 4065 1116
f 4065 4208 1116
f 4208 4408 1116
f 2434 1117 1729
f 2943 1729 1117
f 2434 4816 1117
f 2527 3832 1117
f 4816 2527 1117
f 3832 2943 1117
f 2328 3379 1118
f 3410 2328 1118
f 3379 3027 1118
f 2948 1122 2153
f 2948 3548 1122
f 3548 3239 1122
f 1619 4239 1123
f 4219 4130 1123
f 3209 1126 3119
f 3217 3119 1126
f 4650 1129 3718
f 1535 1527 1130
f 2987 1130 1527
f 1558 1535 1130
f 2292 1558 1130
f 3977 1141 2023
f 4056 1141 3977
f 2617 2100 1143
f 2638 1143 2100
f 1143 4748 2617
f 2638 3684 1143
f 4748 1143 3684
f 1405 1151 1144
f 1151 3621 1144
f 1821 1144 1267
f 1144 4277 1267
f 3621 1386 1144
f 1386 4277 1144
f 1821 1405 1144
f 2154 2149 1146
f 2149 4256 1146
f 2671 2154 1146
f 2846 1146 2306
f 1146 4354 2306
f 1146 2846 2671
f 4354 1146 4256
f 3347 4968 1148
f 1807 3893 1149
f 1149 4017 1807
f 1149 3893 3302
f 4164 1149 3302
f 4904 4017 1149
f 4904 1149 4164
f 1150 2317 1791
f 1150 4683 1881
f 2892 2857 1150
f 2857 4836 1150
f 4683 1150 3424
f 1150 4836 3424
f 2341 1960 1155
f 1960 2997 1155
f 1155 2859 2341
f 1155 2997 2393
f 2393 4395 1155
f 4395 2859 1155
f 1156 2256 4454
f 4454 2964 1156
f 1160 4041 1671
f 1671 4361 1160
f 3422 1161 1453
f 3422 2062 1161
f 2125 3216 1161
f 1161 4236 2125
f 2972 3266 1162
f 3864 2972 1162
f 3276 3249 1162
f 1162 3249 3841
f 3864 1162 3841
f 4001 2292 1164
f 3548 1164 3239
f 4872 3239 1164
f 3548 4001 1164
f 2600 1166 2282
f 1166 3529 2282
f 3559 1166 2600
f 3529 1166 2774
f 4262 2774 1166
f 4262 1166 3559
f 3334 1169 1907
f 4535 1907 1169
f 2441 2175 1169
f 2175 3067 1169
f 3334 2441 1169
f 3067 4535 1169
f 1497 2791 1171
f 1171 4834 1497
f 2336 2148 1171
f 2148 3508 1171
f 1171 2791 2336
f 3508 2555 1171
f 2555 4834 1171
f 2051 4985 1173
f 4409 3338 1176
f 3338 4875 1176
f 4515 4409 1176
f 4515 1176 4942
f 4875 4516 1176
f 1176 4516 4942
f 1903 1177 1178
f 1903 4485 1177
f 1905 4057 1177
f 1177 4485 1905
f 4145 2725 1177
f 4145 1177 4057
f 1178 4817 1903
f 2579 4817 1178
f 2083 1179 2358
f 2083 4179 1179
f 1179 2881 2358
f 4450 2881 1179
f 4179 4450 1179
f 1180 1259 2275
f 1730 1183 3424
f 1730 3905 1183
f 3557 2058 1185
f 2058 4865 1185
f 3557 1185 3288
f 1185 3939 3288
f 3490 3939 1185
f 3490 1185 4865
f 3979 1186 2235
f 2647 4238 1186
f 3834 1187 2364
f 4375 2364 1187
f 3834 4954 1187
f 4309 1187 4150
f 1187 4954 4150
f 4375 1187 4309
f 2241 1954 1188
f 1954 3716 1188
f 4546 2241 1188
f 1188 3538 2843
f 2843 4546 1188
f 3716 3538 1188
f 3718 4497 1191
f 2251 2920 1192
f 3210 2251 1192
f 2920 3909 1192
f 1192 4224 3210
f 3909 4341 1192
f 4341 4224 1192
f 3263 1194 1441
f 1916 1898 1194
f 3263 1916 1194
f 1195 2649 2699
f 2971 2649 1195
f 2699 4789 1195
f 1195 4699 2971
f 4699 1195 4789
f 2723 2648 1204
f 4900 1204 2648
f 2846 1204 2671
f 1204 4900 2671
f 2846 4511 1204
f 2271 1717 1205
f 1717 4831 1205
f 3872 1205 2222
f 1205 4831 2222
f 3036 2271 1205
f 3036 1205 2896
f 3872 2896 1205
f 3698 2946 1210
f 3937 1210 2946
f 4510 3698 1210
f 3937 4358 1210
f 4358 4510 1210
f 2146 1931 1213
f 1931 4888 1213
f 1213 3134 2146
f 2732 2420 1213
f 2420 3134 1213
f 4888 2732 1213
f 3540 3191 1214
f 1217 2315 2224
f 1840 3343 1221
f 1840 1221 3728
f 1221 4331 3728
f 3267 1223 3096
f 4318 3096 1223
f 4262 4473 1223
f 4473 4318 1223
f 1635 1224 1424
f 4485 4817 1225
f 1765 1227 4461
f 2513 4514 1227
f 1227 4514 4461
f 2664 2617 1231
f 2617 4240 1231
f 3496 2664 1231
f 3715 3496 1231
f 4240 3715 1231
f 2371 3859 1235
f 2329 1917 1237
f 2722 1237 1917
f 4515 2329 1237
f 2722 2657 1237
f 2657 4409 1237
f 4409 4515 1237
f 1671 1238 3957
f 2095 3957 1238
f 2095 1238 4018
f 3132 1238 2591
f 3132 4018 1238
f 1388 1457 1239
f 1241 3068 1627
f 2940 3721 1243
f 1243 4802 2940
f 1243 3721 3036
f 3036 4837 1243
f 4688 4802 1243
f 4837 4688 1243
f 4923 1244 1313
f 1349 4799 1244
f 4923 1349 1244
f 4799 4713 1244
f 1624 1245 3379
f 1624 4958 1245
f 4129 3379 1245
f 2329 1793 1246
f 1793 3120 1246
f 2329 1246 1917
f 1246 3432 2393
f 3120 3432 1246
f 1741 1479 1248
f 2770 1248 1479
f 3250 1248 1511
f 1248 3657 1511
f 3250 1741 1248
f 2770 3657 1248
f 3432 2460 1249
f 2859 4395 1249
f 1249 4395 3432
f 2770 1479 1255
f 3473 3383 1255
f 1258 3551 1256
f 3551 4877 1256
f 1257 2577 1865
f 1257 1865 4881
f 1257 4881 4830
f 3467 1259 2467
f 1260 1465 1528
f 1260 4163 1465
f 1260 1528 1973
f 4698 1260 1973
f 4277 4276 1267
f 4134 1273 2647
f 4843 2647 1273
f 4112 3265 1273
f 3265 4483 1273
f 4134 4112 1273
f 1273 4483 4843
f 1880 1280 4129
f 4911 2209 1280
f 2598 4911 1280
f 3275 4792 1282
f 3381 4624 1282
f 3390 1287 1407
f 1287 4080 1407
f 1679 1287 1490
f 3792 1490 1287
f 1679 4080 1287
f 3390 3792 1287
f 3731 1292 1530
f 1292 4694 1530
f 1292 4791 2161
f 3731 4791 1292
f 2782 1663 1293
f 3005 1293 1663
f 1851 3587 1293
f 1851 1293 4146
f 1293 3587 2782
f 1293 3005 4146
f 2628 1295 1893
f 1295 3137 1893
f 2531 3137 1295
f 3481 2531 1295
f 3075 1295 2628
f 3481 1295 3075
f 1954 1297 1659
f 1297 4351 1659
f 2241 1297 1954
f 2241 4665 1297
f 4665 4351 1297
f 2739 1298 2129
f 1298 3096 2129
f 2739 4949 1298
f 3267 3096 1298
f 1298 4618 3267
f 4949 4618 1298
f 1301 1332 3072
f 4025 2889 1301
f 3072 4025 1301
f 3674 1304 2466
f 1306 4457 2231
f 2231 4595 1306
f 1307 2612 1652
f 1652 2644 1307
f 2336 1307 2148
f 1307 2644 2148
f 2336 3959 1307
f 2473 2612 1307
f 3959 2473 1307
f 1850 1499 1313
f 1499 2108 1313
f 2108 4923 1313
f 2434 1729 1316
f 2634 1316 2359
f 1721 1317 2326
f 1721 4717 1317
f 1317 4387 2326
f 3723 4387 1317
f 4717 3723 1317
f 1988 1727 1319
f 1319 3880 3690
f 3690 4752 1319
f 3667 1321 2235
f 1321 3979 2235
f 3979 1321 2304
f 4068 2304 1321
f 3667 4068 1321
f 4040 1647 1323
f 4137 1323 1647
f 3790 1323 1970
f 1323 4580 1970
f 4137 2610 1323
f 2610 4580 1323
f 4040 1323 3790
f 2218 1449 1326
f 1449 2953 1326
f 2064 1326 1537
f 1326 2953 1537
f 2064 3817 1326
f 3817 2218 1326
f 3219 1677 1330
f 3412 1330 1677
f 2448 1330 3626
f 2448 4652 1330
f 1330 4652 3219
f 3626 1330 3412
f 3072 1332 2184
f 3467 1393 1333
f 1393 4371 1333
f 1333 4133 4906
f 4371 4405 1333
f 1333 4405 4996
f 1335 4590 1733
f 1335 1886 1840
f 4590 1335 1840
f 4193 1886 1335
f 3567 1337 1386
f 1337 4277 1386
f 3715 1337 2947
f 4276 1337 3715
f 4276 4277 1337
f 2225 1772 1338
f 1772 2600 1338
f 2225 1338 2103
f 3948 2103 1338
f 1338 2600 2282
f 2282 3948 1338
f 2563 4842 1339
f 1341 3756 1887
f 1341 1887 4942
f 4516 4875 1341
f 4516 1341 4942
f 1342 3332 1887
f 1887 3756 1342
f 1342 3756 2821
f 2821 4358 1342
f 3856 3332 1342
f 4358 3856 1342
f 2563 2348 1345
f 1345 4838 2563
f 3560 1347 2427
f 1886 1358 1840
f 3343 1840 1358
f 4193 1358 1886
f 4388 3343 1358
f 4193 4388 1358
f 2800 1894 1361
f 1361 3413 2156
f 4137 1647 1363
f 3937 2946 1363
f 1795 1595 1368
f 1758 4931 1368
f 1368 4931 1795
f 3348 4064 1372
f 1372 4639 3975
f 4248 1372 4064
f 4248 4639 1372
f 4481 1373 1961
f 2577 3800 1378
f 1378 3800 4830
f 1981 2931 1383
f 2993 1981 1383
f 1383 2931 3089
f 3699 2993 1383
f 3089 4682 1383
f 4682 3699 1383
f 2993 1384 1981
f 4247 1981 1384
f 2993 4212 1384
f 3639 4247 1384
f 1384 4495 3639
f 4212 4495 1384
f 3567 1386 3495
f 1457 1388 4890
f 3166 3262 1388
f 1388 4928 3166
f 3262 4890 1388
f 1877 2813 1389
f 3606 1877 1389
f 2441 1389 2175
f 2813 2175 1389
f 1389 2441 3334
f 3467 4371 1393
f 3264 3489 1394
f 1394 3975 3272
f 2701 1656 1397
f 1656 4911 1397
f 2598 2550 1397
f 1397 2550 2701
f 1397 4911 2598
f 2537 1398 1883
f 2787 1883 1398
f 2537 4682 1398
f 3089 2631 1398
f 4910 1398 2631
f 1398 4910 2787
f 1398 4682 3089
f 4576 4623 1401
f 1404 2064 1537
f 2947 1404 1537
f 2064 1404 1975
f 1404 4608 1975
f 2947 4260 1404
f 4260 4608 1404
f 1821 4842 1405
f 3072 2184 1407
f 3542 3390 1407
f 1996 2806 1408
f 3628 1996 1408
f 4983 3628 1408
f 1625 1410 3290
f 1625 4487 1410
f 1704 3290 1410
f 3689 1704 1410
f 1410 4487 3472
f 3526 3689 1410
f 1670 1411 2209
f 4168 1411 1670
f 1976 2209 1411
f 2286 1976 1411
f 4168 2286 1411
f 2560 1414 1467
f 3679 1467 1414
f 2560 1858 1414
f 1858 3995 1414
f 3995 3029 1414
f 3029 4337 1414
f 3679 1414 4337
f 1679 4471 1415
f 1415 4764 1679
f 1415 4219 2915
f 1415 2915 4764
f 4130 4219 1415
f 4471 4130 1415
f 1851 4146 1417
f 4151 1851 1417
f 2121 4151 1417
f 4759 2121 1417
f 1423 4902 1665
f 4914 1635 1424
f 4914 1424 4734
f 1931 4556 1426
f 4888 1931 1426
f 3860 2541 1426
f 2541 4888 1426
f 4556 3860 1426
f 3403 1430 3276
f 3793 3276 1430
f 3542 1430 3390
f 3792 3390 1430
f 3792 1430 3403
f 3542 3498 1430
f 3498 3793 1430
f 1431 3721 2940
f 2114 1546 1432
f 4611 1432 1546
f 2114 1432 1998
f 3129 1998 1432
f 4148 3129 1432
f 4148 1432 4014
f 4611 4014 1432
f 2000 1433 1440
f 1433 2998 1440
f 1604 1433 2569
f 1604 2998 1433
f 2000 4595 1433
f 2388 2009 1434
f 1434 3407 2388
f 2462 1435 1715
f 3237 1715 1435
f 2462 3457 1435
f 3237 1435 3066
f 3457 3066 1435
f 1914 1830 1436
f 2210 1436 1830
f 2432 1960 1436
f 4916 2432 1436
f 2240 2127 1437
f 2127 3726 1437
f 1437 4012 2240
f 1437 3726 2709
f 2709 4012 1437
f 2381 1673 1438
f 3041 1438 1673
f 4585 2381 1438
f 4557 1438 3041
f 3889 1438 4557
f 4585 1438 3889
f 1444 3270 3717
f 4295 1450 1496
f 1450 4894 1496
f 4073 1450 3227
f 1450 4295 3227
f 3421 4894 1450
f 1450 4933 3421
f 4073 4933 1450
f 1451 2386 1644
f 1644 4032 1451
f 2621 2386 1451
f 1451 3785 2621
f 3785 1451 3115
f 4032 3115 1451
f 1453 2062 3422
f 2437 3444 1456
f 4136 2437 1456
f 3576 1456 2960
f 2960 1456 4383
f 1456 3444 4383
f 3710 1456 3576
f 4136 1456 3710
f 1457 4890 2299
f 2004 1460 1616
f 1465 3166 1528
f 3516 1465 2716
f 4163 2716 1465
f 4285 3166 1465
f 3516 4285 1465
f 2560 1467 4476
f 3226 3171 1467
f 3171 4476 1467
f 3679 3226 1467
f 2010 2480 1468
f 2010 1468 4524
f 1468 4970 4524
f 4691 1721 1469
f 1721 4793 1469
f 3361 1801 1469
f 1801 4201 1469
f 3612 1469 2990
f 4201 2990 1469
f 1469 4793 3361
f 3612 4691 1469
f 1855 1619 1471
f 3029 1855 1471
f 1471 4337 3029
f 1473 2862 1684
f 1684 4841 1473
f 1475 1474 2335
f 3558 1474 1475
f 2585 2489 1474
f 3052 1957 1475
f 1957 3558 1475
f 2439 1475 2335
f 2439 3052 1475
f 4215 3740 1476
f 3740 4986 1476
f 4204 2149 1477
f 3825 4687 1477
f 4544 4204 1477
f 4687 4544 1477
f 2698 4428 1478
f 1478 4428 3207
f 3226 1490 3171
f 4895 1491 4961
f 2966 4263 1493
f 1493 3037 3407
f 3609 2399 1495
f 1495 3560 3534
f 3609 1495 3534
f 4295 1496 3115
f 4894 3673 1496
f 3407 1786 1505
f 2388 3407 1505
f 3479 3940 1505
f 1509 3993 4102
f 4102 4972 1509
f 3029 1518 1855
f 1518 4712 1855
f 2386 1519 1644
f 1519 4592 1644
f 3052 2439 1519
f 2439 4695 1519
f 4863 4592 1519
f 1519 4695 4863
f 4907 4309 1520
f 4456 4464 1520
f 4907 1520 4464
f 2312 1522 1572
f 3054 1572 1522
f 2462 1715 1522
f 1715 3425 1522
f 2462 1522 2312
f 2006 1524 1561
f 1561 1524 5000
f 2988 3958 1525
f 4268 2988 1525
f 1525 3980 3701
f 3701 4005 1525
f 3958 3980 1525
f 4005 4268 1525
f 2545 1526 2274
f 2844 1727 1527
f 2987 1527 1727
f 2844 1527 2196
f 1973 1528 1731
f 1528 4928 1731
f 3166 4928 1528
f 2638 2100 1529
f 1530 4694 2808
f 3653 2988 1534
f 2988 4268 1534
f 1534 4564 3653
f 1534 4268 3834
f 3834 4564 1534
f 1694 1541 1560
f 1715 1560 1541
f 1694 4470 1541
f 1541 3425 1715
f 1541 4470 3425
f 4686 1545 3065
f 1545 4795 3065
f 1545 4686 3745
f 3745 4689 1545
f 3887 4571 1545
f 1545 4689 3887
f 4571 4795 1545
f 1951 1551 4015
f 4208 1551 2640
f 4208 4015 1551
f 2962 2729 1554
f 2729 4686 1554
f 3318 2962 1554
f 3065 4655 1554
f 1554 4686 3065
f 4655 3318 1554
f 3933 1555 1757
f 1555 4869 1757
f 3933 3342 1555
f 4330 4869 1555
f 1715 3237 1560
f 1572 4378 2312
f 3054 2475 1572
f 2475 4290 1572
f 4290 4378 1572
f 1575 4216 2196
f 2196 4275 1575
f 3141 3000 1575
f 3676 1575 3000
f 1575 4275 3141
f 4216 1575 3676
f 3205 1576 2436
f 1677 4977 1579
f 1579 4977 4429
f 3252 3249 1581
f 3276 1581 3249
f 1581 4265 3252
f 3793 1581 3276
f 3793 4265 1581
f 1696 1586 1616
f 2277 1616 1586
f 2274 1641 1586
f 2277 1586 1641
f 2274 1586 1696
f 1757 3314 1589
f 1757 1589 3933
f 1589 3180 1850
f 3314 3180 1589
f 3748 2624 1591
f 1591 2624 3878
f 1591 4728 3748
f 3878 4729 1591
f 4427 4728 1591
f 4729 4427 1591
f 2962 1593 2729
f 1593 4948 2729
f 3418 1593 2962
f 3418 4313 1593
f 3475 1593 4313
f 3475 4948 1593
f 2773 1594 1620
f 4568 1620 1594
f 3352 1594 2773
f 4090 1594 3352
f 4568 1594 4090
f 1595 2965 2017
f 3761 2965 1595
f 4483 1604 1949
f 4839 2998 1604
f 4483 4806 1604
f 1604 4806 4839
f 1605 4449 3348
f 3489 4801 1605
f 1606 3057 1853
f 1853 3724 1606
f 1968 1606 1912
f 1606 3724 3235
f 1867 1608 4251
f 2857 1611 1730
f 3330 1730 1611
f 2892 1611 2857
f 2892 4436 1611
f 4880 3330 1611
f 4436 4880 1611
f 3716 2319 1612
f 2319 4973 1612
f 3236 3538 1612
f 1612 4973 3236
f 3538 3716 1612
f 1613 3293 2303
f 2303 4662 1613
f 3293 1613 3147
f 3498 3147 1613
f 1613 4265 3498
f 4265 1613 4662
f 2806 1617 1683
f 1855 2986 1619
f 2986 4239 1619
f 1639 1620 4568
f 4958 1624 3251
f 3379 4850 1624
f 1625 3290 4713
f 1627 4866 1914
f 3068 4866 1627
f 2643 2107 1628
f 2107 4666 1628
f 1628 3394 2643
f 3183 4220 1628
f 1628 4666 3183
f 4220 3394 1628
f 2862 1631 1684
f 3357 1635 4914
f 4283 1636 2031
f 2774 1636 2588
f 4051 2588 1636
f 4283 4601 1636
f 1639 4736 3472
f 4736 1639 4568
f 2737 1641 2009
f 4592 3109 1644
f 2117 2372 1645
f 2758 2117 1645
f 2372 3272 1645
f 1645 4639 2758
f 3272 3975 1645
f 3975 4639 1645
f 1652 2500 3384
f 2610 2644 1652
f 4580 2610 1652
f 3384 4580 1652
f 1670 2209 1656
f 2209 4911 1656
f 3829 2814 1659
f 3568 2466 1663
f 3568 1663 2782
f 1893 2954 1669
f 1669 2963 1893
f 2963 1669 2126
f 3886 2126 1669
f 3886 1669 3905
f 3957 4361 1671
f 2639 1673 2381
f 3219 4977 1677
f 4764 4080 1679
f 4228 1692 3169
f 4228 4175 1692
f 4175 4549 1692
f 2239 4470 1694
f 3580 1695 2239
f 4470 2239 1695
f 4054 1695 3580
f 1695 4054 3617
f 3617 4470 1695
f 3581 2514 1696
f 1704 2396 3290
f 1755 3775 1708
f 1708 4264 1755
f 2304 4068 1708
f 1708 4382 2304
f 3775 4085 1708
f 4068 4264 1708
f 4085 4382 1708
f 2981 2052 1711
f 4464 1711 2052
f 4456 4226 1711
f 4456 1711 4464
f 2326 4793 1721
f 4691 4717 1721
f 2096 4965 1723
f 3595 2779 1723
f 3330 4880 1723
f 1723 4965 3330
f 4880 3595 1723
f 2909 2752 1724
f 1730 4836 2857
f 3330 3905 1730
f 3424 4836 1730
f 1973 1731 4454
f 1945 1928 1732
f 3101 4555 1733
f 3101 2332 1734
f 3919 1734 2332
f 1734 4555 3101
f 3919 4578 1734
f 4726 4555 1734
f 4578 4726 1734
f 1739 2736 2437
f 2437 4136 1739
f 3790 2736 1739
f 4040 3790 1739
f 4136 4040 1739
f 3250 3189 1741
f 3673 1743 1885
f 1743 4854 2640
f 3673 4894 1743
f 4894 4854 1743
f 1745 4865 2058
f 4891 4865 1745
f 1751 3909 2920
f 2820 2517 1752
f 2517 4317 1752
f 4583 2820 1752
f 4161 1752 3350
f 4317 3350 1752
f 4161 4533 1752
f 4533 4583 1752
f 1764 3652 1756
f 1756 3949 1764
f 3589 3431 1756
f 3431 3949 1756
f 3986 3589 1756
f 3652 4946 1756
f 3986 1756 3758
f 4946 3758 1756
f 2067 3314 1757
f 1757 4869 2067
f 2985 4251 1758
f 3267 1760 2031
f 4469 2031 1760
f 3267 4618 1760
f 4322 4469 1760
f 1760 4618 4322
f 4097 2340 1761
f 2340 4701 1761
f 3317 1761 2504
f 1761 4701 2504
f 3317 3737 1761
f 4097 1761 3737
f 1764 3949 2841
f 3652 1764 2876
f 1765 4701 2340
f 2225 4938 1772
f 1772 4938 4230
f 2997 2432 1777
f 2432 4916 1777
f 2942 2487 1777
f 4916 2942 1777
f 2750 2885 1779
f 1779 4232 2750
f 2885 3665 1779
f 3665 4067 1779
f 4067 4609 1779
f 4609 4232 1779
f 1887 3332 1782
f 1782 3576 1887
f 3332 3856 1782
f 3504 3710 1782
f 1782 3856 3504
f 3710 3576 1782
f 1783 4327 4406
f 4325 1784 4124
f 4598 4124 1784
f 4679 1784 4325
f 3037 3002 1786
f 4428 1786 3002
f 3407 3037 1786
f 2098 1805 1788
f 2671 1789 2154
f 2746 1789 2648
f 1789 4900 2648
f 2671 4900 1789
f 2317 2047 1791
f 2047 3611 1791
f 4031 1791 3611
f 4515 1793 2329
f 4274 3120 1793
f 4274 1793 4942
f 1793 4515 4942
f 4931 3315 1795
f 2240 1801 2116
f 1801 4612 2116
f 2240 4012 1801
f 3361 4612 1801
f 4201 1801 4012
f 2056 1805 2055
f 2098 3888 1805
f 4017 3318 1807
f 4655 1807 3318
f 4563 3893 1807
f 4655 4563 1807
f 4228 3169 1811
f 1811 3169 4676
f 4112 1811 3265
f 1811 4676 3265
f 4112 4228 1811
f 2569 3215 1817
f 4365 1817 4306
f 4429 3293 1820
f 2135 4556 1822
f 3290 2396 1822
f 1822 4556 3290
f 1914 3083 1830
f 1830 2899 2210
f 2568 2899 1830
f 1830 3083 2568
f 3760 2820 1834
f 2820 4583 1834
f 4345 3760 1834
f 3963 4345 1834
f 1834 4402 3963
f 4583 4402 1834
f 4387 1840 2326
f 4387 4590 1840
f 3611 2047 1841
f 2047 4802 1841
f 3611 1841 3545
f 1841 4433 3545
f 4688 4732 1841
f 4802 4688 1841
f 2931 1981 1853
f 1981 3724 1853
f 1853 3375 2931
f 3057 3744 1853
f 3744 3375 1853
f 3663 1854 3408
f 4322 3408 1854
f 3663 3506 1854
f 3506 4101 1854
f 4101 4322 1854
f 1855 4712 2986
f 4023 3995 1858
f 3504 3856 1859
f 3937 3504 1859
f 3856 4358 1859
f 1859 4358 3937
f 1860 4131 2649
f 2649 4635 1860
f 3831 1860 3656
f 3931 3656 1860
f 4635 3931 1860
f 2067 2986 1861
f 2067 1861 3314
f 2986 4712 1861
f 2839 1867 2475
f 2475 1867 4290
f 2796 1867 4251
f 2796 4290 1867
f 2757 1869 4679
f 3789 2074 1870
f 2074 4312 1870
f 3789 1870 3722
f 1873 3536 2709
f 2709 4624 1873
f 3381 4604 1873
f 1873 4624 3381
f 4604 3536 1873
f 1877 4862 2489
f 4238 2647 1878
f 4843 1878 2647
f 4292 1878 4115
f 1878 4843 4115
f 1883 2322 3062
f 3062 2537 1883
f 4897 3703 1885
f 3576 2960 1887
f 2954 1893 3137
f 2963 3738 1893
f 2153 1898 1916
f 4288 1898 1937
f 4817 4485 1903
f 4057 1905 1904
f 4099 1904 1905
f 4056 1904 4023
f 3334 1907 4643
f 3368 4643 1907
f 3090 1968 1912
f 3034 3090 1912
f 3970 3034 1912
f 4866 3083 1914
f 3263 1934 1916
f 2948 2153 1916
f 3607 1919 3385
f 3943 3385 1919
f 3577 3486 1919
f 3943 1919 3486
f 3506 3577 1919
f 1919 4101 3506
f 3607 4101 1919
f 2162 4502 1922
f 1922 4930 2162
f 4302 3952 1922
f 3952 4930 1922
f 1922 4502 4302
f 3005 1929 4304
f 2121 1932 1972
f 1932 3817 1972
f 2121 4759 1932
f 2218 3817 1932
f 2489 4862 1933
f 1934 4001 3548
f 2895 4951 1937
f 4288 1937 4924
f 1937 4951 4924
f 3075 2628 1938
f 3664 1938 2628
f 1938 3924 3075
f 3664 3464 1938
f 3464 3916 1938
f 3916 3924 1938
f 1945 4905 2950
f 4843 4483 1949
f 3134 1950 2146
f 1950 4810 2146
f 4540 1950 3134
f 4540 4235 1950
f 3980 3958 1951
f 4015 3980 1951
f 3052 3337 1957
f 2432 2997 1960
f 3027 1964 2158
f 1964 4567 2158
f 3379 1964 3027
f 4567 1964 3534
f 2256 1973 4454
f 2256 4698 1973
f 4067 3665 1975
f 1975 4608 3755
f 1978 2275 2080
f 4751 4915 1978
f 4247 3724 1981
f 1983 4039 3523
f 3523 4539 1983
f 4341 3909 1983
f 2884 1988 2464
f 1996 3566 4543
f 3566 1996 4751
f 1996 4915 4751
f 3129 3062 1998
f 3062 3760 1998
f 3760 4345 1998
f 3952 3851 2002
f 2002 4930 3952
f 4904 4164 2004
f 2005 2839 2475
f 3054 2005 2475
f 3652 2839 2005
f 3758 2005 3054
f 4946 3652 2005
f 3758 4946 2005
f 2737 2009 2177
f 2009 4737 2177
f 2388 4737 2009
f 2695 2011 2093
f 2800 4723 2013
f 2013 4918 2800
f 3853 2013 3559
f 2013 4473 3559
f 3853 4918 2013
f 2013 4723 4473
f 3413 2016 2500
f 2528 4685 2016
f 3394 2017 2965
f 3169 2020 4676
f 4677 4450 2030
f 4469 4283 2031
f 2940 4802 2047
f 3582 4879 2052
f 2056 2055 2231
f 2231 2055 4595
f 2067 4239 2986
f 2161 4343 2069
f 4328 4122 2069
f 4343 4328 2069
f 3789 4824 2074
f 4775 2080 2275
f 2083 2358 2152
f 3444 2083 2152
f 2084 4054 3580
f 4736 3953 2084
f 3589 2085 3431
f 4090 2085 3953
f 2402 3833 2087
f 2087 4050 3044
f 2087 3833 4870
f 4870 4050 2087
f 2650 4493 2088
f 2088 4718 2650
f 4209 2088 3797
f 4493 3797 2088
f 4478 3223 2089
f 4085 3775 2089
f 2090 3440 4037
f 4346 3672 2094
f 4733 2094 3672
f 4346 2094 4256
f 4354 4256 2094
f 4482 4354 2094
f 4733 4482 2094
f 2616 3957 2095
f 4018 3041 2095
f 2910 4710 2096
f 4710 3905 2096
f 3905 4965 2096
f 2664 2100 2617
f 2225 2103 4160
f 2103 3948 2572
f 2572 4891 2103
f 4891 4160 2103
f 3520 2942 2110
f 4143 4039 2110
f 4967 4143 2110
f 2326 2856 2116
f 2116 4793 2326
f 4612 3361 2116
f 4793 2116 3361
f 2372 2117 3968
f 3722 3968 2117
f 4236 4826 2125
f 2126 3738 2963
f 3738 2126 3230
f 3886 3230 2126
f 4318 2129 3096
f 3109 2133 2354
f 2354 2133 3917
f 4592 2133 3109
f 4863 3917 2133
f 2133 4592 4863
f 2134 2791 2203
f 2203 4103 2134
f 2336 2791 2134
f 3959 2336 2134
f 3959 2134 2473
f 2134 4103 2473
f 3860 2135 2541
f 2135 3860 4556
f 2801 3508 2148
f 4346 2149 4204
f 4346 4256 2149
f 3444 2152 4383
f 3413 2500 2156
f 2160 4506 3119
f 4555 4726 2160
f 3308 4343 2161
f 2667 4502 2162
f 4902 4987 2163
f 2163 4987 4970
f 4492 4376 2164
f 4376 4919 2164
f 4752 4492 2164
f 4752 2164 4747
f 2164 4919 4747
f 3868 3067 2175
f 2177 4737 2212
f 2181 4083 2464
f 2464 4747 2181
f 4083 2181 3951
f 3951 2181 4919
f 4747 4919 2181
f 2196 4216 2844
f 4015 2200 2330
f 2200 4910 2631
f 4065 2200 4015
f 4065 4910 2200
f 4143 4967 2210
f 2375 4972 2212
f 2212 4972 4102
f 2406 2217 4791
f 2584 2222 2340
f 2222 4831 2340
f 3872 2223 2896
f 3893 2223 3302
f 2315 2945 2224
f 4160 3185 2225
f 3185 4938 2225
f 3307 2756 2228
f 3714 3473 2228
f 2436 2230 4203
f 3916 3464 2230
f 4453 2568 2234
f 2927 4684 2234
f 4684 4453 2234
f 3580 2239 3526
f 3755 4665 2241
f 4585 4669 2247
f 2247 4687 4615
f 2257 3684 2638
f 3890 2258 3159
f 4748 3684 2258
f 3916 2688 2260
f 2688 4699 2260
f 3924 3916 2260
f 4789 3924 2260
f 4699 4789 2260
f 3721 2271 3036
f 2450 2299 3098
f 2299 3025 4467
f 4890 3025 2299
f 3098 2299 4467
f 3521 4019 2301
f 2301 4019 4851
f 2303 3293 4429
f 2306 4511 2846
f 3215 4511 2306
f 2703 4973 2319
f 4408 3404 2322
f 3090 4809 2324
f 3582 2324 4809
f 2328 4850 3379
f 3410 4850 2328
f 2330 4005 3701
f 3701 4015 2330
f 4781 4005 2330
f 3902 2332 3723
f 4646 2332 3902
f 4646 3919 2332
f 4950 2514 2334
f 2338 2440 3917
f 4863 2338 3917
f 2340 4097 2584
f 3797 3681 2342
f 3681 4728 2342
f 4209 3797 2342
f 3938 3876 2342
f 4209 2342 3876
f 2342 4728 3938
f 2808 4694 2348
f 2650 2425 2354
f 3509 2650 2354
f 2354 3917 3509
f 2881 2872 2358
f 2872 3344 2358
f 2358 3344 3185
f 2821 2363 4358
f 3210 4224 2363
f 4224 4510 2363
f 4510 4358 2363
f 3743 2364 2583
f 4375 2583 2364
f 2364 4564 3834
f 2777 2762 2366
f 3236 2777 2366
f 2367 3375 3744
f 3744 4396 2367
f 4009 4781 2367
f 3372 2372 3968
f 3920 2374 3001
f 2374 4617 3001
f 3289 4465 2374
f 2374 4750 3289
f 3920 4750 2374
f 4465 4617 2374
f 3418 4017 2384
f 3418 2384 4313
f 4017 4904 2384
f 2387 3337 2621
f 2621 3785 2387
f 3703 2756 2387
f 3785 3703 2387
f 2773 2725 2392
f 2725 4145 2392
f 3432 4395 2393
f 2419 3376 2637
f 2637 4041 2419
f 4629 3376 2419
f 2650 4718 2425
f 3527 4422 2425
f 2425 4718 3527
f 3376 2426 2637
f 3534 3560 2427
f 2427 4567 3534
f 4203 3205 2436
f 3254 3917 2440
f 4546 2843 2443
f 4232 4609 2443
f 3110 2454 2564
f 2454 3743 2564
f 3653 2454 3312
f 3432 3120 2460
f 2460 3120 4274
f 4274 4331 2460
f 2466 3568 3247
f 2474 3115 4032
f 2474 4295 3115
f 3227 4295 2474
f 2474 4422 3227
f 4032 4913 2474
f 4913 4422 2474
f 2722 2487 2657
f 2498 4514 2513
f 2498 3406 3424
f 3404 2517 2820
f 4408 2517 3404
f 2517 4876 4317
f 4408 4876 2517
f 3457 2524 2697
f 3141 4275 2524
f 2531 2954 3137
f 2531 3534 2954
f 3190 4682 2537
f 3508 4738 2555
f 4539 3523 2555
f 3523 4834 2555
f 4738 4539 2555
f 3410 2557 3100
f 2557 4719 3100
f 3743 2583 2564
f 3868 2564 2583
f 3657 3110 2564
f 2569 4511 3215
f 3490 4865 2572
f 4865 4891 2572
f 3067 3868 2583
f 3250 2585 3189
f 2586 4202 2990
f 3536 4604 2586
f 2586 4604 4144
f 4638 4202 2586
f 3529 2774 2588
f 4051 3245 2588
f 4171 3132 2591
f 2612 4949 2739
f 2629 3299 2613
f 2843 3538 2613
f 3191 2615 2623
f 2615 4353 2623
f 3540 2615 3191
f 3540 3468 2615
f 2814 3957 2616
f 4748 4240 2617
f 4838 4629 2622
f 2623 4353 2785
f 3230 3001 2625
f 3892 2625 3001
f 3738 3230 2625
f 3460 3779 2625
f 3892 3460 2625
f 3779 3738 2625
f 3170 2631 3089
f 4208 2640 4876
f 2640 4854 4876
f 2641 3943 3486
f 4311 2645 2803
f 4792 2645 4311
f 4792 4898 2645
f 3840 2648 2723
f 3840 2746 2648
f 4635 2649 2971
f 3509 3254 2650
f 3254 4493 2650
f 4291 4010 2651
f 4518 4846 2651
f 4311 2994 2653
f 4144 3381 2653
f 4792 4311 2653
f 4632 4071 2654
f 3338 4409 2657
f 3675 3181 2674
f 3181 4625 2674
f 4561 2674 3244
f 2674 4625 3244
f 4745 3675 2674
f 4561 4745 2674
f 3516 2716 2677
f 4163 2677 2716
f 2952 3516 2677
f 4623 4576 2697
f 3864 2705 2972
f 3973 2972 2705
f 3624 3761 2705
f 4801 3624 2705
f 3761 3973 2705
f 2705 3864 4801
f 3726 4624 2709
f 3840 2723 3167
f 3244 4625 2727
f 3460 2727 3449
f 3463 3449 2727
f 2727 4625 3463
f 3763 3745 2729
f 3745 4686 2729
f 4948 3763 2729
f 3237 3066 2732
f 4433 2733 4357
f 4571 4357 2733
f 4795 4571 2733
f 3825 2746 3851
f 2750 4232 2749
f 3299 3247 2749
f 3587 2885 2750
f 2909 4233 2752
f 4117 2752 3259
f 2752 4233 3259
f 4870 3833 2752
f 4117 4870 2752
f 3012 2762 2777
f 3110 3657 2770
f 4466 2779 3456
f 3993 3335 2783
f 4102 3993 2783
f 4910 4065 2787
f 3812 4092 2796
f 2796 4251 3812
f 2796 4092 4290
f 2946 3698 2801
f 2801 4738 3508
f 3698 4738 2801
f 4311 2803 2994
f 4220 3183 2810
f 4492 4152 2810
f 4492 2810 4376
f 2814 4361 3957
f 2971 4699 2832
f 4528 4856 2856
f 3612 2990 2873
f 2990 4202 2873
f 2873 4812 3612
f 4565 4026 2873
f 4026 4812 2873
f 4565 2873 4202
f 3252 2969 2874
f 2969 4449 2874
f 3252 2874 3249
f 2884 3239 4872
f 3676 4092 2887
f 4216 3676 2887
f 3685 4216 2887
f 2887 4092 3812
f 3342 3933 2889
f 4837 3036 2896
f 2903 4467 3025
f 4467 2903 4534
f 3820 4710 2910
f 4750 3920 2910
f 4219 4330 2915
f 3266 2972 2919
f 3469 2919 2972
f 3304 3266 2919
f 3469 3315 2919
f 4734 3060 2928
f 2928 3060 4993
f 3938 2929 3876
f 4339 3876 2929
f 4402 2929 3938
f 4822 4339 2929
f 4402 4583 2929
f 4583 4533 2929
f 4533 4822 2929
f 3170 3089 2931
f 3316 2943 3832
f 3715 2947 3496
f 4285 3516 2952
f 4037 4285 2952
f 3318 4017 2962
f 3418 2962 4017
f 4282 4635 2971
f 3973 3469 2972
f 3812 4251 2985
f 4212 2993 3699
f 3141 4378 3000
f 4092 3676 3000
f 4092 3000 4290
f 4378 4290 3000
f 3001 4617 3892
f 4230 3344 3004
f 4677 4918 3004
f 3005 4304 4146
f 3398 3690 3008
f 3690 3880 3008
f 3863 3010 3143
f 3010 4205 3143
f 3010 3863 3372
f 3372 3968 3010
f 3968 4359 3010
f 4205 3010 4159
f 3010 4359 4159
f 3203 3450 3014
f 3669 3014 3450
f 4809 3090 3034
f 3034 3970 3634
f 3034 3634 4766
f 3034 4766 4809
f 3041 4018 4557
f 3183 4666 3042
f 3622 3372 3042
f 3372 3863 3042
f 4666 3622 3042
f 4346 4204 3063
f 3063 4669 4414
f 3966 4499 3071
f 4907 3071 4309
f 3071 4999 4309
f 4499 4999 3071
f 3966 3078 3231
f 3231 3078 4809
f 3582 4809 3078
f 3078 4879 3582
f 3966 4879 3078
f 3273 3098 4467
f 3410 3100 4850
f 4794 3527 3105
f 4339 4822 3105
f 4794 3105 4772
f 3105 4822 4772
f 3209 3119 4506
f 3396 3119 3217
f 4557 4018 3132
f 4171 4557 3132
f 3133 3273 4467
f 4019 3521 3133
f 4205 4721 3143
f 4600 3143 4721
f 4014 4611 3145
f 4495 4212 3145
f 3166 4285 4036
f 4534 3166 4036
f 4338 3179 3178
f 3892 4617 3178
f 3179 4561 3244
f 4432 3179 4338
f 3675 3205 3181
f 3205 4203 3181
f 4203 4625 3181
f 3344 4938 3185
f 3589 3986 3186
f 3617 4054 3186
f 3495 4665 3187
f 4608 3187 3755
f 3187 4665 3755
f 4608 4260 3187
f 3699 4682 3190
f 4148 4014 3190
f 3427 3203 4680
f 3595 4436 3211
f 4349 3211 4196
f 4429 4977 3219
f 4382 4085 3222
f 4228 4112 3222
f 3223 4549 4175
f 3227 4422 3527
f 3227 3527 4794
f 4794 4073 3227
f 3368 3231 4809
f 3656 3232 3468
f 3656 4724 3232
f 3807 4117 3232
f 4724 3807 3232
f 4247 3235 3724
f 4247 4874 3235
f 3251 3316 3832
f 4719 3316 3251
f 4892 3251 3832
f 3251 4892 4958
f 3509 3917 3254
f 3681 3254 3748
f 3797 3254 3681
f 3797 4493 3254
f 4806 4483 3265
f 3269 4373 3672
f 4229 4059 3269
f 3275 4898 4792
f 3903 4632 3283
f 4291 3289 3456
f 4466 3456 3289
f 4291 4370 3289
f 4370 4465 3289
f 4750 4466 3289
f 3792 3403 3306
f 4328 4343 3308
f 4481 4478 3308
f 3330 4965 3905
f 3616 3763 3335
f 3335 4745 3616
f 3993 3675 3335
f 3675 4745 3335
f 4230 4938 3344
f 3350 4317 3421
f 3421 4933 3350
f 4161 3350 4073
f 3350 4933 4073
f 3367 4847 4071
f 4565 4202 3367
f 4638 3367 4202
f 4638 4847 3367
f 3368 4809 4643
f 4144 4604 3381
f 3803 3818 3385
f 4388 4193 3396
f 4152 3690 3398
f 4322 4618 3408
f 4618 4949 3408
f 3421 4317 4876
f 4876 4854 3421
f 4854 4894 3421
f 3425 4470 3617
f 4019 4037 3440
f 4851 4019 3440
f 3449 3779 3460
f 3464 3449 3463
f 3464 3664 3449
f 3779 3449 3664
f 3456 4581 4291
f 4625 4203 3463
f 3469 3973 3761
f 4964 3939 3490
f 4351 4665 3495
f 3498 4265 3793
f 4147 3500 3889
f 4585 3889 3500
f 4298 3500 4147
f 4414 3500 4298
f 3500 4414 4669
f 4669 4585 3500
f 4684 3577 3506
f 4143 3523 4039
f 4031 3611 3545
f 4031 3545 4196
f 4357 4196 3545
f 4433 4357 3545
f 4473 4262 3559
f 4071 4847 3572
f 4847 4154 3572
f 3595 4880 4436
f 3763 3616 3745
f 3616 4745 4561
f 4064 3626 4248
f 3931 4724 3656
f 4430 3659 4009
f 3659 4645 4009
f 4430 4954 3659
f 4954 4645 3659
f 4373 4733 3672
f 3681 3748 4728
f 4152 4492 3690
f 4492 4752 3690
f 4224 4341 3698
f 4510 4224 3698
f 3701 3980 4015
f 3844 3703 4897
f 4240 4276 3715
f 3722 4359 3968
f 3728 4331 4274
f 3734 4249 4989
f 4135 4097 3737
f 4269 3740 4215
f 3740 4269 4986
f 4396 3744 4226
f 3851 3750 3825
f 3750 4687 3825
f 3952 3750 3851
f 4615 3750 3952
f 4615 4687 3750
f 4050 4870 3807
f 4870 4117 3807
f 3807 4724 4282
f 3815 4469 3818
f 4469 3815 4283
f 3815 4601 4283
f 3886 3905 3820
f 4710 3820 3905
f 4958 4892 3832
f 4645 3834 4268
f 4954 3834 4645
f 4897 4121 3844
f 4430 4009 3884
f 4690 4456 3884
f 4518 3887 4432
f 4147 3889 4557
f 4479 4931 3891
f 3919 3904 3903
f 4026 3903 3904
f 4646 3904 3919
f 3904 4812 4026
f 4646 4812 3904
f 4635 4282 3931
f 3941 4292 4115
f 4115 4306 3941
f 4373 4292 3941
f 4482 3941 4306
f 4733 4373 3941
f 4482 4733 3941
f 4721 3951 4919
f 4302 4615 3952
f 4568 4090 3953
f 4736 4568 3953
f 4293 4655 3998
f 4837 4293 3998
f 4655 4732 3998
f 4732 4688 3998
f 4688 4837 3998
f 4645 4781 4009
f 4291 4581 4010
f 4010 4581 4349
f 4349 4962 4010
f 4065 4015 4208
f 4285 4037 4036
f 4534 4036 4467
f 4229 4177 4059
f 4465 4370 4079
f 4229 4147 4177
f 4557 4177 4147
f 4298 4147 4229
f 4954 4430 4150
f 4847 4638 4154
f 4822 4533 4161
f 4772 4822 4161
f 4557 4171 4177
f 4196 4962 4349
f 4357 4962 4196
f 4200 4726 4578
f 4720 4630 4200
f 4876 4408 4208
f 4690 4396 4226
f 4456 4690 4226
f 4563 4655 4293
f 4309 4999 4375
f 4473 4723 4318
f 4338 4846 4432
f 4571 4962 4357
f 4813 4405 4371
f 4600 4919 4376
f 4846 4518 4432
f 4919 4600 4721
