# palm.obj  (5000 v, 10064 f)  units: metres
v -0.029500000 -0.050452664 -0.071211606
v -0.029500000 -0.045034200 -0.079413071
v -0.029500000 -0.048255142 -0.075650409
v -0.026500000 -0.050452664 -0.071211606
v -0.026500000 -0.045034200 -0.079413071
v -0.026500000 -0.048255142 -0.075650409
v -0.029500000 -0.036362872 -0.084042527
v -0.029500000 -0.028601311 -0.091134638
v -0.029500000 -0.033024542 -0.085486263
v -0.029500000 -0.030339504 -0.087939717
v -0.026500000 -0.036362872 -0.084042527
v -0.026500000 -0.028601311 -0.091134638
v -0.026500000 -0.033024542 -0.085486263
v -0.026500000 -0.030339504 -0.087939717
v -0.029500000 -0.040987380 -0.082268827
v -0.026500000 -0.040987380 -0.082268827
v -0.029500000 -0.051491991 -0.066368893
v -0.026500000 -0.051491991 -0.066368893
v -0.026500000 -0.052038178 -0.060125947
v -0.026500000 -0.048451878 -0.059812188
v -0.029500000 -0.028000001 -0.094999999
v -0.029500000 -0.028000001 -0.094721735
v -0.026500000 -0.028000001 -0.094721735
v -0.026500000 -0.028000001 -0.078991421
v -0.029500000 -0.000841631 -0.079861745
v -0.029500000 -0.001111292 -0.078332417
v -0.026500000 -0.000841631 -0.079861745
v -0.026500000 -0.001111292 -0.078332417
v -0.026500000 -0.053781293 -0.040202055
v -0.026500000 -0.050194990 -0.039888293
v -0.027000001 -0.051116537 -0.030502368
v -0.027000001 -0.048037048 -0.030132564
v -0.026500000 -0.051116537 -0.030502368
v -0.025500000 -0.050625239 -0.030359002
v -0.026598075 -0.049531341 -0.030263299
v -0.027000001 -0.034488801 -0.028947247
v -0.027000001 -0.031192642 -0.028759252
v -0.026598075 -0.032994509 -0.028816514
v -0.026500000 -0.031192642 -0.028759252
v -0.025500000 -0.031900611 -0.028720809
v -0.024000000 -0.051025633 -0.030394033
v -0.022700001 -0.050816458 -0.032784898
v -0.022700001 -0.051025633 -0.030394033
v -0.024000000 -0.031500217 -0.028685780
v -0.022700001 -0.031291042 -0.031076647
v -0.022700001 -0.031500217 -0.028685780
v -0.027000001 -0.052542143 -0.013060244
v -0.027000001 -0.049553558 -0.012798777
v -0.026500000 -0.056128442 -0.013374005
v -0.026500000 -0.052641761 -0.013068960
v -0.026500000 -0.052542143 -0.013060244
v -0.026598075 -0.051047850 -0.012929510
v -0.025500000 -0.052141748 -0.013025214
v -0.029500000 -0.056738533 -0.006400642
v -0.029500000 -0.056611098 -0.005237057
v -0.029500000 -0.056048080 -0.004210812
v -0.029500000 -0.055135194 -0.003478142
v -0.029500000 -0.054011416 -0.003150591
v -0.027000001 -0.053513318 -0.003107013
v -0.027000001 -0.053413700 -0.003098297
v -0.027000001 -0.053561863 -0.001404766
v -0.026500000 -0.056668807 -0.007197598
v -0.026500000 -0.056738533 -0.006400642
v -0.026500000 -0.056611098 -0.005237057
v -0.026500000 -0.053182125 -0.006892553
v -0.026500000 -0.053082507 -0.006883837
v -0.026500000 -0.056048080 -0.004210812
v -0.026500000 -0.055135194 -0.003478142
v -0.026500000 -0.054011416 -0.003150591
v -0.026500000 -0.053513318 -0.003107013
v -0.027000001 -0.036005311 -0.011613458
v -0.027000001 -0.033016726 -0.011351991
v -0.026598075 -0.034511019 -0.011482725
v -0.026500000 -0.033016726 -0.011351991
v -0.026500000 -0.032717869 -0.011325845
v -0.026500000 -0.029530045 -0.011046947
v -0.025500000 -0.033417121 -0.011387021
v -0.027000001 -0.033888284 -0.001390045
v -0.027000001 -0.033589426 -0.001363898
v -0.027000001 -0.034036446 0.000303486
v -0.026500000 -0.033557091 -0.005175584
v -0.026500000 -0.033258233 -0.005149438
v -0.026500000 -0.030070409 -0.004870540
v -0.026500000 -0.033589426 -0.001363898
v -0.024000000 -0.052542143 -0.013060244
v -0.021500001 -0.053082507 -0.006883837
v -0.021500001 -0.050791260 -0.006683379
v -0.021500001 -0.053561863 -0.001404766
v -0.021500001 -0.051270615 -0.001204308
v -0.024000000 -0.033016726 -0.011351991
v -0.021500001 -0.035848338 -0.005376043
v -0.021500001 -0.036327697 0.000103028
v -0.021500001 -0.033557091 -0.005175584
v -0.021500001 -0.034036446 0.000303486
v -0.027000001 -0.010000000 -0.027500000
v -0.027000001 -0.006800000 -0.027400000
v -0.026500000 -0.010000000 -0.027500000
v -0.026598075 -0.008300000 -0.027400000
v -0.025500000 -0.009398076 -0.027400000
v -0.022700001 -0.009800000 -0.029800000
v -0.024000000 -0.009800000 -0.027400000
v -0.022700001 -0.009800000 -0.027400000
v -0.029500000 -0.017999999 0.000000000
v -0.026500000 -0.017999999 0.000000000
v -0.027000001 -0.009800000 -0.010000000
v -0.027000001 -0.010000000 0.000000000
v -0.027000001 -0.009800000 0.000000000
v -0.027000001 -0.009800000 0.001700000
v -0.027000001 -0.006800000 -0.010000000
v -0.026500000 -0.013300000 -0.010000000
v -0.026500000 -0.010000000 -0.010000000
v -0.026500000 -0.009800000 -0.010000000
v -0.026598075 -0.008300000 -0.010000000
v -0.025500000 -0.009398076 -0.010000000
v -0.026500000 -0.013300000 -0.003800000
v -0.026500000 -0.010000000 -0.003800000
v -0.026500000 -0.009800000 -0.003800000
v -0.026500000 -0.010000000 0.000000000
v -0.024000000 -0.009800000 -0.010000000
v -0.021500001 -0.009800000 -0.003800000
v -0.021500001 -0.007500000 -0.003800000
v -0.021500001 -0.009800000 0.001700000
v -0.021500001 -0.007500000 0.001700000
v -0.013000000 -0.050816458 -0.032784898
v -0.013000000 -0.051051777 -0.030095173
v -0.010500000 -0.050149135 -0.032726515
v -0.010500000 -0.050384454 -0.030036790
v -0.013000000 -0.031291042 -0.031076647
v -0.013000000 -0.031526361 -0.028386921
v -0.010500000 -0.031958364 -0.031135030
v -0.010500000 -0.032193687 -0.028445303
v -0.017000001 -0.056128442 -0.013374005
v -0.017000001 -0.052542143 -0.013060244
v -0.017000001 -0.056668807 -0.007197598
v -0.017000001 -0.053082507 -0.006883837
v -0.016000001 -0.050791260 -0.006683379
v -0.016000001 -0.051270615 -0.001204308
v -0.016000001 -0.048300773 -0.006465490
v -0.014500000 -0.048300773 -0.006465490
v -0.016000001 -0.048780128 -0.000986419
v -0.014500000 -0.048780128 -0.000986419
v -0.017000001 -0.033016726 -0.011351991
v -0.017000001 -0.029530045 -0.011046947
v -0.017000001 -0.033557091 -0.005175584
v -0.017000001 -0.030070409 -0.004870540
v -0.016000001 -0.038338825 -0.005593932
v -0.016000001 -0.035848338 -0.005376043
v -0.014500000 -0.038338825 -0.005593932
v -0.016000001 -0.038818181 -0.000114861
v -0.016000001 -0.036327697 0.000103028
v -0.014500000 -0.038818181 -0.000114861
v -0.013000000 -0.009800000 -0.029800000
v -0.013000000 -0.009800000 -0.027100001
v -0.011086583 -0.009419397 -0.029800000
v -0.009464466 -0.008335534 -0.029800000
v -0.011086583 -0.009419397 -0.027100001
v -0.009464466 -0.008335534 -0.027100001
v -0.017000001 -0.013300000 -0.010000000
v -0.017000001 -0.009800000 -0.010000000
v -0.017000001 -0.013300000 -0.003800000
v -0.017000001 -0.009800000 -0.003800000
v -0.016000001 -0.007500000 -0.003800000
v -0.016000001 -0.007500000 0.001700000
v -0.016000001 -0.005000000 -0.003800000
v -0.016000001 -0.005000000 0.001700000
v -0.014500000 -0.005000000 -0.003800000
v -0.014500000 -0.005000000 0.001700000
v -0.029500000 0.001615825 -0.081582472
v -0.029500000 0.000156563 -0.081051342
v -0.026500000 0.001615825 -0.081582472
v -0.026500000 0.000156563 -0.081051342
v -0.023172978 0.014160680 -0.084809817
v -0.023163635 0.014162101 -0.084834151
v -0.023146007 0.014111092 -0.084781699
v -0.023144141 0.014106649 -0.084781311
v -0.022806847 0.014179455 -0.085182436
v -0.022979580 0.013714459 -0.084748276
v -0.022987796 0.013734145 -0.084748715
v -0.023075769 0.013949969 -0.084834151
v -0.023085112 0.013948548 -0.084809817
v -0.023075769 0.014162101 -0.085046284
v -0.023060905 0.014165901 -0.085067406
v -0.023041537 0.014171820 -0.085083880
v -0.022848779 0.013652985 -0.085001737
v -0.022834640 0.013658407 -0.085023008
v -0.022816215 0.013666441 -0.085039660
v -0.022857668 0.013438412 -0.084765181
v -0.022882758 0.013482463 -0.084743053
v -0.022848779 0.013440853 -0.084789604
v -0.022829404 0.014171820 -0.085171744
v -0.022535508 0.013189372 -0.084997922
v -0.022552760 0.013179341 -0.084981091
v -0.022565998 0.013172388 -0.084959693
v -0.022574320 0.012956852 -0.084723048
v -0.022565998 0.012960256 -0.084747560
v -0.022536229 0.012896805 -0.084691815
v -0.022707388 0.013306621 -0.084874645
v -0.022582622 0.013676539 -0.085138433
v -0.022581210 0.013730491 -0.085146576
v -0.022604082 0.013666441 -0.085127525
v -0.022112876 0.012363608 -0.084645167
v -0.021854818 0.012103249 -0.084648371
v -0.022230979 0.012726354 -0.084920667
v -0.022218809 0.012734729 -0.084942192
v -0.022202948 0.012746612 -0.084959187
v -0.022230979 0.012514222 -0.084708534
v -0.022238629 0.012509924 -0.084683947
v -0.022218809 0.012522597 -0.084730059
v -0.022323376 0.013189372 -0.085085787
v -0.022303285 0.013201794 -0.085096903
v -0.022241613 0.013156546 -0.085096359
v -0.022006676 0.012522597 -0.084942192
v -0.021990815 0.012534480 -0.084959187
v -0.021990815 0.012746612 -0.085047051
v -0.021972345 0.012761191 -0.085058354
v -0.021836985 0.012118028 -0.084694661
v -0.021847935 0.012108360 -0.084673025
v -0.021620585 0.011892805 -0.084603973
v -0.021624852 0.012118028 -0.084906794
v -0.021635802 0.012108360 -0.084885158
v -0.021610582 0.012131597 -0.084923938
v -0.021593966 0.012148139 -0.084935412
v -0.021610582 0.012343729 -0.085011803
v -0.021593966 0.012360271 -0.085023277
v -0.021427713 0.011741941 -0.084616758
v -0.021421684 0.011747775 -0.084641479
v -0.021344282 0.012172626 -0.085010283
v -0.021826727 0.012634014 -0.085050650
v -0.021068526 0.011493164 -0.084569015
v -0.020957587 0.011436999 -0.084614292
v -0.020962687 0.011430543 -0.084589519
v -0.021172905 0.011791945 -0.084904246
v -0.021209551 0.011747775 -0.084853612
v -0.021199960 0.011758592 -0.084875353
v -0.021187462 0.011773658 -0.084892623
v -0.021172905 0.012004077 -0.084992111
v -0.020745454 0.011436999 -0.084826425
v -0.020737343 0.011448807 -0.084848247
v -0.020726770 0.011465163 -0.084865630
v -0.020714460 0.011484954 -0.084877387
v -0.020803265 0.011780979 -0.084976017
v -0.020714460 0.011697086 -0.084965251
v -0.020466985 0.011172133 -0.084540926
v -0.020461479 0.011179943 -0.084591798
v -0.020465584 0.011172972 -0.084566981
v -0.020249346 0.011179943 -0.084803931
v -0.020242816 0.011192570 -0.084825829
v -0.020234304 0.011209994 -0.084843308
v -0.020224392 0.011231027 -0.084855169
v -0.020224392 0.011443159 -0.084943034
v -0.020213755 0.011466368 -0.084948488
v -0.020249346 0.011092074 -0.084591798
v -0.020253452 0.011085103 -0.084566981
v -0.020254852 0.011084264 -0.084540926
v -0.019716255 0.011011357 -0.084825926
v -0.019722600 0.010993103 -0.084808379
v -0.019708868 0.011033358 -0.084837876
v -0.019727467 0.010979837 -0.084786423
v -0.019727467 0.010891968 -0.084574290
v -0.019730527 0.010884597 -0.084549434
v -0.019708868 0.011245490 -0.084925741
v -0.019615034 0.010847821 -0.084520236
v -0.019586733 0.011234653 -0.084928215
v -0.023131739 0.013242200 -0.082599647
v -0.023396522 0.013726170 -0.082641989
v -0.023177814 0.013735731 -0.082734443
v -0.023199541 0.013726170 -0.082723580
v -0.022819892 0.012786899 -0.082559817
v -0.022934759 0.013242200 -0.082681239
v -0.022914184 0.013253864 -0.082692288
v -0.023045616 0.013533604 -0.082720183
v -0.023051018 0.014059382 -0.082766190
v -0.022892348 0.013681338 -0.082733110
v -0.022914847 0.013734943 -0.082737803
v -0.022882758 0.013658487 -0.082731113
v -0.022763269 0.012715116 -0.082553536
v -0.022664543 0.012925707 -0.082667001
v -0.022622921 0.012574767 -0.082553536
v -0.022622921 0.012786899 -0.082641400
v -0.022603702 0.012800542 -0.082652628
v -0.022535177 0.013071505 -0.082679756
v -0.022536229 0.013072830 -0.082679875
v -0.022755528 0.013443462 -0.082712300
v -0.022407530 0.012293061 -0.082516611
v -0.022267127 0.012364790 -0.082604475
v -0.022249453 0.012380267 -0.082615860
v -0.022207079 0.012372560 -0.082618602
v -0.022267127 0.012152658 -0.082516611
v -0.022278812 0.012142916 -0.082503475
v -0.021972701 0.011845692 -0.082477473
v -0.021854959 0.011785087 -0.082494482
v -0.021870911 0.011767939 -0.082482949
v -0.021881454 0.011757094 -0.082469717
v -0.021854959 0.011997219 -0.082582347
v -0.021870911 0.011980071 -0.082570814
v -0.021912251 0.012347765 -0.082616434
v -0.022374308 0.012868896 -0.082662031
v -0.022093989 0.012521571 -0.082631640
v -0.022112876 0.012539633 -0.082633220
v -0.021547075 0.011491634 -0.082446493
v -0.021681054 0.011883629 -0.082575828
v -0.021680593 0.012126220 -0.082597055
v -0.021620585 0.012068829 -0.082592033
v -0.021580232 0.012039619 -0.082589477
v -0.021447515 0.011412597 -0.082439579
v -0.021438211 0.011424431 -0.082452893
v -0.021424141 0.011443073 -0.082464553
v -0.021424141 0.011655205 -0.082552418
v -0.021376057 0.011891814 -0.082576543
v -0.021095466 0.011467281 -0.082539402
v -0.021088323 0.011181667 -0.082419373
v -0.020981297 0.011112857 -0.082413353
v -0.020973330 0.011125549 -0.082426749
v -0.020961279 0.011145489 -0.082438521
v -0.020961279 0.011357621 -0.082526386
v -0.021135822 0.011717905 -0.082561329
v -0.021068526 0.011669190 -0.082557067
v -0.021004120 0.011634817 -0.082554065
v -0.020774279 0.011512155 -0.082543328
v -0.020600820 0.010918708 -0.082396366
v -0.019559406 0.010543918 -0.082363576
v -0.019433111 0.010523973 -0.082374118
v -0.019436654 0.010509556 -0.082360573
v -0.019427754 0.010546528 -0.082386121
v -0.020470975 0.010895296 -0.082416631
v -0.020480886 0.010874263 -0.082404763
v -0.020487439 0.010860851 -0.082391307
v -0.020540312 0.011387290 -0.082532406
v -0.020460337 0.011130637 -0.082509950
v -0.020470975 0.011107428 -0.082504496
v -0.020466985 0.011348157 -0.082528979
v -0.020378385 0.011311737 -0.082525797
v -0.020254852 0.011260957 -0.082521349
v -0.020089405 0.010705385 -0.082377709
v -0.019965773 0.010673071 -0.082387157
v -0.019958099 0.010694979 -0.082399108
v -0.019970847 0.010659081 -0.082373656
v -0.019958099 0.010907111 -0.082486972
v -0.019969946 0.011155671 -0.082512140
v -0.019786533 0.010879460 -0.082487971
v -0.019719366 0.011063070 -0.082504041
v -0.019690895 0.011052548 -0.082503118
v -0.019615034 0.011024513 -0.082500666
v -0.019427754 0.010758660 -0.082473986
v -0.023885289 0.016948929 -0.082923949
v -0.023775838 0.017489223 -0.082971215
v -0.023449447 0.015240741 -0.084904313
v -0.023492562 0.015653584 -0.084914446
v -0.023494996 0.015797084 -0.084952980
v -0.023485009 0.015795233 -0.084977031
v -0.023408940 0.014978880 -0.084855415
v -0.023388766 0.014978880 -0.084904119
v -0.023331976 0.014693334 -0.084880628
v -0.023341656 0.014692977 -0.084856384
v -0.023233874 0.014321804 -0.084797926
v -0.023228709 0.014695440 -0.085113734
v -0.023244109 0.014693334 -0.085092761
v -0.023208641 0.014699154 -0.085130014
v -0.023291536 0.015244232 -0.085187726
v -0.023397142 0.015795233 -0.085189164
v -0.023381256 0.015793828 -0.085209832
v -0.023360550 0.015792964 -0.085225709
v -0.023336440 0.015792701 -0.085235715
v -0.023439551 0.015240002 -0.084928453
v -0.023335943 0.015240368 -0.085161410
v -0.023351684 0.015240002 -0.085140586
v -0.023315428 0.015241809 -0.085177489
v -0.023407130 0.015797084 -0.085165113
v -0.023718918 0.015849616 -0.082919389
v -0.023492562 0.015827999 -0.082920924
v -0.023477729 0.016355008 -0.085001796
v -0.023483181 0.016333347 -0.084973916
v -0.023364078 0.016348863 -0.085258394
v -0.023379911 0.016352043 -0.085237883
v -0.023389863 0.016355008 -0.085213929
v -0.023343446 0.016345687 -0.085274071
v -0.023319419 0.016342731 -0.085283838
v -0.023131313 0.016345687 -0.085361935
v -0.023284629 0.016898492 -0.085306481
v -0.023300206 0.016903428 -0.085286118
v -0.023309998 0.016907500 -0.085262269
v -0.023264328 0.016893025 -0.085321955
v -0.023168541 0.017447609 -0.085309520
v -0.023143904 0.017435804 -0.085353486
v -0.023159033 0.017442459 -0.085333280
v -0.023397865 0.016907500 -0.085050136
v -0.023380974 0.017005507 -0.085032724
v -0.023256408 0.017447609 -0.085097387
v -0.023187844 0.017657541 -0.085089773
v -0.023743197 0.016400466 -0.082957551
v -0.023719108 0.016398406 -0.082967401
v -0.023697387 0.016294457 -0.082961731
v -0.023483181 0.016507762 -0.082980394
v -0.023469901 0.016595101 -0.082988039
v -0.023688298 0.016948929 -0.083005540
v -0.023664448 0.016944485 -0.083015181
v -0.023628235 0.017007835 -0.083024144
v -0.023578854 0.017489223 -0.083052807
v -0.023555480 0.017482430 -0.083062246
v -0.023466203 0.017706119 -0.083085239
v -0.023380974 0.017179921 -0.083039202
v -0.023355879 0.017264646 -0.083046615
v -0.023292078 0.017480047 -0.083065465
v -0.023612948 0.018015975 -0.083017297
v -0.023393286 0.018006895 -0.083108127
v -0.023415953 0.018015975 -0.083098896
v -0.023398209 0.018523952 -0.083061740
v -0.023204783 0.017774770 -0.083091244
v -0.023187844 0.017831955 -0.083096251
v -0.023214066 0.018377358 -0.083143964
v -0.023179481 0.018512664 -0.083152376
v -0.023201214 0.018523952 -0.083143339
v -0.023133760 0.019008106 -0.083104104
v -0.022973137 0.014704220 -0.085228346
v -0.022996508 0.014699154 -0.085217878
v -0.023010761 0.014989090 -0.085256688
v -0.022839196 0.014345155 -0.085200354
v -0.023103295 0.015241809 -0.085265353
v -0.023079403 0.015244232 -0.085275590
v -0.023092709 0.015650300 -0.085314542
v -0.023124307 0.015792701 -0.085323580
v -0.023107287 0.016342731 -0.085371703
v -0.023083517 0.016316468 -0.085372820
v -0.023052195 0.016893025 -0.085409820
v -0.023028553 0.016887404 -0.085419357
v -0.022983355 0.016975183 -0.085430458
v -0.023124188 0.017428098 -0.085368767
v -0.023099978 0.017657541 -0.085301906
v -0.022889096 0.017419869 -0.085465938
v -0.022912055 0.017428098 -0.085456632
v -0.022794086 0.017614176 -0.085486360
v -0.022967270 0.017968545 -0.085355096
v -0.022924794 0.017944176 -0.085413918
v -0.022958163 0.017962351 -0.085378766
v -0.022943676 0.017954040 -0.085398830
v -0.022819521 0.018277304 -0.085356131
v -0.023099978 0.017869674 -0.085089773
v -0.023055136 0.017968545 -0.085142963
v -0.022967270 0.018180678 -0.085142963
v -0.022819521 0.018489437 -0.085143998
v -0.022712661 0.017944176 -0.085501783
v -0.022690674 0.017933432 -0.085510872
v -0.022708714 0.018463755 -0.085398421
v -0.022700123 0.018456573 -0.085422002
v -0.022686459 0.018446686 -0.085441932
v -0.022668649 0.018434769 -0.085456841
v -0.022519240 0.018221546 -0.085539497
v -0.022700123 0.018668706 -0.085209869
v -0.022708714 0.018675888 -0.085186288
v -0.023099978 0.018042475 -0.083114669
v -0.022936769 0.019008106 -0.083185695
v -0.022916185 0.018994713 -0.083194554
v -0.022819521 0.018662238 -0.083168894
v -0.022876138 0.019010071 -0.083199322
v -0.022822242 0.019463623 -0.083143957
v -0.022625249 0.019463623 -0.083225548
v -0.022606019 0.019448251 -0.083234236
v -0.022456516 0.018434769 -0.085544705
v -0.022435777 0.018421633 -0.085553586
v -0.022375491 0.018907543 -0.085482255
v -0.022388162 0.018918904 -0.085462451
v -0.022358976 0.018893706 -0.085496992
v -0.022456964 0.019065386 -0.085194387
v -0.022396127 0.019139145 -0.085226819
v -0.022388162 0.019131036 -0.085250318
v -0.022163933 0.018785974 -0.085588880
v -0.022146843 0.018893706 -0.085584857
v -0.022127613 0.018878335 -0.085593536
v -0.022014679 0.019330818 -0.085519284
v -0.022026198 0.019343533 -0.085499607
v -0.021999670 0.019315219 -0.085533872
v -0.022456964 0.019238185 -0.083219282
v -0.022396542 0.019310128 -0.083225571
v -0.022362312 0.019350884 -0.083229139
v -0.022026198 0.019555666 -0.085287474
v -0.022033438 0.019564623 -0.085264049
v -0.022019058 0.019586788 -0.085240006
v -0.022458198 0.019593431 -0.083250359
v -0.022466751 0.019885976 -0.083180904
v -0.022252062 0.019868771 -0.083271027
v -0.022269748 0.019885976 -0.083262503
v -0.022165520 0.019585200 -0.083249643
v -0.022019058 0.019759588 -0.083264895
v -0.022099040 0.020243518 -0.083212182
v -0.022070808 0.020270970 -0.083214588
v -0.021949366 0.019822665 -0.083270416
v -0.021967400 0.020117454 -0.083296202
v -0.021857837 0.020252090 -0.083304562
v -0.021873802 0.020270970 -0.083296187
v -0.021873802 0.020433621 -0.083228819
v -0.021787537 0.019315219 -0.085621737
v -0.021770058 0.019297794 -0.085630238
v -0.021734787 0.019296948 -0.085633583
v -0.021595249 0.019694002 -0.085567012
v -0.021618785 0.019725118 -0.085532993
v -0.021625210 0.019946974 -0.085297495
v -0.021618785 0.019937251 -0.085320860
v -0.021608567 0.019711189 -0.085552566
v -0.021383116 0.019694002 -0.085654877
v -0.021383116 0.019906135 -0.085567012
v -0.021507610 0.019824220 -0.085542776
v -0.021396434 0.019923322 -0.085552566
v -0.021406652 0.019937251 -0.085532993
v -0.021513963 0.020043934 -0.085280001
v -0.021367606 0.019674733 -0.085663214
v -0.021239793 0.019744951 -0.085672781
v -0.021666247 0.020078907 -0.083292834
v -0.021513963 0.020216733 -0.083304890
v -0.021436298 0.020269768 -0.083309531
v -0.021360781 0.020321336 -0.083314046
v -0.021427257 0.020594403 -0.083334513
v -0.021412140 0.020573176 -0.083336078
v -0.021441342 0.020614777 -0.083326265
v -0.021441342 0.020777425 -0.083258897
v -0.021332946 0.020847220 -0.083264999
v -0.021160889 0.019965716 -0.085625440
v -0.021176575 0.020281387 -0.085326754
v -0.021171048 0.020270996 -0.085350059
v -0.020938665 0.020025298 -0.085683860
v -0.020925321 0.020004412 -0.085692063
v -0.020938665 0.020237431 -0.085595995
v -0.020950122 0.020256002 -0.085581668
v -0.020958915 0.020270996 -0.085562192
v -0.020951087 0.020428305 -0.085313626
v -0.020921487 0.020428305 -0.085343227
v -0.020688174 0.020121636 -0.085705735
v -0.020699218 0.020271182 -0.085652165
v -0.020688616 0.020552700 -0.085374705
v -0.020693175 0.020563656 -0.085351452
v -0.021098718 0.020500293 -0.083329700
v -0.020951087 0.020601107 -0.083338521
v -0.020976668 0.020913981 -0.083352439
v -0.020964602 0.020892307 -0.083360575
v -0.020976668 0.021076623 -0.083285071
v -0.020801920 0.020952800 -0.083369292
v -0.020861827 0.021135326 -0.083290212
v -0.020730535 0.021145860 -0.083319515
v -0.020459773 0.020304935 -0.085708328
v -0.020448763 0.020282689 -0.085716404
v -0.020459773 0.020517068 -0.085620463
v -0.020469228 0.020536810 -0.085606240
v -0.020476483 0.020552700 -0.085586838
v -0.020481043 0.020563656 -0.085563585
v -0.020340916 0.020732744 -0.085340261
v -0.020181092 0.020790234 -0.085371278
v -0.020128783 0.020732744 -0.085552394
v -0.020128783 0.020820610 -0.085340261
v -0.020090206 0.020419985 -0.085731842
v -0.019943925 0.020506060 -0.085735947
v -0.019952463 0.020529401 -0.085727967
v -0.019959794 0.020762214 -0.085625954
v -0.019965421 0.020778826 -0.085606620
v -0.019968959 0.020790234 -0.085583411
v -0.019952463 0.020741533 -0.085640103
v -0.019968959 0.020878101 -0.085371278
v -0.020474473 0.021142840 -0.083382495
v -0.020484401 0.021165607 -0.083374456
v -0.020340916 0.020905545 -0.083365157
v -0.020138102 0.020988915 -0.083372444
v -0.020128783 0.020992747 -0.083372779
v -0.020147180 0.021249829 -0.083395272
v -0.020037483 0.021023668 -0.083375491
v -0.019482680 0.021039445 -0.085359409
v -0.019457025 0.020634443 -0.085750602
v -0.019417156 0.020671718 -0.085750446
v -0.019423114 0.020695869 -0.085742533
v -0.019423114 0.020908002 -0.085654669
v -0.019428233 0.020929379 -0.085640579
v -0.019432159 0.020946525 -0.085621290
v -0.019434627 0.020958271 -0.085598111
v -0.019434627 0.021046137 -0.085385978
v -0.019820122 0.021097289 -0.083381929
v -0.019482680 0.021211579 -0.083391935
v -0.020484401 0.021328254 -0.083307087
v -0.020364273 0.021375271 -0.083311200
v -0.019969428 0.021367155 -0.083392091
v -0.019961739 0.021343512 -0.083400048
v -0.019969428 0.021529807 -0.083324723
v -0.019459125 0.021459181 -0.083413593
v -0.019431496 0.021492330 -0.083413072
v -0.019436870 0.021516623 -0.083405167
v -0.019436870 0.021679273 -0.083337799
v -0.023774877 0.014760638 -0.082732499
v -0.023931051 0.015849616 -0.082831524
v -0.023940070 0.015849492 -0.082827754
v -0.023884937 0.015302556 -0.082779907
v -0.023884708 0.015300855 -0.082779758
v -0.023876010 0.015303574 -0.082783751
v -0.023919370 0.015644159 -0.082809791
v -0.023940185 0.016192846 -0.082857795
v -0.023931241 0.016398406 -0.082879536
v -0.023940256 0.016399177 -0.082875848
v -0.023940178 0.016400466 -0.082875960
v -0.023611611 0.014233998 -0.082686417
v -0.023577902 0.014760638 -0.082814083
v -0.023554534 0.014765704 -0.082824558
v -0.023553932 0.014871290 -0.082837217
v -0.023687724 0.015300855 -0.082861349
v -0.023663877 0.015303574 -0.082871616
v -0.023672478 0.015578191 -0.082899064
v -0.023475625 0.015691342 -0.082908966
v -0.023414634 0.014233998 -0.082768008
v -0.023391973 0.014241353 -0.082778685
v -0.023343781 0.014185852 -0.082777247
v -0.023368083 0.014999946 -0.082848474
v -0.023294969 0.014725521 -0.082824469
v -0.023233874 0.014496217 -0.082804404
v -0.023165427 0.014332227 -0.082790054
v -0.023146007 0.014285697 -0.082785986
v -0.023408940 0.015153294 -0.082861893
v -0.023441326 0.015414590 -0.082884751
v -0.029500000 0.028548898 -0.094999999
v -0.029500000 0.029509276 -0.084022835
v -0.029500000 0.043142192 -0.047070403
v -0.029500000 0.046263259 -0.046852157
v -0.026500000 0.043142192 -0.047070403
v -0.026500000 0.046263259 -0.046852157
v -0.019179137 0.010871752 -0.084813714
v -0.019174367 0.010894434 -0.084825724
v -0.019186378 0.010839200 -0.084774122
v -0.019183235 0.010852913 -0.084796116
v -0.019188354 0.010743679 -0.084537111
v -0.019186378 0.010751331 -0.084561989
v -0.019174367 0.011106566 -0.084913589
v -0.018948853 0.010700370 -0.084507339
v -0.018933877 0.011090152 -0.084915571
v -0.018627614 0.010815999 -0.084818862
v -0.018629707 0.010792934 -0.084806815
v -0.018627614 0.011028131 -0.084906727
v -0.018632885 0.010759799 -0.084767178
v -0.018631507 0.010773765 -0.084789187
v -0.018633753 0.010664118 -0.084530145
v -0.018632885 0.010671930 -0.084555045
v -0.018633753 0.010674576 -0.084504902
v -0.018267350 0.011035555 -0.084910795
v -0.018268725 0.010644659 -0.084502466
v -0.018074874 0.010775895 -0.084805325
v -0.018075485 0.010799042 -0.084817380
v -0.018075485 0.011011174 -0.084905244
v -0.018073950 0.010742633 -0.084765673
v -0.018074350 0.010756654 -0.084787689
v -0.018073697 0.010646918 -0.084528640
v -0.018073950 0.010654764 -0.084553540
v -0.017599570 0.011071880 -0.084913976
v -0.017587315 0.010681725 -0.084505707
v -0.017524920 0.010843776 -0.084821291
v -0.017521614 0.010820847 -0.084809259
v -0.017524920 0.011055908 -0.084909156
v -0.017518776 0.010801795 -0.084791638
v -0.017516598 0.010787917 -0.084769636
v -0.017516598 0.010700049 -0.084557503
v -0.017515229 0.010692293 -0.084532611
v -0.017242219 0.010797567 -0.084668256
v -0.016976885 0.010927226 -0.084818564
v -0.016982844 0.010949638 -0.084830552
v -0.016965372 0.010799674 -0.084542006
v -0.016967840 0.010807215 -0.084566876
v -0.016917320 0.010810879 -0.084517010
v -0.016967840 0.010895084 -0.084779009
v -0.016971767 0.010908620 -0.084800988
v -0.016982844 0.011161770 -0.084918417
v -0.016942974 0.011198450 -0.084925048
v -0.016440205 0.011075784 -0.084815614
v -0.016434578 0.011062784 -0.084793679
v -0.016434578 0.010974916 -0.084581546
v -0.016447537 0.011093696 -0.084833130
v -0.016456075 0.011115295 -0.084845044
v -0.016456075 0.011327427 -0.084932908
v -0.016431041 0.010967710 -0.084556706
v -0.016309794 0.011412907 -0.084943809
v -0.016271219 0.011029713 -0.084536150
v -0.016222445 0.011062784 -0.084581546
v -0.016218908 0.011055578 -0.084556706
v -0.016059086 0.011117581 -0.084536150
v -0.015930772 0.011301189 -0.084835336
v -0.015923517 0.011288909 -0.084813468
v -0.015940227 0.011318160 -0.084852770
v -0.015951239 0.011338666 -0.084864587
v -0.015951239 0.011550798 -0.084952451
v -0.015711384 0.011288909 -0.084601335
v -0.015706824 0.011282156 -0.084576532
v -0.015711825 0.011711258 -0.084969915
v -0.015448914 0.011422019 -0.084562786
v -0.015461336 0.011597798 -0.084877238
v -0.015474680 0.011616942 -0.084888935
v -0.015441085 0.011570615 -0.084838115
v -0.015449877 0.011581997 -0.084859900
v -0.015474680 0.011829074 -0.084976800
v -0.015228953 0.011570615 -0.084625982
v -0.015223426 0.011564426 -0.084601231
v -0.015160207 0.012087941 -0.085002869
v -0.015032394 0.011946622 -0.084917776
v -0.015016885 0.011929093 -0.084906220
v -0.015003567 0.011914678 -0.084889010
v -0.015032394 0.012158754 -0.085005641
v -0.015016885 0.012141225 -0.084994085
v -0.014993347 0.011904359 -0.084867314
v -0.014886037 0.011806392 -0.084596418
v -0.014781215 0.011904359 -0.084655181
v -0.014774791 0.011898840 -0.084630489
v -0.014612462 0.012307878 -0.084939361
v -0.014597452 0.012295047 -0.084922284
v -0.014585935 0.012285944 -0.084900700
v -0.014385320 0.012295047 -0.084710151
v -0.014373803 0.012285944 -0.084688567
v -0.014366562 0.012281190 -0.084663935
v -0.014380942 0.012263537 -0.084636413
v -0.014665213 0.012535944 -0.085042067
v -0.014612462 0.012520010 -0.085027225
v -0.014629942 0.012535693 -0.085038625
v -0.014400330 0.012520010 -0.084939361
v -0.014385320 0.012507179 -0.084922284
v -0.014253156 0.012729390 -0.084976241
v -0.014272387 0.012955151 -0.085075319
v -0.014253156 0.012941522 -0.085064106
v -0.014236066 0.013046918 -0.085086770
v -0.019015532 0.010435728 -0.082354113
v -0.018890172 0.010413754 -0.082352191
v -0.018885205 0.010451419 -0.082377799
v -0.018888194 0.010428449 -0.082365759
v -0.018463934 0.010382086 -0.082349420
v -0.018335845 0.010410598 -0.082374223
v -0.018336438 0.010387450 -0.082362168
v -0.018336831 0.010372642 -0.082348593
v -0.018335845 0.010622730 -0.082462087
v -0.019280914 0.010950561 -0.082494199
v -0.019085582 0.010718045 -0.082473852
v -0.019035138 0.010896161 -0.082489438
v -0.019027842 0.010894546 -0.082489297
v -0.018948853 0.010877063 -0.082487769
v -0.018885205 0.010663551 -0.082465664
v -0.018576825 0.010846590 -0.082485102
v -0.018369479 0.010649156 -0.082467824
v -0.018349368 0.010827958 -0.082483470
v -0.018333422 0.010826651 -0.082483359
v -0.018268725 0.010821352 -0.082482889
v -0.017909423 0.010383404 -0.082349539
v -0.017783325 0.010401382 -0.082363389
v -0.017782129 0.010386609 -0.082349814
v -0.017785136 0.010424471 -0.082375437
v -0.017785136 0.010636603 -0.082463302
v -0.017357904 0.010439719 -0.082354464
v -0.017234355 0.010470109 -0.082369402
v -0.017238550 0.010492898 -0.082381427
v -0.017231580 0.010455534 -0.082355849
v -0.016814929 0.010550426 -0.082364149
v -0.017872177 0.010842923 -0.082484774
v -0.017668109 0.010854024 -0.082485750
v -0.017650476 0.010673971 -0.082469992
v -0.017627826 0.010856215 -0.082485937
v -0.017587315 0.010858418 -0.082486130
v -0.017238550 0.010705030 -0.082469292
v -0.016940875 0.010792064 -0.082480326
v -0.016932135 0.010984715 -0.082497187
v -0.016917320 0.010987571 -0.082497433
v -0.016694980 0.010592946 -0.082380146
v -0.016701519 0.010615201 -0.082392126
v -0.016690658 0.010578728 -0.082366623
v -0.016701519 0.010827333 -0.082479991
v -0.016515173 0.011123778 -0.082509346
v -0.016285425 0.010714511 -0.082378507
v -0.016252819 0.011001416 -0.082498640
v -0.016170563 0.010768672 -0.082395524
v -0.016179383 0.010790164 -0.082407430
v -0.016164733 0.010754953 -0.082382046
v -0.016179383 0.011002296 -0.082495295
v -0.016271219 0.011206405 -0.082516573
v -0.016260112 0.011210972 -0.082516976
v -0.016059086 0.011293606 -0.082524203
v -0.015865130 0.011390378 -0.082532674
v -0.015775051 0.010930277 -0.082397379
v -0.015677325 0.011016047 -0.082427196
v -0.015666315 0.010995541 -0.082415372
v -0.015659036 0.010982474 -0.082401946
v -0.015677325 0.011228179 -0.082515061
v -0.015623060 0.011511156 -0.082543239
v -0.015598080 0.011298446 -0.082524627
v -0.015523294 0.011560934 -0.082547598
v -0.015200341 0.011502738 -0.082539082
v -0.015288848 0.011195562 -0.082420588
v -0.015200341 0.011290606 -0.082451217
v -0.015187250 0.011271299 -0.082439497
v -0.015178594 0.011259026 -0.082426146
v -0.015448914 0.011598045 -0.082550839
v -0.015029892 0.011884182 -0.082575880
v -0.014987860 0.011678070 -0.082557842
v -0.014954652 0.011935562 -0.082580373
v -0.014886037 0.011982417 -0.082584471
v -0.014831563 0.011507758 -0.082447901
v -0.014753168 0.011823244 -0.082567126
v -0.014738125 0.011805336 -0.082555525
v -0.014753168 0.011611112 -0.082479261
v -0.014738125 0.011593204 -0.082467660
v -0.014728180 0.011581856 -0.082454391
v -0.014407778 0.011863736 -0.082479052
v -0.014493052 0.012338094 -0.082615592
v -0.014432601 0.012133792 -0.082597718
v -0.014323406 0.011958058 -0.082499586
v -0.014312270 0.011947758 -0.082486399
v -0.014340252 0.012186513 -0.082598902
v -0.014323406 0.012170190 -0.082587451
v -0.014380942 0.012439562 -0.082624473
v -0.018878385 0.020802248 -0.085751839
v -0.018875081 0.020777579 -0.085759707
v -0.018878385 0.021014381 -0.085663974
v -0.018881224 0.021036204 -0.085649930
v -0.018883402 0.021053692 -0.085630670
v -0.018884771 0.021065652 -0.085607506
v -0.018884771 0.021153519 -0.085395373
v -0.018800430 0.020761013 -0.085761674
v -0.018812684 0.021168597 -0.085370705
v -0.018324517 0.020822313 -0.085763618
v -0.018325126 0.020847201 -0.085755773
v -0.018325126 0.021059334 -0.085667908
v -0.018325649 0.021081345 -0.085653879
v -0.018326052 0.021098977 -0.085634626
v -0.018326303 0.021111026 -0.085611470
v -0.018326303 0.021198893 -0.085399337
v -0.018132649 0.020797336 -0.085764855
v -0.018131275 0.021117797 -0.085586086
v -0.018131275 0.021205664 -0.085373953
v -0.017770292 0.020830162 -0.085754283
v -0.017772386 0.020805355 -0.085762136
v -0.017770292 0.021042295 -0.085666418
v -0.017768493 0.021064233 -0.085652381
v -0.017766247 0.021093827 -0.085609972
v -0.017767115 0.021081811 -0.085633129
v -0.017766247 0.021181693 -0.085397840
v -0.017466124 0.020742740 -0.085760079
v -0.017451147 0.021062085 -0.085581213
v -0.017451147 0.021149952 -0.085369080
v -0.017225632 0.020726921 -0.085755274
v -0.017220862 0.020751344 -0.085747384
v -0.017220862 0.020963477 -0.085659519
v -0.017211646 0.021014268 -0.085603006
v -0.017216764 0.020985086 -0.085645460
v -0.017213622 0.021002410 -0.085626177
v -0.017211646 0.021102134 -0.085390873
v -0.016813269 0.020598240 -0.085747436
v -0.016784968 0.020914637 -0.085568309
v -0.016784968 0.021002503 -0.085356176
v -0.017065326 0.021236692 -0.083394125
v -0.016784968 0.021174638 -0.083388701
v -0.018889014 0.021587813 -0.083421424
v -0.018892020 0.021612523 -0.083413556
v -0.018892020 0.021775171 -0.083346188
v -0.018812684 0.021340732 -0.083403237
v -0.018749524 0.021577276 -0.083423927
v -0.018340291 0.021653904 -0.083417177
v -0.018339682 0.021629015 -0.083425030
v -0.018340291 0.021816554 -0.083349809
v -0.018131275 0.021377800 -0.083406478
v -0.018035168 0.021369927 -0.083405785
v -0.018030521 0.021602090 -0.083426096
v -0.017788963 0.021615524 -0.083423845
v -0.017787170 0.021640355 -0.083415993
v -0.017763315 0.021347659 -0.083403841
v -0.017787170 0.021803005 -0.083348624
v -0.017451147 0.021322088 -0.083401598
v -0.017314417 0.021533201 -0.083420068
v -0.017242331 0.021547474 -0.083417892
v -0.017238151 0.021572009 -0.083410010
v -0.017238151 0.021734653 -0.083342642
v -0.016691133 0.020587996 -0.085743114
v -0.016683744 0.020611739 -0.085735172
v -0.016683744 0.020823872 -0.085647307
v -0.016677400 0.020844897 -0.085633188
v -0.016672533 0.020861773 -0.085613877
v -0.016669473 0.020873347 -0.085590683
v -0.016669473 0.020961214 -0.085378550
v -0.016186245 0.020366525 -0.085727163
v -0.016175607 0.020390328 -0.085725822
v -0.016165696 0.020413103 -0.085717790
v -0.016165696 0.020625236 -0.085629925
v -0.016157184 0.020645428 -0.085615739
v -0.016150653 0.020661667 -0.085596368
v -0.016146548 0.020672841 -0.085573137
v -0.016146548 0.020760708 -0.085361004
v -0.016145147 0.020766059 -0.085335493
v -0.016384210 0.021026539 -0.083375745
v -0.016145147 0.020938195 -0.083368011
v -0.016182955 0.021250943 -0.083391950
v -0.016174152 0.021274181 -0.083383955
v -0.015934415 0.020672841 -0.085361004
v -0.015933014 0.020678192 -0.085335493
v -0.015685542 0.020136401 -0.085703611
v -0.015673229 0.020157931 -0.085695468
v -0.015673229 0.020370064 -0.085607603
v -0.015662657 0.020389192 -0.085593320
v -0.015596734 0.020051913 -0.085699640
v -0.015654545 0.020404611 -0.085573882
v -0.015649445 0.020415271 -0.085550599
v -0.015933014 0.020850994 -0.083360381
v -0.015934518 0.020851612 -0.083360441
v -0.015939662 0.021120610 -0.083383970
v -0.015703084 0.020728283 -0.083349653
v -0.015680742 0.021025406 -0.083372220
v -0.015669746 0.021047661 -0.083364137
v -0.015669746 0.021210307 -0.083296768
v -0.015331474 0.020357160 -0.085307404
v -0.015227094 0.019829411 -0.085676752
v -0.015212539 0.019849438 -0.085668474
v -0.015212539 0.020061571 -0.085580610
v -0.015200039 0.020079408 -0.085566215
v -0.015190448 0.020093836 -0.085546687
v -0.015442413 0.020404611 -0.085361749
v -0.015437313 0.020415271 -0.085338466
v -0.015055717 0.019660266 -0.085665375
v -0.015000407 0.019849438 -0.085580610
v -0.014987907 0.019867275 -0.085566215
v -0.014972287 0.020103872 -0.085311227
v -0.014978316 0.020093836 -0.085334554
v -0.015417882 0.020576077 -0.083336331
v -0.015331474 0.020529961 -0.083332300
v -0.015304533 0.020783966 -0.083354518
v -0.015203565 0.020751176 -0.083348230
v -0.015190488 0.020772235 -0.083340041
v -0.015190488 0.020934885 -0.083272673
v -0.014842705 0.020176137 -0.083301343
v -0.014806034 0.019473216 -0.085645586
v -0.014789417 0.019491499 -0.085637160
v -0.014573272 0.019198880 -0.085625008
v -0.014577285 0.019491499 -0.085549295
v -0.014427655 0.019072296 -0.085610509
v -0.014409185 0.019088617 -0.085601911
v -0.014287125 0.019486718 -0.085231245
v -0.014775147 0.019719969 -0.085534774
v -0.014764197 0.019733250 -0.085515141
v -0.014779416 0.019957520 -0.085272439
v -0.014563015 0.019507837 -0.085534774
v -0.014552065 0.019521117 -0.085515141
v -0.014545183 0.019742563 -0.085279614
v -0.014552065 0.019733250 -0.085303009
v -0.014779416 0.020130321 -0.083297335
v -0.014711491 0.020065362 -0.083291650
v -0.014718946 0.020367617 -0.083318092
v -0.014547474 0.019908503 -0.083277926
v -0.014756169 0.020430980 -0.083320215
v -0.014741139 0.020450640 -0.083311900
v -0.014741139 0.020613279 -0.083244532
v -0.014544147 0.020450640 -0.083230309
v -0.014328919 0.019699488 -0.083259642
v -0.014287125 0.019659517 -0.083256148
v -0.014228712 0.019585948 -0.083249711
v -0.014343000 0.020067997 -0.083288454
v -0.014326165 0.020086072 -0.083280005
v -0.016705215 0.021425543 -0.083407231
v -0.016698690 0.021449544 -0.083399296
v -0.016698690 0.021612188 -0.083331928
v -0.016613467 0.021371787 -0.083405949
v -0.016174152 0.021436829 -0.083316587
v -0.014041024 0.012941522 -0.084976241
v -0.014024511 0.012718323 -0.084747188
v -0.014011839 0.012710573 -0.084725715
v -0.014003874 0.012706669 -0.084701166
v -0.013943037 0.012784940 -0.084682032
v -0.014011839 0.012922705 -0.084937848
v -0.014024511 0.012930455 -0.084959321
v -0.013964223 0.013411853 -0.085115276
v -0.013943484 0.013400459 -0.085104257
v -0.013699877 0.013172904 -0.084766164
v -0.013691287 0.013169927 -0.084741697
v -0.013880760 0.013611346 -0.085136153
v -0.013731352 0.013400459 -0.085016392
v -0.013713542 0.013391312 -0.084999636
v -0.013699877 0.013385036 -0.084978297
v -0.013580480 0.013360888 -0.084732421
v -0.013709326 0.013900055 -0.085157990
v -0.013687340 0.013891052 -0.085147180
v -0.013441838 0.013667124 -0.084809400
v -0.013432731 0.013665136 -0.084785022
v -0.013475208 0.013891052 -0.085059315
v -0.013456326 0.013883957 -0.085042737
v -0.013441838 0.013879256 -0.085021533
v -0.013300023 0.013980651 -0.084786639
v -0.013947215 0.012362234 -0.082534947
v -0.014021573 0.012260078 -0.082513727
v -0.013934997 0.012353095 -0.082521863
v -0.014191736 0.012664844 -0.082644179
v -0.013965695 0.012588933 -0.082634114
v -0.013947215 0.012574366 -0.082622811
v -0.013941802 0.012657816 -0.082643561
v -0.014023685 0.012864940 -0.082661688
v -0.013943037 0.012960965 -0.082670085
v -0.013806809 0.012502640 -0.082534947
v -0.013750233 0.012574366 -0.082541220
v -0.013777692 0.013223628 -0.082693063
v -0.013633221 0.013026506 -0.082672395
v -0.013613289 0.013013849 -0.082661256
v -0.013631918 0.013455198 -0.082713328
v -0.013580480 0.013536912 -0.082720473
v -0.013523863 0.013241175 -0.082694598
v -0.013416318 0.013013849 -0.082579672
v -0.013447587 0.013830583 -0.082746170
v -0.013324949 0.013484268 -0.082702413
v -0.013346134 0.013494881 -0.082713373
v -0.013326629 0.014097881 -0.082769558
v -0.013300023 0.014156676 -0.082774699
v -0.013127977 0.013484268 -0.082620829
v -0.013185933 0.013873887 -0.082749955
v -0.013107286 0.013989406 -0.082756639
v -0.013085059 0.013980951 -0.082745872
v -0.012888074 0.013980951 -0.082664281
v -0.013605913 0.014218715 -0.085189290
v -0.013593153 0.017654032 -0.085486427
v -0.013570596 0.017663408 -0.085477218
v -0.013510903 0.014413618 -0.085202925
v -0.013487944 0.014407129 -0.085192330
v -0.013416645 0.014857708 -0.085245200
v -0.013371447 0.014946084 -0.085249506
v -0.013347805 0.014942202 -0.085239142
v -0.013256097 0.014402194 -0.085088082
v -0.013275812 0.014407129 -0.085104465
v -0.013292714 0.015490756 -0.085297160
v -0.013316482 0.015516425 -0.085302830
v -0.013240969 0.014399149 -0.085067019
v -0.013240969 0.014187017 -0.084854886
v -0.013231459 0.014186071 -0.084830597
v -0.013221807 0.014189427 -0.084808618
v -0.013153100 0.014399149 -0.084854886
v -0.013143591 0.014398203 -0.084830597
v -0.013212155 0.014192783 -0.084786639
v -0.013135673 0.014942202 -0.085151277
v -0.013115373 0.014939506 -0.085135087
v -0.013099794 0.014938179 -0.085114181
v -0.013019024 0.014844817 -0.084843688
v -0.013011926 0.014938179 -0.084902048
v -0.013002134 0.014938313 -0.084877849
v -0.013080582 0.015490756 -0.085209295
v -0.013056555 0.015489541 -0.085199162
v -0.013035922 0.015489135 -0.085183173
v -0.013020091 0.015489566 -0.085162424
v -0.012932222 0.015489566 -0.084950291
v -0.013275692 0.016040785 -0.085345283
v -0.013251582 0.016042262 -0.085335389
v -0.013307290 0.016182592 -0.085361108
v -0.013389239 0.016843801 -0.085418962
v -0.013320597 0.016589254 -0.085393265
v -0.013296706 0.016593419 -0.085383609
v -0.013426863 0.017129267 -0.085440516
v -0.013403492 0.017136075 -0.085431084
v -0.013560805 0.017487736 -0.085475296
v -0.013358464 0.017663408 -0.085389353
v -0.013339096 0.017672097 -0.085374162
v -0.013324233 0.017679507 -0.085354023
v -0.013314890 0.017685132 -0.085330300
v -0.013253994 0.017528521 -0.085290618
v -0.013084574 0.016593419 -0.085295744
v -0.013063560 0.016040785 -0.085257418
v -0.013039450 0.016042262 -0.085247524
v -0.013018746 0.016044170 -0.085231736
v -0.013002858 0.016046375 -0.085211135
v -0.012992872 0.016048729 -0.085187130
v -0.013064058 0.016597630 -0.085280158
v -0.013048316 0.016601605 -0.085259713
v -0.013038421 0.016605072 -0.085235804
v -0.012950553 0.016605072 -0.085023671
v -0.013191360 0.017136075 -0.085343219
v -0.013171292 0.017142558 -0.085327834
v -0.013155892 0.017148275 -0.085307539
v -0.013146212 0.017152837 -0.085283734
v -0.013078928 0.016871443 -0.085233130
v -0.013227021 0.017685132 -0.085118167
v -0.013166126 0.017528521 -0.085078485
v -0.013058344 0.017152837 -0.085071601
v -0.012991060 0.016871443 -0.085020997
v -0.012930402 0.016556442 -0.082984656
v -0.013177636 0.017730510 -0.083087377
v -0.013166126 0.017702933 -0.083084963
v -0.013043636 0.017243188 -0.083044738
v -0.012991060 0.017045857 -0.083027475
v -0.014158387 0.018676346 -0.085579291
v -0.014096715 0.018631693 -0.085571960
v -0.014076625 0.018645857 -0.085563175
v -0.014197053 0.019088617 -0.085514046
v -0.014181193 0.019103268 -0.085499376
v -0.014169022 0.019115254 -0.085479632
v -0.014169022 0.019327387 -0.085267499
v -0.014161372 0.019335888 -0.085244037
v -0.013817377 0.018156948 -0.085530423
v -0.013818789 0.018102402 -0.085529074
v -0.013795919 0.018168787 -0.085521437
v -0.013583787 0.018168787 -0.085433573
v -0.013565361 0.018179592 -0.085418567
v -0.013864493 0.018645857 -0.085475311
v -0.013847241 0.018658657 -0.085460477
v -0.013834003 0.018669220 -0.085440606
v -0.013863772 0.018953521 -0.085184596
v -0.013834003 0.018881353 -0.085228473
v -0.013825681 0.018888962 -0.085204929
v -0.013886653 0.019155139 -0.083212018
v -0.013815959 0.019045513 -0.083202422
v -0.013863772 0.019126320 -0.083209492
v -0.013735457 0.019325539 -0.083226919
v -0.013682241 0.018819520 -0.083182655
v -0.013635384 0.019228494 -0.083215006
v -0.013615461 0.019242907 -0.083206236
v -0.014192920 0.019878685 -0.083275318
v -0.014129174 0.020086072 -0.083198413
v -0.013968163 0.019665835 -0.083253272
v -0.013949692 0.019682158 -0.083244666
v -0.013752702 0.019682158 -0.083163075
v -0.013551221 0.018188624 -0.085398562
v -0.013542333 0.018195270 -0.085374936
v -0.013551221 0.018400757 -0.085186429
v -0.013517244 0.018367862 -0.085133359
v -0.013542333 0.018407403 -0.085162804
v -0.013454464 0.018195270 -0.085162804
v -0.013314890 0.017897265 -0.085118167
v -0.013253994 0.017740654 -0.085078485
v -0.013524779 0.018553399 -0.083159365
v -0.013517244 0.018540664 -0.083158255
v -0.013253994 0.017913453 -0.083103381
v -0.013375689 0.018203402 -0.083128750
v -0.013418471 0.019242907 -0.083124645
v -0.013354383 0.018717641 -0.083173737
v -0.013347969 0.018760318 -0.083174050
v -0.013326792 0.018772686 -0.083165102
v -0.013108777 0.018265959 -0.083130792
v -0.013086556 0.018276170 -0.083121657
v -0.013056220 0.018065393 -0.083116673
v -0.013129792 0.018772686 -0.083083503
v -0.012922269 0.015490804 -0.084926188
v -0.012916817 0.015516977 -0.084902495
v -0.012914517 0.015858153 -0.082923561
v -0.012702613 0.015956789 -0.082932189
v -0.012914990 0.016046375 -0.084999003
v -0.012905004 0.016048729 -0.084974997
v -0.012907437 0.016196741 -0.084961966
v -0.012910651 0.016138282 -0.082948066
v -0.012907437 0.016371153 -0.082968444
v -0.012674118 0.016127832 -0.082943730
v -0.012727522 0.016673056 -0.082994856
v -0.012701769 0.016675929 -0.082991682
v -0.012677771 0.016679199 -0.082981944
v -0.012784063 0.017218560 -0.083039157
v -0.012846068 0.017379956 -0.083056703
v -0.012760425 0.017224200 -0.083029620
v -0.012563440 0.017224200 -0.082948029
v -0.012920183 0.017750330 -0.083085686
v -0.012897139 0.017758291 -0.083076350
v -0.012889568 0.018276170 -0.083040066
v -0.012700147 0.017758291 -0.082994759
v -0.013212155 0.014367197 -0.082793117
v -0.013178485 0.014480869 -0.082803063
v -0.013096777 0.014756729 -0.082827196
v -0.012933796 0.014545128 -0.082808681
v -0.013019024 0.015019231 -0.082850166
v -0.012997355 0.015161738 -0.082862630
v -0.012955224 0.015438813 -0.082886875
v -0.012919053 0.014505163 -0.082801767
v -0.012896003 0.014498960 -0.082791194
v -0.012783303 0.015037028 -0.082848296
v -0.012699015 0.014498960 -0.082709603
v -0.012759661 0.015033146 -0.082837924
v -0.012771766 0.015243411 -0.082869776
v -0.012916817 0.015691390 -0.082908973
v -0.012701387 0.015579716 -0.082895778
v -0.012562685 0.015033146 -0.082756333
v -0.012562647 0.015033395 -0.082756355
v -0.012557395 0.015068193 -0.082759403
v -0.012489255 0.015579716 -0.082807913
v -0.012480386 0.015578300 -0.082804032
v -0.012480265 0.015579149 -0.082804106
v -0.012470010 0.015785320 -0.082822144
v -0.012461986 0.016127832 -0.082855865
v -0.012452957 0.016128162 -0.082852140
v -0.012463355 0.016334387 -0.082870178
v -0.012489637 0.016675929 -0.082903817
v -0.012480774 0.016679199 -0.082900345
v -0.012480647 0.016677154 -0.082900167
v -0.029500000 0.001677692 -0.046454191
v -0.029500000 0.002005244 -0.045330409
v -0.029500000 0.002737914 -0.044417523
v -0.029500000 0.003764159 -0.043854505
v -0.029500000 0.004927744 -0.043727074
v -0.027000001 0.009271571 -0.044107109
v -0.026500000 0.001677692 -0.046454191
v -0.026500000 0.002005244 -0.045330409
v -0.026500000 0.002737914 -0.044417523
v -0.026500000 0.003764159 -0.043854505
v -0.026500000 0.004927744 -0.043727074
v -0.026500000 0.009271571 -0.044107109
v -0.026619397 0.013180817 -0.039530404
v -0.025535533 0.011564874 -0.039389029
v -0.027000001 0.006800000 -0.027400000
v -0.027000001 0.010000000 -0.027500000
v -0.026771639 0.007948050 -0.027400000
v -0.026500000 0.010000000 -0.027500000
v -0.026121320 0.008921321 -0.027400000
v -0.025148051 0.009571639 -0.027400000
v -0.027000001 0.015086954 -0.039697170
v -0.027000001 0.024650423 -0.040533867
v -0.024639327 0.017717214 -0.040700942
v -0.024667185 0.017714361 -0.040629715
v -0.024659945 0.017713368 -0.040668041
v -0.024608472 0.017725311 -0.040723413
v -0.024762034 0.018310942 -0.040681906
v -0.024572078 0.017736429 -0.040732026
v -0.025000000 0.019807680 -0.040812854
v -0.024992388 0.019804344 -0.040850978
v -0.024970710 0.019801516 -0.040883295
v -0.024938267 0.019799627 -0.040904891
v -0.024899999 0.019798964 -0.040912475
v -0.024762034 0.018363236 -0.040084191
v -0.024659945 0.017772332 -0.039994080
v -0.024667185 0.017766653 -0.040031996
v -0.024639329 0.017781833 -0.039962344
v -0.024608474 0.017793709 -0.039941624
v -0.024572078 0.017806154 -0.039935071
v -0.025000000 0.019859973 -0.040215138
v -0.024970710 0.019866135 -0.040144697
v -0.024992388 0.019863307 -0.040177014
v -0.024938269 0.019868026 -0.040123101
v -0.024900001 0.019868689 -0.040115520
v -0.026619397 0.026556559 -0.040700633
v -0.024762034 0.021304417 -0.040943801
v -0.024667185 0.021900998 -0.040995996
v -0.024659945 0.021895319 -0.041033916
v -0.024639327 0.021885820 -0.041065648
v -0.024608472 0.021873944 -0.041086372
v -0.024572078 0.021861499 -0.041092921
v -0.025535533 0.028172502 -0.040842008
v -0.024762034 0.021356711 -0.040346086
v -0.024659945 0.021954285 -0.040359952
v -0.024639329 0.021950439 -0.040327050
v -0.024667185 0.021953292 -0.040398281
v -0.024572078 0.021931224 -0.040295966
v -0.024608474 0.021942342 -0.040304583
v -0.023913417 0.010485134 -0.039294563
v -0.022000000 0.010105981 -0.039261393
v -0.021113180 0.013777195 -0.040285256
v -0.021113180 0.013829489 -0.039687540
v -0.020301316 0.013365105 -0.040249202
v -0.020298963 0.013368981 -0.040287957
v -0.020292265 0.013386692 -0.040322073
v -0.020282239 0.013415541 -0.040346358
v -0.020270413 0.013451134 -0.040357113
v -0.020298963 0.013427946 -0.039613996
v -0.020301316 0.013417399 -0.039651487
v -0.020292265 0.013451311 -0.039583471
v -0.020282239 0.013483937 -0.039564565
v -0.020270415 0.013520857 -0.039560154
v -0.022700001 0.009800000 -0.029800000
v -0.024000000 0.009800000 -0.027400000
v -0.022700001 0.009800000 -0.027400000
v -0.023831002 0.017527305 -0.043362077
v -0.023810633 0.017531864 -0.043395042
v -0.023838155 0.017528048 -0.043323725
v -0.023780147 0.017541029 -0.043417603
v -0.023744185 0.017553404 -0.043426327
v -0.023137903 0.016403545 -0.040615413
v -0.023488343 0.019881727 -0.043630026
v -0.023395419 0.020555222 -0.043688949
v -0.023279175 0.020968527 -0.043725111
v -0.023215193 0.021196015 -0.043745015
v -0.023211304 0.021209840 -0.043746222
v -0.023211304 0.021218918 -0.043642450
v -0.024075003 0.018866163 -0.043440796
v -0.024156254 0.019078495 -0.040849440
v -0.024192387 0.019569024 -0.043540705
v -0.024170710 0.019566197 -0.043573022
v -0.024200000 0.019572359 -0.043502580
v -0.024138268 0.019564306 -0.043594617
v -0.024099998 0.019563643 -0.043602198
v -0.023459578 0.018993409 -0.043552309
v -0.023488343 0.019201899 -0.043570552
v -0.023488343 0.019210979 -0.043466773
v -0.023482330 0.019158311 -0.043566737
v -0.023288164 0.018147057 -0.043478265
v -0.023395419 0.018528404 -0.043511629
v -0.023394633 0.018525606 -0.043511383
v -0.023395419 0.018537484 -0.043407850
v -0.023338424 0.018325757 -0.043493900
v -0.023307553 0.018537484 -0.043195717
v -0.023211304 0.017873786 -0.043454356
v -0.023211304 0.017882867 -0.043350577
v -0.023249665 0.018010177 -0.043466289
v -0.023159677 0.017750094 -0.043443535
v -0.023414779 0.018668726 -0.043523904
v -0.023400476 0.019210979 -0.043254640
v -0.023329765 0.019437589 -0.043245178
v -0.023188343 0.019210979 -0.043166772
v -0.023488343 0.019890806 -0.043526251
v -0.023400476 0.019890806 -0.043314118
v -0.023188343 0.019890806 -0.043226250
v -0.023395419 0.020564301 -0.043585178
v -0.023307553 0.020564301 -0.043373045
v -0.022748977 0.015761787 -0.043261942
v -0.022719661 0.015785629 -0.043271668
v -0.022790436 0.015731849 -0.043204993
v -0.022796266 0.015730308 -0.043166444
v -0.022773830 0.015742902 -0.043238528
v -0.023075812 0.016212653 -0.043208644
v -0.023123438 0.017670734 -0.043350577
v -0.023123438 0.017663267 -0.043435939
v -0.023078026 0.017559120 -0.043426827
v -0.022979103 0.017332243 -0.043406978
v -0.022939425 0.017259320 -0.043296024
v -0.022851558 0.017039720 -0.043381386
v -0.022851110 0.017038986 -0.043381322
v -0.022851558 0.017047187 -0.043296024
v -0.022868479 0.017078528 -0.043384783
v -0.022851558 0.017259320 -0.043083891
v -0.022557748 0.016558411 -0.043339279
v -0.022496982 0.016458863 -0.043330569
v -0.022490980 0.016451515 -0.043329924
v -0.022496982 0.016466331 -0.043245204
v -0.022496982 0.016678464 -0.043033071
v -0.022745980 0.016866766 -0.043366253
v -0.022639425 0.017259320 -0.042996023
v -0.022066312 0.015931513 -0.043284431
v -0.022066312 0.015938981 -0.043199066
v -0.022008711 0.015877923 -0.043279741
v -0.022395290 0.016334346 -0.043319672
v -0.022368744 0.016301839 -0.043316830
v -0.022284849 0.016678464 -0.042945202
v -0.022140119 0.016021891 -0.043292336
v -0.022066312 0.016151113 -0.042986933
v -0.021854179 0.016151113 -0.042899065
v -0.021926181 0.017462812 -0.043013826
v -0.021890968 0.017408645 -0.043009087
v -0.021871915 0.017379336 -0.043006524
v -0.023123438 0.017882867 -0.043138444
v -0.023095420 0.018537484 -0.043107849
v -0.022911305 0.017882867 -0.043050576
v -0.022490067 0.019363940 -0.043180156
v -0.022497064 0.019424312 -0.043185439
v -0.023095420 0.020564301 -0.043285176
v -0.023123438 0.021218918 -0.043430317
v -0.022911305 0.021218918 -0.043342449
v -0.022492420 0.019545019 -0.043196000
v -0.022176692 0.018019497 -0.043062530
v -0.022264559 0.018230017 -0.043080948
v -0.022426832 0.018818274 -0.043132417
v -0.022410667 0.018759673 -0.043127291
v -0.022145642 0.017950498 -0.043056495
v -0.022446599 0.020172663 -0.043250911
v -0.022475945 0.019973198 -0.043233462
v -0.022473607 0.020033928 -0.043238774
v -0.022364534 0.020594202 -0.043287795
v -0.022357013 0.020632831 -0.043291174
v -0.022302886 0.020782962 -0.043304309
v -0.022155464 0.021191871 -0.043340083
v -0.022150014 0.021206988 -0.043341406
v -0.023701316 0.015825950 -0.040464498
v -0.023695158 0.015827071 -0.040503010
v -0.023677619 0.015836937 -0.040536441
v -0.023651373 0.015854044 -0.040559698
v -0.023620412 0.015875790 -0.040569242
v -0.023701316 0.015878243 -0.039866783
v -0.023487490 0.015612937 -0.040445864
v -0.023695158 0.015886035 -0.039829049
v -0.023677619 0.015901556 -0.039797843
v -0.023651375 0.015922442 -0.039777908
v -0.023620414 0.015945513 -0.039772287
v -0.023487490 0.015665229 -0.039848145
v -0.022196939 0.014327298 -0.040333383
v -0.022192465 0.014330097 -0.040372044
v -0.022179723 0.014344741 -0.040405892
v -0.022192465 0.014389061 -0.039698079
v -0.022196939 0.014379592 -0.039735667
v -0.022179725 0.014409360 -0.039667290
v -0.022160655 0.014368999 -0.040429775
v -0.022138160 0.014399177 -0.040440053
v -0.022160655 0.014437395 -0.039647982
v -0.022138162 0.014468901 -0.039643098
v -0.021926181 0.017696623 -0.040341385
v -0.022497064 0.019659735 -0.040494576
v -0.022264559 0.018465441 -0.040390089
v -0.022176692 0.018253308 -0.040390089
v -0.022176692 0.018465441 -0.040177956
v -0.022426832 0.019053698 -0.040441554
v -0.022338966 0.019053698 -0.040229421
v -0.022014048 0.017908756 -0.040341385
v -0.021926181 0.017908756 -0.040129252
v -0.021964559 0.018465441 -0.040090088
v -0.022126833 0.019053698 -0.040141553
v -0.021947073 0.018919894 -0.040129848
v -0.021987883 0.019071622 -0.040143125
v -0.022409197 0.019659735 -0.040282443
v -0.022473607 0.020269351 -0.040547911
v -0.022385741 0.020269351 -0.040335778
v -0.022197064 0.019659735 -0.040194575
v -0.022190683 0.019825596 -0.040209088
v -0.022200000 0.019859854 -0.040216491
v -0.022187572 0.019906443 -0.040216159
v -0.022200000 0.019868689 -0.040115520
v -0.022173608 0.020269351 -0.040247910
v -0.022357013 0.020868257 -0.040600311
v -0.022269147 0.020868257 -0.040388178
v -0.022150833 0.019677443 -0.040196124
v -0.022108840 0.019521320 -0.040182468
v -0.022078404 0.020312307 -0.040251672
v -0.022163140 0.019997278 -0.040224109
v -0.022040976 0.020451462 -0.040263847
v -0.022057014 0.020868257 -0.040300310
v -0.021862630 0.021114526 -0.040321857
v -0.023810633 0.021600528 -0.043751005
v -0.023831002 0.021610742 -0.043719329
v -0.023838155 0.021616671 -0.043681435
v -0.023780147 0.021587586 -0.043771632
v -0.023798445 0.021685190 -0.043687429
v -0.023744185 0.021573883 -0.043778073
v -0.023157131 0.021339631 -0.043757580
v -0.023810098 0.021918496 -0.041097909
v -0.023695158 0.023781616 -0.041198943
v -0.023701316 0.023789410 -0.041161209
v -0.023677619 0.023766097 -0.041230153
v -0.023651373 0.023745209 -0.041250084
v -0.023620412 0.023722138 -0.041255709
v -0.023487490 0.024002422 -0.041179847
v -0.023123546 0.021420101 -0.043764617
v -0.023123438 0.021420360 -0.043764643
v -0.023123438 0.021431051 -0.043642450
v -0.023059061 0.021568004 -0.043777559
v -0.023056740 0.021573326 -0.043778025
v -0.022853015 0.022040563 -0.043818902
v -0.022851558 0.022043904 -0.043819193
v -0.022851558 0.022054596 -0.043697003
v -0.022673551 0.022335509 -0.043844707
v -0.022499118 0.022621261 -0.043869708
v -0.022496982 0.022624763 -0.043870013
v -0.022496982 0.022635454 -0.043747824
v -0.022790436 0.023406198 -0.043876413
v -0.022796266 0.023414409 -0.043838717
v -0.022773830 0.023389490 -0.043907516
v -0.022748977 0.023366826 -0.043927293
v -0.022719661 0.023341658 -0.043932732
v -0.022380318 0.022767615 -0.043882512
v -0.022334853 0.022823287 -0.043887381
v -0.022066312 0.023152113 -0.043916151
v -0.022066312 0.023162805 -0.043793961
v -0.021967528 0.023244018 -0.043924190
v -0.022121534 0.023978421 -0.043888062
v -0.022851558 0.021842463 -0.043484870
v -0.022639425 0.021842463 -0.043397002
v -0.022568204 0.022132892 -0.043466348
v -0.022496982 0.022423321 -0.043535691
v -0.022284849 0.022423321 -0.043447822
v -0.022284849 0.022635454 -0.043535691
v -0.022080330 0.021373944 -0.043356013
v -0.022062147 0.021417510 -0.043359824
v -0.021920096 0.021822793 -0.043395285
v -0.021878395 0.021754136 -0.043389276
v -0.022066312 0.022950672 -0.043581828
v -0.021854179 0.022950672 -0.043493960
v -0.022150014 0.021442411 -0.040650543
v -0.022062147 0.021654544 -0.040650543
v -0.021854179 0.023162805 -0.043581828
v -0.022178736 0.024272939 -0.041303895
v -0.022179723 0.025258292 -0.041360702
v -0.022196939 0.025288060 -0.041292325
v -0.022192465 0.025278591 -0.041329913
v -0.022179725 0.025322912 -0.040622104
v -0.022192465 0.025337555 -0.040655948
v -0.022196939 0.025340354 -0.040694609
v -0.022160655 0.025230255 -0.041380011
v -0.022138160 0.025198750 -0.041384894
v -0.023695158 0.023840582 -0.040524982
v -0.023701316 0.023841703 -0.040563494
v -0.023651375 0.023813609 -0.040468294
v -0.023677619 0.023830716 -0.040491551
v -0.023620414 0.023791865 -0.040458754
v -0.023487490 0.024054715 -0.040582132
v -0.022062147 0.021442411 -0.040438410
v -0.021850014 0.021442411 -0.040350541
v -0.022138162 0.025268476 -0.040587939
v -0.022160655 0.025298655 -0.040598221
v -0.021788467 0.015673012 -0.043261815
v -0.021567572 0.015474963 -0.043158472
v -0.021567572 0.015467495 -0.043243833
v -0.021546172 0.015452447 -0.043242518
v -0.021567572 0.015687095 -0.042946339
v -0.021510901 0.015427645 -0.043240346
v -0.021355439 0.015474963 -0.042946339
v -0.021214934 0.015219525 -0.043222141
v -0.021355439 0.015687095 -0.042858470
v -0.021593304 0.016950745 -0.042969026
v -0.021550203 0.016902566 -0.042964809
v -0.021512989 0.016860968 -0.042961173
v -0.021196194 0.014399211 -0.043088403
v -0.021199999 0.014395979 -0.043049704
v -0.021185355 0.014415085 -0.043122359
v -0.021149999 0.014473538 -0.043156873
v -0.021169133 0.014441186 -0.043146402
v -0.020975629 0.014314626 -0.043042589
v -0.021182746 0.015278942 -0.043035254
v -0.021010052 0.015075453 -0.043209534
v -0.021010052 0.015082921 -0.043124169
v -0.020849258 0.014992453 -0.043202274
v -0.020657724 0.014893585 -0.043193623
v -0.020797919 0.015082921 -0.042912036
v -0.020797919 0.015295053 -0.042824168
v -0.021185864 0.016495300 -0.042929180
v -0.021135885 0.016454240 -0.042925589
v -0.020735860 0.016125599 -0.042896833
v -0.020713408 0.016107153 -0.042895220
v -0.020657724 0.016074175 -0.042892337
v -0.020404138 0.014762687 -0.043182172
v -0.020404138 0.014770156 -0.043096807
v -0.020249018 0.014698923 -0.043176591
v -0.020192005 0.014675487 -0.043174542
v -0.020192005 0.014682287 -0.043096807
v -0.020192005 0.014770156 -0.042884674
v -0.020005627 0.014609500 -0.043168768
v -0.020192005 0.014982288 -0.042796806
v -0.020192605 0.015798710 -0.042868238
v -0.020187013 0.015795399 -0.042867947
v -0.020161323 0.015784839 -0.042867023
v -0.019974880 0.015708197 -0.042860318
v -0.019649338 0.014483356 -0.043157734
v -0.019913346 0.015683491 -0.042858157
v -0.019548984 0.014454626 -0.043076888
v -0.019548984 0.014447826 -0.043154623
v -0.019501019 0.014437896 -0.043153755
v -0.019355321 0.014407735 -0.043151118
v -0.019548984 0.014542495 -0.042864755
v -0.019548984 0.014754627 -0.042776886
v -0.019603513 0.015559094 -0.042847272
v -0.019406883 0.015480147 -0.042840365
v -0.019342285 0.015465087 -0.042839047
v -0.021593304 0.017184557 -0.040296584
v -0.021653676 0.017652724 -0.040062919
v -0.021593304 0.017396690 -0.040084451
v -0.021381171 0.017396690 -0.039996583
v -0.021388745 0.017593540 -0.040013805
v -0.021374157 0.017579006 -0.040012535
v -0.020988340 0.014506444 -0.040449440
v -0.021185864 0.016729111 -0.040256735
v -0.020973731 0.016729111 -0.040044602
v -0.021185864 0.016941244 -0.040044602
v -0.020973731 0.016941244 -0.039956734
v -0.020983288 0.017189626 -0.039978467
v -0.020964880 0.017171286 -0.039976861
v -0.020713408 0.016340964 -0.040222775
v -0.021714048 0.017908756 -0.040041383
v -0.021709174 0.018035423 -0.040052466
v -0.021720549 0.018077713 -0.040056165
v -0.021664102 0.017867848 -0.040037807
v -0.021664102 0.017876299 -0.039941207
v -0.021840556 0.021196596 -0.040329035
v -0.019974880 0.015941342 -0.040195502
v -0.020501275 0.016340964 -0.040010642
v -0.020501275 0.016553096 -0.039922774
v -0.020507529 0.016715677 -0.039937001
v -0.020495480 0.016703675 -0.039935950
v -0.020187013 0.016029209 -0.040195502
v -0.020199999 0.016409317 -0.039910197
v -0.019974880 0.016029209 -0.039983369
v -0.019979075 0.016350346 -0.039905038
v -0.019974880 0.016241342 -0.039895501
v -0.019970771 0.016348129 -0.039904844
v -0.020199999 0.016417768 -0.039813600
v -0.019619016 0.015801158 -0.040175550
v -0.019406883 0.015713291 -0.040175550
v -0.019406883 0.015801158 -0.039963417
v -0.019690882 0.016021250 -0.039929461
v -0.019406883 0.016013291 -0.039875548
v -0.019399863 0.016195737 -0.039891511
v -0.019414049 0.016199524 -0.039891843
v -0.021567572 0.023616131 -0.043956745
v -0.021567572 0.023626823 -0.043834556
v -0.021436747 0.023708126 -0.043964796
v -0.021430802 0.023712305 -0.043965161
v -0.021182746 0.023822844 -0.043745641
v -0.021185355 0.024717307 -0.044023685
v -0.021149999 0.024653750 -0.044047527
v -0.021169133 0.024687428 -0.044042833
v -0.021196194 0.024738835 -0.043993004
v -0.021199999 0.024748739 -0.043955456
v -0.021010052 0.024008173 -0.043991048
v -0.021010052 0.024018865 -0.043868858
v -0.020861413 0.024084898 -0.043997761
v -0.020829782 0.024101228 -0.043999188
v -0.020797919 0.024018865 -0.043656725
v -0.021821158 0.021929184 -0.043404590
v -0.021796934 0.021903370 -0.043402333
v -0.021780491 0.021933494 -0.043404967
v -0.021796025 0.021912919 -0.043312367
v -0.021769594 0.021953458 -0.043406714
v -0.021526868 0.022270672 -0.043434467
v -0.021397781 0.022439176 -0.043449208
v -0.021398345 0.022438636 -0.043449160
v -0.021769594 0.022190493 -0.040697433
v -0.021398345 0.022675673 -0.040739883
v -0.021355439 0.023414690 -0.043534555
v -0.021355439 0.023626823 -0.043622423
v -0.021096295 0.022728223 -0.043474499
v -0.020998338 0.022822138 -0.043482717
v -0.020977721 0.022841906 -0.043484446
v -0.020940851 0.022873061 -0.043487169
v -0.020957103 0.022861674 -0.043486174
v -0.020938143 0.022874957 -0.043487336
v -0.020849925 0.022936774 -0.043492746
v -0.020761706 0.022998590 -0.043498155
v -0.020797919 0.023806732 -0.043568857
v -0.020589247 0.023119433 -0.043508727
v -0.020957103 0.023098709 -0.040776893
v -0.021113180 0.025838163 -0.041340455
v -0.021113180 0.025890457 -0.040742736
v -0.020404138 0.024320938 -0.044018410
v -0.020335615 0.024349105 -0.044020876
v -0.020318359 0.024356198 -0.044021495
v -0.020404138 0.024331629 -0.043896221
v -0.020192005 0.024331629 -0.043684088
v -0.020225568 0.024394343 -0.044024833
v -0.020192005 0.024408139 -0.044026040
v -0.020192005 0.024419496 -0.043896221
v -0.020024415 0.024467474 -0.044031229
v -0.019548984 0.024635801 -0.044045959
v -0.019520963 0.024641601 -0.044046465
v -0.019548984 0.024559291 -0.043704007
v -0.019548984 0.024647158 -0.043916140
v -0.020503018 0.023179853 -0.043514013
v -0.020456208 0.023212656 -0.043516882
v -0.020415273 0.023232846 -0.043518648
v -0.020228179 0.023325128 -0.043526724
v -0.019958690 0.023458054 -0.043538351
v -0.020192005 0.024119496 -0.043596219
v -0.020456208 0.023449691 -0.040807601
v -0.019907402 0.023483353 -0.043540563
v -0.019695269 0.023570552 -0.043548193
v -0.019650344 0.023584716 -0.043549433
v -0.019548984 0.024347158 -0.043616138
v -0.019907402 0.023720387 -0.040831283
v -0.019695269 0.023808254 -0.040831283
v -0.019695269 0.023720387 -0.040619150
v -0.019403342 0.023856355 -0.040733270
v -0.019616542 0.025322877 -0.044005685
v -0.020270413 0.026146794 -0.041467838
v -0.020301316 0.026250254 -0.041376509
v -0.020298963 0.026239706 -0.041414000
v -0.020282239 0.026183713 -0.041463427
v -0.020292265 0.026216341 -0.041444521
v -0.020298963 0.026298670 -0.040740035
v -0.020301316 0.026302548 -0.040778790
v -0.020282239 0.026252113 -0.040681638
v -0.020270415 0.026216520 -0.040670883
v -0.020292265 0.026280960 -0.040705919
v -0.019635893 0.025602447 -0.041420214
v -0.021701023 0.021715360 -0.040374424
v -0.021769594 0.021978360 -0.040485300
v -0.021664102 0.021851286 -0.040401757
v -0.021664102 0.021861078 -0.040289830
v -0.021580791 0.021935619 -0.040393695
v -0.021557461 0.021978360 -0.040397432
v -0.021556739 0.021959580 -0.040395789
v -0.021558242 0.021958083 -0.040395658
v -0.021398345 0.022463540 -0.040527750
v -0.021181215 0.022333674 -0.040428519
v -0.021191608 0.022323322 -0.040427614
v -0.021186212 0.022463540 -0.040439881
v -0.021186212 0.022675673 -0.040527750
v -0.020749705 0.022763543 -0.040466130
v -0.020740585 0.022772627 -0.040466923
v -0.020744970 0.022886576 -0.040476892
v -0.020744970 0.023098709 -0.040564761
v -0.020344554 0.023167152 -0.040501442
v -0.020244075 0.023266429 -0.040519558
v -0.020244075 0.023449691 -0.040595468
v -0.020199999 0.023309726 -0.040530391
v -0.020199999 0.023319608 -0.040417437
v -0.020144954 0.023324762 -0.040527750
v -0.019970860 0.023372320 -0.040519390
v -0.019697694 0.023445236 -0.040525768
v -0.019692894 0.023446517 -0.040525880
v -0.019695269 0.023508254 -0.040531281
v -0.027000001 0.011668354 -0.016711755
v -0.026500000 0.011668354 -0.016711755
v -0.025535533 0.013325420 -0.019265896
v -0.027000001 0.006800000 -0.010000000
v -0.027000001 0.009800000 -0.010000000
v -0.027000001 0.009800000 0.000000000
v -0.027000001 0.010000000 0.000000000
v -0.027000001 0.009800000 0.001700000
v -0.026771639 0.007948050 -0.010000000
v -0.026500000 0.009800000 -0.010000000
v -0.026500000 0.010000000 -0.010000000
v -0.026121320 0.008921321 -0.010000000
v -0.026500000 0.013300000 -0.010000000
v -0.025148051 0.009571639 -0.010000000
v -0.026500000 0.009800000 -0.003800000
v -0.026500000 0.010000000 -0.003800000
v -0.026500000 0.010000000 0.000000000
v -0.026500000 0.013300000 -0.003800000
v -0.027000001 0.017021811 -0.017581649
v -0.027000001 0.026585281 -0.018418344
v -0.026122307 0.015469452 -0.019453475
v -0.026399845 0.014481383 -0.019367030
v -0.026399845 0.014655695 -0.017374640
v -0.026619397 0.015115676 -0.017414883
v -0.026122307 0.015643764 -0.017461086
v -0.025388023 0.016188927 -0.019516420
v -0.025388023 0.016363239 -0.017524032
v -0.026122307 0.027789015 -0.020531297
v -0.026122307 0.027963327 -0.018538907
v -0.025388023 0.027069543 -0.020468350
v -0.025388023 0.027243854 -0.018475961
v -0.029500000 0.017999999 0.000000000
v -0.026500000 0.017999999 0.000000000
v -0.024375154 0.012464397 -0.019190567
v -0.024375154 0.012638709 -0.017198177
v -0.023913417 0.012419992 -0.017179042
v -0.023383312 0.012740878 -0.019214755
v -0.023383312 0.012915190 -0.017222365
v -0.022661088 0.013472370 -0.019278752
v -0.022661088 0.013646682 -0.017286364
v -0.022000000 0.012040838 -0.017145870
v -0.024000000 0.009800000 -0.010000000
v -0.021500001 0.007500000 -0.003800000
v -0.021500001 0.009800000 -0.003800000
v -0.021500001 0.007500000 0.001700000
v -0.021500001 0.009800000 0.001700000
v -0.024391718 0.016449004 -0.019539174
v -0.023397610 0.016180716 -0.019515703
v -0.024391718 0.016623316 -0.017546784
v -0.023397610 0.016355027 -0.017523313
v -0.022669332 0.015455208 -0.019452229
v -0.022669332 0.015629519 -0.017459840
v -0.022400018 0.014464883 -0.019365586
v -0.022400018 0.014639195 -0.017373197
v -0.024391718 0.026809463 -0.020445596
v -0.023397610 0.027077753 -0.020469069
v -0.024391718 0.026983775 -0.018453207
v -0.023397610 0.027252065 -0.018476680
v -0.022669332 0.027803261 -0.020532543
v -0.022669332 0.027977573 -0.018540153
v -0.027000001 0.029693563 -0.045893800
v -0.026500000 0.029693563 -0.045893800
v -0.027000001 0.031192642 -0.028759252
v -0.027000001 0.034488801 -0.028947247
v -0.026500000 0.031192642 -0.028759252
v -0.026598075 0.032994509 -0.028816514
v -0.025500000 0.031900611 -0.028720809
v -0.029500000 0.049164131 -0.045680128
v -0.029500000 0.051560845 -0.043669045
v -0.029500000 0.053218797 -0.041015767
v -0.029500000 0.053975694 -0.037980013
v -0.026500000 0.049164131 -0.045680128
v -0.026500000 0.051560845 -0.043669045
v -0.026500000 0.053218797 -0.041015767
v -0.026500000 0.053975694 -0.037980013
v -0.027000001 0.048037048 -0.030132564
v -0.027000001 0.051116537 -0.030502368
v -0.026598075 0.049531341 -0.030263299
v -0.026500000 0.051116537 -0.030502368
v -0.025500000 0.050625239 -0.030359002
v -0.023913417 0.029252242 -0.040936474
v -0.022000000 0.029631397 -0.040969644
v -0.024000000 0.031500217 -0.028685780
v -0.022700001 0.031291042 -0.031076647
v -0.022700001 0.031500217 -0.028685780
v -0.024000000 0.051025633 -0.030394033
v -0.022700001 0.050816458 -0.032784898
v -0.022700001 0.051025633 -0.030394033
v -0.027000001 0.032090347 -0.018498447
v -0.027000001 0.033016726 -0.011351991
v -0.027000001 0.036005311 -0.011613458
v -0.026399845 0.028777085 -0.020617742
v -0.026619397 0.028491417 -0.018585108
v -0.026399845 0.028951397 -0.018625353
v -0.026500000 0.032090347 -0.018498447
v -0.025535533 0.029933048 -0.020718874
v -0.026500000 0.029530045 -0.011046947
v -0.026500000 0.032717869 -0.011325845
v -0.026500000 0.033016726 -0.011351991
v -0.026598075 0.034511019 -0.011482725
v -0.025500000 0.033417121 -0.011387021
v -0.027000001 0.033589426 -0.001363898
v -0.027000001 0.033888284 -0.001390045
v -0.027000001 0.034036446 0.000303486
v -0.026500000 0.030070409 -0.004870540
v -0.026500000 0.033258233 -0.005149438
v -0.026500000 0.033557091 -0.005175584
v -0.026500000 0.033589426 -0.001363898
v -0.027000001 0.049553558 -0.012798777
v -0.027000001 0.052542143 -0.013060244
v -0.026598075 0.051047850 -0.012929510
v -0.026500000 0.052542143 -0.013060244
v -0.026500000 0.052641761 -0.013068960
v -0.026500000 0.056028824 -0.013365289
v -0.025500000 0.052141748 -0.013025214
v -0.029500000 0.056738533 -0.006400642
v -0.029500000 0.056611098 -0.005237057
v -0.029500000 0.054011416 -0.003150591
v -0.029500000 0.055135194 -0.003478142
v -0.029500000 0.056048080 -0.004210812
v -0.027000001 0.053413700 -0.003098297
v -0.027000001 0.053513318 -0.003107013
v -0.027000001 0.053561863 -0.001404766
v -0.026500000 0.053182125 -0.006892553
v -0.026500000 0.053082507 -0.006883837
v -0.026500000 0.056569189 -0.007188882
v -0.026500000 0.056738533 -0.006400642
v -0.026500000 0.056611098 -0.005237057
v -0.026500000 0.053513318 -0.003107013
v -0.026500000 0.054011416 -0.003150591
v -0.026500000 0.055135194 -0.003478142
v -0.026500000 0.056048080 -0.004210812
v -0.024375154 0.030794071 -0.020794205
v -0.023383312 0.030517589 -0.020770015
v -0.024375154 0.030968383 -0.018801816
v -0.023913417 0.031187100 -0.018820951
v -0.023383312 0.030691901 -0.018777627
v -0.022661088 0.029786099 -0.020706018
v -0.022400018 0.028793586 -0.020619186
v -0.022661088 0.029960411 -0.018713629
v -0.022400018 0.028967896 -0.018626796
v -0.022000000 0.031566255 -0.018854123
v -0.024000000 0.033016726 -0.011351991
v -0.021500001 0.033557091 -0.005175584
v -0.021500001 0.034036446 0.000303486
v -0.021500001 0.035848338 -0.005376043
v -0.021500001 0.036327697 0.000103028
v -0.024000000 0.052542143 -0.013060244
v -0.021500001 0.050791260 -0.006683379
v -0.021500001 0.053082507 -0.006883837
v -0.021500001 0.051270615 -0.001204308
v -0.021500001 0.053561863 -0.001404766
v -0.019231169 0.013738508 -0.043084927
v -0.019240567 0.013690130 -0.043026365
v -0.019241890 0.013685998 -0.042987589
v -0.019236803 0.013708569 -0.043060545
v -0.019224524 0.013775389 -0.043095794
v -0.018200001 0.013686096 -0.043087982
v -0.018200001 0.013595191 -0.042979646
v -0.017168831 0.013738508 -0.043084927
v -0.017159432 0.013690130 -0.043026365
v -0.017158112 0.013685998 -0.042987589
v -0.017163197 0.013708569 -0.043060545
v -0.017175475 0.013775389 -0.043095794
v -0.018200001 0.013037804 -0.040258981
v -0.018200001 0.013056571 -0.040293191
v -0.018200001 0.013124461 -0.040328532
v -0.018200001 0.013087001 -0.040317614
v -0.018200001 0.013033556 -0.040220197
v -0.018200001 0.013096767 -0.039585020
v -0.018200001 0.013085849 -0.039622478
v -0.018200001 0.013121190 -0.039554588
v -0.018200001 0.013155398 -0.039535824
v -0.018200001 0.013194184 -0.039531574
v -0.018200001 0.013821796 -0.040389542
v -0.016117761 0.013415541 -0.040346358
v -0.016129587 0.013451134 -0.040357113
v -0.016117761 0.013483937 -0.039564565
v -0.016129587 0.013520857 -0.039560154
v -0.016098684 0.013365105 -0.040249202
v -0.016101036 0.013368981 -0.040287957
v -0.016107736 0.013386692 -0.040322073
v -0.016101036 0.013427946 -0.039613996
v -0.016107736 0.013451311 -0.039583471
v -0.016098684 0.013417399 -0.039651487
v -0.015286821 0.013777195 -0.040285256
v -0.015286821 0.013829489 -0.039687540
v -0.018985108 0.014331098 -0.043144412
v -0.019214910 0.014579403 -0.042814773
v -0.019005293 0.015386528 -0.042832173
v -0.018916862 0.014316970 -0.043143176
v -0.018880833 0.014316312 -0.043064788
v -0.018880833 0.014309512 -0.043142524
v -0.018683493 0.014296064 -0.043141346
v -0.018880833 0.014404180 -0.042852655
v -0.018880833 0.014616312 -0.042764787
v -0.018810596 0.015341140 -0.042828202
v -0.018744448 0.015336081 -0.042827759
v -0.018384619 0.015308561 -0.042825352
v -0.018306257 0.014270359 -0.043139100
v -0.018200001 0.014263119 -0.043138463
v -0.018200001 0.014269919 -0.043060727
v -0.018200001 0.014357788 -0.042848594
v -0.018200001 0.014569920 -0.042760726
v -0.018200001 0.015294441 -0.042824116
v -0.018133851 0.015299500 -0.042824559
v -0.018015383 0.015308561 -0.042825352
v -0.017625421 0.014302271 -0.043141890
v -0.017519167 0.014316312 -0.043064788
v -0.017519167 0.014309512 -0.043142524
v -0.017511537 0.014311091 -0.043142661
v -0.017483139 0.014316970 -0.043143176
v -0.017519167 0.014404180 -0.042852655
v -0.017519167 0.014616312 -0.042764787
v -0.017589403 0.015341140 -0.042828202
v -0.017394707 0.015386528 -0.042832173
v -0.017185092 0.014429403 -0.042964771
v -0.016920533 0.014433435 -0.043153364
v -0.016898980 0.014437896 -0.043153755
v -0.016851015 0.014454626 -0.043076888
v -0.016851015 0.014447826 -0.043154623
v -0.016836116 0.014453101 -0.043155085
v -0.016851015 0.014498561 -0.042970821
v -0.016851015 0.014542495 -0.042864755
v -0.016851015 0.014754627 -0.042776886
v -0.016993118 0.015480147 -0.042840365
v -0.016956499 0.015494850 -0.042841651
v -0.016931584 0.015504853 -0.042842526
v -0.016796488 0.015559094 -0.042847272
v -0.018810596 0.015574285 -0.040163387
v -0.018810596 0.015662152 -0.039951254
v -0.018810596 0.015874285 -0.039863385
v -0.018816978 0.016040148 -0.039877899
v -0.018804343 0.016036775 -0.039877605
v -0.018200001 0.015527585 -0.040159304
v -0.018200001 0.015615453 -0.039947171
v -0.018255409 0.015890248 -0.039864786
v -0.018200001 0.015827585 -0.039859302
v -0.018200001 0.015875459 -0.039863493
v -0.018201862 0.015875956 -0.039863534
v -0.018198140 0.015875956 -0.039863534
v -0.018200001 0.015883910 -0.039766897
v -0.017894702 0.015594869 -0.040055279
v -0.017589403 0.015574285 -0.040163387
v -0.017589403 0.015662152 -0.039951254
v -0.017589403 0.015874285 -0.039863385
v -0.017595656 0.016036777 -0.039877605
v -0.017583022 0.016040148 -0.039877899
v -0.016993118 0.015713291 -0.040175550
v -0.016993118 0.015801158 -0.039963417
v -0.016780986 0.015801158 -0.040175550
v -0.016993118 0.016013291 -0.039875548
v -0.017000139 0.016195737 -0.039891511
v -0.016985953 0.016199524 -0.039891843
v -0.018894669 0.024771251 -0.044057805
v -0.018880833 0.024774116 -0.044058058
v -0.018880833 0.024485473 -0.043628238
v -0.018880833 0.024785472 -0.043928239
v -0.018880833 0.024697606 -0.043716107
v -0.018200001 0.024820508 -0.044062115
v -0.018200001 0.024531865 -0.043632299
v -0.018200001 0.024743998 -0.043720167
v -0.019245794 0.023712255 -0.043560591
v -0.019164488 0.023737889 -0.043562833
v -0.019111414 0.023754621 -0.043564297
v -0.019038161 0.023765892 -0.043565284
v -0.019111414 0.023904458 -0.040635254
v -0.019111414 0.023992324 -0.040847387
v -0.018561214 0.023839282 -0.043571703
v -0.018506197 0.023847748 -0.043572444
v -0.018407837 0.023847748 -0.043572444
v -0.018506197 0.024085449 -0.040855534
v -0.018506197 0.023997582 -0.040643401
v -0.019224524 0.025351897 -0.044108607
v -0.019231169 0.025390105 -0.044104308
v -0.019240567 0.025447916 -0.044055041
v -0.019241890 0.025458720 -0.044017572
v -0.019236803 0.025423823 -0.044085499
v -0.018200001 0.024831865 -0.043932300
v -0.018200001 0.026473466 -0.041496418
v -0.018200001 0.026546462 -0.041473404
v -0.018200001 0.026512254 -0.041492172
v -0.018200001 0.026581803 -0.041405514
v -0.018200001 0.026570885 -0.041442975
v -0.018200001 0.026580652 -0.040710382
v -0.018200001 0.026543193 -0.040699463
v -0.018200001 0.026634097 -0.040807799
v -0.018200001 0.026611082 -0.040734801
v -0.018200001 0.026629848 -0.040769011
v -0.018022560 0.024808416 -0.044061057
v -0.017519167 0.024774116 -0.044058058
v -0.017517496 0.024773769 -0.044058029
v -0.017505331 0.024771251 -0.044057805
v -0.017519167 0.024485473 -0.043628238
v -0.017519167 0.024785472 -0.043928239
v -0.017519167 0.024697606 -0.043716107
v -0.016879037 0.024641601 -0.044046465
v -0.016851015 0.024635801 -0.044045959
v -0.016851015 0.024559291 -0.043704007
v -0.016851015 0.024647158 -0.043916140
v -0.017992165 0.023847748 -0.043572444
v -0.017949471 0.023847748 -0.043572444
v -0.017893802 0.023847748 -0.043572444
v -0.017774785 0.023829434 -0.043570843
v -0.017893802 0.024085449 -0.040855534
v -0.017893802 0.023997582 -0.040643401
v -0.017361838 0.023765892 -0.043565284
v -0.017334433 0.023761675 -0.043564916
v -0.017343603 0.023763087 -0.043565039
v -0.017288586 0.023754621 -0.043564297
v -0.017154206 0.023712255 -0.043560591
v -0.016757807 0.023587285 -0.043549657
v -0.016851015 0.024347158 -0.043616138
v -0.017288586 0.023904458 -0.040635254
v -0.017288586 0.023992324 -0.040847387
v -0.017175475 0.025351897 -0.044108607
v -0.017168831 0.025390105 -0.044104308
v -0.017159432 0.025447916 -0.044055041
v -0.017158112 0.025458720 -0.044017572
v -0.017163197 0.025423823 -0.044085499
v -0.016783457 0.025322877 -0.044005685
v -0.016764106 0.025602447 -0.041420214
v -0.019107964 0.023602653 -0.040539540
v -0.019114936 0.023600793 -0.040539380
v -0.019111414 0.023692325 -0.040547386
v -0.018506197 0.023785450 -0.040555533
v -0.018505353 0.023763508 -0.040553614
v -0.018507060 0.023763053 -0.040553574
v -0.018423153 0.023785450 -0.040555533
v -0.018199999 0.023891516 -0.040599469
v -0.018200001 0.023843372 -0.040579528
v -0.018200001 0.023853468 -0.040464140
v -0.017976847 0.023785450 -0.040555533
v -0.017893802 0.023785450 -0.040555533
v -0.017892940 0.023763053 -0.040553574
v -0.017894646 0.023763508 -0.040553614
v -0.017292036 0.023602653 -0.040539540
v -0.017285064 0.023600793 -0.040539380
v -0.017288586 0.023692325 -0.040547386
v -0.016529504 0.014762391 -0.042830780
v -0.016207995 0.014675487 -0.043174542
v -0.016207995 0.014682287 -0.043096807
v -0.016207995 0.014770156 -0.042884674
v -0.016186092 0.014684490 -0.043175329
v -0.016150981 0.014698923 -0.043176591
v -0.016207995 0.014982288 -0.042796806
v -0.016425120 0.015708197 -0.042860318
v -0.016358519 0.015735576 -0.042862713
v -0.016370846 0.015730508 -0.042862270
v -0.016212987 0.015795399 -0.042867947
v -0.016157305 0.015828377 -0.042870831
v -0.016035398 0.014746435 -0.043180749
v -0.015995862 0.014762687 -0.043182172
v -0.015995862 0.014770156 -0.043096807
v -0.015815444 0.014855817 -0.043190319
v -0.015798971 0.014926538 -0.043004423
v -0.015550741 0.014992453 -0.043202274
v -0.015493791 0.015021850 -0.043204844
v -0.015602080 0.015082921 -0.042912036
v -0.015602080 0.015295053 -0.042824168
v -0.015820252 0.016027994 -0.042888295
v -0.015686592 0.016107153 -0.042895220
v -0.015650379 0.016136905 -0.042897824
v -0.015664140 0.016125599 -0.042896833
v -0.015479027 0.016277680 -0.042910140
v -0.015424371 0.014314626 -0.043042589
v -0.015250001 0.014473538 -0.043156873
v -0.015203806 0.014399211 -0.043088403
v -0.015200000 0.014395979 -0.043049704
v -0.015214645 0.014415085 -0.043122359
v -0.015230866 0.014441186 -0.043146402
v -0.015389948 0.015075453 -0.043209534
v -0.015389948 0.015082921 -0.043124169
v -0.015044561 0.015474963 -0.042946339
v -0.015044561 0.015687095 -0.042858470
v -0.015321438 0.016407147 -0.042921469
v -0.015214138 0.016495300 -0.042929180
v -0.014832429 0.015474963 -0.043158472
v -0.014832429 0.015467495 -0.043243833
v -0.014832429 0.015687095 -0.042946339
v -0.014554607 0.015725974 -0.043266449
v -0.014419162 0.015851989 -0.043277472
v -0.014391288 0.015877923 -0.043279741
v -0.014333688 0.015931513 -0.043284431
v -0.014317047 0.015951890 -0.043286212
v -0.014333688 0.015938981 -0.043199066
v -0.014545820 0.016151113 -0.042899065
v -0.014806696 0.016950745 -0.042969026
v -0.014771484 0.017004913 -0.042973764
v -0.014528084 0.017379336 -0.043006524
v -0.014333688 0.016151113 -0.042986933
v -0.014473819 0.017462812 -0.043013826
v -0.014437650 0.017543186 -0.043020859
v -0.014254357 0.017950498 -0.043056495
v -0.014223307 0.018019497 -0.043062530
v -0.014202736 0.018068783 -0.043066844
v -0.014266856 0.021247407 -0.043344941
v -0.014249985 0.021206988 -0.043341406
v -0.014244535 0.021191871 -0.043340083
v -0.014254226 0.021228589 -0.043211538
v -0.016603053 0.015871251 -0.040185526
v -0.016425120 0.015941342 -0.040195502
v -0.016709119 0.016021250 -0.039929461
v -0.016425120 0.016029209 -0.039983369
v -0.016425120 0.016241342 -0.039895501
v -0.016429229 0.016348129 -0.039904844
v -0.016420925 0.016350346 -0.039905038
v -0.016212987 0.016029209 -0.040195502
v -0.016255410 0.016394526 -0.039908905
v -0.016200000 0.016409317 -0.039910197
v -0.016200000 0.016417768 -0.039813600
v -0.015898725 0.016340964 -0.040010642
v -0.015898725 0.016553096 -0.039922774
v -0.015904520 0.016703675 -0.039935950
v -0.015892468 0.016715677 -0.039937001
v -0.015686592 0.016340964 -0.040222775
v -0.015411661 0.014506444 -0.040449440
v -0.015426270 0.016729111 -0.040044602
v -0.015214138 0.016729111 -0.040256735
v -0.015426270 0.016941244 -0.039956734
v -0.015435121 0.017171286 -0.039976861
v -0.015416713 0.017189624 -0.039978467
v -0.015214138 0.016941244 -0.040044602
v -0.015010417 0.017062901 -0.040170595
v -0.015018828 0.017396690 -0.039996583
v -0.015011254 0.017593540 -0.040013805
v -0.015025843 0.017579006 -0.040012535
v -0.014261840 0.014399177 -0.040440053
v -0.014239346 0.014368999 -0.040429775
v -0.014203060 0.014327298 -0.040333383
v -0.014207534 0.014330097 -0.040372044
v -0.014220277 0.014344741 -0.040405892
v -0.014207534 0.014389061 -0.039698079
v -0.014203060 0.014379592 -0.039735667
v -0.014220276 0.014409360 -0.039667290
v -0.014261839 0.014468901 -0.039643098
v -0.014239346 0.014437395 -0.039647982
v -0.014806696 0.017184557 -0.040296584
v -0.014806696 0.017396690 -0.040084451
v -0.014473819 0.017696623 -0.040341385
v -0.014685951 0.017908756 -0.040041383
v -0.014735898 0.017867848 -0.040037807
v -0.014735898 0.017876299 -0.039941207
v -0.014690825 0.018035423 -0.040052466
v -0.014679451 0.018077713 -0.040056165
v -0.014385951 0.017908756 -0.040341385
v -0.014473819 0.017908756 -0.040129252
v -0.014435439 0.018465441 -0.040090088
v -0.014223307 0.018253308 -0.040390089
v -0.014223307 0.018465441 -0.040177956
v -0.014452926 0.018919896 -0.040129848
v -0.014412115 0.019071624 -0.040143125
v -0.014273167 0.019053698 -0.040141553
v -0.014559444 0.021196596 -0.040329035
v -0.014537369 0.021114526 -0.040321857
v -0.014291160 0.019521320 -0.040182468
v -0.014249166 0.019677443 -0.040196124
v -0.014202936 0.019659735 -0.040194575
v -0.014209317 0.019825596 -0.040209088
v -0.014200000 0.019859854 -0.040216491
v -0.014212429 0.019906443 -0.040216159
v -0.014200000 0.019868689 -0.040115520
v -0.014321594 0.020312307 -0.040251672
v -0.014226392 0.020269351 -0.040247910
v -0.014236861 0.019997278 -0.040224109
v -0.014359023 0.020451462 -0.040263847
v -0.014342986 0.020868257 -0.040300310
v -0.016207995 0.024331629 -0.043684088
v -0.016207995 0.024408139 -0.044026040
v -0.016174432 0.024394343 -0.044024833
v -0.016207995 0.024419496 -0.043896221
v -0.016070664 0.024351686 -0.044021100
v -0.015995862 0.024320938 -0.044018410
v -0.015995862 0.024331629 -0.043896221
v -0.015847223 0.024244212 -0.044011697
v -0.015570219 0.024101228 -0.043999188
v -0.015579693 0.024106117 -0.043999616
v -0.015602080 0.024018865 -0.043656725
v -0.016749658 0.023584716 -0.043549433
v -0.016704733 0.023570552 -0.043548193
v -0.016667398 0.023555204 -0.043546852
v -0.016492600 0.023483353 -0.043540563
v -0.016555389 0.023509163 -0.043542821
v -0.016171820 0.023325128 -0.043526724
v -0.016207995 0.024119496 -0.043596219
v -0.016704733 0.023808254 -0.040831283
v -0.016704733 0.023720387 -0.040619150
v -0.016492600 0.023720387 -0.040831283
v -0.015638294 0.022998590 -0.043498155
v -0.015489710 0.022894476 -0.043489043
v -0.015995082 0.023237955 -0.043519095
v -0.016021265 0.023250869 -0.043520227
v -0.015984727 0.023232846 -0.043518648
v -0.015943792 0.023212656 -0.043516882
v -0.015602080 0.023806732 -0.043568857
v -0.015943792 0.023449691 -0.040807601
v -0.016129587 0.026146794 -0.041467838
v -0.016117761 0.026183713 -0.041463427
v -0.016117761 0.026252113 -0.040681638
v -0.016129587 0.026216520 -0.040670883
v -0.016098684 0.026250254 -0.041376509
v -0.016101036 0.026239706 -0.041414000
v -0.016107736 0.026216341 -0.041444521
v -0.016101036 0.026298670 -0.040740035
v -0.016098684 0.026302548 -0.040778790
v -0.016107736 0.026280960 -0.040705919
v -0.015253183 0.023912001 -0.043982632
v -0.015389948 0.024008173 -0.043991048
v -0.015389948 0.024018865 -0.043868858
v -0.015250001 0.024653750 -0.044047527
v -0.015230866 0.024687428 -0.044042833
v -0.015214645 0.024717307 -0.044023685
v -0.015203806 0.024738835 -0.043993004
v -0.015200000 0.024748739 -0.043955456
v -0.015089544 0.023796933 -0.043972567
v -0.014843382 0.023623833 -0.043957420
v -0.014228040 0.023022749 -0.043904833
v -0.014689124 0.023394814 -0.043708194
v -0.014832429 0.023616131 -0.043956745
v -0.014832429 0.023626823 -0.043834556
v -0.014432469 0.023244018 -0.043924190
v -0.014333688 0.023152113 -0.043916151
v -0.014333688 0.023162805 -0.043793961
v -0.014278466 0.023978421 -0.043888062
v -0.015461856 0.022874957 -0.043487336
v -0.015442898 0.022861674 -0.043486174
v -0.015303705 0.022728223 -0.043474499
v -0.015042892 0.022478171 -0.043452621
v -0.015002218 0.022439176 -0.043449208
v -0.015019165 0.022455424 -0.043450631
v -0.015001655 0.022438636 -0.043449160
v -0.014873132 0.022270672 -0.043434467
v -0.015001655 0.022675673 -0.040739883
v -0.015044561 0.023414690 -0.043534555
v -0.015044561 0.023626823 -0.043622423
v -0.015442898 0.023098709 -0.040776893
v -0.014619509 0.021933494 -0.043404967
v -0.014630406 0.021953458 -0.043406714
v -0.014521605 0.021754136 -0.043389276
v -0.014545820 0.022950672 -0.043493960
v -0.014364026 0.021475585 -0.043248240
v -0.014319670 0.021373944 -0.043356013
v -0.014328762 0.021395726 -0.043357920
v -0.014337854 0.021417510 -0.043359824
v -0.014287659 0.021297248 -0.043349303
v -0.014307322 0.021344358 -0.043353423
v -0.014321442 0.021401284 -0.043092411
v -0.014328124 0.021412045 -0.043153800
v -0.014294753 0.021350645 -0.042934746
v -0.014315129 0.021401955 -0.042910546
v -0.014303437 0.021427263 -0.042298626
v -0.014333688 0.022950672 -0.043581828
v -0.014630406 0.022190493 -0.040697433
v -0.014296073 0.021429351 -0.042071588
v -0.014337854 0.021654544 -0.040650543
v -0.014249985 0.021442411 -0.040650543
v -0.014545820 0.023162805 -0.043581828
v -0.014221264 0.024272939 -0.041303895
v -0.015286821 0.025838163 -0.041340455
v -0.015286821 0.025890457 -0.040742736
v -0.014261840 0.025198750 -0.041384894
v -0.014239346 0.025230255 -0.041380011
v -0.014220277 0.025258292 -0.041360702
v -0.014203060 0.025288060 -0.041292325
v -0.014207534 0.025278591 -0.041329913
v -0.014220276 0.025322912 -0.040622104
v -0.014207534 0.025337555 -0.040655948
v -0.014203060 0.025340354 -0.040694609
v -0.016702307 0.023445237 -0.040525768
v -0.016707107 0.023446519 -0.040525880
v -0.016704733 0.023508254 -0.040531281
v -0.016429141 0.023372320 -0.040519390
v -0.016255045 0.023324762 -0.040527750
v -0.016200000 0.023309726 -0.040530391
v -0.016200000 0.023319608 -0.040417437
v -0.016155925 0.023266429 -0.040519558
v -0.016155925 0.023449691 -0.040595468
v -0.015650295 0.022763543 -0.040466130
v -0.015659414 0.022772627 -0.040466923
v -0.015655030 0.022886576 -0.040476892
v -0.016055446 0.023167152 -0.040501442
v -0.015655030 0.023098709 -0.040564761
v -0.015434409 0.022781124 -0.040502321
v -0.015218783 0.022333674 -0.040428519
v -0.015208391 0.022323322 -0.040427614
v -0.015213787 0.022463540 -0.040439881
v -0.015213787 0.022675673 -0.040527750
v -0.014842538 0.021978360 -0.040397432
v -0.014841758 0.021958083 -0.040395658
v -0.014843261 0.021959580 -0.040395789
v -0.015001655 0.022463540 -0.040527750
v -0.014698977 0.021715360 -0.040374424
v -0.014819208 0.021935619 -0.040393695
v -0.014719727 0.021791751 -0.040389784
v -0.014735898 0.021851286 -0.040401757
v -0.014735898 0.021861078 -0.040289830
v -0.014549986 0.021442411 -0.040350541
v -0.014630406 0.021978360 -0.040485300
v -0.014337854 0.021442411 -0.040438410
v -0.014261839 0.025268476 -0.040587939
v -0.014239346 0.025298655 -0.040598221
v -0.013000000 0.009800000 -0.029800000
v -0.013000000 0.009800000 -0.027100001
v -0.010500000 0.009130127 -0.029800000
v -0.010500000 0.009130127 -0.027100001
v -0.013680339 0.015785629 -0.043271668
v -0.013651024 0.015761787 -0.043261942
v -0.013609565 0.015731849 -0.043204993
v -0.013603733 0.015730308 -0.043166444
v -0.013626170 0.015742902 -0.043238528
v -0.014115151 0.016678464 -0.042945202
v -0.014004708 0.016334346 -0.043319672
v -0.013909020 0.016451515 -0.043329924
v -0.013903019 0.016458863 -0.043330569
v -0.013885085 0.016488243 -0.043333139
v -0.013903019 0.016466331 -0.043245204
v -0.013903019 0.016678464 -0.043033071
v -0.013696852 0.016796600 -0.043360114
v -0.013760574 0.017259320 -0.042996023
v -0.013324188 0.016212653 -0.043208644
v -0.013548442 0.017039720 -0.043381386
v -0.013548442 0.017047187 -0.043296024
v -0.013467490 0.017225383 -0.043397628
v -0.013460574 0.017259320 -0.043296024
v -0.013548442 0.017259320 -0.043083891
v -0.013323156 0.017556407 -0.043426588
v -0.013276563 0.017670734 -0.043350577
v -0.013276563 0.017663267 -0.043435939
v -0.013262097 0.016403545 -0.040615413
v -0.013206553 0.021252625 -0.043749966
v -0.013202954 0.021244003 -0.043749213
v -0.013188695 0.021209840 -0.043746222
v -0.013200578 0.021238308 -0.043748714
v -0.013188695 0.021218918 -0.043642450
v -0.013120824 0.020968527 -0.043725111
v -0.013011966 0.020581484 -0.043691248
v -0.012985220 0.020414906 -0.043676674
v -0.013004580 0.020555222 -0.043688949
v -0.014182165 0.018118069 -0.043071155
v -0.014163206 0.018163491 -0.043075129
v -0.014167946 0.018152136 -0.043074135
v -0.014178653 0.018131260 -0.043017287
v -0.014135439 0.018230017 -0.043080948
v -0.014134092 0.018234901 -0.043081377
v -0.014133339 0.018240677 -0.043046791
v -0.014116693 0.018297976 -0.043086894
v -0.014175970 0.018164126 -0.042715665
v -0.013973166 0.018818274 -0.043132417
v -0.013961958 0.018914994 -0.043140877
v -0.013934334 0.018892670 -0.043138925
v -0.013885045 0.018863717 -0.043136392
v -0.013912317 0.019343358 -0.043178357
v -0.013902935 0.019424312 -0.043185439
v -0.013905272 0.019485041 -0.043190751
v -0.013907580 0.019545019 -0.043196000
v -0.013953401 0.020172663 -0.043250911
v -0.013924047 0.019972997 -0.043233443
v -0.013926391 0.020033928 -0.043238774
v -0.013938007 0.020093590 -0.043243993
v -0.014097112 0.020782962 -0.043304309
v -0.014042986 0.020632831 -0.043291174
v -0.014035466 0.020594202 -0.043287795
v -0.013488695 0.017882867 -0.043050576
v -0.013276563 0.017882867 -0.043138444
v -0.013304580 0.018537484 -0.043107849
v -0.013194338 0.017860267 -0.043453176
v -0.013189794 0.017871153 -0.043454126
v -0.013188695 0.017873786 -0.043454356
v -0.013192667 0.017864272 -0.043453526
v -0.013188695 0.017882867 -0.043350577
v -0.013111836 0.018147057 -0.043478265
v -0.013092448 0.018537484 -0.043195717
v -0.013005367 0.018525606 -0.043511383
v -0.013004580 0.018528404 -0.043511629
v -0.013004580 0.018537484 -0.043407850
v -0.013211656 0.019210979 -0.043166772
v -0.013002052 0.018874232 -0.043331247
v -0.012930314 0.019066669 -0.043558720
v -0.012999524 0.019210979 -0.043254640
v -0.013488695 0.021218918 -0.043342449
v -0.013304580 0.020564301 -0.043285176
v -0.013290571 0.020891611 -0.043357749
v -0.013276563 0.021218918 -0.043430317
v -0.013211656 0.019890806 -0.043226250
v -0.012999524 0.019890806 -0.043314118
v -0.013092448 0.020564301 -0.043373045
v -0.013004580 0.020564301 -0.043585178
v -0.012655815 0.017553404 -0.043426327
v -0.012619854 0.017541029 -0.043417603
v -0.012568997 0.017527305 -0.043362077
v -0.012589368 0.017531864 -0.043395042
v -0.012561845 0.017528048 -0.043323725
v -0.011791527 0.017725311 -0.040723413
v -0.011760672 0.017717214 -0.040700942
v -0.011732816 0.017714361 -0.040629715
v -0.011740055 0.017713368 -0.040668041
v -0.012911656 0.019881727 -0.043630026
v -0.012914049 0.019899063 -0.043631542
v -0.012911656 0.019201899 -0.043570552
v -0.012911656 0.019209437 -0.043571211
v -0.012911656 0.019210979 -0.043466773
v -0.012911656 0.019412350 -0.043588962
v -0.012324997 0.018866163 -0.043440796
v -0.012911656 0.019890806 -0.043526251
v -0.012300001 0.019563643 -0.043602198
v -0.012243747 0.019078495 -0.040849440
v -0.011827922 0.017736429 -0.040732026
v -0.012261732 0.019564306 -0.043594617
v -0.012229290 0.019566197 -0.043573022
v -0.012207612 0.019569024 -0.043540705
v -0.012200000 0.019572359 -0.043502580
v -0.012200000 0.019798964 -0.040912475
v -0.014135439 0.018465441 -0.040390089
v -0.014098237 0.018759569 -0.040309757
v -0.014061035 0.019053698 -0.040229421
v -0.013973166 0.019053698 -0.040441554
v -0.013990804 0.019659735 -0.040282443
v -0.013902935 0.019659735 -0.040494576
v -0.014014260 0.020269351 -0.040335778
v -0.013958598 0.019964542 -0.040415179
v -0.013926391 0.020269351 -0.040547911
v -0.014130854 0.020868257 -0.040388178
v -0.014042986 0.020868257 -0.040600311
v -0.012912511 0.015612937 -0.040445864
v -0.012779587 0.015875790 -0.040569242
v -0.012748627 0.015854044 -0.040559698
v -0.012722380 0.015836937 -0.040536441
v -0.012698685 0.015825950 -0.040464498
v -0.012704843 0.015827071 -0.040503010
v -0.012698685 0.015878243 -0.039866783
v -0.012912511 0.015665229 -0.039848145
v -0.012779586 0.015945513 -0.039772287
v -0.012748626 0.015922442 -0.039777908
v -0.012704843 0.015886035 -0.039829049
v -0.012722380 0.015901556 -0.039797843
v -0.011827921 0.017806154 -0.039935071
v -0.011791526 0.017793709 -0.039941624
v -0.011760672 0.017781833 -0.039962344
v -0.011740055 0.017772332 -0.039994080
v -0.011732816 0.017766653 -0.040031996
v -0.014019680 0.022767615 -0.043882512
v -0.013903019 0.022624763 -0.043870013
v -0.013903019 0.022635454 -0.043747824
v -0.013680339 0.023341658 -0.043932732
v -0.013651024 0.023366826 -0.043927293
v -0.013609565 0.023406198 -0.043876413
v -0.013603733 0.023414409 -0.043838717
v -0.013626170 0.023389490 -0.043907516
v -0.013548442 0.022043904 -0.043819193
v -0.013539084 0.022022443 -0.043817315
v -0.013548442 0.022054596 -0.043697003
v -0.013481745 0.021890938 -0.043805812
v -0.013340939 0.021568004 -0.043777559
v -0.013361705 0.021615628 -0.043781724
v -0.013252323 0.021362284 -0.043759562
v -0.013276563 0.021420360 -0.043764643
v -0.013276563 0.021431051 -0.043642450
v -0.014115151 0.022423321 -0.043447822
v -0.014115151 0.022635454 -0.043535691
v -0.013903019 0.022423321 -0.043535691
v -0.013760574 0.021842463 -0.043397002
v -0.013412503 0.021636756 -0.043563660
v -0.013548442 0.021842463 -0.043484870
v -0.012655815 0.021573883 -0.043778073
v -0.012619854 0.021587586 -0.043771632
v -0.012589368 0.021600528 -0.043751005
v -0.012568997 0.021610742 -0.043719329
v -0.012601555 0.021685190 -0.043687429
v -0.012561845 0.021616671 -0.043681435
v -0.012589903 0.021918496 -0.041097909
v -0.012779587 0.023722138 -0.041255709
v -0.012748627 0.023745209 -0.041250084
v -0.012704843 0.023781616 -0.041198943
v -0.012722380 0.023766097 -0.041230153
v -0.012698685 0.023789410 -0.041161209
v -0.012912511 0.024002422 -0.041179847
v -0.011827922 0.021861499 -0.041092921
v -0.011791527 0.021873944 -0.041086372
v -0.011732816 0.021900998 -0.040995996
v -0.011740055 0.021895319 -0.041033916
v -0.011760672 0.021885820 -0.041065648
v -0.012779586 0.023791865 -0.040458754
v -0.012748626 0.023813609 -0.040468294
v -0.012704843 0.023840582 -0.040524982
v -0.012698685 0.023841703 -0.040563494
v -0.012722380 0.023830716 -0.040491551
v -0.012912511 0.024054715 -0.040582132
v -0.011827921 0.021931224 -0.040295966
v -0.011791526 0.021942342 -0.040304583
v -0.011740055 0.021954285 -0.040359952
v -0.011732816 0.021953292 -0.040398281
v -0.011760672 0.021950439 -0.040327050
v -0.011637965 0.018310942 -0.040681906
v -0.011500002 0.019798964 -0.040912475
v -0.011461733 0.019799627 -0.040904891
v -0.011429290 0.019801516 -0.040883295
v -0.011400000 0.019807680 -0.040812854
v -0.011407612 0.019804344 -0.040850978
v -0.011637965 0.018363236 -0.040084191
v -0.011500000 0.019868689 -0.040115520
v -0.011461732 0.019868026 -0.040123101
v -0.011429289 0.019866135 -0.040144697
v -0.011400000 0.019859973 -0.040215138
v -0.011407612 0.019863307 -0.040177014
v -0.011637965 0.021304417 -0.040943801
v -0.011637965 0.021356711 -0.040346086
v -0.017000001 0.009800000 -0.010000000
v -0.017000001 0.013300000 -0.010000000
v -0.017000001 0.009800000 -0.003800000
v -0.017000001 0.013300000 -0.003800000
v -0.016000001 0.005000000 -0.003800000
v -0.016000001 0.005000000 0.001700000
v -0.014500000 0.005000000 -0.003800000
v -0.014500000 0.005000000 0.001700000
v -0.016000001 0.007500000 -0.003800000
v -0.016000001 0.007500000 0.001700000
v -0.010200000 0.017021811 -0.017581649
v -0.009530127 0.014531325 -0.017363759
v -0.010200000 0.017257132 -0.014891923
v -0.009530127 0.014766645 -0.014674034
v -0.010200000 0.026585281 -0.018418344
v -0.010200000 0.026820602 -0.015728619
v -0.013000000 0.031291042 -0.031076647
v -0.013000000 0.031526361 -0.028386921
v -0.010500000 0.031958364 -0.031135030
v -0.010500000 0.032193687 -0.028445303
v -0.013000000 0.050816458 -0.032784898
v -0.013000000 0.051051777 -0.030095173
v -0.010500000 0.050149135 -0.032726515
v -0.010500000 0.050384454 -0.030036790
v -0.017000001 0.029530045 -0.011046947
v -0.017000001 0.033016726 -0.011351991
v -0.017000001 0.030070409 -0.004870540
v -0.017000001 0.033557091 -0.005175584
v -0.016000001 0.035848338 -0.005376043
v -0.016000001 0.038338825 -0.005593932
v -0.014500000 0.038338825 -0.005593932
v -0.016000001 0.036327697 0.000103028
v -0.016000001 0.038818181 -0.000114861
v -0.014500000 0.038818181 -0.000114861
v -0.017000001 0.052542143 -0.013060244
v -0.017000001 0.056028824 -0.013365289
v -0.017000001 0.053082507 -0.006883837
v -0.017000001 0.056569189 -0.007188882
v -0.016000001 0.048300773 -0.006465490
v -0.014500000 0.048300773 -0.006465490
v -0.016000001 0.048780128 -0.000986419
v -0.014500000 0.048780128 -0.000986419
v -0.016000001 0.050791260 -0.006683379
v -0.016000001 0.051270615 -0.001204308
v -0.009530127 0.029075768 -0.018636234
v -0.009530127 0.029311087 -0.015946507
v 0.008300000 -0.050452664 -0.071211606
v 0.008300000 -0.045034200 -0.079413071
v 0.008300000 -0.048255142 -0.075650409
v 0.011300000 -0.050452664 -0.071211606
v 0.011300000 -0.045034200 -0.079413071
v 0.011300000 -0.048255142 -0.075650409
v 0.008300000 -0.036362872 -0.084042527
v 0.008300000 -0.028601311 -0.091134638
v 0.008300000 -0.033024542 -0.085486263
v 0.008300000 -0.030339504 -0.087939717
v 0.011300000 -0.036362872 -0.084042527
v 0.011300000 -0.028601311 -0.091134638
v 0.011300000 -0.033024542 -0.085486263
v 0.011300000 -0.030339504 -0.087939717
v 0.008300000 -0.040987380 -0.082268827
v 0.011300000 -0.040987380 -0.082268827
v 0.008300000 -0.051491991 -0.066368893
v 0.008300000 -0.052038178 -0.060125947
v 0.008300000 -0.048451878 -0.059812188
v 0.011300000 -0.051491991 -0.066368893
v 0.008300000 -0.028000001 -0.094721735
v 0.011300000 -0.028000001 -0.094999999
v 0.011300000 -0.028000001 -0.094721735
v 0.008300000 -0.028000001 -0.078991421
v 0.008300000 -0.000841631 -0.079861745
v 0.008300000 -0.001111292 -0.078332417
v 0.011300000 -0.000841631 -0.079861745
v 0.011300000 -0.001111292 -0.078332417
v -0.008669873 -0.048325971 -0.032567009
v -0.008669873 -0.048561290 -0.029877285
v -0.008000000 -0.045835484 -0.032349121
v -0.008000000 -0.046070807 -0.029659394
v -0.008000000 -0.036272015 -0.031512424
v -0.008000000 -0.036507335 -0.028822700
v -0.008669873 -0.033781528 -0.031294536
v -0.008669873 -0.034016848 -0.028604811
v -0.008000000 -0.043572553 -0.003140746
v -0.008000000 -0.043684762 -0.001858165
v -0.007991061 -0.043726660 -0.001861830
v -0.007993850 -0.043655939 -0.001855643
v -0.007906535 -0.044125285 -0.001868206
v -0.007960273 -0.043499999 -0.001825544
v -0.007881603 -0.043812640 -0.001825419
v -0.007881603 -0.043187357 -0.001770713
v -0.007826016 -0.042874716 -0.001725443
v -0.007308363 -0.046814062 -0.003424342
v -0.007388704 -0.046549819 -0.002107859
v -0.007386677 -0.046559241 -0.002109649
v -0.007308363 -0.046926271 -0.002141760
v -0.007475760 -0.046144087 -0.002046184
v -0.007393678 -0.046256274 -0.002039209
v -0.007243678 -0.046256274 -0.001889209
v -0.007220990 -0.046216436 -0.001577747
v -0.007128052 -0.047118105 -0.002158543
v -0.007139063 -0.047158409 -0.002162069
v -0.006992164 -0.047359828 -0.002179691
v -0.006915920 -0.047118105 -0.002070675
v -0.007178904 -0.046549819 -0.002020957
v -0.007047412 -0.046727896 -0.001939750
v -0.007069429 -0.046593394 -0.001610727
v -0.007075151 -0.046581030 -0.001609646
v -0.007063386 -0.046606455 -0.001611870
v -0.007171447 -0.046371136 -0.001827568
v -0.007170783 -0.046355236 -0.001810360
v -0.007129312 -0.046446465 -0.001799782
v -0.007129312 -0.046453070 -0.001724271
v -0.007129312 -0.046463992 -0.001599406
v -0.006915920 -0.046905972 -0.001858543
v -0.006915920 -0.046925113 -0.001639749
v -0.006771564 -0.047664084 -0.002185783
v -0.006668694 -0.047805425 -0.002194807
v -0.006608989 -0.047664084 -0.002118442
v -0.006790362 -0.047148462 -0.001659289
v -0.006781098 -0.047164943 -0.001660731
v -0.006782932 -0.047161680 -0.001660446
v -0.006608989 -0.047451951 -0.001906310
v -0.006608989 -0.047471095 -0.001687516
v -0.007514673 -0.045962729 -0.002018616
v -0.007643499 -0.045360457 -0.001948659
v -0.007566827 -0.045360457 -0.001916901
v -0.007774389 -0.044746712 -0.001898420
v -0.007689374 -0.044746712 -0.001863205
v -0.007584167 -0.045053586 -0.001783987
v -0.007596306 -0.044790290 -0.001452976
v -0.007598672 -0.044778436 -0.001451939
v -0.007552208 -0.045011140 -0.001472298
v -0.007601507 -0.044746712 -0.001651073
v -0.007601507 -0.044764243 -0.001450697
v -0.007645637 -0.044392806 -0.001418200
v -0.007396320 -0.045962729 -0.001969593
v -0.007478959 -0.045360457 -0.001704769
v -0.007471585 -0.045404036 -0.001506672
v -0.007478959 -0.045377988 -0.001504393
v -0.007474954 -0.045392137 -0.001505631
v -0.007410367 -0.045620270 -0.001525590
v -0.007308452 -0.045962729 -0.001757461
v -0.007308452 -0.045980260 -0.001557085
v -0.007303230 -0.045994360 -0.001558318
v -0.007298806 -0.046006307 -0.001559364
v -0.007763207 -0.044125285 -0.001808837
v -0.007675339 -0.044125285 -0.001596705
v -0.007673647 -0.044157054 -0.001397575
v -0.007675339 -0.044142816 -0.001396329
v -0.007672244 -0.044168863 -0.001398608
v -0.007685260 -0.043891273 -0.001374322
v -0.007787868 -0.043499999 -0.001754132
v -0.007700000 -0.043499999 -0.001542000
v -0.007700000 -0.043517530 -0.001341624
v -0.007698973 -0.043543577 -0.001343903
v -0.007699437 -0.043531813 -0.001342873
v -0.007763207 -0.042874716 -0.001699427
v -0.007675339 -0.042874716 -0.001487295
v -0.007690080 -0.043265987 -0.001319617
v -0.007676366 -0.042918295 -0.001289197
v -0.007675339 -0.042892247 -0.001286918
v -0.007675904 -0.042906575 -0.001288172
v -0.005259098 -0.049661331 -0.002381047
v -0.004719859 -0.049971476 -0.002408181
v -0.004702282 -0.049947508 -0.002406084
v -0.004702282 -0.049735375 -0.002318216
v -0.004490150 -0.049735375 -0.002106084
v -0.004325650 -0.050198205 -0.002428017
v -0.004441136 -0.050015271 -0.002377358
v -0.004490150 -0.049754519 -0.001887290
v -0.004179989 -0.050282348 -0.002431192
v -0.004179989 -0.050083030 -0.002348632
v -0.004260727 -0.049907230 -0.001900650
v -0.004166265 -0.049970105 -0.001906151
v -0.004134746 -0.049991086 -0.001907987
v -0.006000000 -0.043319799 -0.006029711
v -0.005312736 -0.046097528 -0.006272730
v -0.006394429 -0.048182257 -0.002218865
v -0.006307834 -0.048179880 -0.002182128
v -0.006260004 -0.048184387 -0.002163963
v -0.006260004 -0.047972254 -0.001951831
v -0.006260004 -0.047991399 -0.001733037
v -0.006083248 -0.048608005 -0.002266739
v -0.006083248 -0.048463680 -0.002206957
v -0.006084794 -0.048212804 -0.001752407
v -0.006072796 -0.048227966 -0.001753734
v -0.006089181 -0.048207261 -0.001751922
v -0.006455693 -0.047699641 -0.001707511
v -0.006459801 -0.047693521 -0.001706976
v -0.006450315 -0.047707662 -0.001708213
v -0.005353045 -0.049495086 -0.003658901
v -0.005845640 -0.048931878 -0.002317228
v -0.005673928 -0.049167320 -0.002337827
v -0.005656854 -0.049135327 -0.002335028
v -0.005656854 -0.048923194 -0.002247160
v -0.005890057 -0.048651878 -0.002204863
v -0.005871116 -0.048463680 -0.001994825
v -0.005871116 -0.048482824 -0.001776031
v -0.005683818 -0.048684668 -0.001793690
v -0.005666727 -0.048703089 -0.001795302
v -0.005651599 -0.048719391 -0.001796728
v -0.005353045 -0.049607296 -0.002376319
v -0.005444722 -0.048923194 -0.002035028
v -0.005444722 -0.048942339 -0.001816233
v -0.006000000 -0.043520257 -0.003738463
v -0.005992388 -0.043523591 -0.003700340
v -0.005970710 -0.043526419 -0.003668021
v -0.005938267 -0.043528311 -0.003646426
v -0.005638156 -0.045564570 -0.003917317
v -0.005631003 -0.045565311 -0.003878967
v -0.005610632 -0.045560751 -0.003846002
v -0.005580146 -0.045551587 -0.003823440
v -0.005544185 -0.045539211 -0.003814717
v -0.005899999 -0.043528974 -0.003638844
v -0.005195585 -0.049560100 -0.002372190
v -0.005195585 -0.049347967 -0.002284322
v -0.005242105 -0.049128924 -0.001832557
v -0.005206950 -0.049161296 -0.001835390
v -0.005187828 -0.049178906 -0.001836930
v -0.004983453 -0.049347967 -0.002072190
v -0.004983453 -0.049367111 -0.001853396
v -0.004766765 -0.049537282 -0.001868284
v -0.004706592 -0.049584538 -0.001872418
v -0.004682221 -0.049603678 -0.001874093
v -0.005238009 -0.046255007 -0.003977722
v -0.004596266 -0.047362305 -0.004074599
v -0.004590435 -0.047360767 -0.004036049
v -0.004573829 -0.047349714 -0.004002516
v -0.004548977 -0.047330830 -0.003979104
v -0.004519661 -0.047306988 -0.003969377
v -0.005000000 -0.043528974 -0.003638844
v -0.005000000 -0.043572553 -0.003140746
v -0.004330127 -0.046019461 -0.003856733
v -0.004330127 -0.046063039 -0.003358636
v -0.007689374 -0.042253286 -0.001645059
v -0.007692968 -0.042253286 -0.001646547
v -0.007601507 -0.042253286 -0.001432927
v -0.007637389 -0.041992933 -0.001622281
v -0.007561760 -0.041639544 -0.001579131
v -0.007547178 -0.041570138 -0.001585291
v -0.007478959 -0.041639544 -0.001379231
v -0.007433769 -0.041037273 -0.001554183
v -0.007396320 -0.041037273 -0.001538671
v -0.007308452 -0.041037273 -0.001326539
v -0.007308363 -0.040331040 -0.002857151
v -0.007309215 -0.040450182 -0.001541284
v -0.007308363 -0.040446155 -0.001541351
v -0.007178904 -0.040450182 -0.001487307
v -0.006955029 -0.039966408 -0.001444982
v -0.006915920 -0.039916005 -0.001403482
v -0.007631208 -0.042520806 -0.001254422
v -0.007604601 -0.042296864 -0.001234829
v -0.007603214 -0.042285189 -0.001233808
v -0.007601507 -0.042270817 -0.001232550
v -0.007528258 -0.041903973 -0.001200456
v -0.007484160 -0.041683123 -0.001181134
v -0.007481838 -0.041671492 -0.001180116
v -0.007478959 -0.041657075 -0.001178855
v -0.007377044 -0.041297086 -0.001147360
v -0.007315826 -0.041080847 -0.001128442
v -0.007312547 -0.041069265 -0.001127428
v -0.007308452 -0.041054804 -0.001126163
v -0.007129313 -0.040561210 -0.001196527
v -0.007178499 -0.040703889 -0.001095462
v -0.007129313 -0.040571071 -0.001083842
v -0.007129312 -0.040555149 -0.001265800
v -0.007100660 -0.040476169 -0.001277449
v -0.007093536 -0.040493760 -0.001077078
v -0.007088048 -0.040481903 -0.001076040
v -0.007011990 -0.040317547 -0.001061661
v -0.006915920 -0.040094029 -0.001225457
v -0.006915920 -0.040109947 -0.001043499
v -0.006812216 -0.039925475 -0.001027359
v -0.006805110 -0.039912835 -0.001026254
v -0.006721113 -0.039763417 -0.001013181
v -0.006608989 -0.039548051 -0.001177690
v -0.006608989 -0.039508201 -0.001217537
v -0.006608989 -0.039563969 -0.000995732
v -0.005312736 -0.040542070 -0.005786691
v -0.005638156 -0.041475944 -0.003559609
v -0.005631003 -0.041481875 -0.003521713
v -0.005610632 -0.041492090 -0.003490040
v -0.005580146 -0.041505031 -0.003469412
v -0.005544185 -0.041518733 -0.003462970
v -0.006485258 -0.039379496 -0.000979592
v -0.006476203 -0.039365996 -0.000978411
v -0.006387490 -0.039233733 -0.000966840
v -0.006307710 -0.039098870 -0.001138392
v -0.006307709 -0.039104823 -0.001070303
v -0.006307707 -0.039114784 -0.000956433
v -0.005353045 -0.037650015 -0.002622591
v -0.006206840 -0.038960561 -0.001126291
v -0.006206844 -0.038976483 -0.000944334
v -0.006114021 -0.038859189 -0.000934072
v -0.006102575 -0.038844723 -0.000932806
v -0.006013179 -0.038731758 -0.000922923
v -0.005871116 -0.038536318 -0.001089175
v -0.005871116 -0.038496472 -0.001129020
v -0.005804466 -0.038403045 -0.001144334
v -0.005871116 -0.038552236 -0.000907217
v -0.005699939 -0.038367763 -0.000891077
v -0.005685493 -0.038352195 -0.000889715
v -0.005600486 -0.038260587 -0.000881700
v -0.005444722 -0.038076803 -0.001048972
v -0.005444722 -0.037898779 -0.001226996
v -0.005444722 -0.038092721 -0.000867014
v -0.005376125 -0.037801500 -0.001255578
v -0.005353045 -0.037769433 -0.001257637
v -0.005322983 -0.037752565 -0.001251296
v -0.005238009 -0.040785510 -0.003499203
v -0.004330127 -0.041038487 -0.003420954
v -0.004330127 -0.041082066 -0.002922857
v -0.004596266 -0.039678209 -0.003402327
v -0.004590435 -0.039686419 -0.003364631
v -0.004573829 -0.039703127 -0.003333526
v -0.004519661 -0.039750960 -0.003308310
v -0.004548977 -0.039725792 -0.003313749
v -0.005244397 -0.037908249 -0.000850875
v -0.005226088 -0.037891388 -0.000849400
v -0.005151957 -0.037823122 -0.000843427
v -0.005134345 -0.037650868 -0.001164084
v -0.004983453 -0.037652034 -0.001011810
v -0.004983453 -0.037667952 -0.000829852
v -0.004748555 -0.037483480 -0.000813712
v -0.004725107 -0.037465066 -0.000812101
v -0.004670356 -0.037422068 -0.000808340
v -0.004627944 -0.037372839 -0.000987383
v -0.004627943 -0.037385013 -0.000848252
v -0.004627942 -0.037388757 -0.000805425
v -0.004119059 -0.037096072 -0.000779819
v -0.001200000 -0.056128442 -0.013374005
v -0.001200000 -0.052542143 -0.013060244
v -0.003967857 -0.050083030 -0.002136500
v -0.003967857 -0.050102174 -0.001917706
v -0.003727114 -0.050236482 -0.001929456
v -0.003631924 -0.050597306 -0.002461751
v -0.003599806 -0.050615679 -0.002464541
v -0.003631924 -0.050388794 -0.002375383
v -0.003419792 -0.050388794 -0.002163251
v -0.003585527 -0.050315473 -0.001936367
v -0.003543822 -0.050338741 -0.001938403
v -0.003419792 -0.050407939 -0.001944457
v -0.003346696 -0.050625853 -0.002430777
v -0.003103886 -0.050900906 -0.002489496
v -0.003061468 -0.050862912 -0.002486172
v -0.003061468 -0.050650779 -0.002398304
v -0.003169213 -0.050523017 -0.001954525
v -0.002995802 -0.050587047 -0.002188283
v -0.002950042 -0.050604530 -0.002182125
v -0.002950042 -0.050612103 -0.002095578
v -0.002961792 -0.050618276 -0.001962859
v -0.002950042 -0.050623674 -0.001963331
v -0.002893355 -0.050644506 -0.001965154
v -0.002793571 -0.050681178 -0.001968362
v -0.002472136 -0.051152050 -0.003803866
v -0.002607068 -0.051186655 -0.002514496
v -0.002472136 -0.051264260 -0.002521285
v -0.002472136 -0.051079500 -0.002505121
v -0.002472136 -0.050867368 -0.002417253
v -0.002472136 -0.050779499 -0.002205121
v -0.002472136 -0.050799310 -0.001978697
v -0.002209361 -0.050873138 -0.001985156
v -0.002197311 -0.050876524 -0.001985452
v -0.002090651 -0.050906491 -0.001988074
v -0.001963295 -0.051317539 -0.002525946
v -0.001867563 -0.051249359 -0.002519981
v -0.001867563 -0.051037226 -0.002432113
v -0.001867563 -0.050949357 -0.002219981
v -0.001867563 -0.050969169 -0.001993558
v -0.001587504 -0.051024660 -0.001998413
v -0.003408388 -0.048238911 -0.006460078
v -0.003366815 -0.048390012 -0.004164511
v -0.003000000 -0.048696637 -0.004191338
v -0.002996194 -0.048693404 -0.004152640
v -0.002985355 -0.048677530 -0.004118685
v -0.002969134 -0.048651431 -0.004094641
v -0.002949999 -0.048619077 -0.004084170
v -0.002500000 -0.047886200 -0.003518142
v -0.002500000 -0.047842622 -0.004016239
v -0.001200000 -0.056668807 -0.007197598
v -0.001200000 -0.053082507 -0.006883837
v -0.001251476 -0.051371440 -0.002530662
v -0.001278934 -0.051389195 -0.002532215
v -0.001251476 -0.051159307 -0.002442794
v -0.001251476 -0.051071439 -0.002230662
v -0.001318678 -0.051077932 -0.002003073
v -0.001251476 -0.051091250 -0.002004239
v -0.000981518 -0.051123079 -0.002007023
v -0.000967909 -0.051124685 -0.002007164
v -0.000627673 -0.051444989 -0.002537097
v -0.000645398 -0.051455528 -0.002538019
v -0.000627673 -0.051232856 -0.002449229
v -0.000627673 -0.051144987 -0.002237097
v -0.000627673 -0.051164798 -0.002010673
v -0.000342347 -0.051175967 -0.002011650
v -0.000081291 -0.051514592 -0.002543187
v -0.000000000 -0.051469557 -0.002539246
v 0.000119178 -0.051535584 -0.002545023
v -0.000000000 -0.051257424 -0.002451378
v -0.000000000 -0.051169556 -0.002239246
v -0.000000000 -0.051189367 -0.002012823
v 0.000285326 -0.051178198 -0.002011846
v 0.000836228 -0.051498450 -0.003834173
v 0.000627673 -0.051444989 -0.002537097
v 0.000836228 -0.051610660 -0.002551591
v 0.000881602 -0.051595975 -0.002550306
v 0.000627673 -0.051232856 -0.002449229
v 0.000627673 -0.051144987 -0.002237097
v 0.000627673 -0.051164798 -0.002010673
v 0.000939574 -0.051302150 -0.002489945
v 0.000911239 -0.051131364 -0.002007748
v 0.000981504 -0.051123079 -0.002007023
v -0.000723220 -0.049253386 -0.006548833
v -0.001041889 -0.049406618 -0.004253453
v -0.001040567 -0.049402487 -0.004214677
v -0.001036803 -0.049384046 -0.004180497
v -0.001031169 -0.049354106 -0.004156117
v -0.001024524 -0.049317226 -0.004145250
v -0.000723220 -0.049406618 -0.004253453
v 0.000000000 -0.048509948 -0.004074622
v 0.000000000 -0.048553523 -0.003576525
v 0.001041889 -0.049406618 -0.004253453
v 0.001040567 -0.049402487 -0.004214677
v 0.001036803 -0.049384046 -0.004180497
v 0.001031169 -0.049354106 -0.004156117
v 0.001024524 -0.049317226 -0.004145250
v -0.001200000 -0.033016726 -0.011351991
v -0.001200000 -0.029530045 -0.011046947
v -0.003408388 -0.038400687 -0.005599344
v -0.003366815 -0.038650502 -0.003312415
v -0.003000000 -0.038343877 -0.003285588
v -0.002996194 -0.038353782 -0.003248040
v -0.002985355 -0.038375311 -0.003217357
v -0.002969134 -0.038405187 -0.003198211
v -0.002949999 -0.038438868 -0.003193517
v -0.003514596 -0.036748413 -0.000749402
v -0.002982973 -0.036442649 -0.000722652
v -0.002890718 -0.036374338 -0.000892338
v -0.002890719 -0.036382783 -0.000795785
v -0.002890720 -0.036389589 -0.000718009
v -0.002500000 -0.039215323 -0.003261448
v -0.002500000 -0.039258901 -0.002763351
v -0.002472136 -0.035993051 -0.002477626
v -0.002678396 -0.036311556 -0.000711182
v -0.002559457 -0.036164723 -0.001093819
v -0.002472136 -0.036132634 -0.001091011
v -0.002472136 -0.036113676 -0.001098864
v -0.002472136 -0.036220502 -0.000878879
v -0.002472136 -0.036235753 -0.000704550
v -0.002369265 -0.036103729 -0.001088483
v -0.002276073 -0.036180668 -0.000699731
v -0.002148947 -0.036144949 -0.000696606
v -0.002079157 -0.036125343 -0.000694891
v -0.001979013 -0.036081955 -0.000866758
v -0.001979012 -0.036089987 -0.000774937
v -0.001979011 -0.036097206 -0.000692429
v -0.000723220 -0.037386212 -0.005510589
v -0.001024524 -0.037740719 -0.003132437
v -0.001031169 -0.037702512 -0.003136735
v -0.001041889 -0.037633896 -0.003223473
v -0.001040567 -0.037644699 -0.003186003
v -0.001036803 -0.037668794 -0.003155545
v -0.000723220 -0.037633896 -0.003223473
v -0.000707551 -0.035964079 -0.000680782
v 0.000000000 -0.038548000 -0.003203065
v 0.000000000 -0.038591579 -0.002704968
v 0.001024524 -0.037740719 -0.003132437
v 0.001031169 -0.037702512 -0.003136735
v 0.001041889 -0.037633896 -0.003223473
v 0.001040567 -0.037644699 -0.003186003
v 0.001036803 -0.037668794 -0.003155545
v 0.000836228 -0.035646651 -0.002447320
v 0.000307990 -0.035848439 -0.000777889
v 0.000307991 -0.035842497 -0.000845808
v 0.000307989 -0.035857748 -0.000671479
v 0.000407994 -0.035861664 -0.000671822
v 0.000627673 -0.035796262 -0.000988725
v 0.000730081 -0.035779215 -0.001060092
v 0.000627673 -0.035855010 -0.000846903
v 0.000627673 -0.035870261 -0.000672574
v 0.000836228 -0.035767026 -0.001071420
v 0.001033151 -0.035918072 -0.000676757
v 0.000951060 -0.035805270 -0.001062371
v -0.001200000 -0.033557091 -0.005175584
v -0.001200000 -0.030070409 -0.004870540
v -0.008380602 -0.006713417 -0.029800000
v -0.008000000 -0.004800000 -0.029800000
v -0.008380602 -0.006713417 -0.027100001
v -0.008000000 -0.004800000 -0.027100001
v -0.007866585 -0.000627673 0.000445048
v -0.007033708 -0.003631924 0.000439079
v -0.006915920 -0.003631924 0.000487868
v -0.006793148 -0.003639018 0.000900000
v -0.006797120 -0.003631924 0.000900000
v -0.006804246 -0.003619202 0.000900000
v -0.006635516 -0.004179989 0.000476880
v -0.006608989 -0.004179989 0.000487868
v -0.006608989 -0.003967857 0.000700000
v -0.006608989 -0.003967857 0.000900000
v -0.007308363 -0.003253893 -0.000900000
v -0.007603037 -0.001867563 0.000472869
v -0.007566827 -0.001867563 0.000487868
v -0.007349265 -0.003061468 0.000417302
v -0.007393678 -0.002766802 0.000443934
v -0.007308363 -0.003253893 0.000400000
v -0.007313528 -0.003229597 0.000400000
v -0.007291847 -0.003276626 0.000400000
v -0.007221486 -0.002707869 0.000900000
v -0.007474531 -0.002472136 0.000455472
v -0.007396320 -0.002472136 0.000487868
v -0.007478959 -0.001867563 0.000700000
v -0.007478959 -0.001867563 0.000900000
v -0.007481286 -0.001855867 0.000900000
v -0.007410756 -0.002109392 0.000900000
v -0.007308452 -0.002472136 0.000700000
v -0.007308452 -0.002472136 0.000900000
v -0.007311740 -0.002460478 0.000900000
v -0.007733991 -0.001251476 0.000469387
v -0.007689374 -0.001251476 0.000487868
v -0.007552488 -0.001497911 0.000900000
v -0.007601507 -0.001251476 0.000700000
v -0.007601507 -0.001251476 0.000900000
v -0.007602895 -0.001239743 0.000900000
v -0.007763207 -0.000627673 0.000487868
v -0.007675339 -0.000627673 0.000700000
v -0.007675339 -0.000627673 0.000900000
v -0.007675801 -0.000615904 0.000900000
v -0.007685204 -0.000376604 0.000900000
v -0.007645806 -0.000877194 0.000900000
v -0.007178904 -0.003061468 0.000487868
v -0.007130803 -0.002953675 0.000700000
v -0.007130803 -0.002953675 0.000791453
v -0.007130803 -0.002953675 0.000900000
v -0.007073711 -0.003077518 0.000900000
v -0.007081110 -0.003061468 0.000900000
v -0.007086624 -0.003049507 0.000900000
v -0.006915920 -0.003419792 0.000700000
v -0.006915920 -0.003419792 0.000900000
v -0.006260004 -0.004696836 0.000493314
v -0.006305300 -0.004634492 0.000487868
v -0.006260004 -0.004490150 0.000700000
v -0.006260004 -0.004490150 0.000900000
v -0.006476299 -0.004166441 0.000900000
v -0.006434496 -0.004335069 0.000593934
v -0.006467247 -0.004179989 0.000900000
v -0.006469395 -0.004176774 0.000900000
v -0.006209529 -0.004766310 0.000487868
v -0.006092772 -0.004702282 0.000900000
v -0.006104448 -0.004687471 0.000900000
v -0.006104170 -0.004687825 0.000900000
v -0.005353045 -0.005945159 -0.000900000
v -0.005602211 -0.005602211 0.000443557
v -0.005657919 -0.005320153 0.000593934
v -0.005546621 -0.005546621 0.000487868
v -0.005444722 -0.005444722 0.000700000
v -0.005444722 -0.005444722 0.000900000
v -0.005426220 -0.005763985 0.000443934
v -0.005369562 -0.005922425 0.000400000
v -0.005353045 -0.005945159 0.000400000
v -0.005331533 -0.005957579 0.000400000
v -0.005897642 -0.005195585 0.000476880
v -0.005871116 -0.005195585 0.000487868
v -0.005871116 -0.004983453 0.000700000
v -0.005871116 -0.004983453 0.000900000
v -0.005689329 -0.005180107 0.000900000
v -0.005675023 -0.005195585 0.000900000
v -0.005700558 -0.005167961 0.000900000
v -0.005638156 -0.002052121 -0.001500000
v -0.005631003 -0.002049517 -0.001461731
v -0.005610632 -0.002042103 -0.001429289
v -0.005580146 -0.002031007 -0.001407612
v -0.005544185 -0.002017919 -0.001400000
v -0.005825651 -0.001435894 -0.003800000
v -0.005749190 -0.001422412 -0.001500000
v -0.004491065 -0.003978736 -0.003800000
v -0.004596266 -0.003856726 -0.001500000
v -0.004590435 -0.003851833 -0.001461731
v -0.004573829 -0.003837899 -0.001429289
v -0.004519661 -0.003792446 -0.001400000
v -0.004548977 -0.003817045 -0.001407612
v -0.004474453 -0.003958939 -0.001500000
v -0.005195585 -0.006036068 0.000419542
v -0.005195585 -0.005871116 0.000487868
v -0.005260214 -0.005615280 0.000900000
v -0.005215239 -0.005656854 0.000900000
v -0.005233244 -0.005640211 0.000900000
v -0.004983453 -0.005871116 0.000700000
v -0.004983453 -0.005871116 0.000900000
v -0.004702282 -0.006320877 0.000462654
v -0.004702282 -0.006260004 0.000487868
v -0.004786131 -0.006026671 0.000900000
v -0.004737210 -0.006065238 0.000900000
v -0.004714364 -0.006083248 0.000900000
v -0.004490150 -0.006260004 0.000700000
v -0.004490150 -0.006260004 0.000900000
v -0.004179989 -0.006608989 0.000487868
v -0.004179989 -0.006622423 0.000482303
v -0.004281233 -0.006399598 0.000900000
v -0.004202085 -0.006452483 0.000900000
v -0.004172672 -0.006472136 0.000900000
v -0.004330127 -0.002500000 -0.001400000
v -0.004330127 -0.002500000 -0.000900000
v -0.003061468 -0.007268202 0.000450880
v -0.003061468 -0.007178904 0.000487868
v -0.003012439 -0.007103713 0.000900000
v -0.002953675 -0.007130803 0.000700000
v -0.002953675 -0.007130803 0.000791453
v -0.002959642 -0.007128052 0.000900000
v -0.002953675 -0.007130803 0.000900000
v -0.002825735 -0.007178003 0.000900000
v -0.002472136 -0.007608452 -0.000900000
v -0.002472136 -0.007608452 0.000400000
v -0.002472136 -0.007396320 0.000487868
v -0.002472136 -0.007308452 0.000700000
v -0.002472136 -0.007308452 0.000900000
v -0.002287182 -0.007360615 0.000900000
v -0.002230307 -0.007376655 0.000900000
v -0.002179314 -0.007391036 0.000900000
v -0.001867563 -0.007671996 0.000444306
v -0.001867563 -0.007566827 0.000487868
v -0.001867563 -0.007478959 0.000700000
v -0.001867563 -0.007478959 0.000900000
v -0.001621128 -0.007527978 0.000900000
v -0.003000000 -0.005196152 -0.001500000
v -0.002996194 -0.005189560 -0.001461731
v -0.002985355 -0.005170787 -0.001429289
v -0.002969134 -0.005142691 -0.001407612
v -0.002949999 -0.005109549 -0.001400000
v -0.003967857 -0.006608989 0.000700000
v -0.003967857 -0.006608989 0.000900000
v -0.003748631 -0.006731762 0.000900000
v -0.003631924 -0.006915920 0.000487868
v -0.003631924 -0.006938848 0.000478371
v -0.003627808 -0.006799426 0.000900000
v -0.003589068 -0.006821121 0.000900000
v -0.003419792 -0.006915920 0.000700000
v -0.003419792 -0.006915920 0.000900000
v -0.003191609 -0.007021114 0.000900000
v -0.002127629 -0.005610098 -0.003800000
v -0.002096638 -0.005524949 -0.001500000
v -0.002500000 -0.004330127 -0.001400000
v -0.002500000 -0.004330127 -0.000900000
v -0.001200000 -0.013300000 -0.010000000
v -0.001200000 -0.009800000 -0.010000000
v -0.001200000 -0.013300000 -0.003800000
v -0.001200000 -0.009800000 -0.003800000
v -0.001423657 -0.007567258 0.000900000
v -0.001251476 -0.007736749 0.000468245
v -0.001251476 -0.007689374 0.000487868
v -0.001251476 -0.007601507 0.000700000
v -0.001251476 -0.007601507 0.000900000
v -0.001192791 -0.007608452 0.000900000
v -0.001001955 -0.007631040 0.000900000
v -0.000627673 -0.007802313 0.000471670
v -0.000627673 -0.007763207 0.000487868
v -0.000627673 -0.007675339 0.000700000
v -0.000627673 -0.007675339 0.000900000
v -0.000376604 -0.007685204 0.000900000
v -0.000000000 -0.007868284 0.000454559
v -0.000000000 -0.007787868 0.000487868
v -0.000000000 -0.007700000 0.000700000
v -0.000000000 -0.007700000 0.000900000
v 0.000251069 -0.007690136 0.000900000
v 0.000836228 -0.007956175 -0.000900000
v 0.000627673 -0.007934256 0.000417017
v 0.000627673 -0.007763207 0.000487868
v 0.000627673 -0.007675339 0.000700000
v 0.000627673 -0.007675339 0.000900000
v 0.000811524 -0.007953579 0.000400000
v 0.000836228 -0.007956175 0.000400000
v 0.000862953 -0.007947491 0.000400000
v 0.000877194 -0.007645806 0.000900000
v -0.001041889 -0.005908846 -0.001500000
v -0.001040567 -0.005901350 -0.001461731
v -0.001036803 -0.005880002 -0.001429289
v -0.001024524 -0.005810365 -0.001400000
v -0.001031169 -0.005848052 -0.001407612
v 0.000000000 -0.005000000 -0.001400000
v 0.000723220 -0.005956253 -0.003800000
v 0.000723220 -0.005908846 -0.001500000
v 0.001041889 -0.005908846 -0.001500000
v 0.001040567 -0.005901350 -0.001461731
v 0.001036803 -0.005880002 -0.001429289
v 0.001024524 -0.005810365 -0.001400000
v 0.001031169 -0.005848052 -0.001407612
v 0.000000000 -0.005000000 -0.000900000
v 0.003800000 -0.051051777 -0.030095173
v 0.003800000 -0.031526361 -0.028386921
v 0.005713417 -0.031905517 -0.028420093
v 0.008300000 -0.053781293 -0.040202055
v 0.008300000 -0.050194990 -0.039888293
v 0.006300000 -0.050384454 -0.030036790
v 0.008300000 -0.051116537 -0.030502368
v 0.008130127 -0.048561290 -0.029877285
v 0.008800000 -0.051116537 -0.030502368
v 0.008800000 -0.046070807 -0.029659394
v 0.008419397 -0.034601200 -0.028655935
v 0.008300000 -0.031192642 -0.028759252
v 0.007335534 -0.032985255 -0.028514558
v 0.008800000 -0.036507335 -0.028822700
v 0.008800000 -0.031192642 -0.028759252
v 0.003800000 -0.052542143 -0.013060244
v 0.001359499 -0.051441286 -0.002536773
v 0.001251476 -0.051371440 -0.002530662
v 0.001251476 -0.051159307 -0.002442794
v 0.001251476 -0.051071439 -0.002230662
v 0.001251476 -0.051091250 -0.002004239
v 0.001559519 -0.051204335 -0.002481388
v 0.001531535 -0.051035754 -0.001999383
v 0.001867563 -0.051249359 -0.002519981
v 0.001894087 -0.051268250 -0.002521634
v 0.001867563 -0.051037226 -0.002432113
v 0.001867563 -0.050949357 -0.002219981
v 0.001867563 -0.050969169 -0.001993558
v 0.001933514 -0.050950639 -0.001991937
v 0.002090651 -0.050906491 -0.001988074
v 0.002142388 -0.050891954 -0.001986803
v 0.002472136 -0.051079500 -0.002505121
v 0.002473607 -0.051080670 -0.002505223
v 0.002472136 -0.050867368 -0.002417253
v 0.002472136 -0.050779499 -0.002205121
v 0.002472136 -0.050799310 -0.001978697
v 0.002950042 -0.050604530 -0.002182125
v 0.002950042 -0.050612222 -0.002094193
v 0.002995802 -0.050587047 -0.002188283
v 0.002740032 -0.050700855 -0.001970083
v 0.002805321 -0.050676860 -0.001967984
v 0.002893355 -0.050644506 -0.001965154
v 0.002950042 -0.050623674 -0.001963331
v 0.003084000 -0.050883096 -0.002487937
v 0.003061468 -0.050862912 -0.002486172
v 0.003061468 -0.050650779 -0.002398304
v 0.003099914 -0.050554842 -0.001957309
v 0.003631924 -0.050600927 -0.002463251
v 0.003419792 -0.050388794 -0.002163251
v 0.003631924 -0.050388794 -0.002375383
v 0.003419792 -0.050407939 -0.001944457
v 0.003495823 -0.050365519 -0.001940746
v 0.003543822 -0.050338741 -0.001938403
v 0.002127629 -0.048908550 -0.006518663
v 0.002096638 -0.049024183 -0.004219994
v 0.002500000 -0.047886200 -0.003518142
v 0.003000000 -0.048696637 -0.004191338
v 0.002969134 -0.048651431 -0.004094641
v 0.002949999 -0.048619077 -0.004084170
v 0.002996194 -0.048693404 -0.004152640
v 0.002985355 -0.048677530 -0.004118685
v 0.002500000 -0.047842622 -0.004016239
v 0.004000000 -0.050474390 -0.003744579
v 0.003709868 -0.050680511 -0.002470214
v 0.003967857 -0.050083030 -0.002136500
v 0.003660535 -0.050273627 -0.001932706
v 0.003967857 -0.050102174 -0.001917706
v 0.004000000 -0.050586600 -0.002461998
v 0.004179989 -0.050295163 -0.002436500
v 0.004242726 -0.050368883 -0.002442950
v 0.004179989 -0.050083030 -0.002348632
v 0.004099289 -0.050014686 -0.001910052
v 0.004134746 -0.049991086 -0.001907987
v 0.004197279 -0.049949463 -0.001904345
v 0.004490150 -0.049735375 -0.002106084
v 0.004490150 -0.049754519 -0.001887290
v 0.004702282 -0.049947508 -0.002406084
v 0.004706335 -0.049953036 -0.002406568
v 0.004702282 -0.049735375 -0.002318216
v 0.004784350 -0.049883056 -0.002400445
v 0.004876690 -0.049800515 -0.002389949
v 0.004491065 -0.047283396 -0.006376481
v 0.005825651 -0.044750229 -0.006154857
v 0.004655293 -0.049624827 -0.001875943
v 0.004682221 -0.049603678 -0.001874093
v 0.004706838 -0.049584344 -0.001872401
v 0.004474453 -0.047464132 -0.004083507
v 0.004519661 -0.047306988 -0.003969377
v 0.004548977 -0.047330830 -0.003979104
v 0.004596266 -0.047362305 -0.004074599
v 0.004590435 -0.047360767 -0.004036049
v 0.004573829 -0.047349714 -0.004002516
v 0.004330127 -0.046019461 -0.003856733
v 0.004330127 -0.046063039 -0.003358636
v 0.005195585 -0.049515456 -0.002353698
v 0.005195585 -0.049347967 -0.002284322
v 0.004983453 -0.049347967 -0.002072190
v 0.004983453 -0.049367111 -0.001853396
v 0.005167007 -0.049198080 -0.001838608
v 0.005187828 -0.049178906 -0.001836930
v 0.005186070 -0.049180526 -0.001837072
v 0.005444722 -0.048923194 -0.002035028
v 0.005444722 -0.048942339 -0.001816233
v 0.005656854 -0.049101401 -0.002320976
v 0.005656854 -0.048923194 -0.002247160
v 0.005849919 -0.048927266 -0.002316825
v 0.005632020 -0.048740491 -0.001798574
v 0.005635331 -0.048736922 -0.001798262
v 0.005651599 -0.048719391 -0.001796728
v 0.005871116 -0.048463680 -0.001994825
v 0.005871116 -0.048482824 -0.001776031
v 0.005890057 -0.048651878 -0.002204863
v 0.006083248 -0.048675813 -0.002294825
v 0.006096807 -0.048705813 -0.002297450
v 0.006083248 -0.048463680 -0.002206957
v 0.006173499 -0.048321839 -0.002185326
v 0.006041939 -0.048266958 -0.001757145
v 0.006060032 -0.048244096 -0.001755145
v 0.006072796 -0.048227966 -0.001753734
v 0.005544185 -0.045539211 -0.003814717
v 0.005000000 -0.043528974 -0.003638844
v 0.005000000 -0.043572553 -0.003140746
v 0.005580146 -0.045551587 -0.003823440
v 0.005638156 -0.045564570 -0.003917317
v 0.005631003 -0.045565311 -0.003878967
v 0.005610632 -0.045560751 -0.003846002
v 0.005749190 -0.044937257 -0.003862434
v 0.005899999 -0.043528974 -0.003638844
v 0.005938267 -0.043528311 -0.003646426
v 0.006000000 -0.043520257 -0.003738463
v 0.005992388 -0.043523591 -0.003700340
v 0.005970710 -0.043526419 -0.003668021
v 0.003800000 -0.033016726 -0.011351991
v 0.005713417 -0.033395879 -0.011385163
v 0.002127629 -0.037731051 -0.005540758
v 0.002096638 -0.038016330 -0.003256932
v 0.001251476 -0.035928562 -0.000853338
v 0.001251476 -0.035919663 -0.000874817
v 0.001251476 -0.035943814 -0.000679009
v 0.001306957 -0.035939556 -0.000854300
v 0.001306959 -0.035954807 -0.000679971
v 0.002004738 -0.036180668 -0.000699731
v 0.002500000 -0.039215323 -0.003261448
v 0.002500000 -0.039258901 -0.002763351
v 0.003000000 -0.038343877 -0.003285588
v 0.002996194 -0.038353782 -0.003248040
v 0.002985355 -0.038375311 -0.003217357
v 0.002949999 -0.038438868 -0.003193517
v 0.002969134 -0.038405187 -0.003198211
v 0.002814111 -0.036442649 -0.000722652
v 0.003469220 -0.036643974 -0.000863752
v 0.003469220 -0.036638778 -0.000923162
v 0.003469219 -0.036654696 -0.000741203
v 0.003637200 -0.036748413 -0.000749402
v 0.004491065 -0.039356202 -0.005682941
v 0.005825651 -0.041889369 -0.005904564
v 0.004330127 -0.041038487 -0.003420954
v 0.004330127 -0.041082066 -0.002922857
v 0.004519661 -0.039750960 -0.003308310
v 0.004474453 -0.039576381 -0.003393419
v 0.004596266 -0.039678209 -0.003402327
v 0.004548977 -0.039725792 -0.003313749
v 0.004590435 -0.039686419 -0.003364631
v 0.004573829 -0.039703127 -0.003333526
v 0.004000000 -0.036670711 -0.002536913
v 0.003767645 -0.036821190 -0.000755769
v 0.003672784 -0.036768265 -0.000751139
v 0.003967857 -0.036916967 -0.000947500
v 0.003967857 -0.036932886 -0.000765542
v 0.003895878 -0.036758460 -0.001145764
v 0.004071922 -0.036856677 -0.001154357
v 0.004000000 -0.036791053 -0.001161408
v 0.004134758 -0.036916967 -0.001114402
v 0.004213013 -0.037096072 -0.000779819
v 0.004240185 -0.037114158 -0.000781401
v 0.004490150 -0.037264626 -0.000977916
v 0.004507912 -0.037264626 -0.000995678
v 0.004490150 -0.037280545 -0.000795958
v 0.004619041 -0.037365846 -0.000986772
v 0.004619041 -0.037381768 -0.000804814
v 0.004732436 -0.037483480 -0.000813712
v 0.004299353 -0.037153542 -0.000784847
v 0.005544185 -0.041518733 -0.003462970
v 0.005749190 -0.042103257 -0.003614492
v 0.005580146 -0.041505031 -0.003469412
v 0.005638156 -0.041475944 -0.003559609
v 0.005631003 -0.041481875 -0.003521713
v 0.005610632 -0.041492090 -0.003490040
v 0.005205991 -0.037908249 -0.000850875
v 0.005608879 -0.038253710 -0.001064450
v 0.005608879 -0.038269632 -0.000882492
v 0.005699939 -0.038367763 -0.000891077
v 0.005713373 -0.038382240 -0.000892344
v 0.005715352 -0.038384374 -0.000892531
v 0.005871116 -0.038483988 -0.001141502
v 0.005871116 -0.038536318 -0.001089175
v 0.005871116 -0.038552236 -0.000907217
v 0.005898667 -0.038507648 -0.001155704
v 0.006114021 -0.038859189 -0.000934072
v 0.006117940 -0.038864139 -0.000934505
v 0.006124781 -0.038872786 -0.000935261
v 0.006300000 -0.051874816 -0.013001861
v 0.008300000 -0.056128442 -0.013374005
v 0.008300000 -0.052641761 -0.013068960
v 0.008300000 -0.052542143 -0.013060244
v 0.008130127 -0.050051656 -0.012842354
v 0.008800000 -0.052542143 -0.013060244
v 0.008800000 -0.047561169 -0.012624466
v 0.008300000 -0.056668807 -0.007197598
v 0.008300000 -0.056738533 -0.006400642
v 0.008300000 -0.056611098 -0.005237057
v 0.008300000 -0.053182125 -0.006892553
v 0.008300000 -0.053082507 -0.006883837
v 0.008300000 -0.056048080 -0.004210812
v 0.008300000 -0.055135194 -0.003478142
v 0.008300000 -0.054011416 -0.003150591
v 0.008300000 -0.053513318 -0.003107013
v 0.006472136 -0.048256941 -0.003550577
v 0.006260004 -0.048184387 -0.002163963
v 0.006307834 -0.048179880 -0.002182128
v 0.006303099 -0.048180323 -0.002180329
v 0.006320034 -0.048180215 -0.002187303
v 0.006472136 -0.048369151 -0.002267996
v 0.006472136 -0.048184387 -0.002251831
v 0.006510184 -0.048284020 -0.002260548
v 0.006260004 -0.047972254 -0.001951831
v 0.006260004 -0.047991399 -0.001733037
v 0.006413299 -0.047762848 -0.001713041
v 0.006440318 -0.047722567 -0.001709517
v 0.006450315 -0.047707662 -0.001708213
v 0.006608989 -0.047664084 -0.002118442
v 0.006719615 -0.047815420 -0.002219550
v 0.006787787 -0.047664084 -0.002192503
v 0.006608989 -0.047451951 -0.001906310
v 0.006608989 -0.047471095 -0.001687516
v 0.006743812 -0.047231264 -0.001666534
v 0.006775166 -0.047175493 -0.001661654
v 0.006782931 -0.047161680 -0.001660446
v 0.007032796 -0.047118105 -0.002119087
v 0.006915920 -0.047118105 -0.002070675
v 0.006915920 -0.046905972 -0.001858543
v 0.006915920 -0.046925113 -0.001639749
v 0.007031439 -0.046675488 -0.001617910
v 0.007063497 -0.046606213 -0.001611849
v 0.007069429 -0.046593394 -0.001610727
v 0.007129312 -0.046446465 -0.001799782
v 0.007129313 -0.046454132 -0.001712091
v 0.007129313 -0.046463989 -0.001599406
v 0.007178904 -0.046549819 -0.002020957
v 0.007286923 -0.046549819 -0.002065699
v 0.007170783 -0.046355236 -0.001810360
v 0.007237095 -0.046239834 -0.001857177
v 0.007178499 -0.046331175 -0.001587786
v 0.007308452 -0.045962729 -0.001757461
v 0.007298806 -0.046006307 -0.001559364
v 0.007294252 -0.046018604 -0.001560440
v 0.007308452 -0.045980260 -0.001557085
v 0.007396320 -0.045962729 -0.001969593
v 0.007377044 -0.045737974 -0.001535888
v 0.007471585 -0.045404036 -0.001506672
v 0.007468141 -0.045416202 -0.001507736
v 0.007825181 -0.045229517 -0.003285712
v 0.007548599 -0.045962729 -0.002032669
v 0.007478959 -0.045360457 -0.001704769
v 0.007566827 -0.045360457 -0.001916901
v 0.007478959 -0.045377988 -0.001504393
v 0.007713549 -0.045591503 -0.002024983
v 0.007778959 -0.045360457 -0.002004769
v 0.007789617 -0.045421302 -0.002010092
v 0.007528258 -0.045131087 -0.001482792
v 0.007593901 -0.044802330 -0.001454029
v 0.007596306 -0.044790290 -0.001452976
v 0.007601507 -0.044746712 -0.001651073
v 0.007601507 -0.044764243 -0.001450697
v 0.007631208 -0.044514254 -0.001428826
v 0.007689374 -0.044746712 -0.001863205
v 0.007825181 -0.045341726 -0.002003130
v 0.007825181 -0.045128968 -0.001984516
v 0.007825181 -0.044746712 -0.001919458
v 0.007763207 -0.044125285 -0.001808837
v 0.007675339 -0.044125285 -0.001596705
v 0.007670828 -0.044180781 -0.001399651
v 0.007672244 -0.044168863 -0.001398608
v 0.007675339 -0.044142816 -0.001396329
v 0.007685260 -0.043891273 -0.001374322
v 0.007787868 -0.043499999 -0.001754132
v 0.007700000 -0.043499999 -0.001542000
v 0.007698508 -0.043555379 -0.001344935
v 0.007698973 -0.043543577 -0.001343903
v 0.007700000 -0.043517530 -0.001341624
v 0.007731603 -0.043812640 -0.001675419
v 0.007675339 -0.042874716 -0.001487295
v 0.007763207 -0.042874716 -0.001699427
v 0.007825181 -0.044125285 -0.001834508
v 0.007825181 -0.043499999 -0.001769587
v 0.007825181 -0.042874716 -0.001725097
v 0.007690080 -0.043265987 -0.001319617
v 0.007676827 -0.042929977 -0.001290219
v 0.007676366 -0.042918295 -0.001289197
v 0.007675339 -0.042892247 -0.001286918
v 0.007645637 -0.042642254 -0.001265047
v 0.008800000 -0.053082507 -0.006883837
v 0.011300000 -0.056738533 -0.006400642
v 0.011300000 -0.056611098 -0.005237057
v 0.008800000 -0.053513318 -0.003107013
v 0.011300000 -0.056048080 -0.004210812
v 0.011300000 -0.055135194 -0.003478142
v 0.011300000 -0.054011416 -0.003150591
v 0.008419397 -0.036091562 -0.011621005
v 0.007335534 -0.034475617 -0.011479628
v 0.008300000 -0.033016726 -0.011351991
v 0.008300000 -0.032717869 -0.011325845
v 0.008300000 -0.029530045 -0.011046947
v 0.008800000 -0.037997700 -0.011787770
v 0.008800000 -0.033016726 -0.011351991
v 0.006608989 -0.039335918 -0.001389822
v 0.006618849 -0.039335918 -0.001393906
v 0.006656316 -0.039420106 -0.001397187
v 0.007308452 -0.041037273 -0.001326539
v 0.007377294 -0.041037273 -0.001492737
v 0.007426120 -0.041142534 -0.001547880
v 0.007119266 -0.040469989 -0.001327352
v 0.006260004 -0.039027743 -0.001132169
v 0.006260004 -0.039043661 -0.000950211
v 0.006485258 -0.039379496 -0.000979592
v 0.006481503 -0.039373897 -0.000979103
v 0.006493850 -0.039392307 -0.000980713
v 0.006803797 -0.039910499 -0.001026049
v 0.006819015 -0.039937571 -0.001028418
v 0.006812216 -0.039925475 -0.001027359
v 0.006608989 -0.039548051 -0.001177690
v 0.006608989 -0.039563969 -0.000995732
v 0.007220990 -0.040818628 -0.001105500
v 0.007308452 -0.041054804 -0.001126163
v 0.007410367 -0.041414790 -0.001157658
v 0.007315826 -0.041080847 -0.001128442
v 0.007319033 -0.041092176 -0.001129433
v 0.006915920 -0.040013380 -0.001306104
v 0.006915920 -0.040094029 -0.001225457
v 0.006915920 -0.040109947 -0.001043499
v 0.007129312 -0.040563367 -0.001171870
v 0.007129312 -0.040571067 -0.001083842
v 0.007100660 -0.040476169 -0.001277449
v 0.007129312 -0.040555149 -0.001265800
v 0.007093536 -0.040493760 -0.001077078
v 0.007082835 -0.040470634 -0.001075055
v 0.007098829 -0.040505197 -0.001078079
v 0.006472136 -0.038888164 -0.002730915
v 0.006260004 -0.038817946 -0.001341965
v 0.006263565 -0.038820919 -0.001344766
v 0.006472136 -0.039004941 -0.001396132
v 0.007825181 -0.041915588 -0.002995781
v 0.007601507 -0.042253286 -0.001432927
v 0.007689374 -0.042253286 -0.001645059
v 0.007478959 -0.041639544 -0.001379231
v 0.007566827 -0.041639544 -0.001591363
v 0.007649579 -0.041639544 -0.001625640
v 0.007825181 -0.042253286 -0.001701312
v 0.007825181 -0.042028934 -0.001700239
v 0.007605975 -0.042308431 -0.001235841
v 0.007604601 -0.042296864 -0.001234829
v 0.007601507 -0.042270817 -0.001232550
v 0.007552208 -0.042023920 -0.001210950
v 0.007486446 -0.041694570 -0.001182135
v 0.007484160 -0.041683123 -0.001181134
v 0.007478959 -0.041657075 -0.001178855
v 0.008300000 -0.033557091 -0.005175584
v 0.008300000 -0.033258233 -0.005149438
v 0.008300000 -0.030070409 -0.004870540
v 0.008300000 -0.033589426 -0.001363898
v 0.008800000 -0.033557091 -0.005175584
v 0.008800000 -0.033589426 -0.001363898
v 0.003800000 -0.009800000 -0.027100001
v 0.006300000 -0.009130127 -0.027100001
v 0.008300000 -0.010000000 -0.027500000
v 0.008130127 -0.007300000 -0.027100001
v 0.008800000 -0.010000000 -0.027500000
v 0.008800000 -0.004800000 -0.027100001
v 0.001251476 -0.007821253 0.000433242
v 0.001251476 -0.007689374 0.000487868
v 0.001251476 -0.007601507 0.000700000
v 0.001192791 -0.007608452 0.000900000
v 0.001251476 -0.007601507 0.000900000
v 0.001497911 -0.007552488 0.000900000
v 0.001559519 -0.007584167 0.000593934
v 0.001867563 -0.007621074 0.000465398
v 0.001867563 -0.007566827 0.000487868
v 0.001867563 -0.007478959 0.000700000
v 0.001867563 -0.007478959 0.000900000
v 0.002036527 -0.007431306 0.000900000
v 0.002109392 -0.007410756 0.000900000
v 0.002179314 -0.007391036 0.000900000
v 0.002472136 -0.007396320 0.000487868
v 0.002472136 -0.007424636 0.000476139
v 0.002472136 -0.007308452 0.000700000
v 0.002472136 -0.007308452 0.000900000
v 0.002707869 -0.007221486 0.000900000
v 0.002881177 -0.007157549 0.000900000
v 0.002953675 -0.007130803 0.000700000
v 0.002953675 -0.007130803 0.000791453
v 0.002953675 -0.007130803 0.000900000
v 0.002959642 -0.007128052 0.000900000
v 0.003061468 -0.007233151 0.000465398
v 0.003061468 -0.007178904 0.000487868
v 0.002500000 -0.004330127 -0.001400000
v 0.002949999 -0.005109549 -0.001400000
v 0.002969134 -0.005142691 -0.001407612
v 0.003000000 -0.005196152 -0.001500000
v 0.002996194 -0.005189560 -0.001461731
v 0.002985355 -0.005170787 -0.001429289
v 0.003408388 -0.004937903 -0.003800000
v 0.003366815 -0.004888358 -0.001500000
v 0.002500000 -0.004330127 -0.000900000
v 0.003077518 -0.007073711 0.000900000
v 0.003419792 -0.006915920 0.000700000
v 0.003419792 -0.006915920 0.000900000
v 0.003631924 -0.007047798 0.000433242
v 0.003631924 -0.006915920 0.000487868
v 0.003544483 -0.006846090 0.000900000
v 0.003589068 -0.006821121 0.000900000
v 0.003639018 -0.006793148 0.000900000
v 0.003800000 -0.009800000 -0.010000000
v 0.004519661 -0.003792446 -0.001400000
v 0.004548977 -0.003817045 -0.001407612
v 0.004596266 -0.003856726 -0.001500000
v 0.004590435 -0.003851833 -0.001461731
v 0.004573829 -0.003837899 -0.001429289
v 0.004000000 -0.006928203 -0.000900000
v 0.003967857 -0.006608989 0.000700000
v 0.003967857 -0.006608989 0.000900000
v 0.004000000 -0.006928203 0.000400000
v 0.003973274 -0.006936887 0.000400000
v 0.004018461 -0.006911581 0.000400000
v 0.004179989 -0.006766141 0.000422774
v 0.004179989 -0.006608989 0.000487868
v 0.004139584 -0.006494245 0.000900000
v 0.004176774 -0.006469395 0.000900000
v 0.004172672 -0.006472136 0.000900000
v 0.004490150 -0.006260004 0.000700000
v 0.004490150 -0.006260004 0.000900000
v 0.004702282 -0.006260004 0.000487868
v 0.004702282 -0.006295866 0.000473013
v 0.004687471 -0.006104448 0.000900000
v 0.004689123 -0.006103147 0.000900000
v 0.004714364 -0.006083248 0.000900000
v 0.004330127 -0.002500000 -0.001400000
v 0.004330127 -0.002500000 -0.000900000
v 0.005022283 -0.006007736 0.000487868
v 0.004983453 -0.005871116 0.000700000
v 0.004983453 -0.005871116 0.000900000
v 0.005174015 -0.005871116 0.000509438
v 0.005167961 -0.005700558 0.000900000
v 0.005195636 -0.005674975 0.000900000
v 0.005215239 -0.005656854 0.000900000
v 0.005540832 -0.005540832 0.000499919
v 0.005444722 -0.005444722 0.000700000
v 0.005444722 -0.005444722 0.000900000
v 0.005607271 -0.005481010 0.000487868
v 0.005657919 -0.005320153 0.000593934
v 0.005615280 -0.005260214 0.000900000
v 0.005659638 -0.005212228 0.000900000
v 0.005675023 -0.005195585 0.000900000
v 0.005871116 -0.005195585 0.000487868
v 0.005871116 -0.004983453 0.000700000
v 0.005871116 -0.004983453 0.000900000
v 0.005924268 -0.005195585 0.000465852
v 0.006026671 -0.004786131 0.000900000
v 0.006171626 -0.004948934 0.000443934
v 0.006080647 -0.004717664 0.000900000
v 0.006092772 -0.004702282 0.000900000
v 0.005312736 -0.002788339 -0.003800000
v 0.005238009 -0.002745195 -0.001500000
v 0.005544185 -0.002017919 -0.001400000
v 0.005580146 -0.002031007 -0.001407612
v 0.005638156 -0.002052121 -0.001500000
v 0.005631003 -0.002049517 -0.001461731
v 0.005610632 -0.002042103 -0.001429289
v 0.008300000 -0.017999999 0.000000000
v 0.011300000 -0.017999999 -0.000000000
v 0.006300000 -0.009130127 -0.010000000
v 0.008300000 -0.013300000 -0.010000000
v 0.008300000 -0.010000000 -0.010000000
v 0.008300000 -0.009800000 -0.010000000
v 0.008130127 -0.007300000 -0.010000000
v 0.008300000 -0.013300000 -0.003800000
v 0.008300000 -0.010000000 -0.003800000
v 0.008300000 -0.009800000 -0.003800000
v 0.008300000 -0.010000000 0.000000000
v 0.006472136 -0.004702282 -0.000900000
v 0.006260004 -0.004702282 0.000487868
v 0.006260004 -0.004490150 0.000700000
v 0.006260004 -0.004490150 0.000900000
v 0.006472136 -0.004702282 0.000400000
v 0.006434496 -0.004335069 0.000593934
v 0.006399598 -0.004281233 0.000900000
v 0.006457706 -0.004194267 0.000900000
v 0.006467247 -0.004179989 0.000900000
v 0.006608989 -0.004179989 0.000487868
v 0.006608989 -0.003967857 0.000700000
v 0.006608989 -0.003967857 0.000900000
v 0.006704676 -0.004179989 0.000448233
v 0.006731762 -0.003748631 0.000900000
v 0.006789675 -0.003645219 0.000900000
v 0.006797120 -0.003631924 0.000900000
v 0.006915920 -0.003631924 0.000487868
v 0.006948690 -0.003631924 0.000474294
v 0.006915920 -0.003419792 0.000700000
v 0.006915920 -0.003419792 0.000900000
v 0.007021114 -0.003191609 0.000900000
v 0.007075393 -0.003073869 0.000900000
v 0.007130803 -0.002953675 0.000700000
v 0.007081110 -0.003061468 0.000900000
v 0.007130803 -0.002953675 0.000791453
v 0.007130803 -0.002953675 0.000900000
v 0.007178904 -0.003061468 0.000487868
v 0.007202674 -0.003061468 0.000478022
v 0.007178003 -0.002825735 0.000900000
v 0.007308452 -0.002472136 0.000700000
v 0.007304040 -0.002484096 0.000900000
v 0.007308452 -0.002472136 0.000900000
v 0.007396320 -0.002472136 0.000487868
v 0.007465061 -0.002472136 0.000459395
v 0.007376655 -0.002230307 0.000900000
v 0.007566827 -0.001867563 0.000487868
v 0.007478959 -0.001867563 0.000700000
v 0.007475598 -0.001879482 0.000900000
v 0.007478959 -0.001867563 0.000900000
v 0.007734234 -0.001867563 0.000418526
v 0.007825181 -0.001663294 -0.000900000
v 0.007527978 -0.001621128 0.000900000
v 0.007601507 -0.001251476 0.000700000
v 0.007599143 -0.001263356 0.000900000
v 0.007601507 -0.001251476 0.000900000
v 0.007631040 -0.001001955 0.000900000
v 0.007734167 -0.001559519 0.000443934
v 0.007689374 -0.001251476 0.000487868
v 0.007763207 -0.000627673 0.000487868
v 0.007675339 -0.000627673 0.000700000
v 0.007673937 -0.000639515 0.000900000
v 0.007675339 -0.000627673 0.000900000
v 0.007787868 -0.000000000 0.000487868
v 0.007685204 -0.000376604 0.000900000
v 0.007700000 -0.000000000 0.000700000
v 0.007699537 -0.000011805 0.000900000
v 0.007700000 -0.000000000 0.000900000
v 0.007825181 -0.001663294 0.000400000
v 0.007815077 -0.001685988 0.000400000
v 0.007831444 -0.001603705 0.000400000
v 0.007868465 -0.001251476 0.000413686
v 0.007832357 -0.000939574 0.000443934
v 0.007940170 -0.000569247 0.000415518
v 0.007934029 -0.000627673 0.000417111
v 0.007885890 -0.000000000 0.000447266
v 0.008800000 -0.009800000 -0.010000000
v 0.008800000 -0.009800000 -0.003800000
v 0.008800000 -0.010000000 0.000000000
v 0.008800000 -0.004800000 -0.010000000
v 0.008300000 0.001615825 -0.081582472
v 0.008300000 0.000156563 -0.081051342
v 0.011300000 0.001615825 -0.081582472
v 0.011300000 0.000156563 -0.081051342
v 0.011300000 0.028548898 -0.094999999
v 0.011300000 0.029509276 -0.084022835
v 0.008300000 0.043142192 -0.047070403
v 0.008300000 0.046263259 -0.046852157
v 0.011300000 0.043142192 -0.047070403
v 0.011300000 0.046263259 -0.046852157
v -0.008000000 0.004800000 -0.029800000
v -0.008000000 0.004800000 -0.027100001
v -0.008669873 0.007300000 -0.029800000
v -0.008669873 0.007300000 -0.027100001
v -0.007700000 0.012708162 -0.017204253
v -0.007700000 0.012943482 -0.014514527
v -0.005200000 0.012040838 -0.017145870
v -0.005200000 0.012276159 -0.014456145
v -0.008000000 0.000000000 -0.000900000
v -0.008000000 0.000000000 0.000400000
v -0.007866585 0.000627673 0.000445048
v -0.007787868 0.000000000 0.000487868
v -0.007700000 0.000000000 0.000700000
v -0.007700000 0.000000000 0.000900000
v -0.007699537 0.000011805 0.000900000
v -0.007690136 0.000251069 0.000900000
v -0.007763207 0.000627673 0.000487868
v -0.007675339 0.000627673 0.000700000
v -0.007675339 0.000627673 0.000900000
v -0.007673937 0.000639515 0.000900000
v -0.007733991 0.001251476 0.000469387
v -0.007689374 0.001251476 0.000487868
v -0.007631040 0.001001955 0.000900000
v -0.007601507 0.001251476 0.000700000
v -0.007601507 0.001251476 0.000900000
v -0.007599143 0.001263356 0.000900000
v -0.007527978 0.001621128 0.000900000
v -0.007308363 0.003253893 -0.000900000
v -0.007603037 0.001867563 0.000472869
v -0.007566827 0.001867563 0.000487868
v -0.007478959 0.001867563 0.000700000
v -0.007478959 0.001867563 0.000900000
v -0.007475598 0.001879482 0.000900000
v -0.007474531 0.002472136 0.000455472
v -0.007396320 0.002472136 0.000487868
v -0.007376655 0.002230307 0.000900000
v -0.007308452 0.002472136 0.000700000
v -0.007308452 0.002472136 0.000900000
v -0.007304040 0.002484096 0.000900000
v -0.007349265 0.003061468 0.000417302
v -0.007243678 0.002766802 0.000593934
v -0.007308363 0.003253893 0.000400000
v -0.007313528 0.003229597 0.000400000
v -0.007291847 0.003276626 0.000400000
v -0.007178904 0.003061468 0.000487868
v -0.007178003 0.002825735 0.000900000
v -0.007130803 0.002953675 0.000700000
v -0.007130803 0.002953675 0.000791453
v -0.007130803 0.002953675 0.000900000
v -0.007081110 0.003061468 0.000900000
v -0.007075393 0.003073869 0.000900000
v -0.007021114 0.003191609 0.000900000
v -0.006915920 0.003419792 0.000700000
v -0.006915920 0.003419792 0.000900000
v -0.007033708 0.003631924 0.000439079
v -0.006915920 0.003631924 0.000487868
v -0.006797120 0.003631924 0.000900000
v -0.006789675 0.003645219 0.000900000
v -0.006731762 0.003748631 0.000900000
v -0.006608989 0.003967857 0.000700000
v -0.006608989 0.003967857 0.000900000
v -0.006635516 0.004179989 0.000476880
v -0.006608989 0.004179989 0.000487868
v -0.006000000 0.000000000 -0.003800000
v -0.006000000 0.000000000 -0.001500000
v -0.005992388 0.000000000 -0.001461731
v -0.005970710 0.000000000 -0.001429289
v -0.005938267 0.000000000 -0.001407612
v -0.005825651 0.001435894 -0.003800000
v -0.005899999 0.000000000 -0.001400000
v -0.005749190 0.001422412 -0.001500000
v -0.005638156 0.002052121 -0.001500000
v -0.005631003 0.002049517 -0.001461731
v -0.005610632 0.002042103 -0.001429289
v -0.005580146 0.002031007 -0.001407612
v -0.005544185 0.002017919 -0.001400000
v -0.006467247 0.004179989 0.000900000
v -0.006457706 0.004194267 0.000900000
v -0.006434496 0.004335069 0.000593934
v -0.006399598 0.004281233 0.000900000
v -0.006305300 0.004634492 0.000487868
v -0.006260004 0.004696836 0.000493314
v -0.006260004 0.004490150 0.000700000
v -0.006260004 0.004490150 0.000900000
v -0.006209529 0.004766310 0.000487868
v -0.006092772 0.004702282 0.000900000
v -0.006080647 0.004717664 0.000900000
v -0.006026671 0.004786131 0.000900000
v -0.005897642 0.005195585 0.000476880
v -0.005871116 0.005195585 0.000487868
v -0.005871116 0.004983453 0.000700000
v -0.005871116 0.004983453 0.000900000
v -0.005675023 0.005195585 0.000900000
v -0.005659638 0.005212228 0.000900000
v -0.005615280 0.005260214 0.000900000
v -0.005353045 0.005945159 -0.000900000
v -0.005602211 0.005602211 0.000443557
v -0.005546621 0.005546621 0.000487868
v -0.005444722 0.005444722 0.000700000
v -0.005444722 0.005444722 0.000900000
v -0.005426220 0.005763985 0.000443934
v -0.005369562 0.005922425 0.000400000
v -0.005353045 0.005945159 0.000400000
v -0.005331533 0.005957579 0.000400000
v -0.005000000 0.000000000 -0.001400000
v -0.004330127 0.002500000 -0.001400000
v -0.005000000 0.000000000 -0.000900000
v -0.004330127 0.002500000 -0.000900000
v -0.004491065 0.003978736 -0.003800000
v -0.004596266 0.003856726 -0.001500000
v -0.004590435 0.003851833 -0.001461731
v -0.004573829 0.003837899 -0.001429289
v -0.004519661 0.003792446 -0.001400000
v -0.004548977 0.003817045 -0.001407612
v -0.004474453 0.003958939 -0.001500000
v -0.005215239 0.005656854 0.000900000
v -0.005195636 0.005674975 0.000900000
v -0.005167961 0.005700558 0.000900000
v -0.005195585 0.005871116 0.000487868
v -0.005195585 0.006036068 0.000419542
v -0.004983453 0.005871116 0.000700000
v -0.004983453 0.005871116 0.000900000
v -0.004948934 0.006171626 0.000443934
v -0.004714364 0.006083248 0.000900000
v -0.004687471 0.006104448 0.000900000
v -0.004689123 0.006103147 0.000900000
v -0.004702282 0.006260004 0.000487868
v -0.004702282 0.006320877 0.000462654
v -0.004490150 0.006260004 0.000700000
v -0.004490150 0.006260004 0.000900000
v -0.004179989 0.006608989 0.000487868
v -0.004179989 0.006622423 0.000482303
v -0.004176774 0.006469395 0.000900000
v -0.004172672 0.006472136 0.000900000
v -0.004139584 0.006494245 0.000900000
v -0.003000000 0.005196152 -0.001500000
v -0.002996194 0.005189560 -0.001461731
v -0.002985355 0.005170787 -0.001429289
v -0.002969134 0.005142691 -0.001407612
v -0.002949999 0.005109549 -0.001400000
v -0.003967857 0.006608989 0.000700000
v -0.003967857 0.006608989 0.000900000
v -0.003631924 0.006915920 0.000487868
v -0.003631924 0.006938848 0.000478371
v -0.003639018 0.006793148 0.000900000
v -0.003589068 0.006821121 0.000900000
v -0.003544483 0.006846090 0.000900000
v -0.003419792 0.006915920 0.000700000
v -0.003419792 0.006915920 0.000900000
v -0.003077518 0.007073711 0.000900000
v -0.002500000 0.004330127 -0.001400000
v -0.002127629 0.005610098 -0.003800000
v -0.002096638 0.005524949 -0.001500000
v -0.002500000 0.004330127 -0.000900000
v -0.003061468 0.007178904 0.000487868
v -0.003061468 0.007268202 0.000450880
v -0.002953675 0.007130803 0.000700000
v -0.002953675 0.007130803 0.000791453
v -0.002959642 0.007128052 0.000900000
v -0.002953675 0.007130803 0.000900000
v -0.002881177 0.007157549 0.000900000
v -0.002472136 0.007608452 -0.000900000
v -0.002707869 0.007221486 0.000900000
v -0.002472136 0.007396320 0.000487868
v -0.002472136 0.007308452 0.000700000
v -0.002472136 0.007308452 0.000900000
v -0.002472136 0.007608452 0.000400000
v -0.002179314 0.007391036 0.000900000
v -0.002109392 0.007410756 0.000900000
v -0.002036527 0.007431306 0.000900000
v -0.001867563 0.007478959 0.000700000
v -0.001867563 0.007478959 0.000900000
v -0.001867563 0.007566827 0.000487868
v -0.001867563 0.007671996 0.000444306
v -0.001497911 0.007552488 0.000900000
v -0.001024524 0.005810365 -0.001400000
v -0.001031169 0.005848052 -0.001407612
v -0.001041889 0.005908846 -0.001500000
v -0.001040567 0.005901350 -0.001461731
v -0.001036803 0.005880002 -0.001429289
v 0.000000000 0.005000000 -0.001400000
v 0.000723220 0.005956253 -0.003800000
v 0.000723220 0.005908846 -0.001500000
v 0.001024524 0.005810365 -0.001400000
v 0.001031169 0.005848052 -0.001407612
v 0.001041889 0.005908846 -0.001500000
v 0.001040567 0.005901350 -0.001461731
v 0.001036803 0.005880002 -0.001429289
v 0.000000000 0.005000000 -0.000900000
v -0.001200000 0.009800000 -0.010000000
v -0.001200000 0.013300000 -0.010000000
v -0.001200000 0.009800000 -0.003800000
v -0.001251476 0.007736749 0.000468245
v -0.001251476 0.007689374 0.000487868
v -0.001251476 0.007601507 0.000700000
v -0.001251476 0.007601507 0.000900000
v -0.001192791 0.007608452 0.000900000
v -0.000877194 0.007645806 0.000900000
v -0.000627673 0.007802313 0.000471670
v -0.000627673 0.007763207 0.000487868
v -0.000627673 0.007675339 0.000700000
v -0.000627673 0.007675339 0.000900000
v -0.000251069 0.007690136 0.000900000
v -0.001200000 0.013300000 -0.003800000
v 0.000000000 0.007787868 0.000487868
v 0.000000000 0.007868284 0.000454559
v 0.000000000 0.007700000 0.000700000
v 0.000000000 0.007700000 0.000900000
v 0.000376604 0.007685204 0.000900000
v 0.000836228 0.007956175 -0.000900000
v 0.000627673 0.007763207 0.000487868
v 0.000627673 0.007934256 0.000417017
v 0.000627673 0.007675339 0.000700000
v 0.000627673 0.007675339 0.000900000
v 0.000811524 0.007953579 0.000400000
v 0.000836228 0.007956175 0.000400000
v 0.000862953 0.007947491 0.000400000
v 0.001001955 0.007631040 0.000900000
v -0.008669873 0.033781528 -0.031294536
v -0.008669873 0.034016848 -0.028604811
v -0.008000000 0.036272015 -0.031512424
v -0.008000000 0.036507335 -0.028822700
v -0.008000000 0.045835484 -0.032349121
v -0.008000000 0.046070807 -0.029659394
v -0.008669873 0.048325971 -0.032567009
v -0.008669873 0.048561290 -0.029877285
v -0.007700000 0.030898931 -0.018795740
v -0.007700000 0.031134250 -0.016106013
v -0.005200000 0.031566255 -0.018854123
v -0.005200000 0.031801574 -0.016164396
v -0.007218206 0.040556308 -0.001496592
v -0.007608452 0.041109823 -0.002925285
v -0.007608452 0.041223932 -0.001620981
v -0.007652021 0.041639544 -0.001626651
v -0.007566827 0.041639544 -0.001591363
v -0.007716553 0.042253286 -0.001656317
v -0.007689374 0.042253286 -0.001645059
v -0.007584167 0.041946415 -0.001512145
v -0.007601507 0.042253286 -0.001432927
v -0.007499094 0.041037273 -0.001581241
v -0.007396320 0.041037273 -0.001538671
v -0.007478959 0.041639544 -0.001379231
v -0.007308452 0.041037273 -0.001326539
v -0.007157878 0.040457167 -0.001430914
v -0.007142552 0.040431414 -0.001420647
v -0.007552208 0.042023920 -0.001210950
v -0.007601507 0.042270817 -0.001232550
v -0.007605975 0.042308431 -0.001235841
v -0.007604601 0.042296864 -0.001234829
v -0.007478959 0.041657075 -0.001178855
v -0.007410367 0.041414790 -0.001157658
v -0.007308452 0.041054804 -0.001126163
v -0.007319033 0.041092176 -0.001129433
v -0.007315826 0.041080847 -0.001128442
v -0.007220990 0.040818628 -0.001105500
v -0.007486446 0.041694570 -0.001182135
v -0.007484160 0.041683123 -0.001181134
v -0.007129312 0.040555149 -0.001265800
v -0.007109033 0.040473387 -0.001299907
v -0.007129312 0.040563367 -0.001171870
v -0.007129312 0.040571067 -0.001083842
v -0.007100660 0.040476169 -0.001277449
v -0.007098829 0.040505197 -0.001078079
v -0.007093536 0.040493760 -0.001077078
v -0.007082835 0.040470634 -0.001075055
v -0.006915920 0.040050663 -0.001268824
v -0.006915920 0.040094029 -0.001225457
v -0.006915920 0.040109947 -0.001043499
v -0.006608989 0.039548051 -0.001177690
v -0.006608989 0.039522771 -0.001202968
v -0.006608989 0.039563969 -0.000995732
v -0.006812216 0.039925475 -0.001027359
v -0.006819015 0.039937571 -0.001028418
v -0.006803797 0.039910499 -0.001026049
v -0.005825651 0.041889369 -0.005904564
v -0.004491065 0.039356202 -0.005682941
v -0.005945159 0.038239878 -0.002674198
v -0.005945159 0.038358018 -0.001323847
v -0.006070829 0.038576555 -0.001323386
v -0.006260004 0.038912077 -0.001247833
v -0.006124781 0.038872786 -0.000935261
v -0.006117940 0.038864139 -0.000934505
v -0.006114021 0.038859189 -0.000934072
v -0.005897370 0.038324185 -0.001312182
v -0.005871116 0.038324185 -0.001301307
v -0.005871116 0.038536318 -0.001089175
v -0.005820089 0.038269196 -0.001296496
v -0.005871116 0.038552236 -0.000907217
v -0.005657919 0.038200494 -0.001175140
v -0.005715352 0.038384374 -0.000892531
v -0.005713373 0.038382240 -0.000892344
v -0.005699939 0.038367763 -0.000891077
v -0.005444722 0.038076803 -0.001048972
v -0.005444722 0.038011361 -0.001114412
v -0.005444722 0.038092721 -0.000867014
v -0.005348525 0.037943713 -0.001085725
v -0.005276218 0.037937552 -0.000853439
v -0.005772484 0.042109106 -0.003615003
v -0.005908846 0.042482331 -0.003647656
v -0.005901350 0.042486984 -0.003609648
v -0.005880002 0.042493563 -0.003577658
v -0.005848052 0.042501066 -0.003556554
v -0.005810365 0.042508349 -0.003549550
v -0.006493850 0.039392307 -0.000980713
v -0.006485258 0.039379496 -0.000979592
v -0.006481503 0.039373897 -0.000979103
v -0.006260004 0.039027743 -0.001132169
v -0.006260004 0.039043661 -0.000950211
v -0.005144044 0.037799917 -0.001024748
v -0.005261214 0.037923735 -0.000852230
v -0.005244397 0.037908249 -0.000850875
v -0.005144042 0.037815835 -0.000842790
v -0.004684848 0.037483480 -0.000813712
v -0.004149590 0.037096072 -0.000779819
v -0.005196152 0.040531673 -0.003476996
v -0.005189560 0.040538799 -0.003439205
v -0.005170787 0.040552426 -0.003407830
v -0.005142691 0.040570475 -0.003387649
v -0.005109549 0.040590201 -0.003381734
v -0.004422894 0.039613646 -0.003396679
v -0.004330127 0.041038487 -0.003420954
v -0.004330127 0.041082066 -0.002922857
v -0.007848214 0.043499999 -0.001779128
v -0.007914531 0.044125285 -0.001871518
v -0.007956175 0.044405598 -0.003213628
v -0.007956175 0.044517808 -0.001931047
v -0.007943254 0.044395339 -0.001920332
v -0.007912961 0.044650301 -0.001942639
v -0.007832357 0.044436000 -0.001879955
v -0.007881748 0.044746712 -0.001942889
v -0.007782086 0.042874716 -0.001707247
v -0.007763207 0.042874716 -0.001699427
v -0.007675339 0.042874716 -0.001487295
v -0.007731603 0.043187357 -0.001620713
v -0.007787868 0.043499999 -0.001754132
v -0.007700000 0.043499999 -0.001542000
v -0.007700000 0.043517530 -0.001341624
v -0.007698973 0.043543577 -0.001343903
v -0.007698508 0.043555379 -0.001344935
v -0.007690080 0.043769073 -0.001363631
v -0.007763207 0.044125285 -0.001808837
v -0.007675339 0.044125285 -0.001596705
v -0.007675339 0.044142816 -0.001396329
v -0.007672244 0.044168863 -0.001398608
v -0.007670828 0.044180781 -0.001399651
v -0.007689374 0.044746712 -0.001863205
v -0.007631208 0.044514254 -0.001428826
v -0.007601507 0.044746712 -0.001651073
v -0.007601507 0.044764243 -0.001450697
v -0.007596306 0.044790290 -0.001452976
v -0.007593901 0.044802330 -0.001454029
v -0.007528258 0.045131087 -0.001482792
v -0.007682468 0.045360457 -0.001964801
v -0.007566827 0.045360457 -0.001916901
v -0.007478959 0.045360457 -0.001704769
v -0.007478959 0.045377988 -0.001504393
v -0.007468141 0.045416202 -0.001507736
v -0.007471585 0.045404036 -0.001506672
v -0.007486331 0.045962729 -0.002006877
v -0.007396320 0.045962729 -0.001969593
v -0.007377044 0.045737974 -0.001535888
v -0.007308452 0.045962729 -0.001757461
v -0.007308452 0.045980260 -0.001557085
v -0.007298806 0.046006307 -0.001559364
v -0.007294252 0.046018604 -0.001560440
v -0.007675339 0.042892247 -0.001286918
v -0.007676827 0.042929977 -0.001290219
v -0.007676366 0.042918295 -0.001289197
v -0.007685260 0.043143786 -0.001308925
v -0.007645637 0.042642254 -0.001265047
v -0.007243678 0.046256274 -0.001889209
v -0.007275617 0.046607573 -0.002077139
v -0.007294544 0.046549819 -0.002068856
v -0.006928203 0.047557328 -0.003489369
v -0.007171447 0.046371136 -0.001827568
v -0.007170783 0.046355236 -0.001810360
v -0.007170864 0.046357181 -0.001812463
v -0.007129312 0.046446465 -0.001799782
v -0.007129313 0.046454132 -0.001712091
v -0.007178499 0.046331175 -0.001587786
v -0.007129313 0.046463989 -0.001599406
v -0.007178904 0.046549819 -0.002020957
v -0.007069429 0.046593394 -0.001610727
v -0.007063497 0.046606213 -0.001611849
v -0.007031439 0.046675488 -0.001617910
v -0.006915920 0.046905972 -0.001858543
v -0.006915920 0.046925113 -0.001639749
v -0.007108292 0.047118105 -0.002150358
v -0.007080431 0.047202814 -0.002165955
v -0.006928203 0.047669541 -0.002206788
v -0.006915920 0.047118105 -0.002070675
v -0.006850583 0.047755420 -0.002214301
v -0.006821121 0.047664084 -0.002206310
v -0.006608989 0.047664084 -0.002118442
v -0.006775166 0.047175493 -0.001661654
v -0.006782931 0.047161680 -0.001660446
v -0.006743812 0.047231264 -0.001666534
v -0.006608989 0.047451951 -0.001906310
v -0.006608989 0.047471095 -0.001687516
v -0.005825651 0.044750229 -0.006154857
v -0.004491065 0.047283396 -0.006376481
v -0.005908846 0.044558182 -0.003829270
v -0.005901350 0.044560201 -0.003791031
v -0.005880002 0.044559278 -0.003758384
v -0.005848052 0.044555556 -0.003736299
v -0.005810365 0.044549599 -0.003728137
v -0.005772484 0.044931408 -0.003861923
v -0.006434496 0.047818169 -0.002035137
v -0.006450315 0.047707662 -0.001708213
v -0.006440318 0.047722567 -0.001709517
v -0.006413299 0.047762848 -0.001713041
v -0.006498818 0.048144605 -0.002248351
v -0.006463370 0.048184145 -0.002248112
v -0.006307834 0.048179880 -0.002182128
v -0.006260004 0.048184387 -0.002163963
v -0.006260004 0.047972254 -0.001951831
v -0.006260004 0.047991399 -0.001733037
v -0.006083248 0.048463680 -0.002206957
v -0.006083248 0.048606358 -0.002266056
v -0.006065560 0.048324034 -0.002079394
v -0.006072796 0.048227966 -0.001753734
v -0.006060032 0.048244096 -0.001755145
v -0.006041939 0.048266958 -0.001757145
v -0.005890057 0.048651878 -0.002204863
v -0.005763985 0.048693437 -0.002120992
v -0.005871116 0.048463680 -0.001994825
v -0.005871116 0.048482824 -0.001776031
v -0.005651599 0.048719391 -0.001796728
v -0.005635331 0.048736922 -0.001798262
v -0.005632020 0.048740491 -0.001798574
v -0.005656854 0.048923194 -0.002247160
v -0.005656854 0.049077775 -0.002311189
v -0.005485630 0.049266342 -0.002337778
v -0.005320153 0.049135581 -0.002159675
v -0.005337826 0.049429111 -0.002360730
v -0.005444722 0.048923194 -0.002035028
v -0.005444722 0.048942339 -0.001816233
v -0.005000000 0.043528974 -0.003638844
v -0.005000000 0.043572553 -0.003140746
v -0.004330127 0.046019461 -0.003856733
v -0.004330127 0.046063039 -0.003358636
v -0.005196152 0.046508841 -0.003999930
v -0.005189560 0.046508387 -0.003961476
v -0.005170787 0.046500415 -0.003928212
v -0.005142691 0.046486143 -0.003905203
v -0.005109549 0.046467748 -0.003895953
v -0.005195585 0.049347967 -0.002284322
v -0.005195585 0.049560100 -0.002372190
v -0.005205357 0.049575675 -0.002373553
v -0.005186070 0.049180526 -0.001837072
v -0.005187828 0.049178906 -0.001836930
v -0.005167007 0.049198080 -0.001838608
v -0.004983453 0.049347967 -0.002072190
v -0.004983453 0.049367111 -0.001853396
v -0.004706838 0.049584344 -0.001872401
v -0.004682221 0.049603678 -0.001874093
v -0.004655293 0.049624827 -0.001875943
v -0.004422894 0.047426868 -0.004080247
v -0.004702282 0.050020058 -0.003704830
v -0.004948934 0.049647737 -0.002345203
v -0.004777085 0.050049510 -0.002415008
v -0.004702282 0.049735375 -0.002318216
v -0.004702282 0.049947508 -0.002406084
v -0.004702282 0.050132271 -0.002422249
v -0.004490150 0.049735375 -0.002106084
v -0.004441136 0.050015271 -0.002377358
v -0.004490150 0.049754519 -0.001887290
v -0.004179989 0.050083030 -0.002348632
v -0.004179989 0.050295163 -0.002436500
v -0.004222472 0.050345082 -0.002440867
v -0.004197279 0.049949463 -0.001904345
v -0.004134746 0.049991086 -0.001907987
v -0.004099289 0.050014686 -0.001910052
v -0.001200000 0.029530045 -0.011046947
v -0.001200000 0.033016726 -0.011351991
v -0.002127629 0.037731051 -0.005540758
v -0.003856726 0.038941480 -0.003337872
v -0.003851833 0.038950626 -0.003300257
v -0.003837899 0.038969997 -0.003269385
v -0.003817045 0.038996644 -0.003249957
v -0.003253893 0.036291998 -0.002503780
v -0.003777048 0.036810514 -0.000938187
v -0.003767645 0.036821190 -0.000755769
v -0.003777050 0.036826435 -0.000756229
v -0.003672784 0.036768265 -0.000751139
v -0.003637200 0.036748413 -0.000749402
v -0.003512831 0.036611203 -0.001013788
v -0.003419792 0.036611203 -0.000920749
v -0.003419792 0.036627121 -0.000738791
v -0.003345163 0.036479507 -0.001121359
v -0.003253893 0.036412351 -0.001128148
v -0.003211401 0.036531419 -0.000730418
v -0.003156344 0.036392793 -0.001113773
v -0.003066313 0.036464788 -0.000724588
v -0.002770646 0.036330208 -0.000888477
v -0.002770644 0.036345460 -0.000714149
v -0.002989543 0.036367096 -0.001000675
v -0.003018107 0.036442649 -0.000722652
v -0.002950049 0.036396142 -0.000894246
v -0.002950049 0.036404379 -0.000800076
v -0.002923827 0.036383431 -0.000900821
v -0.002950049 0.036411393 -0.000719917
v -0.002855208 0.036376536 -0.000716868
v -0.003792446 0.039026510 -0.003244929
v -0.002120902 0.037943117 -0.003250526
v -0.002052121 0.037903555 -0.003247065
v -0.002049517 0.037914019 -0.003209566
v -0.002017919 0.038005885 -0.003155636
v -0.002042103 0.037937138 -0.003179022
v -0.002031007 0.037969399 -0.003160084
v -0.001992399 0.036180668 -0.000699731
v -0.002500000 0.039215323 -0.003261448
v -0.002500000 0.039258901 -0.002763351
v -0.001200000 0.030070409 -0.004870540
v -0.001200000 0.033557091 -0.005175584
v 0.000000000 0.037342630 -0.005506776
v 0.000723220 0.037386212 -0.005510589
v -0.000969537 0.035964079 -0.000680782
v -0.000503518 0.035850149 -0.000846478
v -0.000503520 0.035865400 -0.000672149
v -0.000407994 0.035861664 -0.000671822
v -0.000276254 0.035856504 -0.000671370
v 0.000000000 0.035602994 -0.002443500
v 0.000000000 0.037543088 -0.003215529
v 0.000000000 0.037554007 -0.003178069
v 0.000000000 0.037651427 -0.003124625
v 0.000000000 0.037578430 -0.003147639
v 0.000000000 0.037612639 -0.003128872
v 0.000000000 0.038548000 -0.003203065
v 0.000000000 0.038591579 -0.002704968
v 0.000708893 0.037667610 -0.003226423
v -0.000105023 0.035746682 -0.001057245
v -0.000000000 0.035742573 -0.001056886
v -0.000000000 0.035723619 -0.001064736
v 0.000105023 0.035746682 -0.001057245
v -0.000000000 0.035830442 -0.000844754
v -0.000000000 0.035845693 -0.000670424
v 0.000219679 0.035854291 -0.000671177
v 0.000503518 0.035850149 -0.000846478
v 0.000503520 0.035865400 -0.000672149
v 0.000969537 0.035964079 -0.000680782
v -0.001200000 0.052542143 -0.013060244
v -0.001200000 0.056028824 -0.013365289
v -0.002127629 0.048908550 -0.006518663
v -0.003856726 0.048099034 -0.004139054
v -0.003851833 0.048096560 -0.004100423
v -0.003837899 0.048082843 -0.004066656
v -0.003817045 0.048059978 -0.004042896
v -0.003792446 0.048031434 -0.004032758
v -0.002500000 0.047842622 -0.004016239
v -0.002500000 0.047886200 -0.003518142
v -0.002120902 0.049097400 -0.004226400
v -0.002052121 0.049136959 -0.004229861
v -0.002049517 0.049133167 -0.004191114
v -0.002042103 0.049115703 -0.004157020
v -0.002017919 0.049052060 -0.004122051
v -0.002031007 0.049087223 -0.004132768
v -0.003967857 0.050083030 -0.002136500
v -0.003967857 0.050102174 -0.001917706
v -0.003631924 0.050388794 -0.002375383
v -0.003419792 0.050388794 -0.002163251
v -0.003660535 0.050273627 -0.001932706
v -0.003543822 0.050338741 -0.001938403
v -0.003495823 0.050365519 -0.001940746
v -0.003419792 0.050407939 -0.001944457
v -0.003631924 0.050600927 -0.002463251
v -0.003636078 0.050605170 -0.002463622
v -0.003244926 0.050778657 -0.002478800
v -0.003061468 0.050860107 -0.002485010
v -0.003061468 0.050650779 -0.002398304
v -0.003099914 0.050554842 -0.001957309
v -0.003023529 0.050876856 -0.002487391
v -0.002995802 0.050587047 -0.002188283
v -0.002950042 0.050604530 -0.002182125
v -0.002950042 0.050612222 -0.002094193
v -0.002950042 0.050623674 -0.001963331
v -0.002893355 0.050644506 -0.001965154
v -0.002805321 0.050676860 -0.001967984
v -0.002740032 0.050700855 -0.001970083
v -0.002472136 0.050867368 -0.002417253
v -0.002472136 0.050779499 -0.002205121
v -0.002506003 0.051106397 -0.002507474
v -0.002472136 0.051079500 -0.002505121
v -0.002472136 0.050799310 -0.001978697
v -0.002142388 0.050891954 -0.001986803
v -0.002090651 0.050906491 -0.001988074
v -0.001663294 0.051367953 -0.003822756
v -0.001988877 0.051335759 -0.002527540
v -0.001867563 0.050949357 -0.002219981
v -0.001867563 0.051249359 -0.002519981
v -0.001867563 0.051037226 -0.002432113
v -0.001933514 0.050950639 -0.001991937
v -0.001867563 0.050969169 -0.001993558
v -0.001531535 0.051035754 -0.001999383
v -0.001663294 0.051480167 -0.002540174
v 0.000723220 0.049253386 -0.006548833
v 0.000000000 0.048509948 -0.004074622
v 0.000000000 0.048553523 -0.003576525
v 0.000000000 0.049406521 -0.004153062
v 0.000000000 0.049497426 -0.004261397
v 0.000000000 0.049493179 -0.004222611
v 0.000000000 0.049474411 -0.004188403
v 0.000000000 0.049443979 -0.004163980
v 0.000708893 0.049372904 -0.004250503
v -0.001200000 0.053082507 -0.006883837
v -0.001200000 0.056569189 -0.007188882
v -0.001251476 0.051371440 -0.002530662
v -0.001251476 0.051159307 -0.002442794
v -0.001251476 0.051071439 -0.002230662
v -0.001251476 0.051091250 -0.002004239
v -0.000981504 0.051123079 -0.002007023
v -0.000911239 0.051131364 -0.002007748
v -0.001419629 0.051480167 -0.002540174
v -0.000627673 0.051144987 -0.002237097
v -0.000627673 0.051232856 -0.002449229
v -0.000627673 0.051164798 -0.002010673
v -0.000285326 0.051178198 -0.002011846
v -0.000686835 0.051480167 -0.002540175
v -0.000627673 0.051444989 -0.002537097
v 0.000000000 0.051169556 -0.002239246
v 0.000000000 0.051257424 -0.002451378
v 0.000000000 0.051189367 -0.002012823
v 0.000313836 0.051351208 -0.002494238
v 0.000342347 0.051175967 -0.002011650
v -0.000019150 0.051480167 -0.002540175
v 0.000000000 0.051469557 -0.002539246
v 0.000019150 0.051480167 -0.002540175
v 0.000627673 0.051144987 -0.002237097
v 0.000627673 0.051232856 -0.002449229
v 0.000627673 0.051164798 -0.002010673
v 0.000967909 0.051124685 -0.002007164
v 0.000981518 0.051123079 -0.002007023
v 0.000627673 0.051444989 -0.002537097
v 0.000686835 0.051480167 -0.002540175
v 0.005800000 0.010105981 -0.039261393
v 0.003800000 0.009800000 -0.027100001
v 0.005713417 0.009419397 -0.027100001
v 0.008300000 0.001677692 -0.046454191
v 0.008300000 0.002005244 -0.045330409
v 0.008300000 0.002737914 -0.044417523
v 0.008300000 0.003764159 -0.043854505
v 0.008300000 0.004927744 -0.043727074
v 0.008300000 0.009271571 -0.044107109
v 0.007300000 0.010506375 -0.039296422
v 0.008398077 0.011600273 -0.039392125
v 0.011300000 0.001677692 -0.046454191
v 0.011300000 0.002005244 -0.045330409
v 0.011300000 0.002737914 -0.044417523
v 0.011300000 0.003764159 -0.043854505
v 0.011300000 0.004927744 -0.043727074
v 0.008800000 0.009271571 -0.044107109
v 0.008800000 0.013094565 -0.039522860
v 0.008419397 0.006713417 -0.027100001
v 0.007335534 0.008335534 -0.027100001
v 0.008300000 0.010000000 -0.027500000
v 0.008800000 0.004800000 -0.027100001
v 0.008800000 0.010000000 -0.027500000
v 0.008398077 0.028137105 -0.040838912
v 0.008800000 0.026642812 -0.040708177
v 0.004500000 0.012066985 -0.016847011
v 0.005800000 0.012066985 -0.016847011
v 0.004500000 0.012276159 -0.014456145
v 0.002500000 0.004330127 -0.001400000
v 0.002949999 0.005109549 -0.001400000
v 0.002969134 0.005142691 -0.001407612
v 0.003000000 0.005196152 -0.001500000
v 0.002996194 0.005189560 -0.001461731
v 0.002985355 0.005170787 -0.001429289
v 0.003408388 0.004937903 -0.003800000
v 0.003366815 0.004888358 -0.001500000
v 0.002500000 0.004330127 -0.000900000
v 0.003191609 0.007021114 0.000900000
v 0.003419792 0.006915920 0.000700000
v 0.003419792 0.006915920 0.000900000
v 0.003631924 0.006915920 0.000487868
v 0.003631924 0.007047798 0.000433242
v 0.003589068 0.006821121 0.000900000
v 0.003627808 0.006799426 0.000900000
v 0.001251476 0.007689374 0.000487868
v 0.001251476 0.007821253 0.000433242
v 0.001251476 0.007601507 0.000700000
v 0.001192791 0.007608452 0.000900000
v 0.001251476 0.007601507 0.000900000
v 0.001423657 0.007567258 0.000900000
v 0.001621128 0.007527978 0.000900000
v 0.001867563 0.007478959 0.000700000
v 0.001867563 0.007478959 0.000900000
v 0.001867563 0.007621074 0.000465398
v 0.001867563 0.007566827 0.000487868
v 0.002179314 0.007391036 0.000900000
v 0.002230307 0.007376655 0.000900000
v 0.002287182 0.007360615 0.000900000
v 0.002472136 0.007396320 0.000487868
v 0.002472136 0.007424636 0.000476139
v 0.002472136 0.007308452 0.000700000
v 0.002472136 0.007308452 0.000900000
v 0.002825735 0.007178003 0.000900000
v 0.002953675 0.007130803 0.000700000
v 0.002953675 0.007130803 0.000791453
v 0.002953675 0.007130803 0.000900000
v 0.002959642 0.007128052 0.000900000
v 0.003012439 0.007103713 0.000900000
v 0.003061468 0.007178904 0.000487868
v 0.003061468 0.007233151 0.000465398
v 0.004330127 0.002500000 -0.001400000
v 0.004330127 0.002500000 -0.000900000
v 0.004519661 0.003792446 -0.001400000
v 0.004548977 0.003817045 -0.001407612
v 0.004596266 0.003856726 -0.001500000
v 0.004590435 0.003851833 -0.001461731
v 0.004573829 0.003837899 -0.001429289
v 0.004000000 0.006928203 -0.000900000
v 0.003748631 0.006731762 0.000900000
v 0.003967857 0.006608989 0.000700000
v 0.003967857 0.006608989 0.000900000
v 0.004000000 0.006928203 0.000400000
v 0.003973274 0.006936887 0.000400000
v 0.004018461 0.006911581 0.000400000
v 0.004179989 0.006608989 0.000487868
v 0.004172672 0.006472136 0.000900000
v 0.004202085 0.006452483 0.000900000
v 0.004281233 0.006399598 0.000900000
v 0.004179989 0.006766141 0.000422774
v 0.004490150 0.006260004 0.000700000
v 0.004490150 0.006260004 0.000900000
v 0.004714364 0.006083248 0.000900000
v 0.004737210 0.006065238 0.000900000
v 0.004786131 0.006026671 0.000900000
v 0.004702282 0.006260004 0.000487868
v 0.004702282 0.006295866 0.000473013
v 0.005000000 0.000000000 -0.001400000
v 0.005312736 0.002788339 -0.003800000
v 0.005238009 0.002745195 -0.001500000
v 0.005544185 0.002017919 -0.001400000
v 0.006000000 0.000000000 -0.003800000
v 0.005899999 0.000000000 -0.001400000
v 0.005938267 0.000000000 -0.001407612
v 0.006000000 0.000000000 -0.001500000
v 0.005992388 0.000000000 -0.001461731
v 0.005970710 0.000000000 -0.001429289
v 0.005580146 0.002031007 -0.001407612
v 0.005638156 0.002052121 -0.001500000
v 0.005631003 0.002049517 -0.001461731
v 0.005610632 0.002042103 -0.001429289
v 0.005000000 0.000000000 -0.000900000
v 0.005022283 0.006007736 0.000487868
v 0.004983453 0.005871116 0.000700000
v 0.004983453 0.005871116 0.000900000
v 0.005233244 0.005640211 0.000900000
v 0.005215239 0.005656854 0.000900000
v 0.005174015 0.005871116 0.000509438
v 0.005260214 0.005615280 0.000900000
v 0.005540832 0.005540832 0.000499919
v 0.005444722 0.005444722 0.000700000
v 0.005444722 0.005444722 0.000900000
v 0.005675023 0.005195585 0.000900000
v 0.005689329 0.005180107 0.000900000
v 0.005700558 0.005167961 0.000900000
v 0.005871116 0.005195585 0.000487868
v 0.005871116 0.004983453 0.000700000
v 0.005871116 0.004983453 0.000900000
v 0.005924268 0.005195585 0.000465852
v 0.006092772 0.004702282 0.000900000
v 0.006104448 0.004687471 0.000900000
v 0.006104170 0.004687825 0.000900000
v 0.005607271 0.005481010 0.000487868
v 0.003800000 0.009800000 -0.010000000
v 0.005713417 0.009419397 -0.010000000
v 0.007300000 0.012467379 -0.016882041
v 0.008300000 0.011668354 -0.016711755
v 0.008398077 0.013561277 -0.016977746
v 0.008800000 0.011668354 -0.016711755
v 0.008419397 0.006713417 -0.010000000
v 0.006915920 0.003419792 0.000700000
v 0.006915920 0.003419792 0.000900000
v 0.007073711 0.003077518 0.000900000
v 0.007130803 0.002953675 0.000700000
v 0.007081110 0.003061468 0.000900000
v 0.007086624 0.003049507 0.000900000
v 0.007130803 0.002953675 0.000791453
v 0.007130803 0.002953675 0.000900000
v 0.007308452 0.002472136 0.000700000
v 0.007311740 0.002460478 0.000900000
v 0.007308452 0.002472136 0.000900000
v 0.007410756 0.002109392 0.000900000
v 0.007396320 0.002472136 0.000487868
v 0.007465061 0.002472136 0.000459395
v 0.007178904 0.003061468 0.000487868
v 0.007202674 0.003061468 0.000478022
v 0.007221486 0.002707869 0.000900000
v 0.006472136 0.004702282 -0.000900000
v 0.006469395 0.004176774 0.000900000
v 0.006467247 0.004179989 0.000900000
v 0.006476299 0.004166441 0.000900000
v 0.006260004 0.004702282 0.000487868
v 0.006260004 0.004490150 0.000700000
v 0.006260004 0.004490150 0.000900000
v 0.006472136 0.004702282 0.000400000
v 0.006608989 0.003967857 0.000700000
v 0.006608989 0.003967857 0.000900000
v 0.006608989 0.004179989 0.000487868
v 0.006793148 0.003639018 0.000900000
v 0.006797120 0.003631924 0.000900000
v 0.006804246 0.003619202 0.000900000
v 0.006704676 0.004179989 0.000448233
v 0.006915920 0.003631924 0.000487868
v 0.006948690 0.003631924 0.000474294
v 0.007825181 0.001663294 -0.000900000
v 0.007690136 0.000251069 0.000900000
v 0.007763207 0.000627673 0.000487868
v 0.007675339 0.000627673 0.000700000
v 0.007675801 0.000615904 0.000900000
v 0.007675339 0.000627673 0.000900000
v 0.007645806 0.000877194 0.000900000
v 0.007601507 0.001251476 0.000700000
v 0.007602895 0.001239743 0.000900000
v 0.007601507 0.001251476 0.000900000
v 0.007552488 0.001497911 0.000900000
v 0.007689374 0.001251476 0.000487868
v 0.007825181 0.000603106 0.000462597
v 0.007825181 0.000627673 0.000462197
v 0.007825181 0.001251476 0.000431615
v 0.007825181 0.001635191 0.000400000
v 0.007825181 0.001663294 0.000400000
v 0.007815077 0.001685988 0.000400000
v 0.007566827 0.001867563 0.000487868
v 0.007478959 0.001867563 0.000700000
v 0.007481286 0.001855867 0.000900000
v 0.007478959 0.001867563 0.000900000
v 0.007734234 0.001867563 0.000418526
v 0.007335534 0.008335534 -0.010000000
v 0.008300000 0.009800000 -0.010000000
v 0.008300000 0.010000000 -0.010000000
v 0.008300000 0.013300000 -0.010000000
v 0.008300000 0.009800000 -0.003800000
v 0.008300000 0.010000000 -0.003800000
v 0.008300000 0.010000000 0.000000000
v 0.008300000 0.013300000 -0.003800000
v 0.008800000 0.004800000 -0.010000000
v 0.008800000 0.009800000 -0.010000000
v 0.008800000 0.009800000 -0.003800000
v 0.008800000 0.010000000 0.000000000
v 0.008800000 0.015055569 -0.017108480
v 0.008300000 0.017999999 0.000000000
v 0.011300000 0.017999999 0.000000000
v 0.005800000 0.029631397 -0.040969644
v 0.003800000 0.031526361 -0.028386921
v 0.005713417 0.031905517 -0.028420093
v 0.003800000 0.051051777 -0.030095173
v 0.005713417 0.050672624 -0.030062001
v 0.007300000 0.029231003 -0.040934615
v 0.008300000 0.029693563 -0.045893800
v 0.008300000 0.030800000 -0.039974015
v 0.008300000 0.030433975 -0.039607991
v 0.008300000 0.030293824 -0.039103732
v 0.008300000 0.030295366 -0.039109278
v 0.008300000 0.031300001 -0.040107988
v 0.008300000 0.031800002 -0.039974015
v 0.008300000 0.030433975 -0.038607989
v 0.008300000 0.030800000 -0.038241964
v 0.008300000 0.031300001 -0.038107987
v 0.008300000 0.031800002 -0.038241964
v 0.008300000 0.032166027 -0.039607991
v 0.008300000 0.032299999 -0.039107990
v 0.008300000 0.032166027 -0.038607989
v 0.008800000 0.029693563 -0.045893800
v 0.009300000 0.030800000 -0.039974015
v 0.009300000 0.030433975 -0.039607991
v 0.009300000 0.030300001 -0.039107990
v 0.009300000 0.031300001 -0.040107988
v 0.009300000 0.031800002 -0.039974015
v 0.009300000 0.030433975 -0.038607989
v 0.009300000 0.030800000 -0.038241964
v 0.009300000 0.031300001 -0.038107987
v 0.009300000 0.031800002 -0.038241964
v 0.009300000 0.032166027 -0.039607991
v 0.009300000 0.032299999 -0.039107990
v 0.009300000 0.032166027 -0.038607989
v 0.008300000 0.031192642 -0.028759252
v 0.008419397 0.034601200 -0.028655935
v 0.007335534 0.032985255 -0.028514558
v 0.008800000 0.031192642 -0.028759252
v 0.008800000 0.036507335 -0.028822700
v 0.008300000 0.049164131 -0.045680128
v 0.008300000 0.051560845 -0.043669045
v 0.008300000 0.053218797 -0.041015767
v 0.008300000 0.053975694 -0.037980013
v 0.011300000 0.049164131 -0.045680128
v 0.011300000 0.051560845 -0.043669045
v 0.011300000 0.053218797 -0.041015767
v 0.011300000 0.053975694 -0.037980013
v 0.007335534 0.049592886 -0.029967537
v 0.008419397 0.047976941 -0.029826161
v 0.008300000 0.051116537 -0.030502368
v 0.008800000 0.046070807 -0.029659394
v 0.008800000 0.051116537 -0.030502368
v 0.004500000 0.031592399 -0.018555265
v 0.005800000 0.031592399 -0.018555265
v 0.004500000 0.031801574 -0.016164396
v 0.003800000 0.033016726 -0.011351991
v 0.005713417 0.033395879 -0.011385163
v 0.003408388 0.038400687 -0.005599344
v 0.002052121 0.037903555 -0.003247065
v 0.002017919 0.038005885 -0.003155636
v 0.002049517 0.037914019 -0.003209566
v 0.002042103 0.037937138 -0.003179022
v 0.002031007 0.037969399 -0.003160084
v 0.001992399 0.036180668 -0.000699731
v 0.003253893 0.036291998 -0.002503780
v 0.003372540 0.038663000 -0.003313508
v 0.002770646 0.036330208 -0.000888477
v 0.002770644 0.036345460 -0.000714149
v 0.002989543 0.036367096 -0.001000675
v 0.002923827 0.036383431 -0.000900821
v 0.002950049 0.036396142 -0.000894246
v 0.002950049 0.036403168 -0.000813936
v 0.002950049 0.036411393 -0.000719917
v 0.002960919 0.036416385 -0.000720354
v 0.003156344 0.036392793 -0.001113773
v 0.003018107 0.036442649 -0.000722652
v 0.003057727 0.036460843 -0.000724243
v 0.003253893 0.036412351 -0.001128148
v 0.003345163 0.036479507 -0.001121359
v 0.003419792 0.036611203 -0.000920749
v 0.003419792 0.036627121 -0.000738791
v 0.003512831 0.036611203 -0.001013788
v 0.003596246 0.036725566 -0.000747404
v 0.003620003 0.036738820 -0.000748563
v 0.003637200 0.036748413 -0.000749402
v 0.002500000 0.039215323 -0.003261448
v 0.002500000 0.039258901 -0.002763351
v 0.005312736 0.040542070 -0.005786691
v 0.003837899 0.038969997 -0.003269385
v 0.003817045 0.038996644 -0.003249957
v 0.003856726 0.038941480 -0.003337872
v 0.003851833 0.038950626 -0.003300257
v 0.003777048 0.036811072 -0.000931819
v 0.003777048 0.036810514 -0.000938187
v 0.003777050 0.036826435 -0.000756229
v 0.004149590 0.037096072 -0.000779819
v 0.004684848 0.037483480 -0.000813712
v 0.003792446 0.039026510 -0.003244929
v 0.004330127 0.041038487 -0.003420954
v 0.004330127 0.041082066 -0.002922857
v 0.005945159 0.038239878 -0.002674198
v 0.005945159 0.038358018 -0.001323847
v 0.006070829 0.038576555 -0.001323386
v 0.005144044 0.037799917 -0.001024748
v 0.005144042 0.037815087 -0.000851337
v 0.005151957 0.037823122 -0.000843427
v 0.005144042 0.037815835 -0.000842790
v 0.005226088 0.037891388 -0.000849400
v 0.005244397 0.037908249 -0.000850875
v 0.005444722 0.038076803 -0.001048972
v 0.005444722 0.038011361 -0.001114412
v 0.005444722 0.038092721 -0.000867014
v 0.005600486 0.038260587 -0.000881700
v 0.005685493 0.038352195 -0.000889715
v 0.005699939 0.038367763 -0.000891077
v 0.005820089 0.038269196 -0.001296496
v 0.005871116 0.038324185 -0.001301307
v 0.005871116 0.038536318 -0.001089175
v 0.005871116 0.038552236 -0.000907217
v 0.005897370 0.038324185 -0.001312182
v 0.006013179 0.038731758 -0.000922923
v 0.006065560 0.038675964 -0.001216738
v 0.006102575 0.038844723 -0.000932806
v 0.006114021 0.038859189 -0.000934072
v 0.005109549 0.040590201 -0.003381734
v 0.005142691 0.040570475 -0.003387649
v 0.005196152 0.040531673 -0.003476996
v 0.005189560 0.040538799 -0.003439205
v 0.005170787 0.040552426 -0.003407830
v 0.005277817 0.040755190 -0.003496551
v 0.005810365 0.042508349 -0.003549550
v 0.005880002 0.042493563 -0.003577658
v 0.005848052 0.042501066 -0.003556554
v 0.005908846 0.042482331 -0.003647656
v 0.005901350 0.042486984 -0.003609648
v 0.003800000 0.052542143 -0.013060244
v 0.005713417 0.052162986 -0.013027073
v 0.003408388 0.048238911 -0.006460078
v 0.002052121 0.049136959 -0.004229861
v 0.002049517 0.049133167 -0.004191114
v 0.002042103 0.049115703 -0.004157020
v 0.002017919 0.049052060 -0.004122051
v 0.002031007 0.049087223 -0.004132768
v 0.002500000 0.047842622 -0.004016239
v 0.002500000 0.047886200 -0.003518142
v 0.003372540 0.048377514 -0.004163418
v 0.001663294 0.051367953 -0.003822756
v 0.001251476 0.051371440 -0.002530662
v 0.001251476 0.051159307 -0.002442794
v 0.001251476 0.051071439 -0.002230662
v 0.001251476 0.051091250 -0.002004239
v 0.001318678 0.051077932 -0.002003073
v 0.001587504 0.051024660 -0.001998413
v 0.001419629 0.051480167 -0.002540174
v 0.001663294 0.051480167 -0.002540174
v 0.001867563 0.050949357 -0.002219981
v 0.001867563 0.051249359 -0.002519981
v 0.001867563 0.051037226 -0.002432113
v 0.001988877 0.051335759 -0.002527540
v 0.001867563 0.050969169 -0.001993558
v 0.002090651 0.050906491 -0.001988074
v 0.002197311 0.050876524 -0.001985452
v 0.002209361 0.050873138 -0.001985156
v 0.002472136 0.050867368 -0.002417253
v 0.002472136 0.050779499 -0.002205121
v 0.002472136 0.051079500 -0.002505121
v 0.002506003 0.051106397 -0.002507474
v 0.002472136 0.050799310 -0.001978697
v 0.002950042 0.050604530 -0.002182125
v 0.002950042 0.050612103 -0.002095578
v 0.002995802 0.050587047 -0.002188283
v 0.002793571 0.050681178 -0.001968362
v 0.002893355 0.050644506 -0.001965154
v 0.002950042 0.050623674 -0.001963331
v 0.002961792 0.050618276 -0.001962859
v 0.003169213 0.050523017 -0.001954525
v 0.003023529 0.050876856 -0.002487391
v 0.003061468 0.050860107 -0.002485010
v 0.003061468 0.050650779 -0.002398304
v 0.003244926 0.050778657 -0.002478800
v 0.003419792 0.050388794 -0.002163251
v 0.003631924 0.050388794 -0.002375383
v 0.003419792 0.050407939 -0.001944457
v 0.003543822 0.050338741 -0.001938403
v 0.003585527 0.050315473 -0.001936367
v 0.003631924 0.050600927 -0.002463251
v 0.003636078 0.050605170 -0.002463622
v 0.005312736 0.046097528 -0.006272730
v 0.006000000 0.043319799 -0.006029711
v 0.004330127 0.046019461 -0.003856733
v 0.004330127 0.046063039 -0.003358636
v 0.003792446 0.048031434 -0.004032758
v 0.003837899 0.048082843 -0.004066656
v 0.003817045 0.048059978 -0.004042896
v 0.003856726 0.048099034 -0.004139054
v 0.003851833 0.048096560 -0.004100423
v 0.004682221 0.049603678 -0.001874093
v 0.004706592 0.049584538 -0.001872418
v 0.004766765 0.049537282 -0.001868284
v 0.005000000 0.043528974 -0.003638844
v 0.005000000 0.043572553 -0.003140746
v 0.005899999 0.043528974 -0.003638844
v 0.006000000 0.043520257 -0.003738463
v 0.005810365 0.044549599 -0.003728137
v 0.005880002 0.044559278 -0.003758384
v 0.005848052 0.044555556 -0.003736299
v 0.005908846 0.044558182 -0.003829270
v 0.005901350 0.044560201 -0.003791031
v 0.005196152 0.046508841 -0.003999930
v 0.005109549 0.046467748 -0.003895953
v 0.005142691 0.046486143 -0.003905203
v 0.005189560 0.046508387 -0.003961476
v 0.005170787 0.046500415 -0.003928212
v 0.005277817 0.046285324 -0.003980375
v 0.005195585 0.049347967 -0.002284322
v 0.005195585 0.049560100 -0.002372190
v 0.005205357 0.049575675 -0.002373553
v 0.004983453 0.049347967 -0.002072190
v 0.004983453 0.049367111 -0.001853396
v 0.005187828 0.049178906 -0.001836930
v 0.005206950 0.049161296 -0.001835390
v 0.005242105 0.049128924 -0.001832557
v 0.005337826 0.049429111 -0.002360730
v 0.005444722 0.048923194 -0.002035028
v 0.005444722 0.048942339 -0.001816233
v 0.005651599 0.048719391 -0.001796728
v 0.005666727 0.048703089 -0.001795302
v 0.005683818 0.048684668 -0.001793690
v 0.005871116 0.048463680 -0.001994825
v 0.005871116 0.048482824 -0.001776031
v 0.005656854 0.048923194 -0.002247160
v 0.005656854 0.049077775 -0.002311189
v 0.005890057 0.048651878 -0.002204863
v 0.006083248 0.048463680 -0.002206957
v 0.006083248 0.048606358 -0.002266056
v 0.006156309 0.048525207 -0.002262607
v 0.006072796 0.048227966 -0.001753734
v 0.006089181 0.048207261 -0.001751922
v 0.006084794 0.048212804 -0.001752407
v 0.003967857 0.050083030 -0.002136500
v 0.003727114 0.050236482 -0.001929456
v 0.003967857 0.050102174 -0.001917706
v 0.004179989 0.050083030 -0.002348632
v 0.004179989 0.050295163 -0.002436500
v 0.004222472 0.050345082 -0.002440867
v 0.004166265 0.049970105 -0.001906151
v 0.004134746 0.049991086 -0.001907987
v 0.004260727 0.049907230 -0.001900650
v 0.004702282 0.050020058 -0.003704830
v 0.004490150 0.049735375 -0.002106084
v 0.004490150 0.049754519 -0.001887290
v 0.004702282 0.049735375 -0.002318216
v 0.004702282 0.049947508 -0.002406084
v 0.004702282 0.050132271 -0.002422249
v 0.004777085 0.050049510 -0.002415008
v 0.007300000 0.031192007 -0.018520234
v 0.008398077 0.030098109 -0.018424531
v 0.008300000 0.032090347 -0.018498447
v 0.007335534 0.034475617 -0.011479628
v 0.008300000 0.029530045 -0.011046947
v 0.008300000 0.032717869 -0.011325845
v 0.008300000 0.033016726 -0.011351991
v 0.008419397 0.036091562 -0.011621005
v 0.008800000 0.028603816 -0.018293796
v 0.008800000 0.032090347 -0.018498447
v 0.008800000 0.033016726 -0.011351991
v 0.008800000 0.037997700 -0.011787770
v 0.008300000 0.030070409 -0.004870540
v 0.008300000 0.033258233 -0.005149438
v 0.008300000 0.033557091 -0.005175584
v 0.008300000 0.033589426 -0.001363898
v 0.006260004 0.038912077 -0.001247833
v 0.007157878 0.040457167 -0.001430914
v 0.007218206 0.040556308 -0.001496592
v 0.007308452 0.041037273 -0.001326539
v 0.007396320 0.041037273 -0.001538671
v 0.006260004 0.039027743 -0.001132169
v 0.006260004 0.039043661 -0.000950211
v 0.006355685 0.039079510 -0.001235532
v 0.006387490 0.039233733 -0.000966840
v 0.006476203 0.039365996 -0.000978411
v 0.006485258 0.039379496 -0.000979592
v 0.006608989 0.039548051 -0.001177690
v 0.006608989 0.039522771 -0.001202968
v 0.006608989 0.039563969 -0.000995732
v 0.006721113 0.039763417 -0.001013181
v 0.006805110 0.039912835 -0.001026254
v 0.006812216 0.039925475 -0.001027359
v 0.006915920 0.040050663 -0.001268824
v 0.006915920 0.040094029 -0.001225457
v 0.006915920 0.040109947 -0.001043499
v 0.007011990 0.040317547 -0.001061661
v 0.007100660 0.040476169 -0.001277449
v 0.007129312 0.040555149 -0.001265800
v 0.007093536 0.040493760 -0.001077078
v 0.007088048 0.040481903 -0.001076040
v 0.007129313 0.040561210 -0.001196527
v 0.007129313 0.040571071 -0.001083842
v 0.007178499 0.040703889 -0.001095462
v 0.007308452 0.041054804 -0.001126163
v 0.007312547 0.041069265 -0.001127428
v 0.007315826 0.041080847 -0.001128442
v 0.007377044 0.041297086 -0.001147360
v 0.007608452 0.041109823 -0.002925285
v 0.007499094 0.041037273 -0.001581241
v 0.007608452 0.041223932 -0.001620981
v 0.007478959 0.041639544 -0.001379231
v 0.007566827 0.041639544 -0.001591363
v 0.007674234 0.041639544 -0.001635852
v 0.007601507 0.042253286 -0.001432927
v 0.007689374 0.042253286 -0.001645059
v 0.007771668 0.042253286 -0.001679146
v 0.007478959 0.041657075 -0.001178855
v 0.007481838 0.041671492 -0.001180116
v 0.007484160 0.041683123 -0.001181134
v 0.007528258 0.041903973 -0.001200456
v 0.007601507 0.042270817 -0.001232550
v 0.007603214 0.042285189 -0.001233808
v 0.007604601 0.042296864 -0.001234829
v 0.007631208 0.042520806 -0.001254422
v 0.008800000 0.033557091 -0.005175584
v 0.008800000 0.033589426 -0.001363898
v 0.008419397 0.049467303 -0.012791230
v 0.007335534 0.051083248 -0.012932608
v 0.008300000 0.052542143 -0.013060244
v 0.008300000 0.052641761 -0.013068960
v 0.008300000 0.056028824 -0.013365289
v 0.008800000 0.047561169 -0.012624466
v 0.008800000 0.052542143 -0.013060244
v 0.007308452 0.045962729 -0.001757461
v 0.007308452 0.045980260 -0.001557085
v 0.007298806 0.046006307 -0.001559364
v 0.007303230 0.045994360 -0.001558318
v 0.007474954 0.045392137 -0.001505631
v 0.007471585 0.045404036 -0.001506672
v 0.007410367 0.045620270 -0.001525590
v 0.007396320 0.045962729 -0.001969593
v 0.006450315 0.047707662 -0.001708213
v 0.006459801 0.047693521 -0.001706976
v 0.006455693 0.047699641 -0.001707511
v 0.006608989 0.047664084 -0.002118442
v 0.006821121 0.047664084 -0.002206310
v 0.006608989 0.047451951 -0.001906310
v 0.006608989 0.047471095 -0.001687516
v 0.006781098 0.047164943 -0.001660731
v 0.006782932 0.047161680 -0.001660446
v 0.006790362 0.047148462 -0.001659289
v 0.006260004 0.048184387 -0.002163963
v 0.006307834 0.048179880 -0.002182128
v 0.006463370 0.048184145 -0.002248112
v 0.006498818 0.048144605 -0.002248351
v 0.006260004 0.047972254 -0.001951831
v 0.006260004 0.047991399 -0.001733037
v 0.006928203 0.047557328 -0.003489369
v 0.006915920 0.046905972 -0.001858543
v 0.006915920 0.046925113 -0.001639749
v 0.007129312 0.046446465 -0.001799782
v 0.007129312 0.046453070 -0.001724271
v 0.007129312 0.046463992 -0.001599406
v 0.007047412 0.046727896 -0.001939750
v 0.007069429 0.046593394 -0.001610727
v 0.007075151 0.046581030 -0.001609646
v 0.007063386 0.046606455 -0.001611870
v 0.006850583 0.047755420 -0.002214301
v 0.006928203 0.047669541 -0.002206788
v 0.007080430 0.047202818 -0.002165955
v 0.007108292 0.047118105 -0.002150358
v 0.006915920 0.047118105 -0.002070675
v 0.007170783 0.046355236 -0.001810360
v 0.007220990 0.046216436 -0.001577747
v 0.007178904 0.046549819 -0.002020957
v 0.007294544 0.046549819 -0.002068856
v 0.007675339 0.042874716 -0.001487295
v 0.007763207 0.042874716 -0.001699427
v 0.007787868 0.043499999 -0.001754132
v 0.007700000 0.043499999 -0.001542000
v 0.007699437 0.043531813 -0.001342873
v 0.007700000 0.043517530 -0.001341624
v 0.007698973 0.043543577 -0.001343903
v 0.007690080 0.043769073 -0.001363631
v 0.007763207 0.044125285 -0.001808837
v 0.007675339 0.044125285 -0.001596705
v 0.007672244 0.044168863 -0.001398608
v 0.007673647 0.044157054 -0.001397575
v 0.007675339 0.044142816 -0.001396329
v 0.007869001 0.042864595 -0.001742861
v 0.007870072 0.042874716 -0.001743692
v 0.007935099 0.043499999 -0.001815117
v 0.007984387 0.043981545 -0.001884130
v 0.007981928 0.043958232 -0.001882090
v 0.007975339 0.044125285 -0.001896705
v 0.007976425 0.044132888 -0.001897371
v 0.007956175 0.044405598 -0.003213628
v 0.007601507 0.044746712 -0.001651073
v 0.007601507 0.044764243 -0.001450697
v 0.007552208 0.045011140 -0.001472298
v 0.007596306 0.044790290 -0.001452976
v 0.007598672 0.044778436 -0.001451939
v 0.007689374 0.044746712 -0.001863205
v 0.007645637 0.044392806 -0.001418200
v 0.007478959 0.045360457 -0.001704769
v 0.007566827 0.045360457 -0.001916901
v 0.007612358 0.045575742 -0.001979841
v 0.007478959 0.045377988 -0.001504393
v 0.007486331 0.045962729 -0.002006877
v 0.007682468 0.045360457 -0.001964801
v 0.007912961 0.044650301 -0.001942638
v 0.007881748 0.044746712 -0.001942889
v 0.007956175 0.044517808 -0.001931047
v 0.007675904 0.042906575 -0.001288172
v 0.007675339 0.042892247 -0.001286918
v 0.007676366 0.042918295 -0.001289197
v 0.007685260 0.043143786 -0.001308925
v 0.008300000 0.053082507 -0.006883837
v 0.008300000 0.053182125 -0.006892553
v 0.008300000 0.056569189 -0.007188882
v 0.008300000 0.056738533 -0.006400642
v 0.008300000 0.056611098 -0.005237057
v 0.008300000 0.053513318 -0.003107013
v 0.008300000 0.054011416 -0.003150591
v 0.008300000 0.055135194 -0.003478142
v 0.008300000 0.056048080 -0.004210812
v 0.008800000 0.053082507 -0.006883837
v 0.011300000 0.056738533 -0.006400642
v 0.011300000 0.056611098 -0.005237057
v 0.008800000 0.053513318 -0.003107013
v 0.011300000 0.054011416 -0.003150591
v 0.011300000 0.055135194 -0.003478142
v 0.011300000 0.056048080 -0.004210812
f 1 3 4
f 2 6 3
f 2 15 5
f 2 5 6
f 3 6 4
f 4 24 18
f 7 11 16
f 8 22 12
f 8 14 10
f 8 12 14
f 9 10 13
f 7 9 11
f 9 13 11
f 10 14 13
f 12 24 14
f 13 14 24
f 7 16 15
f 5 15 16
f 5 24 6
f 5 16 24
f 4 6 24
f 11 24 16
f 11 13 24
f 1 18 17
f 1 4 18
f 17 18 19
f 18 24 19
f 19 24 20
f 17 19 29
f 2 3 1173
f 1 1173 3
f 1 17 1173
f 21 23 22
f 12 22 23
f 21 22 169
f 8 25 22
f 8 10 26
f 12 23 24
f 7 1173 9
f 9 1173 10
f 20 24 28
f 22 25 169
f 8 26 25
f 21 169 168
f 10 1172 26
f 25 171 169
f 25 26 27
f 25 27 171
f 26 28 27
f 24 171 27
f 24 170 171
f 24 27 28
f 2 1173 15
f 7 15 1173
f 20 28 1178
f 10 1173 1172
f 26 1178 28
f 19 20 2538
f 19 3164 29
f 20 30 2539
f 21 2542 23
f 23 2541 24
f 24 2544 170
f 21 612 2542
f 17 29 49
f 20 39 30
f 29 30 39
f 17 49 62
f 17 62 54
f 31 36 32
f 31 32 48
f 34 35 41
f 29 33 49
f 31 50 33
f 34 52 35
f 34 41 53
f 32 41 35
f 29 39 33
f 31 33 39
f 32 46 41
f 32 35 48
f 17 54 1173
f 20 97 39
f 31 37 36
f 36 37 71
f 31 39 37
f 32 36 46
f 36 38 40
f 36 40 44
f 36 44 46
f 36 73 38
f 38 77 40
f 37 39 75
f 40 90 44
f 41 46 43
f 42 43 46
f 42 124 43
f 41 43 133
f 42 45 124
f 42 46 45
f 44 90 46
f 31 48 47
f 31 47 59
f 33 50 49
f 35 52 48
f 34 53 52
f 41 85 53
f 31 59 50
f 47 52 51
f 47 51 66
f 50 65 51
f 47 48 52
f 50 51 53
f 51 52 53
f 49 50 85
f 50 53 85
f 54 64 55
f 55 67 56
f 54 62 63
f 54 63 64
f 55 64 67
f 47 60 59
f 56 57 58
f 56 68 57
f 57 69 58
f 58 59 60
f 58 69 59
f 56 67 68
f 57 68 69
f 58 60 78
f 60 61 80
f 62 65 63
f 63 65 64
f 64 65 67
f 59 70 65
f 65 68 67
f 65 69 68
f 65 70 69
f 51 65 66
f 47 66 60
f 50 59 65
f 60 66 86
f 65 86 66
f 59 69 70
f 60 88 61
f 61 89 80
f 54 55 1174
f 55 56 1174
f 56 58 1174
f 37 72 71
f 37 79 72
f 36 71 73
f 38 73 77
f 39 76 75
f 40 77 90
f 37 75 79
f 71 72 73
f 72 77 73
f 72 74 77
f 74 75 90
f 74 90 77
f 75 76 90
f 60 80 78
f 72 79 78
f 58 78 103
f 78 79 103
f 72 81 74
f 74 81 75
f 72 78 81
f 75 82 79
f 75 81 82
f 81 93 82
f 82 93 83
f 82 83 84
f 79 82 84
f 79 84 104
f 78 93 81
f 78 80 94
f 49 85 132
f 41 133 85
f 49 132 134
f 85 133 132
f 49 134 62
f 62 134 65
f 60 86 88
f 61 88 89
f 65 134 86
f 86 87 89
f 86 134 87
f 87 136 89
f 86 89 88
f 80 89 140
f 76 142 90
f 46 90 142
f 76 143 142
f 76 83 143
f 78 94 93
f 80 92 94
f 80 140 92
f 91 92 150
f 83 93 145
f 91 144 93
f 83 145 143
f 91 93 94
f 91 94 92
f 20 1178 97
f 54 1174 1173
f 58 1175 1174
f 97 1178 1179
f 97 1179 1180
f 97 1180 1181
f 103 1176 1175
f 95 1186 96
f 96 101 98
f 98 101 99
f 95 97 1189
f 96 1245 101
f 101 1245 102
f 100 102 1246
f 100 152 102
f 100 1244 152
f 58 103 1175
f 39 110 76
f 39 97 110
f 79 104 103
f 103 104 118
f 76 115 83
f 83 104 84
f 76 110 115
f 83 115 104
f 95 96 105
f 96 109 105
f 95 105 106
f 95 111 97
f 96 98 109
f 98 99 113
f 99 101 114
f 97 111 110
f 98 113 109
f 99 114 113
f 95 106 111
f 101 119 114
f 103 106 107
f 103 118 106
f 105 107 106
f 103 107 1674
f 107 108 1676
f 105 113 112
f 105 112 117
f 111 116 112
f 105 109 113
f 111 112 114
f 112 113 114
f 112 116 117
f 105 117 107
f 106 116 111
f 110 111 119
f 111 114 119
f 115 116 118
f 104 115 118
f 106 118 116
f 116 120 117
f 107 117 120
f 107 122 108
f 108 123 1676
f 101 102 119
f 102 153 119
f 110 160 115
f 110 119 158
f 115 160 116
f 107 120 122
f 108 122 123
f 110 158 160
f 119 159 158
f 116 160 120
f 120 121 123
f 120 123 122
f 120 160 121
f 121 162 123
f 123 163 1676
f 163 165 1676
f 29 3165 30
f 43 124 125
f 45 128 124
f 45 129 128
f 124 126 125
f 43 125 2806
f 125 126 127
f 124 2551 126
f 126 2549 127
f 127 2549 2550
f 124 2553 2551
f 128 129 131
f 45 2901 129
f 124 128 2553
f 128 130 2555
f 128 131 130
f 128 2555 2553
f 130 131 2556
f 130 2556 2555
f 132 133 134
f 87 134 135
f 87 135 136
f 133 135 134
f 89 136 137
f 89 137 140
f 136 140 137
f 136 138 140
f 138 139 140
f 139 148 141
f 139 141 140
f 140 141 151
f 45 46 2958
f 92 140 149
f 91 150 147
f 92 149 150
f 91 147 144
f 93 144 145
f 142 145 144
f 142 143 145
f 146 148 147
f 140 151 149
f 146 150 149
f 146 149 151
f 146 147 150
f 141 148 151
f 146 151 148
f 43 2855 133
f 133 2855 135
f 139 2650 148
f 135 2855 136
f 136 2855 138
f 138 2855 139
f 46 142 2958
f 142 144 2958
f 147 148 2958
f 144 147 2958
f 102 152 153
f 152 154 153
f 153 154 156
f 154 155 156
f 152 2961 154
f 154 2961 155
f 155 2960 157
f 155 157 156
f 152 3728 2961
f 119 153 159
f 158 159 161
f 158 161 160
f 121 160 161
f 121 161 162
f 123 162 163
f 162 166 164
f 162 164 165
f 164 166 165
f 162 165 163
f 165 166 167
f 166 2481 167
f 165 167 2482
f 159 3118 161
f 161 3120 162
f 162 3120 166
f 21 168 612
f 168 169 170
f 169 171 170
f 168 583 587
f 168 587 586
f 168 586 589
f 168 589 585
f 168 585 590
f 168 590 592
f 168 592 593
f 168 593 345
f 168 345 346
f 168 594 583
f 168 265 594
f 168 264 265
f 168 268 264
f 168 289 284
f 168 290 289
f 168 293 290
f 168 276 268
f 168 284 276
f 168 346 404
f 168 613 612
f 613 404 407
f 613 407 413
f 613 413 455
f 613 455 479
f 613 479 484
f 613 484 485
f 613 485 490
f 168 404 613
f 168 170 765
f 168 300 293
f 168 305 300
f 168 312 311
f 168 311 305
f 168 320 312
f 168 327 320
f 168 334 327
f 168 337 334
f 168 321 337
f 168 323 321
f 168 717 323
f 168 718 717
f 168 721 718
f 168 724 721
f 168 737 724
f 168 739 737
f 168 742 739
f 168 745 742
f 168 746 745
f 168 758 746
f 168 761 758
f 168 765 761
f 170 771 765
f 170 774 771
f 613 490 514
f 613 514 515
f 613 515 534
f 613 534 536
f 613 536 574
f 613 574 575
f 613 575 578
f 613 578 582
f 613 582 846
f 613 846 851
f 613 851 858
f 613 858 863
f 613 863 949
f 613 949 951
f 613 951 899
f 26 1172 1178
f 614 616 1730
f 614 615 616
f 615 617 616
f 170 780 774
f 170 783 780
f 170 3723 783
f 613 899 3723
f 612 613 3722
f 1172 1173 1178
f 1173 1174 1179
f 1174 1175 1180
f 1175 1176 1181
f 1173 1179 1178
f 1174 1180 1179
f 1175 1181 1180
f 1176 1177 1182
f 1176 1182 1181
f 1181 1182 1189
f 1177 1183 1182
f 1182 1183 1189
f 1177 1669 1183
f 1184 1356 1185
f 95 1187 1186
f 1177 1192 1669
f 97 1181 1189
f 95 1189 1187
f 96 1186 1245
f 1183 1670 1189
f 1184 1185 1671
f 1185 1230 1702
f 1186 1188 1245
f 1183 1669 1670
f 1184 1671 1690
f 1188 1190 1245
f 1190 1191 1245
f 1185 1702 1671
f 1176 1729 1177
f 1177 1193 1192
f 1177 1729 1193
f 614 1729 1176
f 1193 1729 1688
f 1196 1198 1201
f 1194 1196 1202
f 1194 1203 1197
f 1198 1200 1201
f 1196 1201 1202
f 1194 1202 1203
f 1197 1203 1204
f 1195 1198 1196
f 1197 1204 1199
f 1199 1204 1260
f 1200 1217 1201
f 1200 1211 1217
f 1201 1220 1202
f 1202 1221 1203
f 1203 1222 1204
f 1202 1220 1221
f 1201 1217 1219
f 1201 1219 1220
f 1203 1221 1222
f 1204 1222 1406
f 1184 1192 1210
f 1192 1193 1215
f 1192 1215 1210
f 1184 1210 1356
f 1198 1207 1205
f 1206 1208 1213
f 1208 1209 1212
f 1200 1205 1211
f 1205 1213 1211
f 1198 1205 1200
f 1205 1206 1213
f 1208 1212 1213
f 1209 1214 1212
f 1210 1215 1214
f 1195 1207 1198
f 1205 1207 1206
f 1209 1210 1214
f 1211 1213 1224
f 1212 1225 1213
f 1212 1214 1226
f 1214 1215 1229
f 1211 1224 1217
f 1213 1225 1224
f 1212 1226 1225
f 1214 1229 1226
f 1215 1228 1229
f 1217 1224 1218
f 1217 1218 1219
f 1216 1223 1464
f 1193 1216 1464
f 1193 1228 1215
f 1193 1464 1228
f 1218 1224 1227
f 1224 1225 1227
f 1192 1687 1669
f 1176 1700 1739
f 1184 1687 1192
f 1184 1692 1687
f 1184 1690 1692
f 1193 1761 1216
f 1216 1760 1223
f 1193 1688 1761
f 1216 1761 1760
f 1185 1367 1230
f 1185 1356 1367
f 1230 1367 1231
f 1482 1484 1822
f 1482 1822 1487
f 1487 1823 1529
f 1484 1824 1822
f 1486 1821 1824
f 1485 1825 1821
f 1487 1822 1823
f 1529 1823 1843
f 1232 1358 1359
f 1233 1362 1358
f 1235 1359 1360
f 1236 1360 1364
f 1241 1363 1361
f 1242 1366 1363
f 1231 1367 1243
f 1237 1364 1365
f 1232 1233 1358
f 1243 1367 1366
f 1232 1359 1235
f 1238 1365 1529
f 1235 1360 1236
f 1236 1364 1237
f 1237 1365 1238
f 1233 1239 1361
f 1241 1242 1363
f 1242 1243 1366
f 1239 1241 1361
f 1232 1240 1233
f 1231 1243 1842
f 1232 1235 1234
f 1232 1234 1240
f 1233 1240 1239
f 1238 1529 1835
f 1234 1235 1837
f 1235 1236 1833
f 1236 1237 1834
f 1234 1839 1240
f 1237 1238 1836
f 1239 1240 1838
f 1239 1840 1241
f 1241 1841 1242
f 1242 1842 1243
f 100 1246 1244
f 102 1245 1246
f 1230 1231 1704
f 1230 1704 1702
f 1231 1709 1704
f 1194 1347 1196
f 1194 1197 1348
f 1197 1199 1349
f 1199 1260 1350
f 1197 1349 1348
f 1199 1350 1349
f 1247 1294 1249
f 1248 1250 1293
f 1247 1248 1291
f 1247 1291 1294
f 1249 1294 1252
f 1250 1251 1289
f 1251 1276 1279
f 1251 1279 1296
f 1251 1296 1297
f 1251 1300 1301
f 1251 1303 1300
f 1251 1297 1298
f 1251 1298 1303
f 1249 1252 1260
f 1252 1350 1260
f 1262 1402 1264
f 1264 1404 1265
f 1263 1401 1400
f 1261 1400 1399
f 1262 1399 1402
f 1264 1402 1404
f 1265 1254 1253
f 1265 1404 1254
f 1404 1255 1254
f 1404 1256 1255
f 1259 1263 1261
f 1259 1260 1263
f 1247 1262 1248
f 1247 1249 1259
f 1248 1264 1250
f 1250 1265 1251
f 1249 1260 1259
f 1247 1259 1261
f 1247 1261 1262
f 1250 1264 1265
f 1248 1262 1264
f 1261 1263 1400
f 1261 1399 1262
f 1260 1401 1263
f 1204 1406 1260
f 1260 1406 1401
f 1251 1265 1280
f 1251 1272 1274
f 1251 1274 1270
f 1251 1280 1271
f 1251 1271 1272
f 1265 1267 1269
f 1265 1266 1280
f 1265 1269 1266
f 1251 1270 1278
f 1251 1278 1276
f 1265 1253 1267
f 1291 1292 1294
f 1248 1293 1291
f 1250 1289 1293
f 1251 1290 1289
f 1251 1310 1290
f 1252 1294 1292
f 1251 1301 1310
f 1290 1310 1305
f 1290 1306 1307
f 1290 1305 1306
f 1290 1315 1316
f 1290 1307 1315
f 1291 1293 1482
f 1291 1483 1292
f 1289 1484 1293
f 1289 1290 1486
f 1290 1318 1312
f 1290 1312 1314
f 1290 1314 1470
f 1290 1470 1472
f 1290 1472 1473
f 1290 1473 1475
f 1252 1292 1529
f 1290 1316 1318
f 1195 1196 1346
f 1195 1351 1207
f 1206 1207 1353
f 1206 1354 1208
f 1208 1355 1209
f 1209 1356 1210
f 1196 1347 1346
f 1194 1348 1347
f 1195 1346 1351
f 1207 1351 1353
f 1206 1353 1354
f 1208 1354 1355
f 1209 1355 1356
f 1346 1347 1352
f 1346 1357 1351
f 1346 1352 1357
f 1351 1357 1353
f 1347 1359 1352
f 1347 1348 1359
f 1348 1349 1360
f 1349 1350 1364
f 1353 1363 1354
f 1353 1357 1361
f 1355 1367 1356
f 1354 1366 1355
f 1352 1362 1357
f 1252 1365 1350
f 1348 1360 1359
f 1349 1364 1360
f 1352 1359 1358
f 1350 1365 1364
f 1352 1358 1362
f 1353 1361 1363
f 1354 1363 1366
f 1355 1366 1367
f 1357 1362 1361
f 1252 1529 1365
f 1388 1380 1393
f 1380 1388 1379
f 1388 1541 1379
f 1388 1392 1385
f 1388 1385 1386
f 1388 1386 1387
f 1388 1387 1395
f 1388 1393 1392
f 1388 1395 1394
f 1388 1394 1396
f 1388 1396 1398
f 1388 1398 1542
f 1388 1542 1645
f 1400 1401 1403
f 1400 1403 1425
f 1399 1400 1427
f 1399 1428 1402
f 1404 1405 1257
f 1404 1257 1256
f 1404 1414 1413
f 1404 1413 1405
f 1404 1416 1414
f 1404 1417 1416
f 1404 1429 1417
f 1402 1429 1404
f 1400 1425 1427
f 1403 1426 1425
f 1401 1406 1403
f 1219 1409 1220
f 1218 1407 1219
f 1220 1410 1221
f 1221 1411 1222
f 1218 1227 1408
f 1218 1408 1407
f 1219 1407 1409
f 1220 1409 1410
f 1221 1410 1411
f 1227 1461 1408
f 1403 1406 1426
f 1222 1451 1406
f 1407 1408 1412
f 1408 1461 1412
f 1222 1411 1451
f 1412 1461 1465
f 1407 1452 1409
f 1409 1458 1410
f 1410 1459 1411
f 1407 1412 1454
f 1223 1468 1464
f 1223 1749 1468
f 1399 1427 1428
f 1402 1428 1429
f 1429 1418 1417
f 1429 1419 1418
f 1429 1421 1419
f 1429 1422 1421
f 1429 1423 1422
f 1429 1430 1423
f 1425 1426 1435
f 1429 1431 1430
f 1429 1432 1431
f 1429 1434 1432
f 1425 1567 1427
f 1427 1569 1428
f 1428 1568 1429
f 1429 1568 1434
f 1425 1435 1570
f 1406 1451 1426
f 1412 1465 1453
f 1407 1454 1452
f 1409 1452 1458
f 1410 1458 1459
f 1411 1459 1451
f 1426 1451 1435
f 1412 1453 1454
f 1453 1465 1457
f 1456 1457 1465
f 1468 1749 1639
f 1639 1749 1750
f 1225 1461 1227
f 1225 1226 1460
f 1226 1229 1463
f 1228 1462 1229
f 1225 1460 1461
f 1226 1463 1460
f 1229 1462 1463
f 1228 1464 1462
f 1460 1465 1461
f 1455 1463 1462
f 1456 1460 1463
f 1462 1464 1469
f 1456 1465 1460
f 1455 1462 1469
f 1464 1468 1469
f 1455 1456 1463
f 1291 1482 1483
f 1289 1486 1484
f 1293 1484 1482
f 1290 1485 1486
f 1292 1483 1529
f 1290 1475 1485
f 1485 1475 1477
f 1482 1487 1483
f 1485 1477 1489
f 1485 1489 1491
f 1483 1487 1529
f 1485 1491 1492
f 1485 1492 1500
f 1485 1500 1502
f 1484 1486 1824
f 1485 1821 1486
f 1485 1502 1503
f 1485 1503 1506
f 1485 1506 1825
f 1825 1506 1512
f 1825 1512 1515
f 1825 1515 1516
f 1825 1516 1517
f 1233 1361 1362
f 1541 1554 1527
f 1554 1528 1527
f 1554 1534 1528
f 1554 1535 1534
f 1541 1538 1539
f 1541 1539 1379
f 1541 1540 1538
f 1541 1527 1540
f 1388 1910 1541
f 1554 1546 1535
f 1554 1547 1546
f 1554 1549 1547
f 1554 1551 1549
f 1541 1910 1554
f 1910 1553 1551
f 1554 1910 1551
f 1568 1562 1434
f 1427 1567 1569
f 1425 1570 1567
f 1428 1569 1568
f 1568 1564 1562
f 1435 1571 1570
f 1568 1565 1564
f 1568 1572 1565
f 1568 1574 1572
f 1568 1575 1574
f 1568 1602 1575
f 1568 1603 1602
f 1568 1604 1603
f 1435 1451 1571
f 1570 1571 1630
f 1452 1454 1635
f 1452 1634 1458
f 1453 1600 1454
f 1453 1457 1600
f 1456 1601 1457
f 1455 1636 1456
f 1455 1469 1640
f 1458 1631 1459
f 1451 1459 1641
f 1457 1601 1600
f 1468 1638 1469
f 1451 1641 1571
f 1454 1633 1635
f 1452 1635 1634
f 1458 1634 1631
f 1454 1600 1633
f 1456 1636 1601
f 1468 1639 1638
f 1469 1638 1640
f 1455 1640 1636
f 1459 1631 1641
f 1600 1601 1632
f 1568 1607 1604
f 1568 1942 1607
f 1942 1608 1607
f 1942 1610 1608
f 1942 1611 1610
f 1567 1570 1946
f 1567 1943 1569
f 1568 1569 1942
f 1570 1630 1944
f 1569 1943 1942
f 1570 1944 1946
f 1567 1946 1943
f 1942 1612 1611
f 1630 1945 1944
f 1571 1641 1630
f 1600 1632 1633
f 1601 1637 1632
f 1601 1636 1637
f 1639 1750 1954
f 1630 1641 1945
f 1634 1635 1950
f 1631 1634 1948
f 1632 1952 1633
f 1633 1949 1635
f 1632 1637 1951
f 1638 1639 1953
f 1638 1956 1640
f 1636 1955 1637
f 1636 1640 1957
f 1645 1542 1642
f 1645 1642 1644
f 1645 1644 1646
f 1645 1646 1649
f 1645 1649 1648
f 1645 1648 1652
f 1388 1645 1663
f 1645 1652 1651
f 1645 1651 1663
f 1663 1651 1655
f 1663 1655 1656
f 1388 1663 2000
f 1663 1656 1659
f 1663 1659 1660
f 1663 1660 1662
f 1662 1664 1663
f 1663 1664 1665
f 1663 1665 1666
f 1663 1666 1667
f 1663 1667 1992
f 1663 1992 1991
f 103 1700 1176
f 1186 1187 1673
f 1186 1673 1672
f 1187 1675 1673
f 1186 1677 1188
f 1188 1680 1190
f 1187 1189 1679
f 1189 1670 1679
f 1190 1682 1191
f 1671 1702 1705
f 1186 1672 1677
f 1188 1677 1680
f 1190 1680 1682
f 1187 1679 1675
f 1670 1681 1679
f 1191 1682 1710
f 103 1674 1700
f 107 1676 1674
f 1673 1675 1674
f 1674 1675 1700
f 1672 1673 1677
f 1673 1680 1677
f 1673 1678 1680
f 1673 1683 1678
f 1678 1683 1679
f 1678 1679 1682
f 1678 1682 1680
f 1679 1683 1684
f 1673 1674 1683
f 1675 1679 1684
f 1679 1681 1682
f 1681 1710 1682
f 1675 1684 1685
f 1684 1686 1701
f 1675 1685 1701
f 1684 1701 1685
f 1683 1712 1684
f 1674 1712 1683
f 1674 1676 1714
f 1684 1712 1686
f 1669 1687 1688
f 1669 1688 1757
f 1690 1691 1692
f 1687 1692 1693
f 1691 1693 1692
f 1689 1691 1690
f 1689 1693 1691
f 1671 1694 1690
f 1689 1690 1694
f 1689 1694 1693
f 1669 1757 1670
f 1687 1693 1699
f 1671 1715 1694
f 1693 1694 1695
f 1694 1715 1695
f 1671 1716 1715
f 1695 1715 1717
f 1693 1695 1699
f 1695 1717 1725
f 1670 1763 1681
f 1687 1699 1688
f 1696 1760 1697
f 1696 1698 1764
f 1670 1757 1763
f 1688 1697 1761
f 1688 1699 1697
f 1696 1697 1699
f 1695 1725 1699
f 1696 1699 1698
f 1698 1723 1764
f 1698 1725 1723
f 1723 1724 1764
f 1698 1699 1725
f 1681 1763 1765
f 1675 1701 1700
f 1700 1701 1776
f 1681 1765 1686
f 1686 1773 1701
f 1686 1765 1773
f 1701 1773 1776
f 1191 1710 1245
f 1245 1710 1246
f 1671 1705 1707
f 1702 1704 1703
f 1702 1703 1706
f 1703 1704 1706
f 1702 1706 1705
f 1671 1707 1721
f 1705 1706 1708
f 1705 1708 1707
f 1707 1708 1722
f 1704 1709 1706
f 1706 1709 1708
f 1246 1710 2475
f 1681 1686 2476
f 1681 2475 1710
f 1674 1714 1712
f 1676 1713 1714
f 165 1713 1676
f 1681 2476 2475
f 1686 2478 2476
f 1711 1712 1714
f 1711 1714 1713
f 1686 1712 2478
f 1711 2477 1712
f 1711 1713 2484
f 1671 1721 1716
f 1715 1716 1717
f 1716 1718 1717
f 1716 1719 1718
f 1717 1718 1726
f 1716 1721 1719
f 1718 1719 1720
f 1720 1721 1722
f 1719 1721 1720
f 1707 1722 1721
f 1717 1726 1725
f 1724 1727 1764
f 1723 1726 1724
f 1723 1725 1726
f 1724 1726 1728
f 1724 1728 1727
f 1727 1728 1809
f 614 1176 1739
f 614 1730 1729
f 1729 1730 1731
f 616 1747 1730
f 1730 1747 1733
f 1688 1729 1731
f 1688 1731 1732
f 1731 1745 1732
f 1730 1733 1731
f 1732 1751 1734
f 1223 1764 1749
f 1734 1751 1735
f 1223 1760 1764
f 1732 1734 1759
f 1734 1735 1768
f 1749 1764 1801
f 1735 1751 1769
f 1731 1733 1747
f 1732 1756 1751
f 614 1739 615
f 615 1737 1736
f 615 1736 617
f 617 1736 1740
f 615 1738 1737
f 1736 1737 1740
f 615 1739 1738
f 1737 1738 1741
f 1737 1741 1740
f 1738 1742 1741
f 1738 1739 1742
f 1739 1743 1742
f 616 617 1747
f 617 1740 1747
f 1740 1741 1747
f 1741 1742 1747
f 1742 1743 1747
f 1732 1745 1744
f 1744 1745 1778
f 1739 1795 1743
f 1731 1747 1745
f 1744 1746 1748
f 1732 1744 1756
f 1744 1779 1746
f 1744 1748 1754
f 1744 1754 1756
f 1745 1747 1781
f 1746 1783 1748
f 1743 1782 1747
f 1748 1816 1754
f 1749 1810 1750
f 1749 1801 1804
f 1749 1804 1810
f 1751 1756 1753
f 1752 1753 1756
f 1752 2492 1753
f 1751 1753 2500
f 1752 1755 2491
f 1752 1756 1755
f 1754 1816 1756
f 1755 1756 2496
f 1756 1816 2496
f 1688 1732 1757
f 1732 1759 1757
f 1757 1759 1758
f 1757 1758 1770
f 1700 1786 1739
f 1696 1764 1760
f 1760 1761 1762
f 1697 1762 1761
f 1697 1760 1762
f 1734 1768 1759
f 1735 1769 1768
f 1751 1811 1769
f 1763 1766 1765
f 1757 1766 1763
f 1757 1770 1766
f 1758 1768 1767
f 1758 1759 1768
f 1766 1767 1769
f 1767 1768 1769
f 1765 1766 1811
f 1766 1769 1811
f 1758 1771 1770
f 1700 1771 1786
f 1700 1770 1771
f 1700 1776 1770
f 1771 1772 1791
f 1758 1767 1775
f 1766 1774 1767
f 1758 1775 1771
f 1766 1770 1774
f 1767 1774 1775
f 1774 1812 1775
f 1773 1774 1776
f 1770 1776 1774
f 1771 1775 1812
f 1771 1813 1772
f 1772 1815 1791
f 1739 1784 1795
f 1744 1778 1777
f 1739 1786 1784
f 1745 1790 1778
f 1744 1777 1779
f 1746 1779 1783
f 1747 1782 1781
f 1743 1795 1782
f 1748 1783 1816
f 1745 1781 1790
f 1777 1778 1779
f 1778 1783 1779
f 1778 1780 1783
f 1778 1793 1780
f 1780 1793 1781
f 1780 1781 1816
f 1780 1816 1783
f 1781 1782 1816
f 1771 1789 1786
f 1771 1791 1789
f 1784 1786 1785
f 1784 1785 1795
f 1785 1788 1796
f 1778 1790 1789
f 1785 1796 1795
f 1788 1800 1796
f 1786 1787 1788
f 1785 1786 1788
f 1786 1799 1787
f 1787 1800 1788
f 1786 1789 1790
f 1786 1790 1798
f 1786 1798 1799
f 1787 1799 1800
f 1781 1793 1792
f 1778 1789 1793
f 1781 1792 1790
f 1782 1795 1794
f 1790 1792 1797
f 1792 1798 1797
f 1792 1800 1798
f 1792 1794 1795
f 1792 1795 1796
f 1792 1796 1800
f 1792 1793 1818
f 1792 1818 1794
f 1789 1818 1793
f 1790 1797 1798
f 1798 1800 1799
f 1789 1791 1820
f 1764 1806 1801
f 1801 1803 1804
f 1801 1802 1803
f 1727 1807 1764
f 1764 1807 1806
f 1801 1806 1802
f 1802 1806 1805
f 1803 1805 1804
f 1802 1805 1803
f 1727 1809 1807
f 1806 1807 1808
f 1805 1806 1808
f 1804 1805 1810
f 1807 1809 1808
f 1765 1811 2499
f 1751 2500 1811
f 1811 2500 2499
f 1765 2501 1773
f 1773 2501 1774
f 1771 1812 1813
f 1772 1813 1815
f 1774 2501 1812
f 1765 2499 2501
f 1812 2501 1814
f 1812 1814 1815
f 1812 1815 1813
f 1814 2503 1815
f 1782 1794 2510
f 1782 2509 1816
f 1782 2510 2509
f 1791 1819 1820
f 1789 1820 1818
f 1791 1815 2507
f 1791 2507 1819
f 1817 1818 1820
f 1794 1818 2512
f 1817 2511 1818
f 1794 2512 2510
f 1817 1820 1819
f 1817 1819 2518
f 1825 1517 1856
f 1825 1856 1859
f 1825 1859 1861
f 1821 1825 1826
f 1822 1827 1823
f 1825 1861 1862
f 1825 1862 1826
f 1821 1831 1824
f 1822 1824 1829
f 1826 1862 1868
f 1823 1827 1843
f 1821 1826 1828
f 1822 1829 1827
f 1826 1868 1869
f 1826 1869 1876
f 1821 1828 1831
f 1824 1831 1829
f 1827 1830 1843
f 1826 1876 1832
f 1826 1832 1828
f 1827 1829 1830
f 1832 1876 1878
f 1832 1879 1880
f 1832 1878 1879
f 1832 1880 1886
f 1830 2085 1843
f 1231 1842 1847
f 1529 1843 1835
f 1235 1833 1837
f 1236 1834 1833
f 1237 1836 1834
f 1238 1835 1836
f 1234 1837 1839
f 1239 1838 1840
f 1240 1839 1838
f 1242 1841 1842
f 1241 1840 1841
f 1833 1848 1837
f 1833 1834 1849
f 1834 1836 1850
f 1835 1844 1836
f 1837 1853 1839
f 1841 1847 1842
f 1838 1852 1840
f 1838 1839 1851
f 1840 1846 1841
f 1835 1843 1845
f 1836 1844 1850
f 1833 1849 1848
f 1834 1850 1849
f 1837 1848 1853
f 1835 1845 1844
f 1840 1852 1846
f 1839 1853 1851
f 1838 1851 1852
f 1841 1846 1847
f 1828 2038 1831
f 1829 2034 1830
f 1828 1832 2039
f 1829 1831 2036
f 1829 2036 2034
f 1831 2038 2036
f 1830 2034 2085
f 1843 2085 1845
f 1848 1849 1854
f 1848 1855 1853
f 1851 1853 1855
f 1844 2100 1850
f 1848 1854 1855
f 1844 1845 2097
f 1846 1852 2105
f 1851 2103 1852
f 1846 2104 1847
f 1849 1850 2099
f 1845 2085 2096
f 1849 2099 1854
f 1851 1855 2101
f 1850 2100 2099
f 1844 2097 2100
f 1845 2096 2097
f 1854 2102 1855
f 1851 2101 2103
f 1846 2105 2104
f 1852 2103 2105
f 1854 2099 2098
f 1854 2098 2102
f 152 1244 2270
f 1244 2271 2270
f 1231 3734 1709
f 1832 1886 1887
f 1832 1887 1889
f 1832 1889 1890
f 1910 1561 1553
f 1910 1560 1561
f 1910 1901 1560
f 1388 2079 1910
f 1910 1905 1902
f 1910 1907 1908
f 1910 1908 1905
f 1910 1909 1907
f 1910 1902 1901
f 1910 1915 1909
f 1910 1916 1915
f 1910 1921 1916
f 1910 1922 1921
f 1910 2074 1922
f 1910 2075 2074
f 1910 2079 2075
f 1388 2111 2079
f 1388 2243 2130
f 1388 2130 2111
f 1942 1923 1612
f 1942 1924 1923
f 1942 1928 1924
f 1942 1943 1984
f 1944 1945 1986
f 1944 1988 1946
f 1943 1946 1985
f 1942 1958 1928
f 1942 1984 1958
f 1641 1987 1945
f 1631 1990 1641
f 1635 1949 1950
f 1634 1950 1948
f 1632 1951 1952
f 1633 1952 1949
f 1637 1955 1951
f 1638 1953 1956
f 1639 1954 1953
f 1640 1956 1957
f 1636 1957 1955
f 1750 2168 1954
f 1631 1948 1990
f 1943 1985 1984
f 1945 1987 1986
f 1944 1986 1988
f 1946 1988 1985
f 1984 1959 1958
f 1984 1961 1960
f 1984 1960 1959
f 1984 1965 1961
f 1984 1966 1965
f 1986 1987 1989
f 1641 1990 1987
f 1948 1950 2165
f 1949 2166 1950
f 1951 2170 1952
f 1949 1952 2171
f 1951 1955 2169
f 1953 1954 2167
f 1956 2172 1957
f 1955 1957 2173
f 1953 2174 1956
f 1987 1990 1989
f 1948 2165 1990
f 1949 2171 2166
f 1950 2166 2165
f 1951 2169 2170
f 1952 2170 2171
f 1955 2173 2169
f 1953 2167 2174
f 1954 2168 2167
f 1957 2172 2173
f 1956 2174 2172
f 1388 2000 2243
f 1663 1991 1996
f 1663 1996 1995
f 1663 1995 2000
f 2000 1995 1997
f 2000 1997 1999
f 2000 1999 2001
f 2000 2001 2004
f 2000 2004 2243
f 2243 2004 2003
f 2243 2003 2005
f 2243 2005 2006
f 1832 1890 2009
f 1832 2009 2012
f 1832 2012 2013
f 1832 2013 2035
f 1832 2035 2039
f 1828 2039 2038
f 2035 2013 2020
f 2035 2020 2021
f 2035 2021 2023
f 2035 2023 2025
f 2035 2025 2026
f 2035 2026 2040
f 2034 2036 2037
f 2035 2040 2047
f 2034 2037 2085
f 2035 2047 2049
f 2038 2039 2278
f 2035 2275 2039
f 2036 2277 2037
f 2036 2038 2276
f 2037 2277 2085
f 2035 2049 2274
f 2274 2049 2050
f 2079 2077 2075
f 2079 2078 2077
f 2079 2082 2078
f 2079 2083 2082
f 2079 2089 2083
f 2079 2090 2089
f 2079 2095 2090
f 2079 2094 2095
f 2079 2111 2094
f 1855 2102 2101
f 2111 2110 2094
f 2111 2112 2110
f 2111 2113 2112
f 2111 2119 2113
f 2111 2130 2119
f 2130 2120 2119
f 2130 2124 2120
f 2130 2125 2124
f 2130 2127 2125
f 2130 2128 2127
f 2130 2129 2128
f 2130 2133 2129
f 2130 2134 2131
f 2130 2131 2133
f 2130 2123 2134
f 2130 2122 2123
f 2130 2264 2122
f 2178 2137 1966
f 2178 2138 2137
f 2178 2140 2138
f 2178 2141 2140
f 2178 2143 2141
f 2178 2145 2143
f 1984 1985 2178
f 1986 2180 1988
f 1985 1988 2179
f 1984 2178 1966
f 1986 1989 2181
f 1985 2179 2178
f 1986 2181 2180
f 1988 2180 2179
f 1989 2182 2181
f 1989 1990 2182
f 2169 2227 2170
f 2169 2173 2227
f 2172 2228 2173
f 1990 2165 2226
f 2170 2231 2171
f 2166 2171 2230
f 2165 2166 2229
f 2173 2228 2227
f 2167 2168 2269
f 2167 2234 2174
f 2178 2144 2145
f 2178 2176 2144
f 2178 2175 2176
f 2178 2183 2175
f 2178 2184 2183
f 2181 2182 2192
f 2178 2412 2184
f 2178 2179 2412
f 2179 2180 2413
f 2180 2181 2416
f 2412 2187 2184
f 2412 2189 2187
f 2181 2192 2414
f 2182 2226 2192
f 1990 2226 2182
f 2172 2174 2235
f 2170 2227 2233
f 2172 2235 2228
f 2165 2229 2226
f 2170 2233 2231
f 2171 2231 2230
f 2166 2230 2229
f 2227 2228 2232
f 2168 2268 2269
f 2174 2234 2235
f 2167 2269 2234
f 2227 2232 2233
f 2228 2236 2232
f 2228 2235 2236
f 2243 2006 2238
f 2243 2238 2237
f 2243 2237 2240
f 2243 2240 2241
f 2243 2241 2242
f 2243 2244 2249
f 2243 2242 2244
f 2243 2247 2246
f 2243 2246 2252
f 2243 2249 2247
f 2243 2252 2264
f 2130 2243 2264
f 2264 2253 2258
f 2264 2252 2253
f 2264 2257 2261
f 2264 2258 2257
f 2264 2261 2263
f 2264 2262 2260
f 2264 2263 2262
f 2264 2260 2122
f 1231 1847 4362
f 2270 2271 2273
f 152 2270 3728
f 2270 2273 2272
f 2270 2272 3730
f 2270 3730 3728
f 2272 3731 3730
f 2272 2273 3731
f 2036 2276 2277
f 2039 2275 2278
f 2035 2274 2275
f 2038 2278 2276
f 2274 2050 2051
f 2274 2051 2052
f 2274 2052 2053
f 2085 2277 2297
f 2274 2053 2280
f 2274 2280 2281
f 2274 2281 2282
f 2274 2282 2283
f 2274 2283 2286
f 2274 2286 2289
f 2274 2289 2291
f 2276 2288 2277
f 2275 2359 2278
f 2274 2357 2275
f 2276 2278 2358
f 2277 2288 2297
f 2274 2291 2356
f 2276 2358 2288
f 2288 2360 2297
f 2356 2291 2294
f 2356 2294 2296
f 2274 2356 2357
f 2275 2357 2359
f 2278 2359 2358
f 2356 2296 2334
f 2432 2304 2303
f 2432 2303 2300
f 2356 2335 2336
f 2356 2337 2335
f 2356 2334 2337
f 2356 2336 2339
f 2288 2358 2360
f 2297 2375 2393
f 2297 2360 2374
f 2361 2394 2393
f 2361 2393 2375
f 2361 2362 2394
f 2362 2364 2395
f 2373 2366 2305
f 2432 2306 2304
f 2432 2305 2306
f 2373 2305 2432
f 2373 2433 2376
f 2376 2434 2377
f 2376 2433 2434
f 2373 2432 2433
f 2377 2434 2435
f 2378 2435 2437
f 2356 2339 2341
f 2356 2341 2342
f 2356 2342 2346
f 2356 2346 2373
f 2373 2346 2367
f 2373 2367 2368
f 2373 2368 2370
f 2358 2371 2360
f 2356 2376 2357
f 2357 2377 2359
f 2358 2359 2378
f 2360 2371 2374
f 2358 2378 2371
f 2356 2373 2376
f 2357 2376 2377
f 2359 2377 2378
f 2297 2374 2375
f 2373 2370 2365
f 2373 2365 2366
f 2377 2435 2378
f 2378 2437 2379
f 2379 2437 2438
f 2379 2438 2380
f 2371 2378 2379
f 2371 2379 2380
f 2371 2380 2374
f 2363 2364 2461
f 2361 2375 2463
f 2361 2464 2362
f 2374 2462 2375
f 2374 2380 2462
f 2380 2438 2445
f 2380 2445 2462
f 2445 2446 2462
f 2446 2449 2463
f 2085 2393 2096
f 2098 2099 2392
f 2097 2395 2100
f 2096 2394 2097
f 2098 2399 2102
f 2099 2100 2397
f 2101 2102 2399
f 2104 2105 2400
f 2103 2401 2105
f 2101 2403 2103
f 2085 2297 2393
f 2099 2397 2392
f 2096 2393 2394
f 2098 2392 2399
f 2101 2399 2402
f 2105 2401 2400
f 2100 2395 2397
f 2097 2394 2395
f 2101 2402 2403
f 2103 2403 2401
f 2392 2397 2396
f 2392 2396 2398
f 2392 2398 2399
f 2398 2402 2399
f 2362 2395 2394
f 2363 2396 2397
f 2364 2397 2395
f 2396 2408 2398
f 2398 2407 2402
f 2402 2406 2403
f 2400 2401 2404
f 2401 2403 2405
f 2363 2397 2364
f 2363 2408 2396
f 2401 2405 2404
f 2403 2406 2405
f 2398 2408 2407
f 2402 2407 2406
f 2363 2467 2408
f 2363 2461 2467
f 2407 2408 2467
f 2404 2405 2468
f 2405 2406 2469
f 2456 2469 2457
f 2457 2470 2460
f 2412 2409 2185
f 2412 2410 2409
f 2412 2190 2189
f 2412 2185 2190
f 2180 2416 2413
f 2179 2413 2412
f 2181 2414 2416
f 2192 2415 2414
f 2432 2417 2410
f 2432 2418 2417
f 2412 2432 2410
f 2412 2413 2432
f 2413 2416 2433
f 2414 2434 2416
f 2414 2415 2435
f 2432 2422 2420
f 2432 2424 2421
f 2432 2421 2422
f 2432 2420 2418
f 2432 2423 2424
f 2432 2300 2301
f 2432 2301 2299
f 2432 2299 2298
f 2432 2298 2423
f 2413 2433 2432
f 2416 2434 2433
f 2192 2226 2415
f 2226 2229 2439
f 2230 2231 2440
f 2229 2230 2439
f 2231 2233 2442
f 2415 2438 2436
f 2226 2438 2415
f 2230 2440 2439
f 2233 2444 2441
f 2236 2455 2444
f 2226 2439 2438
f 2231 2442 2440
f 2233 2441 2442
f 2232 2444 2233
f 2232 2236 2444
f 2235 2455 2236
f 2415 2436 2435
f 2414 2435 2434
f 2435 2436 2437
f 2436 2438 2437
f 2438 2439 2445
f 2441 2444 2443
f 2443 2455 2453
f 2443 2444 2455
f 2439 2440 2445
f 2440 2442 2446
f 2441 2443 2448
f 2441 2449 2442
f 2443 2453 2447
f 2440 2446 2445
f 2442 2449 2446
f 2441 2448 2449
f 2443 2447 2448
f 2447 2453 2459
f 2447 2473 2448
f 2447 2459 2473
f 2234 2269 2454
f 2268 2451 2269
f 2268 2450 2451
f 2235 2452 2455
f 2234 2454 2452
f 2269 2451 2454
f 2234 2452 2235
f 2452 2453 2455
f 2451 2460 2454
f 2452 2454 2458
f 2452 2459 2453
f 2450 2457 2451
f 2450 2456 2457
f 2452 2458 2459
f 2451 2457 2460
f 2454 2460 2458
f 2459 2474 2473
f 2458 2474 2459
f 2362 2466 2364
f 2364 2466 2461
f 2375 2462 2463
f 2362 2464 2466
f 2361 2463 2464
f 2461 2466 2465
f 2465 2466 2473
f 2446 2463 2462
f 2449 2464 2463
f 2448 2466 2464
f 2465 2473 2474
f 2448 2464 2449
f 2448 2473 2466
f 2406 2407 2470
f 2461 2471 2467
f 2407 2467 2472
f 2405 2469 2468
f 2406 2470 2469
f 2407 2472 2470
f 2461 2465 2471
f 2467 2471 2472
f 2465 2474 2471
f 2471 2474 2472
f 2456 2468 2469
f 2457 2469 2470
f 2460 2470 2472
f 2458 2460 2472
f 2458 2472 2474
f 1708 1709 2486
f 1244 1246 3919
f 165 2480 1713
f 1713 2480 2484
f 2475 2476 2478
f 2475 2478 2477
f 1711 2483 2477
f 1712 2477 2478
f 1711 2484 2483
f 165 2482 2480
f 2479 2481 2483
f 2479 2483 2484
f 2479 2480 2482
f 2479 2484 2480
f 167 2481 2482
f 2479 2482 2481
f 1718 1720 2485
f 1708 2486 1722
f 1720 1722 2486
f 1718 2485 1726
f 1726 2485 1728
f 1728 2489 1809
f 1728 2485 2489
f 1709 3732 2486
f 1244 3917 2271
f 1246 2475 3919
f 1709 3734 3732
f 166 3791 2481
f 2475 2477 3919
f 2477 2483 3919
f 2481 3919 2483
f 1720 2486 2485
f 1809 2489 2519
f 2485 2486 2487
f 2485 2487 2489
f 2486 2488 2487
f 2489 2520 2519
f 2489 2490 2520
f 2487 2490 2489
f 1753 2492 2500
f 1752 2491 2492
f 1755 3946 2491
f 1755 2495 3950
f 1755 2496 2495
f 1750 4573 2168
f 1750 1810 4573
f 2491 2493 2492
f 1755 3948 3946
f 2492 2493 2494
f 2491 3946 2493
f 2493 3946 2494
f 2494 3946 3947
f 1755 3950 3948
f 2495 2496 2498
f 2495 3952 3950
f 2497 3953 3952
f 2495 2498 2497
f 2495 2497 3952
f 2497 2498 3953
f 1816 4576 2496
f 1805 1808 2519
f 1808 1809 2519
f 1805 2519 1810
f 1814 2501 2502
f 1814 2502 2503
f 2499 2502 2501
f 2499 2500 2502
f 1815 2503 2506
f 1815 2506 2507
f 2503 2505 2504
f 2503 2507 2506
f 2503 2504 2507
f 2504 2505 2507
f 2505 2508 2507
f 2505 2514 2508
f 2507 2508 2516
f 2509 2510 2512
f 1819 2507 2515
f 1817 2517 2511
f 1818 2511 2512
f 1817 2518 2517
f 2509 2512 2511
f 1819 2515 2518
f 2513 2516 2514
f 2507 2516 2515
f 2513 2518 2515
f 2513 2515 2516
f 2508 2514 2516
f 2513 2517 2518
f 1810 2519 3954
f 1810 3954 3956
f 2500 4202 2502
f 2502 4242 2503
f 2503 4242 2505
f 1816 2509 4576
f 2509 2511 4332
f 2505 4002 2514
f 2513 4332 2517
f 2511 2517 4332
f 2513 2514 4332
f 20 2539 2538
f 19 2538 3164
f 23 2542 2541
f 24 2541 2544
f 170 2544 3718
f 2521 2537 2544
f 2521 2523 2524
f 2522 2526 2523
f 2522 2535 2525
f 2522 2525 2526
f 2523 2526 2524
f 2528 2530 2544
f 2529 2544 2530
f 2527 2531 2536
f 2528 2541 2532
f 2528 2534 2530
f 2528 2532 2534
f 2529 2530 2533
f 2527 2529 2531
f 2529 2533 2531
f 2530 2534 2533
f 2522 2523 2544
f 2522 2544 2535
f 2521 2544 2523
f 2527 2535 2544
f 2527 2544 2529
f 2527 2536 2535
f 2525 2535 2536
f 2537 2538 2539
f 2537 2539 2544
f 2521 2540 2537
f 2521 2524 2540
f 2537 2540 2538
f 2538 2540 3164
f 2525 4374 2526
f 2524 2526 4374
f 2524 4374 2540
f 2528 2544 2541
f 2541 2542 2543
f 2532 2541 2543
f 2532 2543 3721
f 2542 3721 2543
f 2532 2547 2534
f 2531 2533 4374
f 2533 2534 4373
f 2532 3721 2547
f 2542 3720 3721
f 2544 2545 3719
f 2544 3719 3718
f 2544 2546 2545
f 2534 2547 2548
f 2534 2548 4373
f 2545 3721 3719
f 2545 2546 2547
f 2545 2547 3721
f 2546 2548 2547
f 2539 4365 2544
f 2525 2536 4374
f 2531 4374 2536
f 2539 4366 4365
f 2544 4365 2546
f 2533 4373 4374
f 2546 4373 2548
f 125 127 3161
f 126 2551 2549
f 2549 2551 2550
f 2550 2551 2552
f 2551 2554 2552
f 127 2550 3161
f 2550 2552 3161
f 2551 2553 2554
f 2553 2555 2554
f 2554 2555 2556
f 129 3162 131
f 2554 2556 3162
f 131 3162 2556
f 29 3164 3165
f 30 3165 2539
f 125 3161 3176
f 2552 2554 3170
f 129 2901 3162
f 2554 3162 3163
f 43 2806 2855
f 139 2651 2650
f 139 2845 2651
f 2557 2559 2558
f 2557 2558 2560
f 2557 2560 2562
f 2557 2561 2559
f 2557 2562 2565
f 2557 2565 2710
f 2566 2568 2567
f 2566 2570 2598
f 2566 2567 2570
f 2566 2569 2568
f 2566 2575 2569
f 2566 2576 2575
f 2566 2590 2576
f 2566 2591 2590
f 2566 2601 2561
f 2566 2599 2601
f 2557 2566 2561
f 2566 2598 2599
f 2557 2710 2712
f 2557 2706 2566
f 139 2855 2887
f 2665 2638 2637
f 2665 2829 2638
f 2811 2645 2642
f 139 2887 2845
f 2650 2651 2683
f 2651 2699 2683
f 2650 2683 2679
f 2650 2679 2754
f 2651 2700 2699
f 2651 2845 2700
f 2566 2665 2591
f 2665 2657 2652
f 2665 2652 2591
f 2665 2666 2657
f 2665 2667 2666
f 2665 2676 2667
f 2665 2637 2676
f 2566 2708 2665
f 2679 2683 2684
f 2680 2684 2685
f 2681 2685 2686
f 2682 2686 2687
f 2683 2699 2684
f 2566 2706 2708
f 2679 2684 2680
f 2680 2685 2681
f 2681 2686 2682
f 2682 2687 2688
f 2679 2680 2754
f 2680 2681 2755
f 2681 2682 2756
f 2682 2688 2757
f 2557 2786 2706
f 2688 2705 2758
f 2684 2702 2685
f 2685 2703 2686
f 2686 2704 2687
f 2684 2699 2701
f 2699 2700 2701
f 2684 2701 2702
f 2685 2702 2703
f 2686 2703 2704
f 2687 2704 2707
f 2700 2846 2701
f 2701 2849 2702
f 2702 2850 2703
f 2703 2851 2704
f 2665 2708 2852
f 2687 2707 2688
f 2688 2707 2705
f 2705 2707 2706
f 2705 2706 2786
f 2706 2707 2708
f 45 2958 2901
f 148 2650 2753
f 148 2753 2903
f 2557 2712 2713
f 2557 2713 2714
f 2557 2714 2716
f 2557 2716 2719
f 2719 2716 2720
f 2719 2720 2721
f 2719 2721 2723
f 2719 2723 2724
f 2719 2724 2751
f 2719 2751 2762
f 2719 2762 2766
f 2650 2754 2753
f 148 2903 2958
f 2753 2787 2903
f 2557 2719 2786
f 2719 2766 2772
f 2719 2772 2773
f 2680 2755 2754
f 2681 2756 2755
f 2682 2757 2756
f 2688 2758 2757
f 2753 2754 2784
f 2754 2755 2784
f 2755 2756 2788
f 2762 2763 2766
f 2763 2764 2767
f 2763 2767 2766
f 2719 2773 2765
f 2765 2773 2779
f 2765 2781 2782
f 2765 2779 2781
f 2765 2782 2783
f 2705 2785 2758
f 2756 2757 2789
f 2757 2758 2791
f 2753 2784 2787
f 2755 2788 2784
f 2758 2785 2790
f 2756 2789 2788
f 2757 2791 2789
f 2758 2790 2791
f 2784 2788 2787
f 2719 2916 2786
f 2719 2765 2916
f 2705 2786 2785
f 2787 2788 2904
f 2788 2789 2906
f 2789 2791 2907
f 2790 2908 2791
f 2765 2783 2795
f 2765 2795 2801
f 2765 2801 2804
f 2765 2804 2910
f 2801 2802 2804
f 2802 2803 2804
f 125 3176 2806
f 2805 2855 2806
f 2829 2642 2638
f 2829 2811 2642
f 2811 2810 2645
f 2829 2818 2811
f 2829 2830 2818
f 2829 2831 2830
f 2829 2839 2831
f 2700 2845 2846
f 2845 2847 2846
f 2845 2887 2847
f 2847 2887 2888
f 2665 2852 2829
f 2701 2846 2848
f 2701 2848 2849
f 2702 2849 2850
f 2703 2850 2851
f 2704 2853 2707
f 2707 2853 2708
f 2704 2851 2853
f 2846 2847 2848
f 2708 2853 2852
f 2847 2889 2848
f 2848 2890 2849
f 2849 2891 2850
f 2850 2892 2851
f 2851 2894 2853
f 2847 2888 2889
f 2848 2889 2890
f 2849 2890 2891
f 2850 2891 2892
f 2852 2853 2894
f 2805 2854 2855
f 2829 2877 2839
f 2829 2852 2877
f 2877 2865 2857
f 2877 2857 2839
f 2877 2870 2865
f 2877 2872 2870
f 2877 2879 2872
f 2877 2880 2879
f 2877 3177 2880
f 2887 2893 2888
f 2887 2896 2893
f 2887 3214 2896
f 2851 2892 2894
f 2888 2893 2889
f 2852 2894 2895
f 2852 2895 2877
f 2889 2898 2890
f 2890 2899 2891
f 2891 2900 2892
f 2889 2893 2897
f 2892 2900 2894
f 2889 2897 2898
f 2890 2898 2899
f 2891 2899 2900
f 2893 2896 2897
f 2894 3222 2895
f 2901 2902 3293
f 2903 2934 2931
f 2785 2786 2916
f 2785 2909 2790
f 2785 2915 2909
f 2785 2916 2915
f 2787 2904 2903
f 2788 2906 2904
f 2789 2907 2906
f 2791 2908 2907
f 2790 2909 2908
f 2765 2917 2916
f 2765 2910 2911
f 2765 2911 2914
f 2765 2913 2912
f 2765 2914 2913
f 2765 2912 2919
f 2765 2919 2917
f 2903 2904 2905
f 2904 2906 2905
f 2915 2916 2940
f 2903 2905 2934
f 2906 2907 2935
f 2907 2908 2936
f 2908 2909 2933
f 2909 2915 2932
f 2905 2906 2934
f 2917 2919 2921
f 2917 2921 2924
f 2917 2924 2928
f 2906 2935 2934
f 2908 2933 2936
f 2909 2932 2933
f 2907 2936 2935
f 2916 2917 2940
f 2917 2928 2938
f 2928 2929 2938
f 2929 2930 2938
f 2931 2943 3295
f 2915 2939 2932
f 2915 2940 2939
f 2931 2934 2937
f 2934 2935 2937
f 2933 2945 2936
f 2932 2942 2933
f 2935 2936 2944
f 2935 2944 2937
f 2917 2946 2940
f 2917 2947 2948
f 2917 2948 2951
f 2917 2951 2952
f 2917 2952 2946
f 2917 2938 2949
f 2917 2949 2947
f 2931 2937 2943
f 2932 2939 2941
f 2933 2942 2945
f 2932 2941 2942
f 2937 2944 2943
f 2936 2945 2944
f 2939 2940 3304
f 2946 2952 2955
f 2946 2955 2957
f 2946 2957 3298
f 2901 2958 2902
f 2902 2958 2959
f 157 2960 2962
f 153 156 3533
f 155 2961 2960
f 2960 2961 2962
f 2961 2963 2962
f 2961 3729 2963
f 156 157 3533
f 157 2962 3533
f 2962 2963 3533
f 2963 3729 3538
f 153 3533 159
f 159 3533 3118
f 166 3047 3791
f 166 3049 3047
f 3736 2964 3737
f 166 3113 3049
f 2974 3025 2965
f 2974 2975 2992
f 2974 2977 2983
f 2974 2979 2980
f 2974 2980 2977
f 2974 2981 2979
f 2974 2965 2981
f 2974 2983 2975
f 2974 2964 3736
f 2974 2992 2964
f 2974 3736 3834
f 161 3118 3120
f 166 3120 3113
f 3025 2970 2965
f 3025 3014 2970
f 3025 3021 3013
f 3025 3013 3014
f 3025 3026 3035
f 3025 3032 3026
f 3025 3033 3032
f 3025 3034 3033
f 3025 3056 3034
f 3025 3035 3021
f 2974 3076 3025
f 3048 3792 3791
f 3048 3793 3792
f 3042 3047 3049
f 3042 3043 3048
f 3042 3051 3043
f 3047 3048 3791
f 3042 3048 3047
f 3043 3793 3048
f 3043 3044 3793
f 3044 3045 3794
f 3045 3046 3795
f 3044 3794 3793
f 3045 3795 3794
f 3046 3797 3795
f 2974 3834 3076
f 3049 3055 3050
f 3050 3055 3051
f 3051 3100 3052
f 3051 3055 3099
f 3052 3101 3054
f 3053 3054 3102
f 3025 3063 3056
f 3025 3085 3063
f 3025 3076 3116
f 3043 3052 3044
f 3044 3054 3045
f 3045 3053 3046
f 3042 3049 3050
f 3042 3050 3051
f 3043 3051 3052
f 3044 3052 3054
f 3045 3054 3053
f 3046 3053 3075
f 3046 3075 3797
f 3075 3832 3797
f 3075 3834 3832
f 3075 3076 3834
f 3085 3077 3107
f 3085 3086 3077
f 3085 3093 3086
f 3049 3098 3055
f 3051 3099 3100
f 3055 3098 3099
f 3052 3100 3101
f 3054 3101 3102
f 3049 3113 3098
f 3053 3102 3115
f 3085 3071 3063
f 3085 3107 3071
f 3025 3116 3085
f 3076 3115 3116
f 3053 3115 3075
f 3075 3115 3076
f 3098 3113 3114
f 3099 3149 3100
f 3100 3151 3101
f 3101 3150 3102
f 3098 3114 3099
f 3099 3114 3148
f 3113 3147 3114
f 3099 3148 3149
f 3100 3149 3151
f 3101 3151 3150
f 3102 3152 3115
f 3115 3152 3116
f 3117 3119 3118
f 3118 3119 3120
f 3113 3120 3153
f 3085 3138 3093
f 3093 3128 3122
f 3138 3128 3093
f 3138 3133 3128
f 3138 3139 3133
f 3138 3143 3139
f 3138 3144 3143
f 3138 3145 3144
f 3138 3539 3145
f 3113 3153 3147
f 3114 3147 3148
f 3102 3150 3152
f 3147 3154 3148
f 3148 3157 3149
f 3149 3159 3151
f 3150 3151 3158
f 3085 3116 3138
f 3116 3152 3160
f 3116 3160 3138
f 3147 3153 3154
f 3150 3158 3152
f 3148 3154 3156
f 3151 3159 3158
f 3148 3156 3157
f 3149 3157 3159
f 3120 3571 3153
f 3153 3155 3154
f 3154 3155 3156
f 3152 3565 3160
f 2552 3168 3161
f 2552 3170 3168
f 3161 3168 3166
f 3161 3166 3176
f 2554 3174 3170
f 2554 3171 3174
f 2554 3163 3173
f 2554 3173 3171
f 3162 3294 3163
f 3164 3167 3165
f 2540 3463 3164
f 3166 3168 3362
f 3164 3364 3167
f 3167 3364 3169
f 3165 3167 3172
f 3167 3169 3175
f 3168 3170 3366
f 3169 3367 3170
f 3169 3170 3174
f 2539 3165 3535
f 2540 4374 3463
f 3167 3175 3172
f 3171 3474 3174
f 3165 3172 3535
f 3163 3470 3173
f 3171 3173 3469
f 3172 3175 3472
f 3169 3174 3175
f 3174 3475 3175
f 2805 2806 3363
f 2806 3176 3363
f 3166 3362 3176
f 2805 3363 3369
f 3176 3362 3365
f 2805 3369 2854
f 2854 3369 2855
f 2855 3369 2887
f 2887 3369 3214
f 2877 3185 3177
f 2877 2895 3223
f 2877 3223 3185
f 3223 3193 3185
f 3223 3204 3193
f 3223 3224 3204
f 2896 3214 3215
f 3214 3217 3215
f 3214 3242 3217
f 2896 3215 2897
f 2894 2900 3222
f 2897 3221 2898
f 2898 3218 2899
f 2899 3219 2900
f 2895 3222 3216
f 2897 3215 3220
f 2895 3216 3223
f 2897 3220 3221
f 2898 3221 3218
f 2899 3218 3219
f 2900 3219 3222
f 3215 3217 3220
f 3217 3247 3220
f 3218 3248 3219
f 3220 3252 3221
f 3218 3221 3249
f 3216 3222 3253
f 3219 3253 3222
f 3214 3372 3242
f 3223 3228 3224
f 3223 3230 3228
f 3223 3238 3230
f 3217 3242 3247
f 3242 3250 3247
f 3242 3284 3250
f 3242 3243 3284
f 3243 3287 3284
f 3243 3290 3287
f 3243 3344 3290
f 3243 3316 3344
f 3219 3248 3253
f 3216 3253 3254
f 3220 3247 3251
f 3221 3252 3249
f 3218 3249 3248
f 3220 3251 3252
f 3216 3378 3223
f 3247 3250 3251
f 3216 3254 3378
f 3248 3249 3280
f 3251 3286 3252
f 3249 3252 3283
f 3248 3280 3253
f 3253 3281 3254
f 3254 3281 3282
f 3281 3317 3282
f 3223 3378 3238
f 3378 3240 3238
f 3378 3241 3240
f 3378 3255 3241
f 3250 3285 3251
f 3249 3283 3280
f 3251 3285 3286
f 3252 3286 3283
f 3250 3284 3285
f 3378 3264 3255
f 3378 3266 3264
f 3378 3274 3266
f 3253 3280 3281
f 3281 3288 3317
f 3280 3288 3281
f 3284 3287 3285
f 3280 3283 3288
f 3283 3286 3289
f 3285 3292 3286
f 3285 3287 3291
f 3254 3282 3422
f 3286 3292 3289
f 3283 3289 3288
f 3285 3291 3292
f 3289 3292 3345
f 3291 3348 3292
f 3288 3289 3343
f 3287 3290 3291
f 3290 3344 3291
f 2901 3293 3162
f 2902 3473 3293
f 3162 3293 3294
f 3293 3473 3294
f 2903 2931 3527
f 3295 3305 3315
f 2931 3295 3527
f 2939 3308 2941
f 2943 2944 3296
f 2939 3304 3303
f 2942 3307 2945
f 2941 3309 2942
f 2944 2945 3306
f 2940 2946 3304
f 2946 3298 3300
f 2946 3300 3302
f 2939 3303 3308
f 2943 3296 3295
f 2944 3306 3296
f 2942 3309 3307
f 2941 3308 3309
f 2945 3307 3306
f 3302 3300 3301
f 2946 3302 3310
f 2946 3310 3313
f 3303 3304 3318
f 3303 3319 3308
f 3295 3296 3305
f 3296 3306 3305
f 2946 3325 3304
f 2946 3313 3311
f 2946 3311 3312
f 2946 3330 3325
f 2946 3312 3330
f 3308 3322 3309
f 3305 3306 3320
f 3306 3307 3323
f 3307 3309 3324
f 3304 3325 3318
f 2903 3527 2958
f 2958 3528 2959
f 2902 2959 3473
f 3315 3346 3316
f 3316 3346 3344
f 3295 3315 3531
f 3303 3318 3317
f 3303 3317 3319
f 3305 3320 3315
f 3308 3319 3322
f 3309 3322 3324
f 3306 3323 3320
f 3307 3324 3323
f 3282 3317 3318
f 3315 3320 3321
f 3320 3323 3321
f 3315 3321 3346
f 3317 3343 3319
f 3319 3345 3322
f 3322 3348 3324
f 3325 3330 3332
f 3325 3331 3333
f 3325 3332 3331
f 3325 3333 3337
f 3325 3339 3349
f 3325 3337 3339
f 3339 3340 3341
f 3349 3339 3341
f 3319 3343 3345
f 3288 3343 3317
f 3324 3348 3347
f 3322 3345 3348
f 3323 3347 3346
f 3282 3318 3508
f 3321 3323 3346
f 3323 3324 3347
f 3291 3344 3347
f 3292 3348 3345
f 3289 3345 3343
f 3344 3346 3347
f 3291 3347 3348
f 3318 3325 3508
f 3325 3351 3350
f 3325 3349 3351
f 3325 3350 3355
f 3325 3355 3358
f 3325 3358 3509
f 3325 3509 3510
f 3325 3511 3508
f 3325 3510 3511
f 2958 3527 3528
f 2959 3528 3529
f 2959 3529 3473
f 3164 3363 3364
f 3168 3366 3362
f 3176 3364 3363
f 3176 3365 3364
f 3169 3364 3465
f 3362 3366 3367
f 3362 3367 3365
f 3364 3365 3373
f 3365 3367 3462
f 3366 3368 3367
f 3170 3368 3366
f 3164 3463 3363
f 3169 3465 3367
f 3170 3367 3368
f 3214 3369 3372
f 3242 3372 3373
f 3369 3370 3372
f 3370 3371 3372
f 3371 3374 3372
f 3372 3374 3376
f 3372 3376 3377
f 3372 3377 3465
f 3364 3373 3372
f 3365 3462 3373
f 3364 3372 3465
f 3374 3375 3376
f 3376 3465 3377
f 3242 3373 3243
f 3243 3373 3316
f 3316 3373 3462
f 3316 3462 3531
f 3378 3383 3274
f 3378 3385 3383
f 3378 3392 3385
f 3378 3393 3392
f 3254 3422 3378
f 3378 3422 3393
f 3422 3399 3393
f 3422 3410 3399
f 3282 3512 3422
f 3422 3423 3410
f 3422 3427 3423
f 3422 3429 3427
f 3422 3437 3429
f 3422 3438 3437
f 3422 3439 3438
f 3422 3512 3439
f 3439 3455 3454
f 3512 3455 3439
f 3512 3456 3455
f 3363 3463 3369
f 3369 3463 3370
f 3370 3464 3371
f 3371 3466 3374
f 3367 3465 3462
f 3370 3463 3464
f 3371 3464 3466
f 3374 3467 3375
f 3375 3468 3376
f 3376 3468 3465
f 3374 3466 3467
f 3375 3467 3468
f 3462 3465 3531
f 3465 3468 3532
f 3171 3469 3474
f 3469 3475 3474
f 3163 3294 3470
f 3173 3470 3469
f 3172 3472 3473
f 3294 3472 3470
f 3294 3473 3472
f 3175 3532 3472
f 3469 3470 3471
f 3470 3472 3471
f 3469 3471 3475
f 3174 3474 3475
f 3463 4374 3464
f 3464 4375 3466
f 3466 4375 3467
f 3467 4375 3468
f 3175 3475 3532
f 3315 3316 3531
f 3282 3508 3512
f 3508 3511 3477
f 3508 3477 3478
f 3508 3498 3482
f 3508 3478 3498
f 3508 3482 3480
f 3508 3480 3481
f 3508 3481 3512
f 3512 3517 3519
f 3512 3481 3517
f 3512 3518 3456
f 3512 3519 3518
f 3295 3531 3527
f 3471 3472 3528
f 3471 3527 3475
f 3471 3528 3527
f 3475 3527 3531
f 3472 3532 3528
f 3528 3530 3529
f 3528 3532 3530
f 3465 3532 3531
f 3475 3531 3532
f 3530 3532 3639
f 3468 3639 3532
f 2963 3536 3533
f 2963 3538 3536
f 3533 3536 3534
f 2539 3535 4366
f 3464 4374 4375
f 3535 4367 4366
f 3535 4368 4367
f 3535 4369 4368
f 3535 3537 4384
f 3639 4375 4376
f 3537 3538 4383
f 3118 3533 3582
f 3533 3534 3582
f 3534 3640 3582
f 3117 3118 3641
f 3117 3645 3119
f 3118 3582 3641
f 3119 3645 3120
f 3138 3588 3539
f 3539 3554 3546
f 3120 3646 3571
f 3588 3554 3539
f 3588 3563 3554
f 3153 3571 3155
f 3155 3569 3156
f 3156 3570 3157
f 3157 3567 3159
f 3158 3159 3566
f 3152 3158 3565
f 3157 3570 3567
f 3159 3567 3566
f 3155 3568 3569
f 3156 3569 3570
f 3158 3566 3565
f 3138 3160 3588
f 3160 3565 3573
f 3160 3573 3588
f 3155 3571 3568
f 3568 3571 3572
f 3568 3572 3569
f 3565 3566 3606
f 3566 3567 3583
f 3569 3587 3570
f 3567 3570 3584
f 3588 3577 3563
f 3565 3606 3573
f 3117 3641 3645
f 3582 3640 3643
f 3120 3645 3646
f 3571 3585 3572
f 3569 3572 3586
f 3566 3583 3606
f 3570 3587 3584
f 3567 3584 3583
f 3569 3586 3587
f 3572 3585 3586
f 3571 3631 3585
f 3588 3592 3577
f 3588 3591 3592
f 3588 3593 3591
f 3588 3594 3593
f 3588 3602 3594
f 3573 3649 3588
f 3573 3607 3649
f 3585 3632 3586
f 3583 3584 3633
f 3586 3637 3587
f 3584 3587 3634
f 3583 3633 3606
f 3573 3606 3607
f 3606 4458 3607
f 3607 4458 4472
f 3571 3647 3631
f 3588 3649 3602
f 3649 3608 3602
f 3649 3611 3608
f 3649 3615 3611
f 3649 3618 3615
f 3649 3626 3618
f 3585 3631 3632
f 3586 3632 3636
f 3584 3634 3633
f 3631 3635 3632
f 3586 3636 3637
f 3587 3637 3634
f 3632 3635 3636
f 3606 3633 4458
f 3633 4463 4458
f 3631 4462 3635
f 3633 3634 4463
f 3634 3637 4464
f 3635 4466 3636
f 3636 4467 3637
f 3635 4462 4465
f 3637 4467 4464
f 3634 4464 4463
f 3635 4465 4466
f 3636 4466 4467
f 3607 4472 3689
f 3172 3473 3641
f 3172 3642 3535
f 3172 3641 3642
f 3468 4375 3639
f 3473 3529 3645
f 3529 3530 3638
f 3473 3645 3641
f 3529 3638 3645
f 3530 3639 3638
f 3638 3639 3716
f 3534 3536 3640
f 3535 3642 3537
f 3536 3644 3640
f 3537 3642 3716
f 3536 3538 3644
f 3538 3717 3644
f 3537 3714 3538
f 3537 3716 3714
f 3538 3714 3717
f 3582 3642 3641
f 3582 3643 3642
f 3640 3714 3643
f 3640 3644 3714
f 3642 3643 3647
f 3643 3714 3715
f 3644 3717 3714
f 3642 3647 3646
f 3643 3715 3647
f 3642 3646 3716
f 3571 3646 3647
f 3631 3647 3715
f 3638 3646 3645
f 3638 3648 3646
f 3638 3716 3648
f 3646 3648 3716
f 3631 3715 4462
f 3649 3653 3626
f 3649 3661 3653
f 3661 3676 3666
f 3607 3689 3649
f 3649 3689 3661
f 3689 3676 3661
f 3689 3682 3676
f 3689 3688 3682
f 3689 3707 3688
f 3689 3706 3707
f 3689 3708 3706
f 3689 3709 3708
f 3689 3712 3709
f 3689 3711 3712
f 3689 3713 3711
f 3689 4547 3713
f 3689 4548 4547
f 3714 3716 3715
f 3715 3716 4568
f 3639 4572 3716
f 3723 789 783
f 3723 794 789
f 3723 795 794
f 3723 799 795
f 3723 977 799
f 3723 978 977
f 3723 985 978
f 3723 986 985
f 3723 993 986
f 3723 999 993
f 3723 1003 999
f 3723 1154 1003
f 3723 1159 1154
f 3723 1160 1159
f 3723 1161 1160
f 3723 1163 1161
f 3723 1164 1163
f 3723 1165 1164
f 3723 1167 1165
f 3723 1168 1167
f 3723 1139 1170
f 3723 1171 1168
f 3723 1170 1171
f 3723 899 918
f 3723 918 940
f 3723 940 941
f 3723 1102 1115
f 3723 941 1099
f 3723 1099 1102
f 3723 1115 1122
f 3723 1143 1139
f 3723 1142 1143
f 3723 1122 1142
f 612 3722 2542
f 170 3718 3723
f 613 3723 3722
f 2542 3723 3720
f 2542 3722 3723
f 3718 3719 3720
f 3719 3721 3720
f 3718 3720 3723
f 2546 4365 4373
f 3724 3726 4593
f 3724 3725 3726
f 3725 3727 3726
f 1847 2104 4362
f 2104 2400 4362
f 2961 3728 3729
f 3728 3730 3729
f 3729 3730 3731
f 1231 4362 3734
f 2271 4363 2273
f 2273 4363 3731
f 3729 3731 4363
f 2168 4573 2268
f 2268 4573 2450
f 2400 2404 4371
f 2404 2468 4379
f 2450 4573 2456
f 2456 4386 2468
f 2400 4371 4362
f 3729 4363 4364
f 2456 4573 4578
f 1244 3919 3917
f 2486 3732 2488
f 2488 3732 3733
f 3732 3734 3733
f 3733 3734 3735
f 2481 3791 3796
f 2481 3796 3836
f 3736 3737 3738
f 3736 3738 3748
f 3736 3748 3756
f 3736 3756 3761
f 3736 3761 3755
f 3755 3761 3767
f 3755 3767 3770
f 3755 3770 3769
f 3755 3769 3771
f 3755 3771 3782
f 2481 3836 3919
f 3755 3782 3789
f 3755 3789 3808
f 3755 3808 3809
f 3755 3809 3812
f 3791 3792 3796
f 3792 3793 3798
f 3793 3794 3800
f 3794 3795 3801
f 3795 3797 3802
f 3792 3798 3796
f 3796 3798 3799
f 3793 3800 3798
f 3794 3801 3800
f 3795 3802 3801
f 3797 3803 3802
f 3797 3832 3803
f 3798 3800 3799
f 3796 3799 3837
f 3799 3800 3837
f 3800 3801 3838
f 3736 3755 3835
f 3736 3835 3834
f 3755 3812 3816
f 3755 3816 3823
f 3823 3816 3824
f 3823 3824 3829
f 3823 3829 3830
f 3823 3830 3831
f 3823 3831 3847
f 3803 3832 3833
f 3796 3837 3836
f 3801 3802 3839
f 3802 3803 3841
f 3803 3833 3840
f 3800 3838 3837
f 3801 3839 3838
f 3802 3841 3839
f 3803 3840 3841
f 3832 3834 3835
f 3755 3881 3835
f 3832 3835 3833
f 3836 3837 3842
f 3837 3838 3842
f 3838 3839 3864
f 3839 3841 3865
f 3840 3866 3841
f 3838 3864 3842
f 3755 3823 3881
f 3823 3847 3855
f 3823 3855 3859
f 3823 3859 3871
f 3823 3871 3883
f 2487 2488 4626
f 2488 3733 4626
f 2487 4626 2490
f 2271 3917 4363
f 3734 4387 3735
f 3833 3835 3881
f 3836 3842 3863
f 3833 3867 3840
f 3839 3865 3864
f 3841 3866 3865
f 3842 3864 3863
f 3840 3867 3866
f 3836 3863 3879
f 3833 3878 3867
f 3823 3889 3881
f 3823 3883 3889
f 3833 3881 3878
f 3863 3864 3880
f 3867 3878 3903
f 3836 3879 3919
f 3863 3880 3879
f 3864 3865 3906
f 3865 3866 3907
f 3866 3867 3904
f 3864 3906 3880
f 3879 3880 3905
f 3865 3907 3906
f 3866 3904 3907
f 3867 3903 3904
f 3878 3881 3916
f 3881 3889 3916
f 3889 3883 3894
f 3889 3894 3901
f 3889 3901 3920
f 3889 3920 3926
f 3878 3908 3903
f 3879 3905 3909
f 3880 3906 3905
f 3905 3906 3910
f 3904 3915 3907
f 3903 3912 3904
f 3906 3907 3914
f 3878 3916 3908
f 3889 3937 3916
f 3905 3910 3909
f 3903 3908 3911
f 3906 3914 3910
f 3904 3912 3915
f 3903 3911 3912
f 3907 3915 3914
f 3909 4396 3919
f 3909 3910 3913
f 3910 3914 3913
f 3908 3916 4398
f 3917 3919 3918
f 3918 3919 3931
f 3917 3918 4494
f 3879 3909 3919
f 3889 3926 3933
f 3889 3933 3937
f 3937 3933 3939
f 3937 3939 3942
f 3937 3942 3943
f 3937 3943 3944
f 3937 3944 4407
f 3733 3735 4626
f 3946 3948 3947
f 2492 4574 2500
f 2492 2494 4574
f 1810 3956 4573
f 3947 3948 3949
f 3948 3951 3949
f 2494 3947 4574
f 3948 3950 3951
f 3950 3952 3951
f 3951 3952 3953
f 2496 4576 2498
f 3951 3953 4576
f 2498 4576 3953
f 3947 3949 4575
f 3949 3951 4610
f 3947 4575 4574
f 3951 4576 4577
f 2519 2520 3955
f 2519 3955 3954
f 3954 3955 3957
f 2490 3957 2520
f 2520 3957 3955
f 3954 3957 3956
f 2500 4574 4202
f 2505 4003 4002
f 2505 4203 4003
f 3959 3967 3960
f 3959 3960 3961
f 3959 3963 4058
f 3959 4058 4050
f 3959 3961 3963
f 3959 3958 3967
f 3959 4004 3958
f 4004 3971 3958
f 4004 3972 3971
f 4004 3993 3972
f 2502 4202 4242
f 2505 4243 4203
f 4002 4025 4026
f 2505 4242 4243
f 4002 4003 4042
f 4004 4007 3997
f 4004 4006 4007
f 4004 4011 4005
f 4004 4005 4006
f 4004 4014 4011
f 3959 4049 4004
f 4004 3997 3993
f 4002 4042 4025
f 4025 4027 4026
f 4027 4044 4028
f 4025 4043 4027
f 4028 4045 4029
f 3959 4166 4049
f 4027 4043 4044
f 4028 4044 4045
f 4025 4042 4043
f 4029 4045 4046
f 4029 4046 4030
f 4004 4208 4014
f 4208 4021 4014
f 4208 4023 4021
f 4208 4040 4039
f 4208 4041 4040
f 4208 4036 4023
f 4208 4039 4036
f 4004 4049 4208
f 4003 4047 4042
f 4042 4047 4043
f 4043 4206 4044
f 4044 4207 4045
f 4045 4231 4046
f 4030 4046 4048
f 4030 4048 4165
f 4043 4047 4205
f 4003 4204 4047
f 4043 4205 4206
f 4044 4206 4207
f 4045 4207 4231
f 4047 4204 4205
f 4048 4049 4166
f 2509 4269 4576
f 2509 4332 4269
f 2514 4002 4127
f 2514 4127 4128
f 2514 4128 4332
f 3959 4051 4052
f 4052 4051 4054
f 4052 4054 4053
f 4052 4053 4055
f 4052 4055 4057
f 4052 4057 4080
f 3959 4050 4051
f 4052 4080 4086
f 4052 4086 4100
f 4052 4100 4099
f 3959 4052 4166
f 4052 4099 4101
f 4101 4099 4115
f 4101 4115 4116
f 4101 4116 4117
f 4101 4117 4119
f 4101 4119 4139
f 4101 4139 4140
f 4002 4026 4129
f 4002 4129 4127
f 4127 4129 4134
f 4127 4134 4169
f 4127 4169 4128
f 4128 4169 4185
f 4128 4185 4272
f 4052 4101 4168
f 4026 4027 4129
f 4027 4028 4130
f 4028 4029 4131
f 4029 4030 4132
f 4027 4130 4129
f 4028 4131 4130
f 4029 4132 4131
f 4030 4133 4132
f 4030 4165 4133
f 4129 4130 4134
f 4130 4131 4170
f 4131 4132 4171
f 4132 4133 4172
f 4052 4168 4166
f 4130 4170 4134
f 4133 4165 4173
f 4131 4171 4170
f 4132 4172 4171
f 4134 4170 4169
f 4133 4173 4172
f 4101 4140 4146
f 4101 4146 4159
f 4101 4159 4160
f 4101 4160 4186
f 4048 4166 4165
f 4165 4166 4168
f 4165 4167 4173
f 4165 4168 4167
f 4169 4170 4185
f 4170 4171 4273
f 4171 4172 4274
f 4172 4173 4275
f 4101 4186 4278
f 4186 4160 4162
f 4167 4276 4173
f 4170 4273 4185
f 4101 4278 4168
f 4171 4274 4273
f 4173 4276 4275
f 4172 4275 4274
f 4185 4273 4272
f 4186 4188 4191
f 4186 4162 4176
f 4186 4176 4188
f 4186 4191 4197
f 4186 4197 4294
f 3956 3957 4626
f 2490 4626 3957
f 4003 4203 4204
f 4208 4209 4041
f 4208 4214 4209
f 4208 4217 4214
f 4208 4218 4217
f 4208 4220 4218
f 4204 4234 4205
f 4205 4236 4206
f 4206 4237 4207
f 4207 4235 4231
f 4231 4235 4239
f 4049 4240 4208
f 4211 4041 4209
f 4046 4231 4239
f 4046 4239 4048
f 4048 4239 4049
f 4049 4239 4240
f 4208 4250 4220
f 4203 4232 4204
f 4204 4232 4234
f 4205 4234 4236
f 4206 4236 4237
f 4207 4237 4235
f 4203 4233 4232
f 4250 4224 4220
f 4250 4222 4224
f 4250 4223 4222
f 4208 4240 4250
f 4232 4233 4234
f 4239 4256 4240
f 4235 4256 4239
f 4250 4238 4223
f 4201 4241 4202
f 4202 4241 4242
f 4241 4243 4242
f 4241 4244 4243
f 4203 4243 4251
f 4243 4244 4258
f 4203 4251 4233
f 4233 4252 4234
f 4234 4254 4236
f 4236 4255 4237
f 4235 4237 4253
f 4240 4256 4257
f 4240 4257 4250
f 4250 4246 4245
f 4250 4259 4246
f 4233 4251 4252
f 4234 4252 4254
f 4236 4254 4255
f 4237 4255 4253
f 4235 4253 4256
f 4250 4245 4238
f 4246 4247 4245
f 4250 4261 4259
f 4250 4262 4261
f 4243 4258 4251
f 4251 4258 4252
f 4250 4257 4636
f 4252 4633 4254
f 4254 4634 4255
f 4253 4255 4631
f 4252 4258 4632
f 4253 4657 4256
f 4256 4657 4257
f 4269 4332 4270
f 4269 4270 4707
f 4128 4272 4271
f 4271 4272 4279
f 4271 4279 4280
f 4167 4168 4278
f 4167 4277 4276
f 4167 4278 4277
f 4272 4273 4279
f 4273 4274 4281
f 4274 4275 4282
f 4275 4276 4284
f 4276 4277 4283
f 4275 4284 4282
f 4276 4283 4284
f 4273 4281 4279
f 4274 4282 4281
f 4186 4325 4278
f 4279 4281 4280
f 4277 4278 4325
f 4277 4326 4283
f 4128 4271 4332
f 4186 4294 4295
f 4186 4295 4296
f 4186 4296 4299
f 4186 4299 4309
f 4186 4309 4314
f 4186 4314 4325
f 4314 4309 4315
f 4314 4315 4322
f 4314 4322 4340
f 4271 4280 4323
f 4280 4327 4323
f 4323 4327 4331
f 4283 4330 4284
f 4280 4281 4327
f 4281 4282 4328
f 4282 4284 4329
f 4277 4325 4324
f 4277 4324 4326
f 4281 4328 4327
f 4282 4329 4328
f 4284 4330 4329
f 4283 4326 4330
f 4327 4328 4331
f 4324 4713 4326
f 4328 4329 4711
f 4329 4330 4712
f 4326 4714 4330
f 4324 4325 4716
f 4328 4711 4331
f 4271 4323 4332
f 4270 4332 4333
f 4323 4709 4332
f 4314 4340 4345
f 4314 4345 4352
f 4314 4352 4354
f 4314 4354 4361
f 4314 4718 4325
f 4314 4361 4718
f 2404 4372 4371
f 2404 4379 4372
f 3538 3729 4383
f 3729 4381 4380
f 3729 4380 4383
f 3729 4364 4381
f 3734 4362 4387
f 4362 4388 4387
f 2468 4386 4379
f 2456 4578 4385
f 2456 4385 4386
f 4369 4382 4370
f 4370 4497 4378
f 4365 4366 4373
f 4366 4367 4374
f 4367 4368 4375
f 4368 4369 4376
f 4369 4370 4377
f 4366 4374 4373
f 4367 4375 4374
f 4368 4376 4375
f 4369 4377 4376
f 4370 4378 4377
f 3535 4382 4369
f 3535 4384 4382
f 4362 4371 4388
f 4370 4382 4497
f 4371 4372 4496
f 4372 4379 4498
f 4371 4496 4388
f 4378 4497 4499
f 4372 4498 4496
f 4379 4570 4498
f 3537 4383 4384
f 4378 4570 4379
f 4376 4377 4572
f 4378 4499 4570
f 4377 4378 4593
f 4378 4379 4593
f 4379 4386 4593
f 3726 4377 4593
f 4385 4835 4386
f 3917 4494 4363
f 3735 4387 4389
f 4363 4495 4364
f 4363 4494 4495
f 3908 4391 3911
f 3909 3913 4396
f 3912 4395 3915
f 3911 4392 3912
f 3913 3914 4393
f 3914 3915 4394
f 3908 4390 4391
f 3912 4392 4395
f 3911 4391 4392
f 3914 4394 4393
f 3915 4395 4394
f 3908 4398 4390
f 3916 3937 4398
f 3913 4393 4396
f 4390 4434 4391
f 4393 4397 4396
f 4393 4394 4397
f 4391 4435 4392
f 4394 4395 4437
f 4392 4438 4395
f 3937 4439 4398
f 4390 4398 4433
f 4398 4439 4433
f 3918 3931 4561
f 3918 4561 4494
f 3937 4407 4415
f 3937 4415 4421
f 3937 4421 4431
f 3919 4563 3931
f 3919 4396 4562
f 3937 4431 4403
f 3937 4403 4439
f 4390 4432 4434
f 4432 4461 4434
f 4436 4437 4460
f 4434 4468 4435
f 4435 4471 4438
f 4390 4433 4432
f 4432 4433 4472
f 4432 4472 4458
f 4396 4397 4436
f 4394 4437 4397
f 4391 4434 4435
f 4392 4435 4438
f 4395 4438 4437
f 4397 4437 4436
f 4396 4436 4459
f 4439 4403 4444
f 4439 4444 4443
f 4439 4443 4445
f 4439 4445 4450
f 4439 4450 4457
f 4439 4457 4473
f 4439 4478 4480
f 4439 4473 4478
f 4432 4458 4463
f 4432 4463 4461
f 4434 4461 4468
f 4436 4460 4459
f 4437 4438 4470
f 4437 4470 4460
f 4459 4460 4469
f 4438 4471 4470
f 4435 4468 4471
f 4460 4470 4469
f 4459 4469 4462
f 4462 4469 4465
f 4461 4463 4464
f 4464 4467 4468
f 4465 4470 4466
f 4466 4471 4467
f 4467 4471 4468
f 4461 4464 4468
f 4465 4469 4470
f 4466 4470 4471
f 4433 4518 4472
f 4396 4459 4568
f 4433 4439 4518
f 4439 4480 4493
f 4439 4493 4489
f 4439 4489 4518
f 4494 4561 4495
f 3931 4565 4561
f 3919 4562 4563
f 3931 4563 4565
f 3735 4389 4626
f 4387 4624 4389
f 4387 4388 4624
f 4388 4625 4624
f 4389 4624 4626
f 4380 4566 4383
f 4380 4500 4566
f 4364 4558 4381
f 4388 4496 4498
f 4380 4381 4500
f 4382 4384 4560
f 4382 4560 4497
f 4388 4498 4570
f 4364 4495 4558
f 4381 4558 4500
f 4384 4569 4560
f 4383 4566 4567
f 3639 4376 4572
f 4383 4567 4384
f 4384 4567 4569
f 4472 4518 4535
f 3689 4472 4535
f 4518 4516 4514
f 4518 4514 4535
f 4459 4462 4568
f 4518 4489 4525
f 4518 4532 4534
f 4518 4525 4532
f 4518 4534 4516
f 3715 4568 4462
f 4535 4557 4552
f 3689 4535 4548
f 4535 4549 4548
f 4535 4550 4549
f 4535 4551 4550
f 4535 4552 4551
f 4535 4514 4557
f 4495 4560 4558
f 4495 4561 4560
f 4500 4558 4559
f 4558 4560 4559
f 4500 4567 4566
f 4500 4559 4567
f 4559 4560 4563
f 4559 4562 4567
f 4559 4563 4562
f 4562 4568 4567
f 4560 4569 4563
f 4396 4568 4562
f 4563 4569 4564
f 4563 4564 4565
f 4564 4571 4565
f 3716 4569 4568
f 3716 4572 4569
f 4567 4568 4569
f 4564 4569 4572
f 4388 4570 4625
f 4497 4829 4499
f 4497 4560 4829
f 4560 4561 4829
f 4570 4835 4625
f 4499 4829 4836
f 4561 4831 4829
f 4499 4835 4570
f 4499 4836 4835
f 4377 4998 4572
f 4561 4565 4831
f 4565 4571 4839
f 4565 4839 4831
f 4571 4842 4839
f 4564 4572 4571
f 4571 4572 4893
f 3949 4608 4575
f 3949 4607 4608
f 3956 4624 4573
f 3949 4610 4607
f 4574 4575 4627
f 4573 4624 4625
f 3951 4577 4619
f 3951 4622 4610
f 3951 4619 4620
f 3951 4620 4622
f 4576 4708 4577
f 4579 4593 4582
f 4579 4583 4581
f 4579 4582 4583
f 4579 4581 4580
f 4579 4580 4584
f 3724 4593 4579
f 3724 4579 4584
f 3724 4584 4585
f 4580 4581 4594
f 4582 4596 4583
f 4581 4583 4595
f 4580 4597 4584
f 4584 4598 4585
f 4582 4586 4599
f 4586 4587 4599
f 4582 4593 4609
f 4587 4588 4600
f 4588 4589 4601
f 4582 4606 4586
f 4586 4606 4587
f 4587 4606 4588
f 4588 4606 4589
f 4589 4606 4592
f 4585 4603 4590
f 4590 4604 4591
f 4591 4605 4592
f 4589 4592 4602
f 3725 4585 4590
f 4590 4591 4611
f 3724 4585 3725
f 3725 4590 4611
f 4591 4592 4621
f 3726 4618 4377
f 4386 4609 4593
f 4580 4594 4597
f 4581 4595 4594
f 4583 4596 4595
f 4584 4597 4598
f 4595 4596 4604
f 4594 4595 4604
f 4594 4604 4597
f 4597 4604 4598
f 4582 4599 4596
f 4587 4600 4599
f 4588 4601 4600
f 4589 4602 4601
f 4596 4599 4604
f 4599 4600 4604
f 4600 4601 4604
f 4601 4602 4605
f 4585 4598 4603
f 4590 4603 4604
f 4598 4604 4603
f 4591 4604 4605
f 4592 4605 4602
f 4601 4605 4604
f 4573 4827 4578
f 4385 4578 4828
f 4582 4609 4606
f 4573 4625 4827
f 4575 4608 4628
f 4578 4827 4828
f 4385 4828 4835
f 4607 4830 4608
f 4592 4606 4621
f 4606 4609 4623
f 4607 4610 4834
f 4386 4835 4609
f 4609 4835 4610
f 4609 4610 4623
f 4377 4618 4998
f 4591 4612 4611
f 4591 4613 4612
f 4591 4621 4614
f 4591 4614 4613
f 3725 4611 3727
f 3727 4611 4615
f 3726 3727 4618
f 3727 4615 4616
f 4611 4612 4615
f 4612 4613 4616
f 4612 4616 4615
f 3727 4616 4617
f 4613 4617 4616
f 3727 4617 4618
f 4613 4614 4617
f 4614 4618 4617
f 4606 4623 4621
f 4619 4894 4620
f 4620 4899 4622
f 4577 4895 4619
f 4614 4621 4897
f 4621 4623 4897
f 4610 4622 4623
f 4622 4900 4623
f 4614 4995 4618
f 3956 4626 4624
f 4202 4574 4627
f 4201 4202 4831
f 4202 4627 4831
f 4575 4628 4627
f 4627 4628 4831
f 4201 4839 4241
f 4241 4841 4244
f 4244 4629 4637
f 4250 4636 4262
f 4636 4266 4262
f 4636 4267 4266
f 4244 4630 4258
f 4252 4632 4633
f 4254 4633 4634
f 4255 4634 4631
f 4258 4630 4632
f 4253 4631 4657
f 4244 4637 4630
f 4257 4658 4636
f 4636 4268 4267
f 4636 4635 4268
f 4257 4657 4658
f 4636 4638 4635
f 4636 4640 4638
f 4630 4637 4632
f 4632 4660 4633
f 4631 4634 4669
f 4633 4661 4634
f 4631 4669 4657
f 4636 4646 4640
f 4636 4649 4646
f 4636 4650 4649
f 4632 4637 4663
f 4632 4663 4660
f 4633 4660 4661
f 4634 4661 4669
f 4629 4662 4637
f 4635 4638 4639
f 4657 4670 4658
f 4657 4669 4670
f 4201 4831 4839
f 4241 4839 4840
f 4241 4840 4841
f 4244 4841 4629
f 4629 4659 4662
f 4629 4841 4659
f 4659 4760 4705
f 4636 4672 4650
f 4672 4653 4650
f 4637 4662 4663
f 4636 4658 4672
f 4672 4665 4653
f 4672 4664 4665
f 4672 4666 4664
f 4672 4667 4666
f 4658 4670 4671
f 4661 4696 4669
f 4660 4663 4700
f 4660 4697 4661
f 4658 4671 4672
f 4662 4699 4663
f 4669 4696 4670
f 4659 4698 4662
f 4662 4698 4699
f 4660 4700 4697
f 4661 4697 4696
f 4663 4699 4700
f 4670 4771 4671
f 4670 4696 4771
f 4672 4668 4667
f 4672 4675 4668
f 4672 4682 4675
f 4672 4687 4682
f 4672 4691 4687
f 4672 4673 4691
f 4672 4674 4673
f 4668 4675 4676
f 4668 4676 4678
f 4698 4701 4699
f 4659 4701 4698
f 4659 4705 4701
f 4696 4697 4702
f 4697 4700 4704
f 4699 4703 4700
f 4699 4701 4706
f 4696 4702 4771
f 4671 4875 4672
f 4697 4704 4702
f 4700 4703 4704
f 4699 4706 4703
f 4701 4705 4706
f 4269 4707 4576
f 4270 4333 4898
f 4270 4898 4707
f 4576 4707 4708
f 4707 4898 4708
f 4323 4331 4710
f 4323 4710 4709
f 4709 4710 4717
f 4709 4717 4766
f 4326 4713 4714
f 4329 4712 4711
f 4330 4714 4712
f 4325 4718 4716
f 4324 4715 4713
f 4324 4716 4715
f 4331 4711 4710
f 4713 4765 4714
f 4710 4711 4717
f 4711 4712 4767
f 4712 4714 4764
f 4713 4715 4763
f 4715 4716 4762
f 4711 4767 4717
f 4713 4763 4765
f 4714 4765 4764
f 4712 4764 4767
f 4332 4986 4333
f 4332 4709 4985
f 4718 4361 4725
f 4718 4725 4726
f 4718 4726 4730
f 4718 4730 4738
f 4718 4738 4748
f 4718 4748 4749
f 4718 4749 4751
f 4716 4718 4820
f 4718 4751 4758
f 4718 4758 4820
f 4709 4766 4780
f 4709 4780 4759
f 4759 4785 4778
f 4705 4760 4774
f 4760 4778 4774
f 4759 4778 4760
f 4759 4780 4785
f 4709 4759 4994
f 4671 4771 4772
f 4761 4762 4772
f 4761 4772 4771
f 4715 4762 4761
f 4715 4781 4763
f 4715 4761 4781
f 4763 4782 4765
f 4764 4765 4784
f 4717 4767 4766
f 4716 4820 4762
f 4766 4767 4780
f 4764 4783 4767
f 4767 4783 4780
f 4764 4784 4783
f 4763 4781 4782
f 4765 4782 4784
f 4761 4771 4775
f 4761 4775 4781
f 4776 4784 4782
f 4777 4782 4781
f 4779 4783 4784
f 4779 4785 4783
f 4762 4925 4772
f 4702 4773 4771
f 4703 4777 4704
f 4702 4704 4773
f 4671 4772 4964
f 4771 4773 4775
f 4704 4777 4773
f 4703 4776 4777
f 4773 4777 4775
f 4705 4774 4706
f 4703 4706 4776
f 4706 4774 4779
f 4706 4779 4776
f 4774 4778 4779
f 4775 4777 4781
f 4776 4782 4777
f 4776 4779 4784
f 4778 4785 4779
f 4780 4783 4785
f 4762 4820 4925
f 4820 4794 4803
f 4820 4803 4806
f 4820 4807 4925
f 4820 4806 4807
f 4332 4985 4986
f 4333 4987 4898
f 4333 4986 4987
f 4820 4758 4816
f 4820 4816 4825
f 4820 4825 4826
f 4820 4826 4788
f 4820 4788 4794
f 4625 4835 4827
f 4608 4830 4628
f 4827 4835 4828
f 4607 4834 4830
f 4628 4832 4831
f 4628 4830 4833
f 4628 4833 4832
f 4829 4831 4832
f 4829 4832 4836
f 4830 4837 4833
f 4832 4893 4836
f 4830 4834 4837
f 4610 4838 4834
f 4834 4838 4837
f 4610 4835 4836
f 4610 4836 4837
f 4836 4893 4837
f 4610 4837 4838
f 4832 4833 4841
f 4833 4837 4892
f 4832 4841 4840
f 4833 4892 4841
f 4832 4840 4893
f 4571 4893 4842
f 4839 4842 4840
f 4840 4842 4893
f 4659 4841 4892
f 4659 4892 4760
f 4672 4875 4674
f 4875 4843 4674
f 4875 4850 4843
f 4671 4964 4875
f 4875 4855 4850
f 4875 4860 4855
f 4875 4844 4860
f 4875 4845 4844
f 4875 4876 4845
f 4875 4877 4876
f 4875 4880 4877
f 4875 4883 4880
f 4875 4957 4883
f 4875 4958 4957
f 4875 4959 4958
f 4837 4893 4892
f 4572 4998 4893
f 4892 4893 4994
f 4620 4894 4899
f 4577 4708 4895
f 4619 4895 4894
f 4614 4897 4898
f 4614 4898 4988
f 4708 4897 4895
f 4708 4898 4897
f 4623 4997 4897
f 4894 4895 4896
f 4895 4897 4896
f 4894 4900 4899
f 4894 4896 4900
f 4896 4897 4986
f 4896 4985 4900
f 4622 4899 4900
f 4614 4988 4995
f 4623 4900 4997
f 4618 4995 4998
f 4759 4760 4994
f 4760 4892 4994
f 4772 4925 4964
f 4925 4922 4935
f 4925 4807 4921
f 4925 4921 4922
f 4925 4935 4936
f 4925 4936 4937
f 4925 4937 4938
f 4925 4938 4943
f 4925 4943 4976
f 4925 4976 4974
f 4875 4964 4959
f 4964 4961 4959
f 4964 4960 4961
f 4964 4963 4960
f 4925 4974 4964
f 4964 4974 4977
f 4964 4978 4980
f 4964 4979 4978
f 4964 4977 4979
f 4964 4980 4963
f 4709 4994 4985
f 4896 4986 4985
f 4900 4985 4994
f 4897 4997 4986
f 4898 4987 4988
f 4986 4990 4991
f 4986 4991 4992
f 4986 4992 4993
f 4986 4997 4990
f 4986 4988 4987
f 4986 4989 4988
f 4986 4993 4989
f 4990 4997 4991
f 4893 4997 4994
f 4893 4998 4997
f 4900 4994 4997
f 4988 4989 4995
f 4989 4993 4996
f 4989 4996 4995
f 4993 5000 4996
f 4995 4996 4998
f 4991 4999 4992
f 4992 5000 4993
f 4991 4997 4998
f 4991 4998 4999
f 4992 4999 5000
f 4996 4999 4998
f 4996 5000 4999
f 3968 3958 3986
f 3968 3986 3989
f 3962 3961 3960
f 3968 3962 3960
f 3964 4058 3963
f 3964 3966 4059
f 3962 3963 3961
f 3962 3964 3963
f 3962 3965 3964
f 3962 3969 3965
f 3965 3969 3966
f 3973 3966 3969
f 3965 3966 3964
f 3968 3960 3967
f 3968 3967 3958
f 3962 3970 3969
f 3968 3970 3962
f 3968 3989 3970
f 3986 3958 3971
f 3986 3971 3972
f 3966 3974 3976
f 3966 3976 3975
f 4097 3966 3975
f 3973 3974 3966
f 3969 3977 3984
f 3969 3978 3977
f 3969 3980 3978
f 3969 3970 3981
f 3969 3981 3980
f 3970 3982 3979
f 3970 3979 3981
f 3970 3985 3982
f 3983 3969 3984
f 3983 3973 3969
f 3986 3972 3994
f 3987 3990 3988
f 3982 3985 3987
f 3970 3989 3985
f 3982 3987 3988
f 3986 3994 3989
f 3985 3989 3994
f 3985 3994 3987
f 3987 3991 3990
f 3987 3992 3991
f 3987 3995 3992
f 3994 3972 3993
f 3987 3994 3995
f 3994 4000 3995
f 3994 3996 4001
f 3996 3993 3997
f 4001 3996 3998
f 4031 3998 3996
f 3994 3993 3996
f 3994 4001 3999
f 3994 3999 4000
f 4034 4007 4006
f 4034 4008 4035
f 4034 4009 4008
f 4034 4013 4009
f 4012 4006 4005
f 4034 4006 4012
f 4034 4012 4013
f 4009 4013 4010
f 4010 4013 4015
f 4012 4005 4011
f 4012 4011 4014
f 4012 4014 4016
f 4012 4016 4013
f 4017 4015 4013
f 4018 4013 4019
f 4017 4013 4018
f 4016 4014 4020
f 4016 4020 4013
f 4019 4013 4020
f 4020 4014 4021
f 4020 4021 4023
f 4020 4023 4036
f 4020 4036 4024
f 4020 4024 4022
f 4019 4020 4022
f 3996 3997 4034
f 4032 3996 4033
f 4031 3996 4032
f 3996 4035 4033
f 4034 3997 4007
f 3996 4034 4035
f 4024 4036 4037
f 4037 4036 4038
f 4038 4036 4039
f 4062 4051 4050
f 4068 4054 4051
f 4056 4054 4068
f 4053 4054 4055
f 4056 4055 4054
f 4056 4057 4055
f 3964 4059 4058
f 4059 3966 4060
f 4059 4060 4061
f 4060 4095 4094
f 4060 4093 4095
f 4060 4094 4096
f 4059 4050 4058
f 4059 4062 4050
f 4059 4061 4062
f 4060 4063 4061
f 4060 4096 4063
f 4062 4061 4063
f 4096 4064 4063
f 4097 4060 3966
f 4097 4093 4060
f 4062 4063 4068
f 4063 4064 4065
f 4063 4065 4066
f 4063 4066 4067
f 4063 4067 4069
f 4062 4068 4051
f 4063 4069 4068
f 4067 4070 4069
f 4069 4070 4071
f 4069 4071 4072
f 4069 4072 4074
f 4056 4068 4073
f 4056 4073 4057
f 4068 4075 4073
f 4068 4069 4075
f 4073 4080 4057
f 4069 4074 4075
f 4075 4076 4077
f 4074 4076 4075
f 4073 4075 4082
f 4073 4081 4080
f 4073 4082 4081
f 4075 4077 4082
f 4077 4078 4082
f 4078 4079 4082
f 4081 4086 4080
f 4081 4082 4089
f 4082 4079 4083
f 4082 4083 4085
f 4082 4085 4084
f 4082 4084 4088
f 4081 4087 4086
f 4081 4089 4087
f 4082 4088 4089
f 4087 4089 4098
f 4088 4090 4089
f 4089 4090 4091
f 4109 4115 4099
f 4087 4100 4086
f 4087 4098 4109
f 4087 4109 4100
f 4089 4103 4098
f 4089 4105 4103
f 4089 4106 4105
f 4098 4102 4109
f 4098 4104 4102
f 4098 4103 4104
f 4089 4091 4106
f 4106 4091 4092
f 4106 4092 4107
f 4109 4099 4100
f 4109 4118 4115
f 4103 4113 4104
f 4106 4107 4108
f 4106 4108 4110
f 4102 4113 4109
f 4102 4104 4113
f 4103 4105 4113
f 4105 4106 4113
f 4106 4110 4113
f 4109 4113 4118
f 4112 4114 4113
f 4110 4111 4113
f 4111 4112 4113
f 4118 4116 4115
f 4120 4117 4116
f 4113 4114 4123
f 4118 4121 4116
f 4120 4116 4121
f 4120 4119 4117
f 4120 4139 4119
f 4120 4121 4142
f 4113 4123 4122
f 4118 4113 4121
f 4113 4122 4125
f 4113 4125 4121
f 4122 4124 4125
f 4124 4126 4125
f 4121 4125 4135
f 4125 4126 4136
f 4125 4143 4135
f 4125 4136 4143
f 4136 4137 4143
f 4137 4138 4143
f 4120 4141 4139
f 4121 4135 4142
f 4120 4142 4141
f 4141 4140 4139
f 4141 4146 4140
f 4135 4143 4142
f 4138 4144 4143
f 4141 4142 4145
f 4141 4145 4146
f 4142 4151 4145
f 4142 4147 4151
f 4147 4153 4151
f 4145 4159 4146
f 4143 4144 4148
f 4142 4143 4147
f 4143 4148 4149
f 4143 4149 4150
f 4143 4153 4147
f 4143 4150 4153
f 4150 4154 4153
f 4145 4151 4158
f 4151 4153 4152
f 4151 4152 4158
f 4153 4154 4155
f 4153 4163 4152
f 4153 4155 4163
f 4145 4158 4159
f 4152 4163 4158
f 4158 4160 4159
f 4158 4174 4160
f 4158 4163 4161
f 4158 4161 4174
f 4174 4162 4160
f 4155 4156 4163
f 4157 4163 4156
f 4157 4164 4163
f 4163 4164 4180
f 4163 4180 4161
f 4175 4176 4162
f 4174 4175 4162
f 4161 4180 4174
f 4174 4187 4175
f 4164 4178 4180
f 4177 4180 4178
f 4177 4179 4180
f 4179 4181 4180
f 4174 4189 4187
f 4174 4180 4192
f 4174 4192 4189
f 4180 4181 4182
f 4180 4182 4192
f 4182 4183 4192
f 4175 4190 4176
f 4175 4187 4190
f 4190 4188 4176
f 4187 4189 4190
f 4190 4191 4188
f 4189 4193 4190
f 4190 4196 4191
f 4189 4192 4195
f 4189 4195 4193
f 4190 4193 4196
f 4196 4197 4191
f 4183 4184 4192
f 4184 4194 4192
f 4192 4285 4195
f 4193 4195 4196
f 4196 4294 4197
f 4192 4194 4285
f 4194 4198 4285
f 4198 4199 4285
f 4199 4200 4285
f 4200 4286 4285
f 4212 4209 4213
f 4210 4211 4209
f 4210 4209 4212
f 4215 4209 4214
f 4213 4209 4216
f 4215 4216 4209
f 4215 4214 4217
f 4215 4217 4220
f 4218 4220 4217
f 4215 4219 4216
f 4215 4220 4228
f 4215 4227 4219
f 4215 4228 4226
f 4215 4226 4227
f 4227 4221 4219
f 4228 4220 4224
f 4227 4225 4221
f 4227 4229 4225
f 4228 4224 4222
f 4226 4222 4227
f 4225 4229 4230
f 4227 4230 4229
f 4226 4228 4222
f 4227 4222 4230
f 4230 4222 4223
f 4040 4041 4667
f 4009 4010 4695
f 4010 4015 4695
f 4008 4009 4849
f 4019 4022 4686
f 4018 4019 4690
f 4017 4018 4695
f 4017 4695 4015
f 4040 4668 4039
f 4038 4039 4680
f 4037 4038 4680
f 4024 4037 4686
f 4022 4024 4686
f 4032 4033 4853
f 4001 3998 4859
f 4031 4859 3998
f 3999 4859 4000
f 3999 4001 4859
f 3991 3992 4866
f 3992 3995 4866
f 3988 3990 4872
f 3990 3991 4872
f 3995 4000 4866
f 3979 4873 3981
f 3978 3980 4886
f 3977 3978 4886
f 3977 4886 3984
f 3983 3984 4886
f 3983 4889 3973
f 3974 4890 3976
f 3973 4890 3974
f 3975 3976 4982
f 3979 3982 4872
f 3982 3988 4872
f 3980 3981 4884
f 4033 4035 4853
f 4035 4008 4853
f 4031 4032 4858
f 4211 4666 4041
f 4212 4213 4656
f 4213 4216 4656
f 4210 4666 4211
f 4210 4212 4666
f 4238 4635 4223
f 4219 4656 4216
f 4225 4230 4645
f 4230 4223 4645
f 4221 4225 4652
f 4219 4221 4656
f 4245 4268 4238
f 4248 4247 4246
f 4248 4246 4263
f 4247 4267 4245
f 4263 4246 4259
f 4248 4263 4249
f 4260 4259 4261
f 4260 4263 4259
f 4248 4267 4247
f 4249 4263 4264
f 4248 4249 4267
f 4264 4265 4249
f 4260 4261 4262
f 4260 4262 4263
f 4263 4265 4264
f 4263 4262 4266
f 4249 4265 4267
f 4263 4266 4265
f 4268 4245 4267
f 4265 4266 4267
f 4635 4238 4268
f 4635 4639 4223
f 4225 4645 4647
f 4225 4647 4648
f 4644 4223 4639
f 4644 4645 4223
f 4096 4948 4064
f 4064 4950 4065
f 4066 4065 4955
f 4066 4955 4067
f 4067 4955 4070
f 4070 4955 4071
f 4071 4969 4072
f 4072 4969 4074
f 4077 4905 4078
f 4074 4969 4076
f 4076 4969 4077
f 4078 4905 4079
f 4079 4905 4083
f 4083 4905 4085
f 4084 4085 4904
f 4084 4904 4088
f 4088 4904 4090
f 4090 4903 4091
f 4097 3975 4981
f 4097 4981 4093
f 4093 4981 4095
f 4094 4095 4983
f 4094 4948 4096
f 4091 4933 4092
f 4092 4933 4107
f 4107 4933 4108
f 4110 4918 4111
f 4111 4918 4112
f 4108 4933 4110
f 4112 4918 4114
f 4122 4123 4910
f 4122 4910 4124
f 4123 4114 4918
f 4124 4910 4126
f 4126 4909 4136
f 4136 4809 4137
f 4137 4810 4138
f 4138 4810 4144
f 4148 4798 4149
f 4149 4797 4150
f 4144 4810 4148
f 4150 4797 4154
f 4154 4797 4155
f 4157 4156 4792
f 4155 4792 4156
f 4157 4792 4164
f 4164 4792 4178
f 4177 4769 4179
f 4179 4769 4181
f 4177 4178 4790
f 4181 4768 4182
f 4182 4768 4183
f 4195 4287 4196
f 4195 4285 4287
f 4196 4293 4294
f 4196 4287 4293
f 4285 4289 4288
f 4285 4286 4289
f 4285 4288 4287
f 4287 4288 4297
f 4289 4290 4288
f 4290 4291 4288
f 4291 4292 4288
f 4293 4295 4294
f 4287 4295 4293
f 4288 4301 4300
f 4288 4292 4298
f 4288 4298 4302
f 4287 4296 4295
f 4287 4297 4296
f 4297 4299 4296
f 4288 4300 4297
f 4288 4302 4301
f 4297 4310 4299
f 4297 4300 4308
f 4300 4301 4308
f 4301 4302 4308
f 4302 4303 4308
f 4298 4303 4302
f 4303 4304 4308
f 4297 4308 4307
f 4297 4307 4310
f 4310 4309 4299
f 4304 4305 4308
f 4305 4306 4308
f 4306 4311 4308
f 4307 4308 4318
f 4308 4311 4316
f 4310 4315 4309
f 4310 4307 4317
f 4310 4317 4315
f 4311 4312 4316
f 4308 4316 4318
f 4307 4318 4317
f 4317 4322 4315
f 4312 4313 4316
f 4313 4319 4316
f 4319 4320 4316
f 4183 4817 4184
f 4184 4817 4194
f 4194 4818 4198
f 4199 4756 4200
f 4200 4756 4286
f 4317 4318 4335
f 4317 4340 4322
f 4318 4316 4335
f 4317 4334 4340
f 4317 4335 4334
f 4316 4321 4336
f 4316 4336 4335
f 4316 4320 4321
f 4198 4818 4199
f 4286 4756 4289
f 4290 4746 4291
f 4291 4746 4292
f 4289 4756 4290
f 4292 4745 4298
f 4321 4337 4336
f 4336 4337 4338
f 4304 4734 4305
f 4334 4335 4346
f 4336 4341 4335
f 4335 4342 4346
f 4336 4338 4341
f 4335 4341 4342
f 4338 4339 4341
f 4305 4734 4306
f 4298 4745 4303
f 4306 4734 4311
f 4303 4745 4304
f 4311 4732 4312
f 4313 4723 4319
f 4319 4723 4320
f 4334 4345 4340
f 4334 4346 4345
f 4339 4343 4341
f 4341 4343 4344
f 4312 4732 4313
f 4320 4723 4321
f 4346 4342 4348
f 4342 4341 4348
f 4346 4348 4353
f 4341 4344 4347
f 4341 4347 4348
f 4321 4723 4337
f 4338 4357 4339
f 4339 4351 4343
f 4337 4722 4338
f 4343 4351 4344
f 4346 4352 4345
f 4346 4353 4352
f 4344 4349 4347
f 4353 4348 4350
f 4347 4349 4351
f 4344 4351 4349
f 4339 4357 4351
f 4348 4347 4356
f 4350 4348 4356
f 4347 4351 4355
f 4347 4355 4356
f 4338 4358 4357
f 4313 4724 4723
f 4313 4731 4724
f 4338 4359 4358
f 4338 4722 4359
f 4337 4723 4722
f 4353 4354 4352
f 4353 4361 4354
f 4353 4350 4360
f 4353 4360 4361
f 4350 4356 4360
f 4351 4357 4355
f 4311 4733 4732
f 4304 4739 4734
f 4311 4734 4733
f 4313 4732 4731
f 4290 4747 4746
f 4290 4754 4747
f 4199 4812 4756
f 4360 4356 4720
f 4356 4355 4720
f 4355 4357 4721
f 4360 4720 4719
f 4357 4358 4721
f 4355 4721 4720
f 4359 4721 4358
f 4304 4743 4739
f 4292 4746 4745
f 4304 4744 4743
f 4304 4745 4744
f 4360 4719 4361
f 4225 4648 4652
f 4212 4656 4666
f 4667 4041 4666
f 4221 4652 4654
f 4221 4654 4655
f 4221 4655 4656
f 4668 4040 4667
f 4668 4678 4039
f 4677 4039 4678
f 4677 4679 4039
f 4679 4680 4039
f 4037 4680 4683
f 4037 4683 4684
f 4019 4686 4690
f 4037 4684 4685
f 4037 4685 4686
f 4018 4690 4692
f 4018 4692 4694
f 4009 4695 4849
f 4018 4694 4695
f 4008 4849 4851
f 4032 4853 4856
f 4008 4851 4852
f 4008 4852 4853
f 4032 4856 4857
f 4032 4857 4858
f 4031 4858 4859
f 4000 4859 4862
f 4000 4862 4863
f 4642 4639 4638
f 4641 4642 4638
f 4642 4643 4639
f 4641 4638 4640
f 4643 4644 4639
f 4643 4645 4644
f 4643 4647 4645
f 4643 4648 4647
f 4641 4640 4651
f 4641 4651 4642
f 4642 4651 4643
f 4643 4651 4648
f 4651 4640 4646
f 4649 4650 4646
f 4651 4646 4650
f 4648 4651 4652
f 4651 4650 4653
f 4651 4654 4652
f 4651 4653 4665
f 4651 4655 4654
f 4651 4656 4655
f 4651 4664 4656
f 4000 4863 4867
f 4000 4867 4866
f 3991 4866 4869
f 3991 4869 4870
f 3991 4870 4871
f 3979 4872 4873
f 3991 4871 4872
f 3981 4873 4874
f 3981 4874 4884
f 3980 4884 4885
f 3980 4885 4886
f 3983 4886 4887
f 3983 4887 4888
f 3983 4888 4889
f 3973 4889 4890
f 3976 4890 4891
f 4651 4665 4664
f 4656 4664 4666
f 4677 4678 4676
f 4679 4676 4675
f 4677 4676 4679
f 4679 4675 4681
f 4681 4675 4682
f 4679 4681 4680
f 4680 4681 4683
f 4681 4684 4683
f 4681 4682 4689
f 4689 4682 4687
f 4681 4690 4686
f 4681 4685 4684
f 4681 4686 4685
f 4681 4689 4690
f 4688 4687 4691
f 4688 4689 4687
f 4688 4691 4673
f 4688 4693 4689
f 4688 4673 4674
f 4688 4674 4693
f 4689 4692 4690
f 4689 4694 4692
f 4689 4695 4694
f 4689 4693 4848
f 4689 4849 4695
f 4693 4674 4843
f 4693 4843 4848
f 4689 4848 4849
f 4177 4770 4769
f 4181 4769 4768
f 4177 4790 4770
f 4155 4793 4792
f 4155 4796 4793
f 4178 4792 4791
f 4178 4791 4790
f 4110 4927 4918
f 4091 4941 4930
f 4091 4930 4933
f 4110 4934 4927
f 4110 4933 4932
f 4110 4932 4934
f 4123 4916 4915
f 4126 4910 4911
f 4126 4911 4909
f 4136 4909 4924
f 4123 4915 4910
f 4123 4918 4917
f 4123 4917 4916
f 4148 4799 4798
f 4149 4798 4797
f 4148 4801 4799
f 4137 4809 4810
f 4136 4924 4809
f 4148 4808 4801
f 4148 4810 4808
f 4155 4797 4796
f 4064 4948 4950
f 4065 4950 4951
f 4065 4951 4956
f 4065 4956 4955
f 4071 4955 4954
f 4071 4954 4971
f 4071 4971 4966
f 4071 4966 4969
f 4077 4975 4905
f 4077 4968 4967
f 4077 4969 4968
f 4077 4967 4975
f 4085 4905 4906
f 4085 4906 4907
f 4085 4902 4904
f 4085 4907 4902
f 4091 4903 4941
f 4090 4904 4903
f 3976 4891 4982
f 3975 4982 4981
f 4095 4981 4983
f 4094 4983 4984
f 4094 4984 4948
f 4183 4819 4817
f 4290 4755 4754
f 4199 4813 4812
f 4290 4756 4755
f 4194 4817 4818
f 4199 4818 4813
f 4183 4822 4819
f 4359 4722 4721
f 4721 4722 4723
f 4183 4768 4822
f 4719 4720 4729
f 4719 4728 4725
f 4721 4727 4720
f 4721 4723 4727
f 4728 4726 4725
f 4719 4729 4728
f 4720 4727 4729
f 4723 4724 4727
f 4719 4725 4361
f 4728 4730 4726
f 4724 4731 4727
f 4727 4731 4732
f 4727 4732 4733
f 4729 4727 4736
f 4727 4733 4736
f 4728 4729 4735
f 4728 4737 4730
f 4729 4736 4735
f 4728 4735 4737
f 4737 4738 4730
f 4733 4734 4736
f 4737 4735 4748
f 4736 4739 4741
f 4735 4736 4750
f 4737 4748 4738
f 4734 4739 4736
f 4735 4749 4748
f 4736 4740 4742
f 4736 4741 4740
f 4736 4742 4750
f 4735 4750 4749
f 4740 4741 4746
f 4739 4743 4741
f 4741 4743 4744
f 4741 4744 4745
f 4741 4745 4746
f 4740 4752 4742
f 4740 4747 4752
f 4742 4752 4750
f 4750 4751 4749
f 4750 4757 4751
f 4740 4746 4747
f 4750 4752 4753
f 4747 4754 4752
f 4752 4754 4755
f 4752 4755 4756
f 4750 4753 4757
f 4757 4758 4751
f 4786 4823 4821
f 4789 4786 4821
f 4768 4789 4821
f 4768 4769 4789
f 4769 4770 4789
f 4770 4790 4789
f 4786 4787 4824
f 4786 4794 4787
f 4790 4791 4795
f 4789 4790 4795
f 4789 4795 4802
f 4789 4802 4786
f 4787 4794 4788
f 4786 4803 4794
f 4786 4802 4803
f 4791 4792 4795
f 4792 4793 4795
f 4793 4796 4795
f 4802 4800 4804
f 4802 4804 4805
f 4796 4797 4800
f 4797 4798 4800
f 4798 4799 4800
f 4799 4801 4800
f 4795 4800 4802
f 4802 4806 4803
f 4795 4796 4800
f 4802 4805 4806
f 4804 4800 4919
f 4804 4919 4805
f 4805 4807 4806
f 4800 4801 4923
f 4801 4808 4923
f 4800 4923 4919
f 4808 4810 4923
f 4809 4923 4810
f 4752 4811 4753
f 4752 4756 4811
f 4753 4815 4757
f 4757 4815 4758
f 4753 4811 4814
f 4756 4812 4811
f 4812 4813 4811
f 4753 4814 4815
f 4815 4816 4758
f 4811 4821 4814
f 4811 4813 4818
f 4811 4818 4821
f 4818 4817 4821
f 4814 4824 4815
f 4815 4825 4816
f 4814 4821 4823
f 4814 4823 4824
f 4815 4824 4825
f 4817 4819 4821
f 4819 4822 4821
f 4768 4821 4822
f 4824 4826 4825
f 4786 4824 4823
f 4824 4788 4826
f 4787 4788 4824
f 4848 4843 4850
f 4864 4860 4844
f 4864 4844 4846
f 4846 4844 4845
f 4846 4845 4847
f 4847 4845 4876
f 4846 4847 4879
f 4846 4879 4878
f 4848 4851 4849
f 4848 4850 4854
f 4848 4852 4851
f 4848 4854 4852
f 4854 4850 4855
f 4852 4854 4853
f 4853 4854 4856
f 4854 4857 4856
f 4854 4855 4861
f 4854 4858 4857
f 4854 4861 4858
f 4861 4855 4860
f 4858 4861 4859
f 4861 4862 4859
f 4861 4860 4864
f 4861 4863 4862
f 4861 4867 4863
f 4861 4864 4865
f 4861 4865 4868
f 4861 4868 4866
f 4861 4866 4867
f 4866 4868 4869
f 4868 4870 4869
f 4864 4846 4865
f 4865 4846 4868
f 4868 4871 4870
f 4868 4846 4871
f 4846 4872 4871
f 4846 4873 4872
f 4846 4874 4873
f 4846 4878 4874
f 4874 4878 4884
f 4847 4876 4877
f 4847 4877 4879
f 4879 4877 4880
f 4878 4881 4887
f 4878 4879 4882
f 4878 4882 4881
f 4879 4880 4882
f 4882 4880 4883
f 4882 4945 4881
f 4882 4883 4945
f 4878 4885 4884
f 4878 4886 4885
f 4878 4887 4886
f 4887 4881 4888
f 4881 4889 4888
f 4881 4890 4889
f 4881 4891 4890
f 4901 4904 4902
f 4901 4903 4904
f 4901 4941 4903
f 4972 4902 4907
f 4972 4907 4906
f 4901 4972 4908
f 4901 4902 4972
f 4914 4919 4923
f 4909 4911 4923
f 4910 4914 4911
f 4912 4919 4914
f 4911 4914 4923
f 4912 4913 4919
f 4913 4935 4922
f 4910 4915 4914
f 4912 4914 4926
f 4914 4915 4926
f 4915 4916 4926
f 4916 4917 4926
f 4917 4918 4926
f 4912 4926 4939
f 4805 4919 4920
f 4805 4920 4921
f 4805 4921 4807
f 4920 4922 4921
f 4919 4913 4920
f 4809 4924 4923
f 4909 4923 4924
f 4920 4913 4922
f 4939 4943 4938
f 4926 4927 4928
f 4939 4926 4931
f 4929 4932 4933
f 4929 4933 4930
f 4926 4928 4940
f 4927 4929 4928
f 4926 4940 4931
f 4939 4931 4942
f 4931 4940 4942
f 4939 4942 4943
f 4927 4934 4929
f 4929 4934 4932
f 4912 4939 4938
f 4912 4938 4913
f 4913 4936 4935
f 4913 4937 4936
f 4913 4938 4937
f 4918 4927 4926
f 4901 4928 4929
f 4901 4942 4940
f 4901 4940 4928
f 4901 4908 4942
f 4901 4929 4941
f 4929 4930 4941
f 4908 4976 4942
f 4942 4976 4943
f 4945 4944 4881
f 4881 4982 4891
f 4881 4944 4982
f 4944 4981 4982
f 4944 4983 4981
f 4944 4984 4983
f 4944 4947 4984
f 4984 4947 4949
f 4984 4949 4948
f 4945 4946 4944
f 4944 4946 4947
f 4946 4952 4947
f 4947 4948 4949
f 4947 4950 4948
f 4947 4951 4950
f 4947 4956 4951
f 4947 4952 4953
f 4947 4953 4956
f 4953 4954 4955
f 4971 4954 4953
f 4953 4955 4956
f 4945 4883 4957
f 4945 4957 4958
f 4945 4958 4946
f 4946 4958 4959
f 4946 4959 4952
f 4952 4959 4961
f 4952 4961 4962
f 4952 4962 4978
f 4962 4960 4963
f 4962 4961 4960
f 4962 4963 4980
f 4965 4966 4953
f 4965 4969 4966
f 4972 4965 4970
f 4972 4970 4973
f 4975 4967 4965
f 4972 4975 4965
f 4965 4967 4968
f 4965 4968 4969
f 4965 4952 4970
f 4952 4978 4970
f 4965 4953 4952
f 4971 4953 4966
f 4970 4979 4973
f 4973 4979 4977
f 4908 4973 4974
f 4972 4973 4908
f 4973 4977 4974
f 4972 4905 4975
f 4972 4906 4905
f 4908 4974 4976
f 4970 4978 4979
f 4962 4980 4978
f 2998 3737 2964
f 2998 3739 3737
f 2971 2965 2970
f 2966 2965 2971
f 2966 2971 2972
f 2966 2972 3011
f 3011 2967 2968
f 3011 2968 2969
f 3011 2972 2967
f 2971 3018 2972
f 2972 3017 2973
f 2967 2972 2973
f 2984 2976 2975
f 2978 2983 2977
f 2979 2981 2980
f 2981 2965 2980
f 2966 2977 2980
f 3004 2978 2977
f 3004 2984 2978
f 3004 2989 2984
f 3004 3005 2989
f 3005 2982 2989
f 2984 2975 2983
f 2978 2984 2983
f 2984 2989 2976
f 2976 2989 2985
f 2985 2986 2987
f 2988 2986 2985
f 2988 2985 2989
f 2989 2990 2991
f 2989 2982 2990
f 2988 2989 2991
f 2993 2964 2992
f 2976 2992 2975
f 2993 2992 2976
f 2993 2976 2985
f 2993 2985 2995
f 2994 2996 2995
f 2994 2995 2985
f 2995 2996 2997
f 3003 2995 2997
f 2993 2995 2999
f 3003 2999 2995
f 2993 2998 2964
f 2993 2999 2998
f 2999 3000 3001
f 2999 3001 3002
f 2998 3740 3739
f 2998 2999 3740
f 2999 3002 3740
f 3002 3741 3740
f 3003 3000 2999
f 2994 2985 2987
f 3004 2977 2966
f 2966 2980 2965
f 3004 3011 3005
f 3005 3011 3006
f 3006 3012 3008
f 3006 3010 3007
f 3005 3006 2982
f 3006 3007 2982
f 3006 3008 3009
f 3006 3009 3010
f 3004 2966 3011
f 3006 3011 3012
f 3011 2969 3012
f 3015 3014 3013
f 3018 3014 3015
f 2971 2970 3014
f 2971 3014 3018
f 2972 3019 3020
f 2972 3020 3017
f 2972 3018 3015
f 2972 3015 3019
f 3019 3015 3016
f 3037 3013 3021
f 3015 3023 3016
f 3015 3013 3037
f 3015 3037 3023
f 3036 3021 3035
f 3036 3037 3021
f 3022 3037 3038
f 3023 3037 3024
f 3022 3024 3037
f 3028 3035 3026
f 3036 3028 3027
f 3031 3026 3032
f 3031 3028 3026
f 3027 3028 3029
f 3040 3029 3030
f 3031 3032 3034
f 3033 3034 3032
f 3031 3034 3057
f 3031 3057 3028
f 3029 3058 3030
f 3028 3061 3029
f 3036 3035 3028
f 3036 3027 3037
f 3037 3039 3041
f 3037 3041 3038
f 3037 3040 3039
f 3037 3027 3029
f 3037 3029 3040
f 3057 3034 3056
f 3028 3057 3061
f 3029 3061 3058
f 3060 3058 3061
f 3060 3061 3059
f 3057 3056 3064
f 3057 3064 3061
f 3059 3061 3062
f 3064 3056 3063
f 3061 3065 3062
f 3061 3067 3066
f 3061 3066 3065
f 3061 3064 3068
f 3061 3069 3067
f 3061 3068 3069
f 3070 3064 3063
f 3070 3068 3064
f 3070 3063 3071
f 3068 3072 3069
f 3103 3072 3068
f 3070 3103 3068
f 3103 3073 3072
f 3103 3074 3073
f 3103 3104 3074
f 3078 3107 3077
f 3079 3081 3082
f 3081 3083 3082
f 3081 3084 3083
f 3078 3077 3087
f 3078 3087 3080
f 3080 3088 3081
f 3081 3088 3084
f 3087 3077 3086
f 3080 3087 3088
f 3084 3088 3089
f 3088 3090 3089
f 3087 3086 3094
f 3088 3091 3090
f 3087 3095 3088
f 3088 3092 3091
f 3088 3096 3092
f 3094 3086 3093
f 3087 3094 3095
f 3088 3095 3096
f 3095 3097 3096
f 3094 3093 3123
f 3094 3124 3095
f 3095 3121 3097
f 3123 3093 3122
f 3094 3123 3124
f 3095 3124 3121
f 3070 3071 3106
f 3070 3110 3103
f 3103 3105 3104
f 3106 3071 3107
f 3070 3106 3110
f 3103 3108 3105
f 3103 3109 3108
f 3103 3110 3109
f 3106 3107 3078
f 3106 3078 3110
f 3109 3110 3111
f 3110 3112 3111
f 3110 3078 3080
f 3110 3081 3112
f 3110 3080 3081
f 3112 3081 3079
f 2967 3664 2968
f 3017 3020 3657
f 3019 3657 3020
f 2967 2973 3664
f 2973 3017 3664
f 3060 3059 3614
f 3059 3062 3614
f 3030 3058 3622
f 3066 3067 3605
f 3067 3069 3605
f 3062 3065 3613
f 3060 3622 3058
f 3022 3630 3024
f 3022 3038 3630
f 3016 3023 3657
f 3039 3040 3622
f 3040 3030 3622
f 3038 3041 3630
f 3039 3629 3041
f 3023 3024 3657
f 3019 3016 3657
f 2990 2982 3680
f 2986 3687 2987
f 2988 2991 3687
f 2988 3687 2986
f 3008 3012 3672
f 3008 3672 3009
f 3009 3672 3010
f 3007 3679 2982
f 3007 3010 3679
f 3012 2969 3672
f 2968 3669 2969
f 2990 3686 2991
f 2994 3693 2996
f 2994 2987 3693
f 2996 3693 2997
f 3003 2997 3700
f 3003 3700 3000
f 3001 3704 3002
f 3000 3704 3001
f 3002 3704 3741
f 3121 3124 3125
f 3124 3126 3125
f 3124 3127 3126
f 3123 3122 3129
f 3123 3129 3124
f 3082 3083 3562
f 3129 3122 3128
f 3124 3130 3127
f 3124 3129 3130
f 3083 3084 3562
f 3127 3130 3131
f 3084 3089 3561
f 3130 3132 3131
f 3091 3092 3556
f 3092 3096 3552
f 3089 3090 3561
f 3090 3091 3558
f 3129 3128 3134
f 3129 3135 3130
f 3121 3125 3543
f 3125 3126 3543
f 3130 3135 3132
f 3096 3097 3552
f 3134 3128 3133
f 3129 3134 3135
f 3126 3127 3542
f 3097 3121 3552
f 3127 3131 3542
f 3132 3135 3136
f 3131 3132 3542
f 3135 3137 3136
f 3134 3133 3140
f 3134 3141 3135
f 3132 3136 3146
f 3135 3141 3137
f 3140 3133 3139
f 3134 3140 3141
f 3136 3137 3146
f 3126 3542 3543
f 3121 3543 3544
f 3137 3141 3142
f 3132 3146 3542
f 3137 3142 3146
f 3140 3139 3143
f 3140 3143 3145
f 3141 3146 3142
f 3121 3544 3549
f 3144 3145 3143
f 3140 3540 3141
f 3140 3145 3540
f 3141 3541 3146
f 3121 3549 3550
f 3092 3552 3556
f 3121 3550 3551
f 3141 3540 3541
f 3121 3551 3552
f 3091 3556 3557
f 3084 3561 3562
f 3082 3562 3574
f 3073 3074 3598
f 3104 3598 3074
f 3069 3072 3605
f 3108 3109 3580
f 3109 3111 3580
f 3072 3073 3605
f 3104 3105 3598
f 3065 3066 3613
f 3105 3108 3598
f 3111 3112 3580
f 3112 3079 3580
f 3079 3082 3576
f 3540 3145 3539
f 3146 3541 3542
f 3542 3541 3543
f 3091 3557 3558
f 3090 3558 3561
f 3541 3544 3543
f 3540 3545 3541
f 3540 3539 3547
f 3540 3547 3545
f 3541 3545 3548
f 3541 3548 3544
f 3547 3539 3546
f 3545 3547 3548
f 3544 3548 3549
f 3548 3550 3549
f 3548 3551 3550
f 3548 3552 3551
f 3547 3553 3548
f 3547 3546 3553
f 3548 3555 3552
f 3553 3546 3554
f 3548 3553 3555
f 3552 3555 3556
f 3553 3554 3564
f 3553 3564 3555
f 3555 3557 3556
f 3555 3558 3557
f 3555 3560 3558
f 3555 3559 3560
f 3555 3564 3559
f 3564 3554 3563
f 3558 3560 3561
f 3560 3562 3561
f 3560 3574 3562
f 3564 3563 3578
f 3082 3574 3576
f 3108 3580 3581
f 3079 3576 3579
f 3108 3581 3590
f 3079 3579 3580
f 3073 3598 3597
f 3108 3590 3596
f 3073 3597 3600
f 3108 3596 3598
f 3073 3600 3603
f 3073 3603 3604
f 3073 3604 3605
f 3066 3605 3610
f 3066 3610 3612
f 3066 3612 3613
f 3062 3613 3614
f 3060 3614 3617
f 3060 3617 3620
f 3060 3620 3621
f 3060 3621 3622
f 3039 3622 3625
f 3039 3625 3627
f 3039 3627 3629
f 3024 3630 3652
f 3041 3629 3630
f 3024 3652 3655
f 3017 3657 3660
f 3024 3655 3656
f 3024 3656 3657
f 3017 3660 3662
f 3017 3662 3663
f 3017 3663 3664
f 2968 3664 3668
f 3559 3575 3560
f 3559 3564 3575
f 3560 3576 3574
f 3560 3575 3576
f 3564 3578 3575
f 3578 3563 3577
f 3575 3579 3576
f 3575 3580 3579
f 3575 3581 3580
f 2968 3668 3669
f 2969 3669 3670
f 2969 3670 3672
f 3010 3672 3674
f 3010 3674 3677
f 3010 3677 3679
f 2982 3679 3680
f 2990 3680 3683
f 2990 3683 3686
f 2987 3687 3690
f 2991 3686 3687
f 2987 3690 3692
f 2987 3692 3693
f 2997 3693 3694
f 2997 3694 3699
f 2997 3699 3700
f 3000 3700 3702
f 3000 3702 3704
f 3741 3704 3705
f 3578 3577 3592
f 3575 3578 3589
f 3575 3589 3581
f 3578 3592 3593
f 3578 3595 3589
f 3578 3593 3595
f 3581 3589 3590
f 3591 3593 3592
f 3595 3593 3594
f 3589 3596 3590
f 3589 3598 3596
f 3589 3597 3598
f 3589 3595 3599
f 3589 3600 3597
f 3595 3594 3601
f 3589 3599 3600
f 3595 3601 3599
f 3601 3594 3602
f 3599 3603 3600
f 3599 3601 3609
f 3599 3609 3603
f 3601 3602 3608
f 3601 3608 3609
f 3603 3609 3604
f 3604 3609 3605
f 3605 3609 3610
f 3609 3608 3611
f 3609 3612 3610
f 3609 3611 3616
f 3609 3616 3612
f 3612 3616 3613
f 3613 3616 3614
f 3616 3611 3615
f 3614 3616 3617
f 3616 3615 3619
f 3616 3620 3617
f 3619 3615 3618
f 3619 3618 3623
f 3616 3621 3620
f 3616 3622 3621
f 3616 3619 3624
f 3616 3624 3622
f 3623 3618 3626
f 3619 3623 3624
f 3622 3624 3625
f 3623 3626 3628
f 3624 3627 3625
f 3623 3651 3624
f 3624 3629 3627
f 3623 3628 3650
f 3628 3626 3653
f 3623 3650 3651
f 3624 3651 3629
f 3629 3651 3630
f 3628 3653 3650
f 3630 3651 3652
f 3650 3654 3651
f 3650 3653 3658
f 3651 3655 3652
f 3650 3658 3654
f 3651 3654 3659
f 3651 3656 3655
f 3651 3657 3656
f 3651 3659 3657
f 3658 3653 3661
f 3654 3658 3659
f 3657 3659 3660
f 3659 3662 3660
f 3658 3661 3665
f 3658 3665 3659
f 3659 3663 3662
f 3659 3664 3663
f 3659 3665 3667
f 3659 3667 3664
f 3665 3661 3666
f 3664 3667 3668
f 3667 3669 3668
f 3665 3666 3675
f 3665 3675 3667
f 3675 3666 3676
f 3667 3675 3671
f 3667 3671 3673
f 3667 3670 3669
f 3667 3672 3670
f 3667 3673 3672
f 3672 3673 3674
f 3671 3677 3673
f 3673 3677 3674
f 3671 3675 3681
f 3675 3676 3681
f 3671 3678 3677
f 3681 3676 3682
f 3671 3681 3678
f 3677 3678 3679
f 3678 3680 3679
f 3678 3681 3684
f 3678 3683 3680
f 3678 3686 3683
f 3678 3684 3685
f 3678 3685 3686
f 3681 3682 3684
f 3684 3682 3688
f 3685 3687 3686
f 3685 3690 3687
f 3685 3684 3696
f 3685 3691 3690
f 3685 3696 3691
f 3690 3691 3692
f 3691 3693 3692
f 3691 3694 3693
f 3684 3695 3696
f 3684 3688 3695
f 3695 3688 3707
f 3695 3707 3708
f 3695 3708 3696
f 3696 3710 3697
f 3691 3696 3698
f 3691 3698 3694
f 3696 3697 3698
f 3694 3698 3699
f 3698 3700 3699
f 3698 3702 3700
f 3697 3701 3703
f 3698 3697 3703
f 3698 3704 3702
f 3698 3703 3704
f 3704 3703 3705
f 3706 3708 3707
f 3696 3708 3709
f 3696 3709 3710
f 3710 3709 3712
f 3697 3710 3712
f 3697 3712 3711
f 3697 3711 3701
f 3701 3711 3713
f 3739 3738 3737
f 3739 3744 3738
f 3739 3745 3744
f 3739 3740 3745
f 3740 3741 3742
f 3740 3742 3743
f 3740 3743 3745
f 3744 3748 3738
f 3743 3746 3745
f 3745 3746 3747
f 3744 3745 3751
f 3745 3747 3750
f 3744 3749 3748
f 3744 3751 3749
f 3749 3756 3748
f 3745 3750 3751
f 3750 3752 3751
f 3751 3752 3753
f 3749 3757 3756
f 3749 3758 3757
f 3749 3751 3758
f 3751 3753 3758
f 3753 3754 3758
f 3757 3761 3756
f 3754 3759 3758
f 3757 3758 3764
f 3758 3759 3764
f 3759 3760 3764
f 3760 3763 3764
f 3757 3762 3761
f 3757 3764 3762
f 3763 3765 3764
f 3762 3764 3768
f 3764 3765 3766
f 3764 3766 3773
f 3762 3767 3761
f 3762 3772 3767
f 3762 3768 3772
f 3764 3774 3768
f 3764 3775 3774
f 3764 3773 3775
f 3772 3770 3767
f 3769 3770 3771
f 3770 3782 3771
f 3768 3774 3772
f 3773 3776 3775
f 3775 3776 3777
f 3775 3777 3778
f 3772 3783 3770
f 3783 3782 3770
f 3774 3780 3772
f 3774 3775 3780
f 3775 3778 3780
f 3772 3780 3783
f 3778 3779 3780
f 3779 3781 3780
f 3780 3781 3784
f 3783 3789 3782
f 3783 3787 3790
f 3780 3787 3783
f 3780 3784 3785
f 3780 3785 3787
f 3785 3786 3787
f 3783 3790 3789
f 3786 3788 3787
f 3787 3806 3790
f 3787 3788 3804
f 3790 3808 3789
f 3790 3806 3808
f 3787 3810 3806
f 3787 3804 3810
f 3804 3805 3810
f 3805 3807 3810
f 3807 3811 3810
f 3806 3809 3808
f 3810 3812 3809
f 3806 3810 3809
f 3810 3817 3812
f 3810 3811 3813
f 3810 3813 3818
f 3813 3814 3818
f 3814 3815 3818
f 3817 3816 3812
f 3810 3818 3817
f 3815 3819 3818
f 3818 3825 3817
f 3818 3819 3820
f 3818 3820 3821
f 3818 3821 3822
f 3818 3822 3826
f 3817 3824 3816
f 3817 3825 3824
f 3818 3826 3825
f 3825 3829 3824
f 3825 3828 3829
f 3822 3827 3826
f 3825 3826 3846
f 3825 3846 3828
f 3826 3827 3843
f 3828 3831 3829
f 3830 3829 3831
f 3828 3847 3831
f 3826 3848 3846
f 3826 3843 3848
f 3843 3844 3848
f 3844 3845 3848
f 3828 3846 3847
f 3846 3850 3847
f 3845 3849 3848
f 3850 3855 3847
f 3846 3854 3850
f 3846 3848 3856
f 3848 3849 3856
f 3846 3856 3854
f 3849 3851 3856
f 3850 3854 3855
f 3851 3853 3856
f 3852 3856 3853
f 3854 3859 3855
f 3852 3857 3856
f 3854 3856 3858
f 3854 3858 3859
f 3856 3857 3860
f 3856 3868 3858
f 3856 3860 3868
f 3860 3861 3868
f 3861 3862 3868
f 3862 3869 3868
f 3858 3871 3859
f 3858 3868 3870
f 3858 3870 3871
f 3868 3869 3875
f 3868 3875 3870
f 3869 3872 3875
f 3872 3873 3875
f 3870 3883 3871
f 3870 3875 3882
f 3873 3874 3875
f 3874 3876 3875
f 3875 3876 3885
f 3875 3884 3882
f 3876 3877 3885
f 3875 3885 3884
f 3741 4539 3742
f 3742 4539 3743
f 3746 4543 3747
f 3743 4539 3746
f 3747 4543 3750
f 3752 4555 3753
f 3750 4543 3752
f 3753 4555 3754
f 3754 4556 3759
f 3759 4510 3760
f 3760 4510 3763
f 3763 4510 3765
f 3765 4506 3766
f 3766 4506 3773
f 3773 4506 3776
f 3777 4531 3778
f 3778 4531 3779
f 3776 4506 3777
f 3779 4530 3781
f 3784 4521 3785
f 3785 4521 3786
f 3781 4530 3784
f 3786 4521 3788
f 3804 4491 3805
f 3805 4492 3807
f 3788 4521 3804
f 3807 4492 3811
f 3813 4484 3814
f 3814 4484 3815
f 3811 4492 3813
f 3815 4484 3819
f 3819 4483 3820
f 3820 4482 3821
f 3821 4477 3822
f 3822 4477 3827
f 3827 4477 3843
f 3843 4454 3844
f 3844 4454 3845
f 3845 4454 3849
f 3849 4454 3851
f 3851 4448 3853
f 3852 3853 4448
f 3852 4448 3857
f 3861 4405 3862
f 3857 4448 3860
f 3862 4404 3869
f 3870 3882 3883
f 3877 3886 3885
f 3885 3886 3887
f 3885 3887 3888
f 3882 3894 3883
f 3882 3884 3892
f 3885 3888 3890
f 3884 3885 3892
f 3882 3892 3891
f 3882 3891 3894
f 3885 3890 3892
f 3890 3893 3892
f 3891 3900 3894
f 3892 3893 3895
f 3891 3892 3898
f 3892 3895 3898
f 3891 3898 3900
f 3895 3896 3898
f 3896 3897 3898
f 3900 3901 3894
f 3897 3899 3898
f 3898 3899 3922
f 3900 3920 3901
f 3898 3922 3900
f 3900 3922 3921
f 3900 3921 3920
f 3899 3902 3922
f 3860 4447 3861
f 3873 4429 3874
f 3869 4404 3872
f 3874 4429 3876
f 3872 4404 3873
f 3876 4429 3877
f 3873 4399 4429
f 3873 4401 4399
f 3862 4405 4404
f 3861 4440 4405
f 3902 3923 3922
f 3886 4419 3887
f 3887 4419 3888
f 3922 3923 3924
f 3888 4419 3890
f 3877 4429 3886
f 3921 3926 3920
f 3922 3924 3925
f 3921 3922 3928
f 3890 4419 3893
f 3895 4411 3896
f 3896 4411 3897
f 3897 4411 3899
f 3921 3927 3926
f 3921 3928 3927
f 3922 3925 3928
f 3893 4419 3895
f 3925 3929 3928
f 3899 4411 3902
f 3928 3929 3930
f 3928 3932 3927
f 3927 3933 3926
f 3924 3941 3925
f 3902 4411 3923
f 3923 4409 3924
f 3927 3932 3933
f 3928 3930 3934
f 3925 3941 3929
f 3928 3934 3932
f 3930 3935 3934
f 3929 3941 3930
f 3930 3936 3935
f 3934 3935 3936
f 3895 4412 4411
f 3932 3939 3933
f 3934 3940 3932
f 3924 3945 3941
f 3930 3941 3936
f 3895 4414 4412
f 3932 3940 3938
f 3932 3938 3939
f 3924 4409 3945
f 3934 3936 3940
f 3923 4410 4409
f 3886 4423 4419
f 3923 4411 4410
f 3936 3941 3940
f 3895 4417 4414
f 3886 4424 4423
f 3895 4418 4417
f 3895 4419 4418
f 3938 3942 3939
f 3886 4427 4424
f 3940 4406 3938
f 3943 3942 3944
f 3938 4406 3942
f 3940 3941 4408
f 3886 4428 4427
f 3886 4429 4428
f 4406 3944 3942
f 3941 3945 4408
f 3940 4408 4406
f 3777 4502 4531
f 3779 4531 4530
f 3765 4508 4506
f 3765 4517 4508
f 3777 4506 4505
f 3777 4505 4503
f 3777 4503 4502
f 3851 4449 4448
f 3861 4442 4440
f 3873 4404 4401
f 3861 4447 4442
f 3851 4452 4449
f 3860 4448 4447
f 3843 4455 4454
f 3851 4453 4452
f 3843 4475 4455
f 3821 4476 4477
f 3821 4479 4476
f 3821 4482 4479
f 3843 4477 4475
f 3851 4454 4453
f 3813 4485 4484
f 3820 4483 4482
f 3813 4488 4485
f 3819 4484 4483
f 3805 4491 4492
f 3804 4524 4491
f 3813 4490 4488
f 3813 4492 4490
f 3784 4527 4521
f 3784 4529 4527
f 3804 4520 4524
f 3804 4521 4519
f 3804 4519 4520
f 3784 4530 4529
f 3741 3705 4536
f 3741 4536 4539
f 3746 4539 4540
f 3746 4540 4541
f 3746 4541 4543
f 3752 4543 4544
f 3752 4545 4555
f 3752 4544 4545
f 3759 4512 4510
f 3754 4555 4556
f 3759 4556 4512
f 3765 4511 4517
f 3765 4510 4511
f 4425 4426 4400
f 4425 4400 4430
f 4426 4429 4400
f 4429 4399 4400
f 4430 4400 4402
f 4430 4402 4403
f 4399 4401 4400
f 4400 4401 4404
f 4400 4404 4405
f 4406 4407 3944
f 3945 4409 4408
f 4409 4410 4408
f 4408 4410 4411
f 4406 4415 4407
f 4406 4408 4413
f 4408 4411 4413
f 4411 4412 4413
f 4406 4416 4415
f 4406 4413 4416
f 4412 4414 4413
f 4413 4414 4417
f 4413 4420 4416
f 4413 4417 4418
f 4413 4418 4422
f 4416 4421 4415
f 4416 4420 4421
f 4413 4422 4420
f 4418 4419 4422
f 4419 4423 4422
f 4420 4431 4421
f 4420 4422 4425
f 4422 4423 4426
f 4420 4425 4430
f 4423 4424 4426
f 4422 4426 4425
f 4420 4430 4431
f 4424 4427 4426
f 4426 4427 4428
f 4426 4428 4429
f 4430 4403 4431
f 4400 4446 4402
f 4402 4444 4403
f 4400 4405 4441
f 4405 4440 4441
f 4402 4446 4444
f 4400 4441 4446
f 4440 4442 4441
f 4447 4441 4442
f 4443 4444 4445
f 4446 4445 4444
f 4446 4450 4445
f 4441 4451 4446
f 4447 4451 4441
f 4451 4452 4453
f 4446 4457 4450
f 4447 4448 4451
f 4448 4449 4451
f 4449 4452 4451
f 4446 4451 4456
f 4446 4456 4457
f 4451 4474 4456
f 4451 4453 4474
f 4456 4473 4457
f 4456 4474 4473
f 4453 4454 4474
f 4454 4455 4474
f 4455 4475 4474
f 4474 4478 4473
f 4474 4475 4477
f 4474 4480 4478
f 4474 4477 4481
f 4474 4481 4480
f 4477 4476 4481
f 4476 4479 4481
f 4479 4482 4481
f 4481 4493 4480
f 4481 4482 4487
f 4482 4483 4487
f 4486 4489 4493
f 4481 4487 4486
f 4484 4485 4487
f 4483 4484 4487
f 4485 4488 4487
f 4487 4490 4492
f 4487 4488 4490
f 4523 4486 4487
f 4523 4522 4486
f 4523 4487 4492
f 4523 4492 4491
f 4486 4525 4489
f 4481 4486 4493
f 4531 4502 4501
f 4501 4502 4503
f 4506 4508 4507
f 4505 4507 4503
f 4505 4506 4507
f 4501 4515 4533
f 4533 4516 4534
f 4533 4515 4516
f 4501 4504 4515
f 4501 4507 4504
f 4501 4503 4507
f 4509 4511 4510
f 4517 4511 4509
f 4554 4512 4556
f 4554 4553 4509
f 4554 4510 4512
f 4509 4553 4513
f 4554 4509 4510
f 4515 4509 4513
f 4515 4514 4516
f 4504 4507 4509
f 4504 4509 4515
f 4507 4508 4509
f 4517 4509 4508
f 4515 4513 4514
f 4523 4524 4520
f 4523 4520 4519
f 4519 4521 4526
f 4523 4526 4528
f 4523 4519 4526
f 4486 4522 4525
f 4523 4491 4524
f 4523 4528 4522
f 4522 4532 4525
f 4528 4532 4522
f 4521 4527 4526
f 4526 4533 4528
f 4528 4533 4534
f 4526 4527 4501
f 4526 4501 4533
f 4527 4529 4501
f 4529 4530 4501
f 4528 4534 4532
f 4531 4501 4530
f 3701 4537 4538
f 3703 4536 3705
f 3703 4539 4536
f 3703 4538 4539
f 3703 3701 4538
f 4538 4537 4546
f 4537 4548 4546
f 4538 4540 4539
f 4541 4540 4538
f 4538 4542 4543
f 4542 4544 4543
f 4554 4546 4553
f 4554 4545 4542
f 4554 4555 4545
f 4554 4542 4546
f 4542 4545 4544
f 4546 4548 4549
f 4538 4546 4542
f 4541 4538 4543
f 4553 4546 4549
f 4553 4549 4550
f 4553 4550 4552
f 3701 3713 4537
f 4537 3713 4547
f 4537 4547 4548
f 4551 4552 4550
f 4513 4553 4557
f 4554 4556 4555
f 4513 4557 4514
f 4553 4552 4557
f 2558 2559 2560
f 2620 2563 2559
f 2620 2559 2561
f 2563 2560 2559
f 2563 2562 2560
f 2563 2626 2562
f 2564 2562 2626
f 2564 2565 2562
f 2574 2569 2575
f 2574 2568 2569
f 2574 2567 2568
f 2571 2570 2567
f 2571 2610 2570
f 2571 2567 2578
f 2571 2578 2610
f 2572 2610 2578
f 2572 2578 2583
f 2572 2583 2584
f 2572 2584 2616
f 2584 2585 2616
f 2586 2616 2585
f 2573 2616 2587
f 2586 2587 2616
f 2574 2575 2576
f 2574 2576 2592
f 2574 2592 2577
f 2593 2589 2588
f 2574 2577 2567
f 2578 2567 2577
f 2578 2579 2583
f 2578 2577 2579
f 2584 2588 2585
f 2584 2579 2588
f 2586 2585 2588
f 2586 2582 2580
f 2586 2589 2582
f 2583 2579 2584
f 2586 2581 2587
f 2586 2580 2581
f 2577 2588 2579
f 2586 2588 2589
f 2592 2576 2590
f 2592 2590 2591
f 2577 2592 2588
f 2595 2593 2588
f 2594 2595 2588
f 2588 2592 2596
f 2594 2588 2596
f 2596 2663 2597
f 2594 2596 2597
f 2610 2599 2598
f 2600 2599 2610
f 2600 2611 2603
f 2602 2601 2600
f 2602 2561 2601
f 2602 2620 2561
f 2602 2621 2620
f 2600 2601 2599
f 2602 2600 2603
f 2602 2603 2607
f 2603 2611 2607
f 2607 2604 2605
f 2611 2606 2607
f 2607 2606 2604
f 2602 2607 2621
f 2607 2605 2608
f 2609 2607 2608
f 2609 2621 2607
f 2610 2598 2570
f 2600 2610 2616
f 2600 2616 2611
f 2611 2615 2612
f 2611 2614 2613
f 2611 2612 2614
f 2611 2613 2606
f 2611 2616 2615
f 2572 2616 2610
f 2619 2616 2573
f 2618 2616 2619
f 2618 2617 2616
f 2615 2616 2617
f 2621 2624 2622
f 2621 2622 2623
f 2620 2621 2627
f 2621 2623 2625
f 2620 2626 2563
f 2620 2627 2626
f 2621 2625 2629
f 2621 2629 2627
f 2627 2630 2628
f 2627 2629 2630
f 2609 2624 2621
f 2564 2626 2631
f 2626 2627 2632
f 2627 2628 2633
f 2626 2632 2631
f 2627 2633 2632
f 2633 2634 2632
f 2564 2631 2565
f 2631 2710 2565
f 2632 2636 2635
f 2632 2634 2636
f 2631 2632 2711
f 2632 2635 2711
f 2635 2725 2711
f 2689 2637 2639
f 2639 2637 2638
f 2690 2639 2640
f 2639 2643 2640
f 2639 2638 2642
f 2639 2642 2643
f 2640 2643 2646
f 2640 2646 2641
f 2641 2647 2644
f 2643 2642 2646
f 2646 2642 2645
f 2641 2646 2807
f 2641 2648 2647
f 2641 2649 2648
f 2641 2807 2649
f 2649 2807 2808
f 2654 2592 2591
f 2653 2591 2652
f 2653 2654 2591
f 2653 2652 2658
f 2658 2652 2657
f 2654 2658 2670
f 2653 2658 2654
f 2654 2670 2671
f 2658 2657 2669
f 2655 2661 2656
f 2654 2671 2655
f 2655 2660 2659
f 2655 2659 2661
f 2660 2671 2672
f 2655 2671 2660
f 2654 2596 2592
f 2596 2664 2662
f 2596 2662 2663
f 2656 2664 2596
f 2654 2655 2596
f 2655 2656 2596
f 2669 2657 2666
f 2668 2666 2667
f 2668 2669 2666
f 2669 2677 2670
f 2658 2669 2670
f 2670 2677 2671
f 2671 2673 2672
f 2671 2674 2673
f 2671 2675 2674
f 2671 2677 2675
f 2668 2667 2676
f 2668 2690 2669
f 2668 2676 2689
f 2668 2689 2690
f 2669 2690 2694
f 2669 2694 2677
f 2675 2677 2678
f 2677 2691 2678
f 2689 2676 2637
f 2689 2639 2690
f 2690 2640 2694
f 2691 2694 2692
f 2692 2694 2693
f 2677 2694 2691
f 2693 2694 2695
f 2694 2640 2641
f 2694 2696 2695
f 2694 2697 2696
f 2694 2698 2697
f 2694 2644 2698
f 2694 2641 2644
f 2631 2709 2710
f 2631 2711 2709
f 2709 2712 2710
f 2709 2715 2712
f 2709 2711 2715
f 2711 2729 2715
f 2715 2713 2712
f 2715 2714 2713
f 2715 2717 2714
f 2715 2718 2717
f 2717 2716 2714
f 2717 2720 2716
f 2717 2718 2722
f 2717 2722 2720
f 2718 2741 2722
f 2722 2721 2720
f 2722 2723 2721
f 2722 2741 2723
f 2741 2724 2723
f 2725 2726 2711
f 2711 2727 2728
f 2711 2726 2727
f 2711 2728 2729
f 2729 2730 2715
f 2715 2731 2732
f 2715 2730 2731
f 2715 2732 2733
f 2715 2733 2718
f 2733 2734 2718
f 2718 2734 2735
f 2718 2735 2736
f 2718 2736 2737
f 2718 2737 2740
f 2736 2738 2737
f 2718 2740 2741
f 2738 2739 2737
f 2737 2739 2742
f 2740 2737 2745
f 2740 2745 2741
f 2737 2742 2743
f 2737 2743 2744
f 2737 2744 2745
f 2741 2745 2724
f 2745 2744 2746
f 2745 2746 2747
f 2745 2747 2748
f 2745 2748 2749
f 2745 2751 2724
f 2745 2749 2750
f 2745 2750 2751
f 2749 2752 2750
f 2750 2752 2759
f 2750 2762 2751
f 2750 2759 2762
f 2759 2760 2763
f 2760 2761 2763
f 2759 2763 2762
f 2761 2764 2763
f 2761 2767 2764
f 2768 2766 2767
f 2768 2769 2766
f 2769 2771 2766
f 2769 2770 2771
f 2771 2772 2766
f 2770 2774 2771
f 2771 2773 2772
f 2771 2774 2775
f 2771 2779 2773
f 2771 2775 2778
f 2775 2776 2778
f 2771 2778 2779
f 2776 2777 2778
f 2777 2780 2778
f 2778 2781 2779
f 2782 2781 2783
f 2783 2781 2795
f 2778 2780 2792
f 2778 2796 2781
f 2778 2792 2796
f 2796 2795 2781
f 2792 2793 2796
f 2793 2794 2796
f 2794 2797 2796
f 2796 2801 2795
f 2796 2797 2802
f 2796 2802 2801
f 2797 2798 2802
f 2798 2799 2802
f 2799 2800 2802
f 2800 2803 2802
f 2800 2804 2803
f 2646 2645 2812
f 2646 2813 2807
f 2812 2645 2810
f 2646 2812 2813
f 2807 2809 2808
f 2807 2814 2809
f 2817 2810 2811
f 2812 2810 2817
f 2807 2813 2814
f 2812 2820 2813
f 2814 2813 2815
f 2815 2813 2816
f 2817 2811 2819
f 2819 2811 2818
f 2812 2817 2820
f 2817 2819 2820
f 2813 2820 2822
f 2813 2823 2824
f 2813 2822 2823
f 2813 2821 2816
f 2813 2824 2821
f 2819 2818 2830
f 2819 2833 2820
f 2820 2834 2822
f 2822 2834 2823
f 2823 2834 2824
f 2828 2824 2834
f 2821 2824 2825
f 2824 2826 2825
f 2824 2827 2826
f 2828 2827 2824
f 2819 2830 2832
f 2819 2832 2833
f 2820 2833 2834
f 2832 2830 2831
f 2828 2834 2835
f 2832 2831 2839
f 2832 2840 2833
f 2833 2841 2834
f 2832 2839 2840
f 2834 2842 2838
f 2834 2836 2835
f 2834 2837 2836
f 2834 2838 2837
f 2833 2840 2841
f 2834 2841 2842
f 2838 2842 2843
f 2842 2844 2843
f 2840 2839 2857
f 2840 2858 2841
f 2841 2859 2842
f 2840 2857 2856
f 2840 2856 2858
f 2842 2859 2844
f 2841 2858 2859
f 2644 3245 2698
f 2594 3398 2595
f 2595 3398 2593
f 2662 3390 2663
f 2662 2664 3390
f 2597 2663 3398
f 2594 2597 3398
f 2582 3405 2580
f 2580 3405 2581
f 2582 2589 3405
f 2573 2587 3415
f 2587 2581 3415
f 2593 3405 2589
f 2675 2678 3268
f 2659 2660 3279
f 2660 2672 3279
f 2656 2661 3390
f 2674 2675 3271
f 2672 2673 3279
f 2659 3390 2661
f 2693 2695 3260
f 2692 2693 3260
f 2678 2691 3268
f 2697 2698 3245
f 2695 2696 3260
f 2691 2692 3268
f 2673 2674 3279
f 2656 3390 2664
f 2618 2619 3415
f 2619 2573 3415
f 2615 2617 3420
f 2612 3420 2614
f 2615 3420 2612
f 2604 3434 2605
f 2604 2606 3432
f 2613 2614 3431
f 2613 3431 2606
f 2605 3442 2608
f 2609 2608 3442
f 2618 3420 2617
f 2629 3449 2630
f 2609 3443 2624
f 2622 2624 3444
f 2622 3449 2623
f 2623 3449 2625
f 2625 3449 2629
f 2628 2630 3458
f 2628 3458 2633
f 2635 2636 3520
f 2634 3520 2636
f 2635 3521 2725
f 2633 3458 2634
f 2856 2865 2864
f 2844 2859 2860
f 2859 2861 2860
f 2859 2862 2861
f 2649 2808 3233
f 2644 2647 3245
f 2815 2816 3213
f 2808 2809 3233
f 2814 2815 3226
f 2648 2649 3236
f 2647 2648 3245
f 2856 2857 2865
f 2856 2864 2858
f 2859 2863 2862
f 2858 2867 2859
f 2858 2864 2866
f 2859 2867 2863
f 2858 2866 2867
f 2828 3202 2827
f 2826 2827 3207
f 2825 2826 3211
f 2809 2814 3233
f 2816 2821 3213
f 2821 2825 3213
f 2864 2865 2870
f 2864 2870 2871
f 2863 2867 2868
f 2867 2869 2868
f 2828 2835 3202
f 2838 2843 3190
f 2837 2838 3196
f 2835 2836 3202
f 2837 3201 2836
f 2864 2871 2866
f 2866 2874 2867
f 2866 2871 2873
f 2867 2874 2869
f 2866 2873 2874
f 2863 2868 2876
f 2843 2844 3190
f 2862 2863 2886
f 2844 2860 3190
f 2868 2869 2876
f 2860 2861 3188
f 2871 2870 2872
f 2871 2872 2878
f 2869 2874 2875
f 2874 2876 2875
f 2861 2862 3188
f 2869 2875 2876
f 2863 2876 2885
f 2871 2878 2873
f 2873 2882 2874
f 2873 2878 2881
f 2874 2882 2876
f 2873 2881 2882
f 2863 2885 2886
f 2862 2886 3181
f 2878 2872 2879
f 2878 2879 2880
f 2878 2880 3178
f 2876 2882 2883
f 2878 2884 2881
f 2882 2885 2883
f 2876 2883 2885
f 2862 3181 3183
f 2838 3190 3191
f 2878 3178 2884
f 2881 2884 3179
f 2881 3179 2882
f 2882 3180 2885
f 2882 3179 3180
f 2885 3180 2886
f 2862 3183 3188
f 2860 3188 3189
f 2860 3189 3190
f 2838 3191 3196
f 2837 3196 3200
f 2827 3202 3203
f 2827 3203 3207
f 2696 2697 3260
f 2918 2912 2913
f 2918 2913 2914
f 2727 3524 2728
f 2725 3521 2726
f 2726 3523 2727
f 2728 3525 2729
f 2729 3525 2730
f 2730 3497 2731
f 2732 2731 3497
f 2732 3496 2733
f 2734 3507 2735
f 2735 3507 2736
f 2733 3496 2734
f 2736 3507 2738
f 2742 3489 2743
f 2743 3489 2744
f 2738 3507 2739
f 2739 3507 2742
f 2744 3489 2746
f 2746 3490 2747
f 2747 3487 2748
f 2748 3487 2749
f 2749 3487 2752
f 2759 3361 2760
f 2752 3487 2759
f 2760 3361 2761
f 2761 3361 2767
f 2768 3354 2769
f 2769 3353 2770
f 2922 2919 2912
f 2918 2922 2912
f 2920 2921 2919
f 2920 2919 2922
f 2920 2924 2921
f 2918 2923 2922
f 2922 2923 2925
f 2920 2922 2928
f 2920 2928 2924
f 2922 2925 2928
f 2925 2926 2929
f 2768 2767 3361
f 2770 3353 2774
f 2774 3353 2775
f 2775 3351 2776
f 2776 3351 2777
f 2777 3351 2780
f 2792 3349 2793
f 2780 3351 2792
f 2793 3349 2794
f 2794 3349 2797
f 2798 3335 2799
f 2799 3335 2800
f 2797 3349 2798
f 2925 2929 2928
f 2926 2927 2929
f 2927 2930 2929
f 2800 3335 2804
f 3329 2910 2804
f 2910 3313 2911
f 2911 3310 2914
f 2918 2914 3310
f 2918 3310 2923
f 2925 3302 2926
f 2926 3302 2927
f 2927 3302 2930
f 2923 3310 2925
f 3302 2938 2930
f 3299 2949 2938
f 2950 2947 2949
f 2953 2948 2947
f 2953 2947 2950
f 3299 2938 3301
f 2953 2951 2948
f 2953 2950 2954
f 2950 2949 2956
f 2953 2952 2951
f 2953 2957 2952
f 2950 2956 2954
f 2925 3310 3302
f 2938 3302 3301
f 2956 2949 3299
f 2955 2952 2957
f 2953 2954 3297
f 2954 2956 3297
f 2953 3298 2957
f 2953 3297 3298
f 3178 2880 3177
f 2884 3178 3179
f 2886 3180 3181
f 3178 3182 3179
f 3180 3183 3181
f 2837 3200 3201
f 2836 3201 3202
f 2826 3207 3211
f 2815 3213 3226
f 2825 3211 3212
f 2825 3212 3213
f 2814 3226 3227
f 2649 3233 3234
f 3178 3177 3184
f 3178 3184 3182
f 3179 3186 3180
f 3179 3182 3186
f 3180 3187 3183
f 3184 3177 3185
f 3180 3186 3187
f 2814 3227 3232
f 2814 3232 3233
f 2649 3234 3236
f 2648 3236 3244
f 2648 3244 3245
f 3184 3186 3182
f 3183 3187 3188
f 3187 3189 3188
f 3187 3190 3189
f 3187 3191 3190
f 3184 3185 3192
f 3184 3194 3186
f 3186 3195 3187
f 3187 3195 3191
f 3192 3185 3193
f 3184 3192 3194
f 3186 3194 3195
f 3191 3195 3196
f 3192 3193 3205
f 3192 3206 3194
f 3194 3206 3195
f 3195 3200 3196
f 3195 3201 3200
f 3195 3198 3202
f 3195 3199 3197
f 3195 3197 3198
f 3195 3206 3199
f 3205 3193 3204
f 3192 3205 3206
f 3195 3202 3201
f 3198 3203 3202
f 3198 3207 3203
f 3197 3209 3198
f 3199 3206 3209
f 3205 3204 3208
f 3205 3210 3206
f 3197 3199 3209
f 3198 3209 3207
f 3207 3209 3211
f 3208 3204 3224
f 3205 3208 3210
f 3206 3210 3209
f 3209 3212 3211
f 3209 3213 3212
f 3209 3226 3213
f 2697 3245 3246
f 2697 3246 3258
f 2697 3258 3259
f 2697 3259 3261
f 2697 3261 3260
f 2692 3260 3263
f 2692 3263 3267
f 2692 3267 3268
f 2675 3268 3269
f 2675 3269 3271
f 2674 3271 3277
f 2674 3277 3278
f 2674 3278 3279
f 2659 3279 3387
f 2659 3387 3388
f 2659 3388 3389
f 2659 3389 3390
f 2663 3390 3395
f 2663 3395 3396
f 2663 3396 3397
f 2663 3397 3398
f 2593 3398 3402
f 2581 3405 3408
f 2593 3402 3403
f 2593 3403 3404
f 2593 3404 3405
f 2581 3408 3413
f 2581 3413 3416
f 2581 3416 3415
f 2618 3415 3417
f 2618 3417 3419
f 2618 3419 3421
f 2614 3420 3426
f 2614 3426 3430
f 2618 3421 3420
f 2604 3432 3434
f 2614 3430 3431
f 2606 3431 3432
f 2605 3434 3435
f 2605 3435 3442
f 2609 3442 3443
f 2624 3443 3444
f 2622 3444 3445
f 2622 3445 3448
f 2622 3448 3449
f 2630 3449 3450
f 2630 3450 3457
f 2634 3461 3520
f 2630 3457 3458
f 2634 3458 3459
f 2634 3459 3460
f 2634 3460 3461
f 3208 3224 3228
f 3209 3210 3225
f 3208 3231 3210
f 3208 3228 3229
f 3210 3231 3225
f 3209 3227 3226
f 3209 3225 3227
f 3208 3229 3231
f 3229 3228 3230
f 3225 3231 3235
f 3225 3232 3227
f 3225 3233 3232
f 3225 3234 3233
f 3225 3235 3234
f 3229 3230 3237
f 3229 3239 3231
f 3237 3230 3238
f 3231 3239 3235
f 3229 3237 3239
f 3234 3235 3236
f 3235 3244 3236
f 3237 3238 3240
f 3237 3256 3239
f 3237 3240 3256
f 3235 3245 3244
f 3256 3240 3241
f 3235 3239 3256
f 3235 3256 3257
f 3235 3246 3245
f 3235 3257 3246
f 3246 3257 3258
f 3256 3241 3255
f 3257 3256 3262
f 3257 3259 3258
f 3257 3261 3259
f 3257 3260 3261
f 3257 3263 3260
f 3256 3255 3265
f 3256 3265 3262
f 3265 3255 3264
f 3257 3262 3263
f 3262 3267 3263
f 3265 3264 3266
f 3262 3265 3270
f 3265 3266 3273
f 3262 3268 3267
f 3265 3272 3270
f 3265 3275 3272
f 3262 3270 3268
f 3268 3270 3269
f 3269 3270 3271
f 3273 3266 3274
f 3265 3273 3275
f 3272 3379 3270
f 3272 3275 3380
f 3272 3276 3379
f 3272 3380 3276
f 3273 3382 3275
f 3270 3277 3271
f 3270 3278 3277
f 3270 3279 3278
f 3270 3386 3279
f 3270 3379 3386
f 3279 3386 3387
f 2734 3493 3502
f 2759 3484 3361
f 2742 3500 3489
f 2734 3502 3507
f 2742 3506 3500
f 2742 3507 3505
f 2742 3505 3506
f 2746 3489 3490
f 2747 3490 3488
f 2747 3492 3487
f 2747 3488 3492
f 2759 3486 3484
f 2759 3487 3485
f 2759 3485 3486
f 2798 3342 3335
f 2798 3338 3342
f 2798 3341 3338
f 2798 3349 3341
f 2911 3313 3310
f 3314 3313 2910
f 3329 2804 3334
f 3326 2910 3329
f 3314 2910 3327
f 3327 2910 3326
f 3297 2956 3299
f 3297 3300 3298
f 3297 3301 3300
f 3297 3299 3301
f 3334 2804 3335
f 2768 3357 3354
f 2769 3354 3353
f 2775 3352 3351
f 2768 3359 3357
f 2768 3361 3360
f 2768 3360 3359
f 2775 3353 3352
f 2792 3351 3349
f 2635 3520 3521
f 2726 3521 3522
f 2726 3522 3523
f 2727 3523 3524
f 2728 3524 3525
f 2730 3525 3526
f 2732 3497 3496
f 2730 3495 3497
f 2730 3526 3495
f 2734 3496 3494
f 2734 3494 3493
f 3314 3311 3313
f 3314 3312 3311
f 3314 3327 3312
f 3328 3327 3326
f 3328 3330 3312
f 3328 3312 3327
f 3328 3326 3329
f 3332 3330 3331
f 3328 3331 3330
f 3328 3333 3331
f 3328 3329 3334
f 3328 3337 3333
f 3328 3334 3336
f 3336 3339 3337
f 3336 3338 3340
f 3336 3340 3339
f 3338 3341 3340
f 3328 3336 3337
f 3334 3335 3336
f 3335 3342 3336
f 3342 3338 3336
f 3352 3350 3351
f 3352 3353 3350
f 3356 3350 3353
f 3356 3355 3350
f 3356 3353 3354
f 3356 3354 3357
f 3356 3358 3355
f 3356 3357 3359
f 3356 3509 3358
f 3356 3359 3483
f 3356 3483 3509
f 3361 3483 3360
f 3359 3360 3483
f 3273 3274 3383
f 3273 3383 3385
f 3273 3385 3384
f 3273 3384 3382
f 3275 3382 3380
f 3276 3381 3379
f 3276 3380 3381
f 3379 3391 3386
f 3379 3381 3392
f 3380 3392 3381
f 3380 3382 3392
f 3382 3384 3392
f 3386 3388 3387
f 3379 3392 3391
f 3384 3385 3392
f 3386 3394 3388
f 3386 3391 3394
f 3388 3394 3389
f 3389 3394 3390
f 3391 3392 3393
f 3391 3393 3400
f 3390 3394 3395
f 3394 3396 3395
f 3391 3401 3394
f 3394 3397 3396
f 3391 3400 3401
f 3394 3401 3397
f 3397 3401 3398
f 3400 3393 3399
f 3398 3401 3402
f 3402 3401 3403
f 3400 3411 3401
f 3400 3399 3409
f 3401 3411 3406
f 3401 3406 3407
f 3401 3407 3405
f 3400 3409 3411
f 3401 3404 3403
f 3401 3405 3404
f 3407 3408 3405
f 3407 3413 3408
f 3409 3399 3410
f 3409 3412 3411
f 3407 3406 3414
f 3406 3411 3414
f 3409 3410 3418
f 3409 3418 3412
f 3412 3414 3411
f 3407 3416 3413
f 3407 3414 3416
f 3418 3410 3423
f 3412 3418 3414
f 3415 3416 3414
f 3415 3414 3417
f 3414 3418 3424
f 3414 3419 3417
f 3414 3421 3419
f 3414 3424 3421
f 3424 3420 3421
f 3418 3423 3425
f 3418 3425 3424
f 3425 3423 3427
f 3424 3426 3420
f 3424 3430 3426
f 3425 3427 3428
f 3428 3427 3429
f 3424 3425 3436
f 3424 3436 3433
f 3424 3431 3430
f 3424 3433 3431
f 3433 3432 3431
f 3433 3434 3432
f 3433 3435 3434
f 3425 3428 3436
f 3428 3438 3436
f 3436 3438 3439
f 3433 3436 3440
f 3436 3439 3440
f 3433 3441 3435
f 3433 3440 3441
f 3428 3429 3437
f 3428 3437 3438
f 3440 3439 3454
f 3440 3454 3446
f 3435 3441 3442
f 3441 3443 3442
f 3441 3444 3443
f 3441 3445 3444
f 3440 3451 3441
f 3440 3446 3451
f 3441 3451 3447
f 3441 3448 3445
f 3441 3447 3449
f 3441 3449 3448
f 3447 3450 3449
f 3451 3446 3447
f 3446 3455 3453
f 3447 3457 3450
f 3447 3452 3457
f 3457 3452 3458
f 3446 3452 3447
f 3446 3453 3452
f 3461 3460 3452
f 3452 3460 3459
f 3452 3459 3458
f 3453 3513 3452
f 3461 3452 3513
f 3453 3456 3514
f 3446 3454 3455
f 3453 3455 3456
f 3510 3477 3511
f 3476 3477 3510
f 3476 3478 3477
f 3476 3499 3478
f 3503 3479 3480
f 3479 3516 3481
f 3515 3516 3479
f 3479 3481 3480
f 3503 3480 3482
f 3483 3484 3486
f 3483 3476 3510
f 3483 3491 3476
f 3483 3486 3491
f 3491 3487 3492
f 3491 3486 3485
f 3491 3485 3487
f 3491 3492 3499
f 3491 3499 3476
f 3499 3498 3478
f 3492 3488 3499
f 3501 3493 3479
f 3479 3494 3496
f 3479 3496 3497
f 3493 3494 3479
f 3515 3479 3497
f 3515 3495 3526
f 3515 3497 3495
f 3488 3490 3499
f 3499 3490 3489
f 3499 3489 3500
f 3499 3482 3498
f 3506 3499 3500
f 3503 3499 3504
f 3503 3482 3499
f 3504 3499 3501
f 3506 3501 3499
f 3505 3501 3506
f 3505 3507 3501
f 3501 3507 3502
f 3504 3501 3479
f 3503 3504 3479
f 3501 3502 3493
f 3483 3510 3509
f 3361 3484 3483
f 3513 3516 3515
f 3513 3515 3524
f 3514 3516 3513
f 3453 3514 3513
f 3514 3456 3518
f 3514 3518 3516
f 3516 3519 3517
f 3516 3518 3519
f 3516 3517 3481
f 3461 3513 3520
f 3513 3523 3522
f 3513 3521 3520
f 3513 3522 3521
f 3513 3524 3523
f 3515 3525 3524
f 3515 3526 3525
f 179 173 172
f 172 174 175
f 179 172 180
f 179 181 173
f 179 180 187
f 179 189 181
f 185 183 182
f 181 184 182
f 180 172 178
f 172 175 178
f 179 187 189
f 180 188 187
f 185 182 184
f 185 186 183
f 181 189 184
f 186 200 183
f 200 190 183
f 189 195 197
f 187 194 189
f 189 194 195
f 195 193 197
f 185 184 193
f 185 192 186
f 184 197 193
f 185 193 192
f 200 176 190
f 199 417 176
f 198 176 200
f 198 199 176
f 186 192 191
f 186 209 200
f 186 191 209
f 198 200 209
f 198 210 199
f 177 274 188
f 175 272 274
f 188 274 273
f 188 275 283
f 206 217 208
f 206 207 202
f 207 201 202
f 208 219 212
f 212 219 213
f 206 202 217
f 208 217 216
f 201 218 202
f 208 216 219
f 194 207 195
f 194 196 207
f 195 207 206
f 195 206 193
f 192 204 191
f 192 203 204
f 203 206 204
f 196 201 207
f 204 206 208
f 191 214 209
f 191 204 205
f 209 214 210
f 210 215 211
f 198 209 210
f 199 210 211
f 204 208 212
f 204 213 205
f 204 212 213
f 211 215 228
f 205 213 214
f 210 214 215
f 214 223 215
f 213 221 214
f 217 220 219
f 214 221 223
f 213 219 221
f 216 217 219
f 202 225 217
f 202 218 225
f 217 225 226
f 217 233 220
f 227 228 224
f 221 224 223
f 221 222 224
f 217 226 233
f 218 229 225
f 221 235 222
f 221 219 234
f 220 233 219
f 222 232 224
f 221 234 235
f 219 233 234
f 222 235 232
f 225 231 226
f 227 224 236
f 236 224 232
f 215 224 228
f 215 223 224
f 225 229 231
f 226 231 230
f 226 237 233
f 227 236 241
f 234 238 235
f 233 237 234
f 235 239 232
f 236 232 242
f 234 237 238
f 236 242 241
f 226 230 237
f 231 245 230
f 237 246 238
f 230 245 244
f 231 243 245
f 230 246 237
f 235 238 239
f 232 239 240
f 232 240 242
f 241 242 251
f 239 238 247
f 239 248 240
f 242 240 249
f 230 244 246
f 239 247 248
f 238 246 247
f 240 248 249
f 242 249 250
f 244 245 253
f 243 254 245
f 244 252 246
f 244 253 252
f 245 254 253
f 242 250 251
f 252 253 260
f 253 254 260
f 247 256 248
f 246 258 247
f 248 255 249
f 250 261 251
f 249 261 250
f 246 252 258
f 248 256 255
f 247 258 256
f 252 259 258
f 252 260 259
f 254 262 260
f 249 255 257
f 249 257 261
f 251 261 263
f 255 256 621
f 255 618 257
f 261 257 619
f 259 260 622
f 256 258 620
f 258 259 620
f 260 262 622
f 261 624 263
f 257 618 619
f 255 621 618
f 259 623 620
f 259 622 623
f 256 620 621
f 261 619 624
f 267 594 265
f 267 602 594
f 267 603 602
f 266 604 603
f 269 265 264
f 267 265 269
f 267 266 603
f 266 271 604
f 604 271 272
f 604 272 609
f 269 264 279
f 279 264 268
f 271 270 277
f 269 279 270
f 266 270 271
f 267 269 266
f 266 269 270
f 271 274 272
f 271 275 273
f 271 273 274
f 271 283 275
f 271 277 283
f 279 268 276
f 278 279 276
f 270 280 277
f 270 279 280
f 277 282 283
f 288 278 276
f 278 285 279
f 279 285 280
f 277 280 287
f 277 281 282
f 277 297 281
f 288 285 278
f 288 276 284
f 288 284 289
f 288 289 290
f 288 290 292
f 288 295 285
f 285 295 286
f 286 294 287
f 291 294 295
f 288 292 295
f 292 290 293
f 291 295 292
f 286 295 294
f 287 301 296
f 287 294 301
f 277 287 297
f 280 285 286
f 280 286 287
f 297 287 299
f 287 298 299
f 287 296 298
f 292 293 300
f 291 292 306
f 291 307 294
f 301 302 296
f 294 308 301
f 292 300 306
f 291 306 307
f 294 307 308
f 301 303 302
f 301 304 303
f 306 300 305
f 306 305 311
f 306 313 307
f 307 315 308
f 301 308 310
f 301 310 309
f 308 315 310
f 306 311 313
f 307 313 314
f 307 314 315
f 313 311 312
f 309 310 316
f 310 317 316
f 310 318 317
f 310 319 318
f 313 312 320
f 313 326 314
f 310 328 319
f 310 315 329
f 314 330 315
f 313 320 326
f 314 325 330
f 314 326 325
f 310 331 328
f 310 329 331
f 315 330 329
f 335 337 321
f 335 322 336
f 335 321 322
f 336 322 324
f 322 321 323
f 326 320 327
f 329 332 331
f 326 327 334
f 325 326 335
f 325 338 330
f 329 330 338
f 329 333 332
f 326 334 335
f 325 335 336
f 325 336 338
f 329 340 333
f 329 338 340
f 335 334 337
f 333 340 339
f 336 324 338
f 339 340 341
f 338 344 340
f 340 342 341
f 340 343 342
f 338 324 344
f 340 727 343
f 340 344 727
f 343 727 726
f 391 390 593
f 390 345 593
f 390 395 345
f 395 346 345
f 351 347 348
f 364 350 347
f 349 348 347
f 349 347 350
f 349 350 368
f 349 372 348
f 358 418 367
f 351 352 347
f 351 354 352
f 352 353 364
f 364 357 366
f 356 367 365
f 357 365 366
f 364 353 357
f 355 172 354
f 353 172 173
f 357 353 181
f 353 354 172
f 181 353 173
f 356 357 181
f 356 182 358
f 355 174 172
f 356 358 367
f 356 365 357
f 362 365 367
f 359 363 367
f 360 366 361
f 361 365 362
f 362 367 363
f 359 367 419
f 359 419 363
f 367 418 419
f 363 419 421
f 352 364 347
f 364 366 350
f 361 366 365
f 350 366 360
f 350 360 368
f 351 610 597
f 348 372 370
f 369 600 392
f 600 370 392
f 351 597 605
f 349 375 371
f 349 371 372
f 371 386 372
f 368 360 374
f 360 361 373
f 368 374 375
f 360 373 374
f 361 362 376
f 362 363 377
f 361 376 373
f 362 377 376
f 373 376 382
f 375 380 381
f 374 379 380
f 373 382 379
f 363 421 377
f 377 422 376
f 421 422 377
f 376 422 378
f 376 424 382
f 376 378 424
f 349 368 375
f 371 375 386
f 372 386 387
f 375 381 386
f 381 380 385
f 381 383 388
f 379 384 380
f 381 385 383
f 379 427 384
f 380 384 385
f 388 383 428
f 386 388 387
f 386 381 388
f 387 388 389
f 388 428 389
f 369 392 391
f 391 396 390
f 390 396 395
f 391 392 397
f 391 397 396
f 370 372 393
f 370 393 392
f 372 394 393
f 392 393 397
f 393 394 397
f 395 396 399
f 396 397 399
f 395 398 346
f 395 399 398
f 398 404 346
f 394 401 397
f 397 401 402
f 397 402 400
f 398 399 405
f 387 401 394
f 387 402 401
f 387 389 402
f 402 403 400
f 400 403 408
f 389 437 409
f 398 406 404
f 399 400 405
f 398 405 406
f 406 407 404
f 389 409 408
f 437 450 409
f 400 408 409
f 400 410 405
f 400 409 410
f 405 411 406
f 406 412 407
f 410 409 450
f 405 410 411
f 406 411 412
f 412 413 407
f 358 415 418
f 419 418 415
f 419 415 414
f 419 414 416
f 414 415 190
f 414 190 176
f 414 176 417
f 416 414 417
f 358 182 183
f 356 181 182
f 358 183 190
f 358 190 415
f 419 416 420
f 419 420 421
f 420 423 421
f 421 423 422
f 422 425 378
f 422 423 425
f 378 425 424
f 382 430 427
f 382 424 430
f 424 425 429
f 425 426 429
f 384 435 385
f 383 432 428
f 424 429 430
f 427 430 441
f 423 466 426
f 429 431 442
f 426 447 431
f 420 493 423
f 420 416 506
f 416 417 526
f 385 435 434
f 384 433 435
f 383 434 432
f 428 432 438
f 432 439 438
f 427 441 433
f 434 435 445
f 432 434 444
f 432 440 439
f 432 443 436
f 432 436 440
f 389 428 438
f 389 439 437
f 389 438 439
f 437 439 440
f 437 440 453
f 430 442 441
f 431 447 442
f 433 441 458
f 434 445 444
f 435 446 445
f 436 443 440
f 440 443 449
f 433 458 446
f 443 444 449
f 444 448 449
f 441 442 459
f 426 466 447
f 445 446 462
f 444 445 460
f 442 447 459
f 441 459 458
f 446 458 462
f 444 465 448
f 444 460 461
f 444 461 465
f 449 464 463
f 449 465 464
f 440 463 453
f 437 453 450
f 410 450 453
f 410 454 411
f 411 452 412
f 412 451 413
f 410 453 454
f 412 452 451
f 411 454 452
f 451 455 413
f 451 452 457
f 453 463 472
f 453 472 454
f 452 454 457
f 451 456 455
f 451 457 456
f 454 472 478
f 456 479 455
f 457 480 456
f 447 466 459
f 459 468 458
f 423 493 466
f 445 462 460
f 459 466 468
f 458 468 467
f 458 467 462
f 460 469 461
f 461 475 465
f 464 465 475
f 463 477 473
f 420 506 493
f 462 467 491
f 461 469 470
f 460 471 469
f 461 470 475
f 464 475 476
f 464 476 477
f 462 491 471
f 466 493 468
f 467 492 491
f 468 493 492
f 471 494 469
f 469 498 470
f 463 473 472
f 472 473 478
f 478 473 474
f 470 495 475
f 476 496 477
f 457 478 480
f 456 481 479
f 478 474 482
f 456 480 481
f 478 482 483
f 478 487 480
f 477 486 483
f 478 483 487
f 480 487 488
f 480 488 481
f 481 489 484
f 489 485 484
f 483 486 487
f 486 507 487
f 199 211 564
f 199 548 417
f 211 228 810
f 416 526 506
f 471 491 494
f 491 492 505
f 492 493 505
f 470 498 495
f 475 495 497
f 476 497 496
f 477 496 504
f 491 499 494
f 495 503 497
f 491 505 499
f 498 494 500
f 494 499 500
f 493 506 505
f 498 502 501
f 495 501 503
f 501 502 503
f 496 497 518
f 496 517 504
f 505 520 499
f 502 500 521
f 497 503 523
f 496 518 517
f 497 523 518
f 504 517 524
f 504 524 509
f 486 504 507
f 504 508 507
f 487 512 488
f 488 511 489
f 487 508 512
f 489 514 490
f 489 513 514
f 488 512 511
f 504 509 508
f 509 510 512
f 510 530 512
f 513 511 533
f 511 512 533
f 417 548 526
f 199 564 548
f 505 506 520
f 499 519 516
f 499 520 519
f 503 522 523
f 506 526 520
f 517 525 524
f 518 528 517
f 518 523 528
f 519 527 521
f 519 520 539
f 521 540 522
f 522 541 523
f 520 526 539
f 521 527 540
f 524 525 529
f 522 540 541
f 523 541 542
f 523 542 528
f 528 542 529
f 524 544 531
f 512 530 531
f 512 531 535
f 512 535 533
f 532 534 515
f 532 533 556
f 533 535 556
f 531 558 535
f 532 557 537
f 537 574 536
f 227 819 228
f 227 241 829
f 211 810 564
f 527 538 540
f 526 548 539
f 538 539 549
f 529 542 543
f 529 543 544
f 538 554 540
f 540 554 541
f 541 551 542
f 542 552 543
f 543 546 544
f 544 547 558
f 543 553 546
f 539 548 549
f 538 549 550
f 538 550 554
f 543 552 553
f 541 554 551
f 542 551 552
f 544 546 553
f 544 553 545
f 544 545 555
f 544 555 547
f 545 553 555
f 531 544 558
f 537 557 574
f 535 558 561
f 535 561 556
f 556 577 557
f 558 547 559
f 547 560 559
f 547 562 560
f 556 561 577
f 559 560 561
f 560 562 561
f 561 562 572
f 228 819 810
f 548 564 549
f 551 568 552
f 551 554 567
f 552 569 553
f 547 555 563
f 553 571 555
f 549 565 550
f 550 567 554
f 555 571 563
f 547 563 562
f 549 564 565
f 550 565 566
f 550 566 567
f 552 568 569
f 553 569 570
f 551 567 568
f 553 570 571
f 561 572 579
f 572 563 573
f 572 573 579
f 576 578 575
f 561 579 577
f 576 577 580
f 577 579 580
f 584 585 589
f 588 589 586
f 588 586 599
f 598 586 587
f 584 589 588
f 584 588 369
f 584 590 585
f 584 591 590
f 591 592 590
f 591 593 592
f 584 391 591
f 591 391 593
f 584 369 391
f 595 587 583
f 602 583 594
f 595 583 602
f 595 602 596
f 596 604 597
f 596 602 603
f 599 595 596
f 599 596 597
f 598 587 595
f 598 599 586
f 588 599 369
f 598 595 599
f 599 597 600
f 599 600 369
f 600 597 610
f 600 610 611
f 600 611 601
f 600 601 370
f 596 603 604
f 597 604 606
f 607 606 604
f 607 604 608
f 604 609 608
f 262 625 622
f 263 624 626
f 618 628 619
f 619 629 624
f 620 630 621
f 618 621 631
f 623 630 620
f 623 622 632
f 624 629 626
f 622 625 632
f 619 628 627
f 618 631 628
f 619 627 629
f 623 633 630
f 621 630 631
f 623 632 633
f 625 634 632
f 626 629 635
f 627 628 637
f 627 639 629
f 630 633 640
f 631 641 628
f 630 640 631
f 632 642 633
f 629 639 635
f 627 637 638
f 627 638 639
f 632 636 642
f 633 643 640
f 628 641 637
f 631 640 641
f 633 642 643
f 263 626 890
f 635 639 644
f 637 647 638
f 638 646 639
f 636 645 642
f 640 643 650
f 637 641 649
f 641 640 650
f 642 652 643
f 638 647 646
f 639 646 648
f 639 648 644
f 642 645 652
f 637 649 647
f 643 651 650
f 641 650 649
f 643 652 651
f 651 653 650
f 626 635 908
f 646 647 654
f 646 655 648
f 649 650 659
f 647 649 660
f 651 652 656
f 645 658 652
f 650 653 659
f 651 657 653
f 644 648 662
f 647 660 654
f 646 654 655
f 648 655 661
f 651 656 657
f 649 659 660
f 648 661 662
f 654 660 663
f 654 666 655
f 661 655 667
f 656 669 657
f 656 658 669
f 659 657 664
f 659 664 660
f 661 668 662
f 645 754 658
f 645 751 754
f 635 644 922
f 654 663 666
f 655 666 667
f 660 664 663
f 657 665 664
f 657 669 665
f 661 667 668
f 658 671 669
f 662 668 670
f 665 672 664
f 665 669 673
f 665 673 672
f 666 677 667
f 666 663 675
f 667 679 668
f 669 671 674
f 669 674 673
f 663 664 676
f 668 679 670
f 667 677 678
f 667 678 679
f 664 672 680
f 644 662 1072
f 666 675 677
f 663 676 675
f 672 673 681
f 664 680 676
f 673 674 681
f 672 681 680
f 670 679 682
f 677 675 687
f 675 676 686
f 677 684 678
f 674 683 681
f 676 680 686
f 678 684 685
f 677 687 684
f 675 686 687
f 680 681 690
f 679 678 688
f 679 688 682
f 678 685 688
f 662 670 1081
f 680 689 686
f 681 683 690
f 680 690 689
f 682 688 691
f 684 693 685
f 688 685 692
f 684 687 694
f 686 697 687
f 685 693 692
f 684 694 693
f 686 689 697
f 683 698 690
f 688 695 691
f 688 692 695
f 687 697 694
f 689 690 700
f 689 699 697
f 692 693 696
f 692 696 695
f 689 700 699
f 690 698 700
f 691 695 708
f 694 702 693
f 694 697 703
f 695 696 709
f 696 693 709
f 670 682 1042
f 695 710 708
f 695 709 710
f 693 702 701
f 694 703 702
f 693 701 709
f 697 699 705
f 698 707 700
f 697 705 703
f 702 703 705
f 701 702 712
f 699 700 706
f 702 704 712
f 699 706 705
f 700 707 706
f 702 705 704
f 708 710 714
f 682 691 1037
f 701 713 709
f 701 712 711
f 709 715 710
f 701 711 713
f 709 713 715
f 710 715 714
f 708 714 716
f 712 704 958
f 704 705 954
f 706 707 955
f 705 706 955
f 691 708 1036
f 322 323 717
f 322 720 324
f 322 717 720
f 324 720 719
f 324 719 731
f 720 717 718
f 720 718 721
f 719 720 723
f 719 725 731
f 720 721 723
f 719 723 722
f 719 722 725
f 723 721 724
f 723 724 737
f 722 723 738
f 722 740 725
f 733 725 741
f 324 731 344
f 344 731 727
f 726 727 728
f 727 729 728
f 727 730 729
f 727 732 730
f 727 731 733
f 727 733 732
f 731 725 733
f 732 733 734
f 733 735 734
f 733 736 735
f 733 747 736
f 723 737 738
f 722 738 740
f 725 740 741
f 738 737 739
f 738 739 742
f 740 738 743
f 740 752 741
f 738 742 743
f 740 743 744
f 740 744 752
f 743 742 745
f 743 745 746
f 743 756 744
f 744 757 752
f 743 746 756
f 744 756 757
f 733 749 747
f 733 741 749
f 749 750 748
f 749 751 750
f 741 752 749
f 749 753 751
f 749 752 753
f 751 753 754
f 752 759 753
f 753 755 754
f 752 757 759
f 753 760 755
f 756 746 758
f 756 758 761
f 753 759 762
f 753 762 760
f 756 761 763
f 759 764 766
f 760 762 767
f 763 761 765
f 762 768 767
f 762 769 768
f 763 765 771
f 762 766 775
f 762 777 769
f 763 771 773
f 762 775 777
f 769 777 770
f 773 771 774
f 770 777 776
f 773 774 780
f 772 781 775
f 773 782 772
f 775 779 777
f 773 780 782
f 772 782 781
f 775 781 779
f 782 780 783
f 781 782 793
f 782 783 789
f 781 792 779
f 782 789 793
f 781 793 792
f 779 790 786
f 786 787 785
f 779 792 790
f 793 789 794
f 792 793 790
f 793 791 790
f 793 801 791
f 790 791 801
f 793 794 795
f 793 795 798
f 793 798 801
f 790 800 797
f 790 801 800
f 797 802 796
f 798 795 799
f 797 982 802
f 797 800 982
f 800 801 981
f 798 799 977
f 241 251 839
f 251 263 871
f 241 839 829
f 227 829 819
f 564 804 565
f 566 565 804
f 566 803 567
f 567 805 568
f 568 806 569
f 570 809 571
f 563 571 809
f 564 810 804
f 566 804 803
f 568 805 806
f 570 807 808
f 569 806 807
f 567 803 805
f 570 808 809
f 563 809 811
f 563 811 573
f 803 804 812
f 804 810 812
f 803 813 805
f 805 814 806
f 806 815 807
f 807 816 808
f 808 817 809
f 809 818 811
f 573 811 847
f 803 812 813
f 805 813 814
f 806 814 815
f 807 815 816
f 808 816 817
f 809 817 818
f 810 819 812
f 811 818 821
f 811 821 847
f 817 821 818
f 817 820 821
f 813 812 823
f 812 819 823
f 813 822 814
f 814 824 815
f 815 825 816
f 816 827 817
f 817 826 820
f 251 871 839
f 263 890 871
f 813 823 822
f 814 822 824
f 815 824 825
f 816 825 827
f 817 827 826
f 820 828 821
f 820 826 828
f 819 829 823
f 821 831 853
f 822 823 832
f 822 834 824
f 824 834 825
f 825 836 827
f 826 827 837
f 826 830 828
f 828 830 831
f 823 829 832
f 822 832 833
f 826 835 830
f 822 833 834
f 825 834 836
f 827 836 837
f 826 837 835
f 830 838 831
f 830 835 838
f 829 839 832
f 835 841 838
f 831 841 842
f 832 864 833
f 832 839 864
f 833 866 834
f 834 866 836
f 836 867 837
f 835 837 868
f 835 840 841
f 833 864 865
f 833 865 866
f 835 869 840
f 836 866 867
f 837 867 868
f 835 868 869
f 831 842 859
f 842 843 950
f 573 847 579
f 579 844 580
f 580 844 581
f 581 846 582
f 581 844 845
f 581 845 846
f 579 847 848
f 579 848 844
f 845 844 850
f 845 851 846
f 847 821 852
f 844 848 850
f 847 852 848
f 845 850 849
f 845 849 851
f 848 854 850
f 821 853 852
f 848 852 854
f 849 850 855
f 852 853 854
f 850 854 855
f 849 858 851
f 849 855 856
f 849 856 858
f 853 857 854
f 854 860 855
f 854 857 860
f 855 861 856
f 856 863 858
f 855 860 861
f 856 861 862
f 856 862 863
f 859 842 860
f 860 947 861
f 860 842 950
f 861 947 862
f 862 949 863
f 860 950 947
f 862 947 948
f 862 948 949
f 626 908 890
f 635 922 908
f 840 869 841
f 841 869 870
f 839 871 864
f 864 872 865
f 865 874 866
f 866 874 867
f 867 875 868
f 868 876 869
f 869 877 870
f 841 879 880
f 864 871 872
f 865 872 873
f 865 873 874
f 867 874 875
f 868 875 876
f 869 876 877
f 870 877 878
f 870 878 879
f 841 880 843
f 843 880 950
f 950 880 895
f 950 895 882
f 880 881 895
f 871 886 872
f 872 886 873
f 873 886 887
f 873 887 888
f 871 890 886
f 873 888 874
f 874 888 875
f 876 875 889
f 876 891 877
f 877 884 878
f 878 884 885
f 875 888 889
f 876 889 891
f 877 891 892
f 877 892 884
f 879 885 894
f 886 901 887
f 887 902 888
f 886 890 901
f 888 903 889
f 889 904 891
f 884 907 885
f 884 892 907
f 885 907 900
f 891 906 907
f 885 900 893
f 879 894 881
f 881 894 895
f 883 882 897
f 893 895 894
f 882 895 897
f 893 896 895
f 883 897 898
f 883 898 899
f 893 900 896
f 895 896 915
f 895 915 897
f 896 913 915
f 897 916 898
f 898 918 899
f 644 1072 922
f 662 1081 1072
f 670 1042 1081
f 682 1037 1042
f 887 901 902
f 888 902 903
f 889 903 904
f 891 904 905
f 891 912 906
f 890 908 901
f 891 905 912
f 906 912 907
f 907 911 900
f 901 920 902
f 902 909 903
f 901 908 920
f 904 909 910
f 903 909 904
f 907 912 911
f 904 927 905
f 900 911 929
f 902 920 921
f 902 923 909
f 902 921 923
f 923 910 909
f 904 910 927
f 905 927 928
f 905 933 912
f 900 929 919
f 900 919 914
f 913 914 915
f 897 915 916
f 898 916 917
f 898 917 918
f 914 919 936
f 914 936 915
f 915 936 916
f 916 938 917
f 917 940 918
f 916 936 938
f 917 938 939
f 917 939 940
f 908 922 920
f 920 922 924
f 920 924 921
f 921 924 925
f 921 1075 923
f 922 1072 924
f 921 925 1075
f 923 1075 930
f 930 1076 931
f 931 1077 933
f 924 1073 925
f 924 1072 1073
f 925 1074 1075
f 930 1075 1076
f 931 1076 1077
f 1077 1078 933
f 1078 1079 932
f 930 927 910
f 905 928 933
f 911 932 929
f 923 930 910
f 911 933 932
f 911 912 933
f 930 931 927
f 931 933 928
f 926 935 929
f 1078 932 933
f 926 932 1079
f 929 935 934
f 934 936 919
f 938 945 939
f 936 945 938
f 935 1098 936
f 939 941 940
f 926 942 937
f 939 945 946
f 936 1098 945
f 935 937 1098
f 939 1099 941
f 939 946 1099
f 937 942 1098
f 943 1098 942
f 1100 946 945
f 947 882 948
f 948 951 949
f 947 950 882
f 948 882 883
f 948 883 951
f 883 899 951
f 704 953 958
f 704 954 953
f 705 955 954
f 707 956 955
f 713 952 715
f 714 959 716
f 714 715 960
f 715 952 960
f 714 960 959
f 957 958 954
f 958 953 954
f 957 954 966
f 952 964 960
f 957 966 958
f 954 955 962
f 708 716 1015
f 716 959 963
f 954 961 966
f 958 966 965
f 955 956 962
f 954 962 961
f 956 967 962
f 968 1007 1004
f 959 960 969
f 959 968 963
f 960 964 969
f 959 969 968
f 716 963 1009
f 963 968 1004
f 966 961 970
f 964 965 973
f 965 966 974
f 964 972 969
f 961 962 971
f 962 967 971
f 968 969 1008
f 964 973 972
f 965 974 973
f 966 970 974
f 961 971 970
f 967 975 971
f 969 972 1008
f 970 971 1018
f 972 973 1012
f 973 974 1016
f 974 970 1016
f 970 1018 1017
f 970 1017 1016
f 975 1019 1018
f 971 975 1018
f 975 1022 1019
f 801 798 981
f 798 976 981
f 798 977 976
f 976 977 978
f 976 978 985
f 802 982 979
f 800 980 982
f 800 981 980
f 979 982 983
f 983 982 984
f 976 985 981
f 982 987 984
f 981 985 986
f 980 981 989
f 981 986 989
f 980 989 988
f 982 992 987
f 982 988 992
f 989 986 993
f 987 992 990
f 990 992 991
f 988 989 995
f 989 993 995
f 988 995 996
f 991 992 1000
f 991 1000 994
f 992 996 1000
f 995 993 999
f 995 1002 996
f 994 1000 997
f 1000 998 997
f 995 999 1002
f 996 1001 1000
f 996 1002 1001
f 1002 999 1003
f 1000 1001 1147
f 1001 1002 1152
f 1002 1003 1152
f 691 1036 1037
f 708 1015 1036
f 716 1009 1015
f 963 1004 1009
f 968 1008 1007
f 1004 1007 1009
f 1007 1008 1011
f 1007 1010 1009
f 1007 1011 1010
f 972 1013 1008
f 972 1012 1013
f 1008 1013 1011
f 973 1016 1012
f 1011 1013 1023
f 1009 1010 1015
f 1011 1014 1010
f 1010 1014 1015
f 1015 1014 1034
f 1015 1034 1036
f 1017 1018 1020
f 1016 1017 1020
f 1019 1022 1021
f 1013 1012 1024
f 1012 1016 1025
f 1016 1020 1025
f 1022 1026 1021
f 1013 1024 1023
f 1012 1025 1024
f 1025 1020 1027
f 1020 1028 1027
f 1011 1023 1030
f 1011 1029 1014
f 1011 1030 1029
f 1014 1029 1034
f 1029 1049 1034
f 1029 1030 1050
f 1031 1051 1030
f 1031 1032 1052
f 1029 1050 1049
f 1030 1051 1050
f 1031 1052 1051
f 1023 1024 1031
f 1024 1025 1032
f 1025 1027 1032
f 1023 1031 1030
f 1024 1032 1031
f 1027 1028 1123
f 1027 1033 1032
f 1027 1123 1033
f 1028 1124 1123
f 1032 1033 1127
f 1032 1127 1052
f 1034 1035 1039
f 1037 1036 1038
f 1041 1038 1039
f 1005 1042 1040
f 1005 1040 1006
f 1006 1040 1041
f 1040 1038 1041
f 1041 1039 1058
f 1006 1041 1058
f 1006 1058 1043
f 1043 1058 1044
f 1044 1059 1045
f 1045 1060 1046
f 1046 1047 1064
f 1034 1050 1035
f 1035 1050 1039
f 1034 1049 1050
f 1039 1048 1058
f 1039 1050 1048
f 1048 1054 1059
f 1054 1055 1060
f 1054 1050 1051
f 1052 1055 1051
f 1052 1053 1056
f 1048 1050 1054
f 1054 1051 1055
f 1052 1056 1055
f 1061 1055 1056
f 1052 1128 1053
f 1052 1127 1128
f 1053 1128 1056
f 1062 1056 1066
f 1056 1128 1057
f 1066 1057 1129
f 1056 1057 1066
f 1048 1059 1058
f 1054 1060 1059
f 1062 1061 1056
f 1060 1055 1061
f 1047 1061 1065
f 1044 1058 1059
f 1045 1059 1060
f 1046 1060 1061
f 1046 1061 1047
f 1062 1066 1061
f 1046 1064 1063
f 1047 1065 1064
f 1061 1066 1065
f 1064 1065 1066
f 1066 1129 1067
f 1066 1067 1071
f 1110 1064 1068
f 1064 1070 1069
f 1064 1066 1070
f 1071 1137 1070
f 1069 1070 1137
f 1069 1137 1121
f 1072 1081 1073
f 1073 1080 1074
f 1073 1081 1080
f 1074 1080 1082
f 1074 1082 1085
f 925 1073 1074
f 1074 1085 1075
f 1075 1085 1076
f 1076 1086 1077
f 1077 1089 1078
f 1078 1089 1079
f 1076 1085 1086
f 1077 1086 1087
f 1077 1087 1089
f 1079 1089 1090
f 1079 1090 1088
f 926 1088 944
f 1005 1080 1081
f 1005 1082 1080
f 1082 1083 1085
f 1085 1083 1086
f 1086 1084 1087
f 1087 1103 1089
f 1005 1081 1042
f 1005 1006 1082
f 1006 1043 1082
f 1043 1083 1082
f 1086 1083 1084
f 1087 1084 1103
f 1089 1103 1105
f 1090 1105 1107
f 1090 1107 1106
f 1089 1105 1090
f 1088 1090 1106
f 1088 1106 1092
f 944 1088 1091
f 944 1091 1094
f 1088 1092 1093
f 1094 1093 1092
f 1094 1091 1093
f 1100 1094 1096
f 1101 1096 1097
f 1092 1095 1116
f 1094 1092 1116
f 1101 1097 1115
f 1094 1116 1096
f 1100 945 1098
f 943 944 1094
f 943 1094 1098
f 1100 1101 946
f 946 1102 1099
f 1100 1098 1094
f 1101 1102 946
f 1100 1096 1101
f 1101 1115 1102
f 1043 1084 1083
f 1084 1044 1103
f 1043 1044 1084
f 1103 1044 1045
f 1103 1045 1104
f 1104 1063 1108
f 1103 1104 1107
f 1103 1107 1105
f 1104 1108 1107
f 1104 1045 1046
f 1104 1046 1063
f 1107 1108 1063
f 1107 1109 1106
f 1107 1063 1109
f 1106 1109 1110
f 1106 1110 1114
f 1106 1114 1112
f 1111 1112 1116
f 1112 1114 1116
f 1114 1121 1116
f 1116 1119 1117
f 1117 1119 1118
f 1095 1111 1116
f 1096 1116 1117
f 1097 1117 1118
f 1096 1117 1097
f 1097 1118 1122
f 1097 1122 1115
f 1110 1068 1113
f 1114 1113 1121
f 1068 1121 1113
f 1068 1069 1121
f 1116 1121 1119
f 1119 1120 1118
f 1120 1142 1118
f 1118 1142 1122
f 1140 1119 1121
f 1140 1120 1119
f 1140 1141 1120
f 1140 1121 1137
f 1033 1123 1128
f 1123 1124 1128
f 1033 1128 1127
f 1124 1129 1128
f 1157 1126 1125
f 1158 1132 1126
f 1057 1128 1129
f 1125 1126 1130
f 1130 1126 1131
f 1131 1126 1133
f 1067 1131 1133
f 1067 1133 1071
f 1126 1132 1133
f 1132 1169 1134
f 1134 1169 1135
f 1071 1133 1137
f 1136 1137 1133
f 1140 1136 1141
f 1136 1138 1141
f 1136 1133 1134
f 1134 1135 1138
f 1135 1170 1138
f 1141 1138 1139
f 1141 1139 1143
f 1135 1169 1170
f 1138 1170 1139
f 1141 1143 1120
f 1120 1143 1142
f 1000 1147 998
f 1144 998 1147
f 1144 1147 1145
f 1145 1147 1146
f 1001 1151 1147
f 1001 1152 1151
f 1146 1147 1156
f 1146 1156 1148
f 1148 1156 1149
f 1152 1003 1154
f 1151 1152 1155
f 1152 1154 1155
f 1151 1155 1153
f 1153 1155 1160
f 1155 1154 1159
f 1155 1159 1160
f 1153 1160 1161
f 1149 1156 1150
f 1150 1126 1157
f 1150 1156 1126
f 1153 1158 1156
f 1153 1161 1158
f 1156 1158 1126
f 1158 1166 1132
f 1158 1161 1163
f 1158 1163 1162
f 1158 1162 1166
f 1162 1163 1164
f 1162 1164 1165
f 1162 1165 1166
f 1132 1166 1169
f 1166 1165 1167
f 1166 1167 1168
f 1169 1166 1168
f 1169 1168 1171
f 1169 1171 1170
f 1287 1253 1254
f 1287 1254 1255
f 1287 1255 1258
f 1258 1255 1256
f 1273 1266 1268
f 1268 1269 1267
f 1268 1267 1284
f 1268 1284 1281
f 1273 1272 1271
f 1273 1270 1274
f 1273 1277 1270
f 1277 1278 1270
f 1277 1279 1276
f 1295 1279 1277
f 1273 1275 1324
f 1275 1325 1324
f 1273 1280 1266
f 1273 1268 1275
f 1268 1281 1275
f 1281 1325 1275
f 1284 1267 1253
f 1284 1253 1287
f 1281 1284 1285
f 1281 1285 1282
f 1285 1287 1288
f 1287 1330 1288
f 1288 1330 1329
f 1277 1304 1299
f 1302 1303 1298
f 1302 1301 1300
f 1324 1326 1311
f 1324 1311 1304
f 1302 1308 1310
f 1308 1305 1310
f 1308 1307 1306
f 1304 1309 1308
f 1313 1314 1312
f 1313 1470 1314
f 1313 1316 1308
f 1313 1318 1316
f 1313 1308 1319
f 1309 1311 1317
f 1311 1323 1317
f 1309 1320 1319
f 1317 1481 1320
f 1321 1368 1322
f 1324 1325 1326
f 1328 1369 1327
f 1283 1286 1332
f 1328 1332 1369
f 1332 1339 1369
f 1335 1373 1336
f 1333 1368 1337
f 1334 1370 1371
f 1327 1369 1373
f 1336 1373 1370
f 1333 1371 1368
f 1340 1338 1382
f 1341 1382 1338
f 1342 1343 1390
f 1343 1344 1448
f 1369 1339 1382
f 1341 1390 1382
f 1343 1448 1390
f 1369 1381 1373
f 1373 1374 1372
f 1381 1378 1374
f 1370 1376 1375
f 1376 1377 1537
f 1377 1379 1539
f 1374 1378 1377
f 1369 1382 1381
f 1381 1385 1384
f 1381 1386 1385
f 1381 1389 1386
f 1389 1387 1386
f 1382 1390 1383
f 1383 1390 1391
f 1383 1397 1389
f 1390 1466 1391
f 1391 1466 1397
f 1467 1542 1398
f 1258 1257 1415
f 1415 1257 1405
f 1416 1415 1414
f 1415 1416 1417
f 1420 1418 1419
f 1420 1419 1421
f 1420 1424 1439
f 1424 1422 1423
f 1424 1423 1430
f 1424 1430 1431
f 1424 1433 1446
f 1433 1432 1434
f 1446 1433 1450
f 1433 1434 1563
f 1330 1415 1420
f 1330 1437 1331
f 1330 1436 1437
f 1436 1420 1439
f 1436 1438 1437
f 1437 1445 1443
f 1438 1439 1440
f 1439 1424 1446
f 1437 1444 1445
f 1445 1444 1578
f 1345 1442 1448
f 1449 1580 1579
f 1440 1441 1450
f 1441 1446 1450
f 1442 1449 1448
f 1449 1579 1585
f 1466 1642 1467
f 1466 1449 1585
f 1466 1585 1643
f 1313 1471 1470
f 1319 1474 1471
f 1471 1473 1472
f 1474 1320 1478
f 1471 1477 1475
f 1474 1478 1476
f 1471 1490 1477
f 1478 1320 1495
f 1479 1523 1480
f 1368 1523 1322
f 1480 1523 1530
f 1490 1491 1489
f 1476 1493 1488
f 1478 1494 1493
f 1478 1497 1494
f 1490 1492 1491
f 1490 1501 1492
f 1495 1530 1496
f 1496 1530 1536
f 1498 1536 1499
f 1493 1505 1501
f 1501 1502 1500
f 1501 1504 1502
f 1501 1505 1504
f 1493 1507 1505
f 1494 1508 1507
f 1504 1505 1514
f 1505 1507 1518
f 1509 1548 1510
f 1511 1543 1513
f 1499 1536 1548
f 1504 1514 1506
f 1514 1512 1506
f 1507 1520 1519
f 1513 1543 1556
f 1521 1556 1522
f 1524 1537 1526
f 1526 1537 1527
f 1526 1528 1534
f 1526 1534 1533
f 1532 1533 1531
f 1531 1544 1536
f 1531 1545 1544
f 1533 1546 1545
f 1533 1535 1546
f 1377 1539 1537
f 1537 1538 1540
f 1537 1540 1527
f 1545 1547 1549
f 1544 1552 1550
f 1545 1549 1552
f 1552 1549 1551
f 1556 1543 1548
f 1555 1548 1557
f 1555 1557 1556
f 1552 1553 1561
f 1552 1559 1558
f 1552 1561 1559
f 1433 1563 1450
f 1563 1434 1562
f 1450 1563 1588
f 1563 1564 1565
f 1563 1566 1588
f 1563 1573 1566
f 1588 1566 1576
f 1566 1573 1576
f 1573 1572 1574
f 1573 1574 1575
f 1573 1575 1605
f 1573 1605 1576
f 1577 1579 1578
f 1579 1581 1585
f 1581 1582 1585
f 1447 1583 1584
f 1447 1589 1583
f 1447 1587 1589
f 1582 1584 1586
f 1582 1586 1585
f 1643 1585 1586
f 1447 1450 1587
f 1450 1588 1587
f 1589 1590 1586
f 1590 1591 1599
f 1592 1594 1599
f 1594 1595 1599
f 1595 1596 1599
f 1590 1599 1586
f 1654 1599 1658
f 1587 1596 1595
f 1587 1597 1596
f 1588 1576 1597
f 1596 1597 1598
f 1598 1597 1615
f 1599 1596 1598
f 1599 1661 1658
f 1605 1575 1602
f 1605 1603 1604
f 1605 1609 1606
f 1609 1607 1608
f 1620 1606 1625
f 1609 1610 1614
f 1609 1614 1613
f 1614 1610 1611
f 1625 1613 1927
f 1617 1618 1621
f 1618 1620 1619
f 1618 1619 1621
f 1619 1626 1621
f 1661 1626 1628
f 1623 1625 1624
f 1623 1624 1627
f 1624 1625 1931
f 1624 1931 1627
f 1627 1931 1932
f 1622 1627 1626
f 1627 1932 1936
f 1628 1629 1935
f 1466 1644 1642
f 1466 1647 1644
f 1647 1646 1644
f 1647 1648 1649
f 1643 1586 1650
f 1647 1650 1653
f 1650 1654 1653
f 1653 1651 1652
f 1653 1654 1657
f 1657 1656 1655
f 1657 1658 1661
f 1657 1661 1659
f 1661 1660 1659
f 1661 1662 1660
f 1661 1664 1662
f 1661 1628 1664
f 1668 1667 1666
f 1668 1628 1935
f 1514 1860 1517
f 1860 1856 1517
f 1518 1863 1860
f 1518 1857 1863
f 1519 1858 1864
f 1522 1556 1898
f 1865 1898 1866
f 1860 1870 1862
f 1863 1871 1870
f 1870 1868 1862
f 1863 1872 1871
f 1864 1867 1872
f 1866 1898 1903
f 1870 1876 1869
f 1870 1877 1876
f 1870 1881 1877
f 1872 1875 1882
f 1877 1880 1879
f 1874 1903 1912
f 1880 1877 1886
f 1877 1885 1888
f 1881 1892 1885
f 1877 1888 1886
f 1881 1882 1892
f 1882 1884 1893
f 1884 1894 1893
f 1893 1894 1895
f 1893 1895 1896
f 1895 1917 2070
f 1556 1899 1898
f 1557 1900 1899
f 1559 1560 1901
f 1900 1559 1901
f 1900 1901 1902
f 1898 1899 1904
f 1899 1900 1904
f 1900 1902 1905
f 1898 1904 1903
f 1900 1906 1904
f 1900 1905 1906
f 1906 1905 1908
f 1904 1906 1914
f 1906 1909 1914
f 1904 1914 1913
f 1914 1909 1915
f 1911 1913 1912
f 1914 1916 1920
f 1920 1916 1921
f 1920 1922 2073
f 1926 1924 1947
f 1927 1930 1925
f 1947 1924 1928
f 1947 1928 1958
f 1933 1934 1936
f 1625 1934 1933
f 1625 1925 1934
f 1934 1937 1936
f 1934 1925 1937
f 1935 1941 1994
f 1937 1940 1936
f 1936 1940 1935
f 1937 1938 1940
f 1938 1939 1940
f 1940 1939 1969
f 1940 1969 1970
f 1940 1973 1941
f 1941 1974 1998
f 1941 1973 1974
f 1930 1962 1929
f 1930 1964 1962
f 1963 1960 1961
f 1964 1981 1962
f 1963 1968 1964
f 1963 1961 1968
f 1968 1961 1965
f 1964 1967 1981
f 1968 1965 1966
f 1970 1971 1973
f 1971 1972 1973
f 1970 1929 1962
f 1972 1975 1973
f 1972 1962 1975
f 1962 1976 1977
f 1975 1962 1977
f 1973 1983 1974
f 1976 1978 1983
f 1962 1978 1976
f 1962 1981 1978
f 1978 1981 1979
f 1979 1980 1983
f 1983 2155 1982
f 1993 1991 1992
f 1993 1996 1991
f 1993 1994 1996
f 1994 1995 1996
f 1994 1998 1997
f 1998 1999 1997
f 1998 2001 1999
f 1998 2002 2001
f 1998 1974 2002
f 2002 2003 2004
f 2007 2006 2005
f 2007 1982 2155
f 1888 2009 1890
f 1891 1892 2010
f 1893 1897 2014
f 1897 2015 2014
f 1888 2010 2009
f 1892 2011 2010
f 2010 2012 2009
f 2010 2022 2013
f 2010 2011 2022
f 2008 2014 2011
f 2014 2015 2017
f 2014 2016 2018
f 2022 2020 2013
f 2022 2023 2021
f 2011 2027 2024
f 2011 2014 2027
f 2022 2024 2041
f 2024 2027 2041
f 2028 2029 2030
f 2028 2030 2032
f 2019 2084 2029
f 2041 2040 2026
f 2028 2043 2042
f 2028 2032 2043
f 2043 2033 2044
f 2043 2044 2045
f 2031 2087 2033
f 2046 2048 2059
f 2054 2050 2049
f 2054 2280 2053
f 2055 2285 2059
f 2060 2061 2287
f 2058 2108 2060
f 2057 2106 2108
f 2060 2117 2061
f 2061 2117 2062
f 2062 2117 2063
f 2063 2117 2064
f 2064 2117 2307
f 2060 2108 2117
f 2213 2065 2068
f 1918 2072 1919
f 1917 2069 2070
f 1919 2076 2069
f 1920 2073 2071
f 2073 1922 2074
f 2073 2075 2077
f 2073 2077 2078
f 2072 2073 2080
f 2073 2078 2081
f 2072 2084 2076
f 2073 2081 2080
f 2081 2078 2082
f 2081 2083 2088
f 2080 2087 2084
f 2081 2088 2086
f 2080 2086 2087
f 2088 2083 2089
f 2086 2088 2091
f 2088 2090 2093
f 2093 2090 2095
f 2092 2107 2106
f 2109 2113 2116
f 2116 2113 2119
f 2108 2115 2114
f 2109 2118 2115
f 2116 2120 2121
f 2116 2383 2118
f 2116 2121 2383
f 2121 2120 2124
f 2121 2125 2126
f 2265 2123 2122
f 2126 2125 2127
f 2132 2129 2133
f 2135 2131 2134
f 1968 1966 2139
f 1967 1968 2139
f 1981 1967 2136
f 1981 2136 2153
f 2139 1966 2137
f 1967 2139 2136
f 2139 2138 2142
f 2142 2138 2140
f 2142 2141 2143
f 2142 2143 2177
f 2142 2177 2146
f 2177 2143 2145
f 2148 2153 2149
f 2147 2154 1980
f 2148 2149 2154
f 2149 2151 2154
f 2151 2150 2154
f 2152 2156 2150
f 2152 2160 2156
f 2150 2156 2154
f 2154 2156 2155
f 2156 2164 2245
f 2161 2163 2162
f 2162 2157 2164
f 2162 2163 2157
f 2157 2158 2164
f 2204 2245 2164
f 2158 2204 2164
f 2250 2245 2204
f 2177 2175 2183
f 2146 2177 2188
f 2146 2188 2203
f 2177 2176 2175
f 2186 2203 2188
f 2188 2184 2187
f 2193 2204 2158
f 2193 2194 2204
f 2194 2195 2204
f 2195 2196 2204
f 2204 2196 2198
f 2199 2200 2201
f 2157 2163 2202
f 2157 2202 2158
f 2163 2146 2202
f 2146 2203 2202
f 2202 2203 2208
f 2200 2206 2221
f 2206 2205 2221
f 2205 2207 2221
f 2207 2212 2209
f 2211 2210 2216
f 2211 2216 2212
f 2210 2215 2216
f 2210 2218 2215
f 2213 2068 2217
f 2207 2209 2221
f 2210 2217 2224
f 2217 2068 2224
f 2208 2225 2427
f 2225 2220 2428
f 2200 2221 2201
f 2201 2221 2266
f 2219 2222 2223
f 2239 2237 2238
f 2239 2155 2240
f 2155 2241 2240
f 2248 2246 2247
f 2248 2249 2244
f 2248 2244 2245
f 2248 2245 2250
f 2248 2251 2254
f 2254 2253 2252
f 2254 2255 2259
f 2259 2201 2266
f 2256 2266 2261
f 2266 2263 2261
f 2266 2262 2263
f 2265 2260 2262
f 2265 2262 2266
f 2266 2221 2267
f 2265 2266 2267
f 2054 2284 2280
f 2054 2059 2285
f 2054 2285 2284
f 2284 2281 2280
f 2279 2287 2285
f 2284 2286 2283
f 2290 2286 2284
f 2290 2285 2293
f 2287 2331 2293
f 2290 2295 2291
f 2293 2331 2332
f 2290 2292 2338
f 2295 2294 2291
f 2290 2338 2295
f 2292 2293 2338
f 2293 2332 2338
f 2302 2300 2303
f 2302 2298 2299
f 2302 2301 2300
f 2302 2303 2355
f 2355 2303 2304
f 2307 2310 2309
f 2307 2315 2310
f 2312 2313 2314
f 2063 2064 2331
f 2313 2384 2314
f 2316 2317 2318
f 2316 2318 2319
f 2316 2319 2333
f 2317 2320 2344
f 2307 2117 2315
f 2313 2381 2384
f 2389 2323 2322
f 2325 2323 2389
f 2327 2391 2324
f 2325 2389 2326
f 2326 2389 2327
f 2328 2329 2391
f 2067 2328 2224
f 2330 2324 2391
f 2327 2324 2349
f 2326 2327 2349
f 2389 2322 2386
f 2328 2391 2224
f 2327 2389 2391
f 2331 2333 2332
f 2338 2337 2334
f 2338 2336 2335
f 2338 2339 2336
f 2338 2343 2339
f 2332 2333 2340
f 2343 2341 2339
f 2333 2344 2347
f 2333 2347 2340
f 2343 2340 2345
f 2345 2340 2347
f 2343 2346 2342
f 2343 2369 2346
f 2343 2345 2369
f 2369 2347 2372
f 2326 2349 2352
f 2348 2351 2350
f 2347 2353 2372
f 2372 2305 2366
f 2355 2305 2372
f 2354 2355 2372
f 2354 2302 2355
f 2369 2370 2368
f 2118 2382 2381
f 2118 2383 2382
f 2381 2382 2384
f 2121 2126 2385
f 2384 2385 2386
f 2385 2388 2386
f 2132 2390 2387
f 2224 2391 2390
f 2387 2390 2389
f 2220 2191 2428
f 2191 2185 2411
f 2411 2185 2409
f 2191 2411 2428
f 2411 2409 2410
f 2411 2410 2419
f 2419 2410 2417
f 2411 2419 2431
f 2419 2417 2418
f 2419 2420 2422
f 2419 2422 2425
f 2425 2424 2423
f 2211 2212 2429
f 2066 2065 2429
f 2066 2429 2067
f 2426 2427 2428
f 2067 2429 2348
f 2426 2431 2429
f 2428 2411 2431
f 2431 2419 2430
f 180 177 188
f 180 178 177
f 187 188 194
f 188 196 194
f 184 189 197
f 174 272 175
f 175 274 178
f 177 178 274
f 174 609 272
f 188 273 275
f 188 283 196
f 196 283 282
f 196 282 281
f 201 298 296
f 201 296 302
f 193 206 203
f 192 193 203
f 191 205 214
f 196 297 201
f 196 281 297
f 201 297 299
f 201 299 298
f 201 302 218
f 218 302 303
f 218 303 304
f 218 316 229
f 218 304 309
f 218 309 316
f 229 243 231
f 229 316 317
f 229 317 318
f 229 318 319
f 229 328 243
f 229 319 328
f 243 332 254
f 243 328 331
f 243 331 332
f 254 332 333
f 254 333 339
f 254 339 341
f 254 342 262
f 254 341 342
f 342 343 262
f 262 343 726
f 262 726 728
f 301 309 304
f 351 355 354
f 352 354 353
f 351 348 611
f 348 370 601
f 348 601 611
f 351 606 355
f 355 608 174
f 351 605 606
f 355 607 608
f 355 606 607
f 174 608 609
f 351 611 610
f 374 380 375
f 373 379 374
f 379 382 427
f 372 387 394
f 397 400 399
f 389 403 402
f 389 408 403
f 423 426 425
f 384 427 433
f 383 385 434
f 426 431 429
f 430 429 442
f 435 433 446
f 432 444 443
f 448 465 449
f 440 449 463
f 454 478 457
f 460 462 471
f 463 464 477
f 467 468 492
f 477 474 473
f 476 475 497
f 477 482 474
f 481 484 479
f 477 483 482
f 481 488 489
f 489 490 485
f 469 494 498
f 498 501 495
f 477 504 486
f 498 500 502
f 499 516 500
f 502 522 503
f 487 507 508
f 489 511 513
f 509 524 510
f 508 509 512
f 513 515 514
f 513 532 515
f 500 516 521
f 502 521 522
f 516 519 521
f 517 528 525
f 519 538 527
f 519 539 538
f 525 528 529
f 524 529 544
f 510 524 530
f 524 531 530
f 513 533 532
f 532 536 534
f 532 537 536
f 532 556 557
f 558 559 561
f 562 563 572
f 557 575 574
f 557 576 575
f 557 577 576
f 576 582 578
f 576 580 581
f 576 581 582
f 597 606 605
f 262 729 625
f 262 728 729
f 625 729 730
f 625 730 732
f 632 634 636
f 625 734 634
f 634 736 636
f 625 732 734
f 634 734 735
f 634 735 736
f 636 736 747
f 636 748 645
f 636 747 748
f 645 748 750
f 645 750 751
f 652 658 656
f 653 657 659
f 658 754 755
f 658 755 760
f 658 760 671
f 671 768 674
f 671 760 767
f 671 767 768
f 768 769 674
f 674 769 770
f 674 770 776
f 674 778 683
f 674 776 778
f 683 778 784
f 683 784 785
f 683 787 698
f 683 785 787
f 698 787 788
f 698 796 707
f 698 788 796
f 796 802 707
f 711 712 958
f 711 952 713
f 707 802 979
f 747 749 748
f 756 763 757
f 757 764 759
f 759 766 762
f 757 763 764
f 763 773 764
f 764 775 766
f 764 773 772
f 764 772 775
f 777 778 776
f 777 784 778
f 777 786 784
f 777 779 786
f 784 786 785
f 786 788 787
f 786 797 788
f 786 790 797
f 788 797 796
f 569 807 570
f 821 828 831
f 831 859 857
f 831 838 841
f 841 843 842
f 853 831 857
f 857 859 860
f 841 870 879
f 880 879 881
f 878 885 879
f 891 907 892
f 885 893 894
f 896 900 913
f 900 914 913
f 931 928 927
f 926 929 932
f 929 934 919
f 934 935 936
f 926 937 935
f 926 943 942
f 926 944 943
f 711 958 952
f 952 958 965
f 952 965 964
f 707 983 956
f 707 979 983
f 956 983 984
f 956 984 987
f 956 990 967
f 956 987 990
f 967 990 991
f 967 994 975
f 975 998 1022
f 967 991 994
f 994 997 975
f 975 997 998
f 980 988 982
f 988 996 992
f 1018 1019 1021
f 1018 1021 1020
f 1020 1021 1028
f 1021 1026 1028
f 1026 1124 1028
f 1022 1146 1026
f 1022 998 1144
f 1022 1144 1145
f 1022 1145 1146
f 1026 1146 1148
f 1026 1148 1149
f 1026 1150 1124
f 1026 1149 1150
f 1124 1150 1157
f 1034 1038 1036
f 1034 1039 1038
f 1037 1040 1042
f 1037 1038 1040
f 1110 1063 1064
f 1064 1069 1068
f 1066 1071 1070
f 926 1079 1088
f 1106 1111 1095
f 1088 1093 1091
f 1106 1095 1092
f 1110 1109 1063
f 1106 1112 1111
f 1114 1110 1113
f 1124 1130 1129
f 1124 1157 1125
f 1124 1125 1130
f 1129 1130 1131
f 1129 1131 1067
f 1132 1134 1133
f 1140 1137 1136
f 1136 1134 1138
f 1151 1153 1147
f 1147 1153 1156
f 1295 1296 1279
f 1258 1256 1257
f 1268 1266 1269
f 1273 1274 1272
f 1273 1271 1280
f 1277 1276 1278
f 1273 1324 1277
f 1281 1282 1283
f 1281 1283 1325
f 1282 1285 1286
f 1284 1287 1285
f 1285 1288 1286
f 1282 1286 1283
f 1288 1329 1286
f 1287 1258 1330
f 1295 1297 1296
f 1295 1298 1297
f 1295 1277 1302
f 1295 1302 1298
f 1277 1299 1302
f 1277 1324 1304
f 1302 1300 1303
f 1302 1310 1301
f 1299 1304 1302
f 1308 1306 1305
f 1302 1304 1308
f 1304 1311 1309
f 1311 1326 1337
f 1313 1319 1471
f 1308 1316 1315
f 1308 1315 1307
f 1308 1309 1319
f 1309 1317 1320
f 1311 1337 1321
f 1313 1312 1318
f 1311 1321 1322
f 1311 1322 1323
f 1317 1323 1479
f 1321 1337 1368
f 1325 1283 1327
f 1325 1336 1326
f 1326 1336 1334
f 1325 1327 1335
f 1283 1328 1327
f 1283 1332 1328
f 1325 1335 1336
f 1329 1338 1286
f 1329 1330 1331
f 1286 1339 1332
f 1286 1340 1339
f 1286 1338 1340
f 1329 1331 1342
f 1329 1341 1338
f 1329 1342 1341
f 1331 1343 1342
f 1326 1333 1337
f 1326 1334 1333
f 1334 1371 1333
f 1334 1336 1370
f 1335 1327 1373
f 1339 1340 1382
f 1331 1344 1343
f 1331 1345 1344
f 1341 1342 1390
f 1373 1381 1374
f 1370 1373 1372
f 1381 1384 1378
f 1368 1371 1370
f 1368 1370 1375
f 1370 1372 1376
f 1372 1377 1376
f 1368 1375 1376
f 1374 1377 1372
f 1377 1378 1380
f 1378 1384 1392
f 1378 1392 1393
f 1378 1393 1380
f 1377 1380 1379
f 1381 1382 1383
f 1384 1385 1392
f 1381 1383 1389
f 1389 1395 1387
f 1383 1391 1397
f 1390 1448 1466
f 1389 1394 1395
f 1389 1397 1394
f 1397 1396 1394
f 1397 1398 1396
f 1397 1466 1467
f 1397 1467 1398
f 1415 1405 1413
f 1258 1415 1330
f 1415 1413 1414
f 1415 1417 1420
f 1420 1417 1418
f 1420 1421 1424
f 1424 1421 1422
f 1424 1431 1433
f 1433 1431 1432
f 1330 1420 1436
f 1331 1437 1345
f 1436 1439 1438
f 1437 1438 1440
f 1437 1442 1345
f 1437 1443 1442
f 1437 1440 1577
f 1439 1441 1440
f 1439 1446 1441
f 1437 1578 1444
f 1437 1577 1578
f 1440 1579 1577
f 1440 1581 1579
f 1344 1345 1448
f 1442 1443 1449
f 1443 1445 1449
f 1449 1445 1578
f 1449 1578 1580
f 1440 1582 1581
f 1440 1447 1582
f 1440 1450 1447
f 1448 1449 1466
f 1471 1475 1473
f 1471 1472 1470
f 1471 1474 1476
f 1471 1476 1488
f 1471 1488 1490
f 1319 1320 1474
f 1317 1479 1480
f 1317 1480 1481
f 1320 1481 1495
f 1478 1495 1496
f 1322 1523 1323
f 1323 1523 1479
f 1481 1480 1530
f 1481 1530 1495
f 1476 1478 1493
f 1490 1489 1477
f 1488 1493 1490
f 1490 1493 1501
f 1494 1497 1498
f 1493 1494 1507
f 1494 1498 1499
f 1478 1496 1497
f 1496 1536 1497
f 1497 1536 1498
f 1501 1500 1492
f 1494 1499 1508
f 1504 1503 1502
f 1504 1506 1503
f 1507 1510 1511
f 1507 1508 1509
f 1507 1509 1510
f 1507 1511 1513
f 1508 1548 1509
f 1510 1548 1511
f 1511 1548 1543
f 1508 1499 1548
f 1505 1518 1514
f 1507 1519 1518
f 1507 1513 1520
f 1514 1515 1512
f 1514 1516 1515
f 1514 1517 1516
f 1514 1518 1860
f 1518 1519 1857
f 1519 1520 1521
f 1519 1521 1522
f 1513 1556 1520
f 1520 1556 1521
f 1368 1376 1523
f 1376 1525 1523
f 1376 1524 1525
f 1524 1526 1525
f 1523 1525 1530
f 1526 1527 1528
f 1525 1532 1530
f 1525 1526 1533
f 1525 1533 1532
f 1530 1532 1531
f 1530 1531 1536
f 1533 1534 1535
f 1531 1533 1545
f 1376 1537 1524
f 1537 1539 1538
f 1545 1546 1547
f 1536 1544 1550
f 1536 1550 1548
f 1544 1545 1552
f 1552 1551 1553
f 1557 1548 1550
f 1555 1556 1548
f 1557 1550 1558
f 1557 1558 1559
f 1550 1552 1558
f 1559 1561 1560
f 1563 1562 1564
f 1563 1565 1573
f 1573 1565 1572
f 1578 1579 1580
f 1447 1584 1582
f 1583 1586 1584
f 1583 1589 1586
f 1587 1590 1589
f 1587 1591 1590
f 1587 1593 1591
f 1587 1592 1593
f 1591 1593 1599
f 1592 1599 1593
f 1586 1599 1654
f 1587 1594 1592
f 1587 1588 1597
f 1587 1595 1594
f 1615 1597 1616
f 1599 1598 1615
f 1597 1576 1620
f 1599 1615 1621
f 1576 1605 1606
f 1576 1606 1620
f 1605 1602 1603
f 1605 1604 1609
f 1609 1604 1607
f 1609 1608 1610
f 1606 1609 1613
f 1606 1613 1625
f 1614 1611 1612
f 1614 1612 1926
f 1613 1614 1926
f 1616 1597 1617
f 1617 1597 1618
f 1618 1597 1620
f 1615 1616 1621
f 1616 1617 1621
f 1620 1622 1619
f 1599 1621 1661
f 1621 1626 1661
f 1620 1623 1622
f 1619 1622 1626
f 1622 1623 1627
f 1620 1625 1623
f 1625 1932 1931
f 1626 1627 1628
f 1627 1629 1628
f 1627 1936 1629
f 1467 1642 1542
f 1466 1643 1647
f 1643 1650 1647
f 1647 1649 1646
f 1647 1652 1648
f 1647 1653 1652
f 1650 1586 1654
f 1653 1655 1651
f 1653 1657 1655
f 1654 1658 1657
f 1657 1659 1656
f 1628 1665 1664
f 1668 1666 1665
f 1668 1665 1628
f 1668 1992 1667
f 1668 1993 1992
f 1668 1935 1993
f 1519 1864 1857
f 1857 1864 1863
f 1519 1522 1858
f 1860 1859 1856
f 1860 1861 1859
f 1860 1862 1861
f 1864 1858 1865
f 1864 1865 1866
f 1864 1866 1867
f 1522 1898 1858
f 1858 1898 1865
f 1860 1863 1870
f 1863 1864 1872
f 1870 1869 1868
f 1867 1873 1872
f 1872 1873 1874
f 1872 1874 1875
f 1866 1903 1867
f 1867 1903 1873
f 1873 1903 1874
f 1870 1871 1881
f 1871 1872 1882
f 1871 1882 1881
f 1875 1883 1882
f 1877 1878 1876
f 1877 1879 1878
f 1877 1881 1885
f 1882 1883 1884
f 1874 1912 1875
f 1875 1912 1883
f 1883 1912 1917
f 1882 1893 1892
f 1885 1891 1888
f 1885 1892 1891
f 1888 1887 1886
f 1888 1889 1887
f 1888 1890 1889
f 1893 1896 1897
f 1883 1917 1884
f 1884 1917 1894
f 1894 1917 1895
f 1896 1895 2070
f 1556 1557 1899
f 1557 1559 1900
f 1906 1908 1907
f 1906 1907 1909
f 1903 1904 1911
f 1903 1911 1912
f 1904 1913 1911
f 1912 1913 1917
f 1913 1914 1920
f 1914 1915 1916
f 1913 1918 1917
f 1913 1920 1918
f 1917 1918 1919
f 1918 1920 2071
f 1917 1919 2069
f 1920 1921 1922
f 1926 1612 1923
f 1625 1927 1925
f 1613 1926 1927
f 1926 1923 1924
f 1926 1930 1927
f 1925 1930 1929
f 1926 1947 1930
f 1932 1933 1936
f 1625 1933 1932
f 1629 1936 1935
f 1935 1940 1941
f 1925 1929 1937
f 1937 1929 1938
f 1938 1929 1939
f 1939 1929 1969
f 1969 1929 1970
f 1940 1970 1973
f 1947 1963 1930
f 1947 1958 1963
f 1930 1963 1964
f 1963 1958 1959
f 1963 1959 1960
f 1964 1968 1967
f 1970 1962 1971
f 1971 1962 1972
f 1975 1977 1973
f 2002 1974 1982
f 1973 1977 1983
f 1974 1983 1982
f 1976 1983 1977
f 1978 1979 1983
f 1979 1981 1980
f 1981 2147 1980
f 1981 2148 2147
f 1980 2154 1983
f 1983 2154 2155
f 1993 1935 1994
f 1994 1997 1995
f 1994 1941 1998
f 2002 2004 2001
f 2002 2007 2003
f 2007 2005 2003
f 2002 1982 2007
f 2007 2239 2006
f 2239 2238 2006
f 2007 2155 2239
f 1888 1891 2010
f 1892 1893 2008
f 1892 2008 2011
f 1893 2014 2008
f 2010 2013 2012
f 2014 2017 2016
f 1896 2070 1897
f 1897 2070 2015
f 2015 2070 2017
f 2016 2017 2070
f 2016 2070 2018
f 2018 2076 2019
f 2018 2070 2076
f 2022 2021 2020
f 2011 2024 2022
f 2014 2018 2028
f 2018 2019 2028
f 2014 2028 2027
f 2019 2029 2028
f 2022 2041 2023
f 2041 2025 2023
f 2041 2026 2025
f 2019 2076 2084
f 2029 2084 2030
f 2030 2084 2032
f 2031 2032 2087
f 2032 2084 2087
f 2027 2028 2042
f 2027 2042 2041
f 2041 2047 2040
f 2041 2042 2046
f 2041 2046 2047
f 2042 2043 2048
f 2042 2048 2046
f 2043 2032 2031
f 2043 2031 2033
f 2043 2045 2055
f 2033 2087 2044
f 2044 2087 2045
f 2045 2087 2106
f 2045 2106 2056
f 2046 2049 2047
f 2043 2059 2048
f 2046 2054 2049
f 2054 2051 2050
f 2046 2059 2054
f 2054 2052 2051
f 2054 2053 2052
f 2045 2056 2279
f 2043 2055 2059
f 2045 2279 2055
f 2056 2057 2279
f 2057 2058 2279
f 2058 2060 2287
f 2056 2106 2057
f 2057 2108 2058
f 2066 2068 2065
f 1918 2071 2072
f 1919 2072 2076
f 2069 2076 2070
f 2071 2073 2072
f 2073 2074 2075
f 2072 2080 2084
f 2081 2082 2083
f 2080 2081 2086
f 2086 2091 2087
f 2088 2089 2090
f 2087 2092 2106
f 2087 2091 2092
f 2088 2107 2091
f 2088 2093 2107
f 2091 2107 2092
f 2093 2095 2094
f 2093 2094 2110
f 2106 2107 2108
f 2093 2109 2107
f 2093 2110 2109
f 2107 2115 2108
f 2109 2110 2112
f 2109 2112 2113
f 2107 2109 2115
f 2109 2116 2118
f 2108 2114 2381
f 2114 2115 2381
f 2108 2381 2117
f 2115 2118 2381
f 2116 2119 2120
f 2121 2124 2125
f 2132 2133 2131
f 2132 2128 2129
f 2135 2134 2123
f 2265 2135 2123
f 2132 2131 2135
f 2132 2135 2390
f 2265 2390 2135
f 2265 2267 2390
f 2267 2224 2390
f 2136 2139 2142
f 2139 2137 2138
f 2153 2136 2146
f 2142 2140 2141
f 2136 2142 2146
f 2177 2145 2144
f 2149 2153 2151
f 2147 2148 2154
f 1981 2153 2148
f 2151 2153 2150
f 2152 2150 2153
f 2152 2153 2160
f 2159 2156 2160
f 2156 2245 2155
f 2159 2164 2156
f 2159 2160 2153
f 2159 2163 2161
f 2159 2153 2163
f 2159 2161 2164
f 2161 2162 2164
f 2153 2146 2163
f 2177 2144 2176
f 2177 2183 2188
f 2188 2183 2184
f 2186 2225 2203
f 2191 2188 2187
f 2186 2188 2191
f 2186 2191 2225
f 2191 2187 2189
f 2191 2189 2190
f 2225 2191 2220
f 2191 2190 2185
f 2194 2202 2195
f 2195 2208 2196
f 2195 2202 2208
f 2197 2208 2199
f 2197 2198 2208
f 2196 2208 2198
f 2204 2197 2199
f 2204 2198 2197
f 2250 2204 2201
f 2250 2201 2255
f 2204 2199 2201
f 2193 2158 2202
f 2193 2202 2194
f 2199 2426 2200
f 2200 2426 2206
f 2199 2208 2426
f 2206 2426 2205
f 2205 2426 2207
f 2207 2429 2212
f 2213 2217 2214
f 2210 2214 2217
f 2212 2221 2209
f 2210 2219 2218
f 2215 2218 2219
f 2210 2222 2219
f 2212 2216 2223
f 2215 2223 2216
f 2066 2067 2224
f 2066 2224 2068
f 2208 2427 2426
f 2212 2223 2221
f 2215 2219 2223
f 2210 2224 2222
f 2222 2224 2223
f 2208 2203 2225
f 2239 2240 2237
f 2155 2245 2241
f 2245 2242 2241
f 2245 2244 2242
f 2248 2247 2249
f 2248 2250 2251
f 2248 2254 2246
f 2254 2252 2246
f 2250 2255 2251
f 2251 2255 2254
f 2256 2258 2253
f 2254 2266 2256
f 2256 2257 2258
f 2254 2256 2253
f 2255 2201 2259
f 2254 2259 2266
f 2256 2261 2257
f 2265 2122 2260
f 2221 2223 2267
f 2267 2223 2224
f 2055 2279 2285
f 2284 2282 2281
f 2284 2283 2282
f 2058 2287 2279
f 2061 2062 2287
f 2290 2284 2285
f 2285 2287 2293
f 2063 2331 2287
f 2290 2289 2286
f 2290 2291 2289
f 2290 2293 2292
f 2295 2296 2294
f 2302 2299 2301
f 2355 2304 2306
f 2355 2306 2305
f 2308 2309 2310
f 2308 2310 2315
f 2062 2063 2287
f 2311 2313 2312
f 2064 2307 2331
f 2307 2309 2331
f 2308 2311 2331
f 2308 2331 2309
f 2311 2312 2331
f 2312 2314 2331
f 2308 2117 2311
f 2311 2381 2313
f 2314 2384 2316
f 2316 2386 2317
f 2317 2386 2320
f 2320 2386 2321
f 2314 2316 2333
f 2314 2333 2331
f 2317 2344 2318
f 2318 2344 2319
f 2320 2321 2344
f 2321 2322 2344
f 2308 2315 2117
f 2311 2117 2381
f 2316 2384 2386
f 2321 2386 2322
f 2067 2348 2328
f 2330 2391 2329
f 2322 2323 2352
f 2325 2352 2323
f 2325 2326 2352
f 2330 2349 2324
f 2330 2329 2349
f 2328 2348 2329
f 2329 2348 2349
f 2295 2334 2296
f 2319 2344 2333
f 2295 2338 2334
f 2338 2335 2337
f 2338 2332 2343
f 2343 2332 2340
f 2343 2342 2341
f 2344 2352 2347
f 2345 2347 2369
f 2322 2352 2344
f 2348 2350 2349
f 2349 2354 2352
f 2354 2353 2352
f 2347 2352 2353
f 2354 2372 2353
f 2349 2350 2354
f 2354 2351 2302
f 2354 2350 2351
f 2369 2367 2346
f 2369 2368 2367
f 2369 2372 2370
f 2372 2365 2370
f 2372 2366 2365
f 2382 2383 2384
f 2121 2385 2383
f 2384 2383 2385
f 2126 2127 2385
f 2385 2127 2128
f 2385 2128 2132
f 2385 2132 2387
f 2388 2387 2389
f 2385 2387 2388
f 2388 2389 2386
f 2389 2390 2391
f 2419 2425 2430
f 2419 2418 2420
f 2425 2422 2421
f 2425 2421 2424
f 2302 2423 2298
f 2425 2423 2302
f 2211 2429 2210
f 2210 2429 2214
f 2213 2429 2065
f 2213 2214 2429
f 2207 2426 2429
f 2225 2428 2427
f 2426 2428 2431
f 2348 2429 2351
f 2429 2431 2351
f 2431 2430 2351
f 2430 2425 2351
f 2351 2425 2302
