# th_base.obj  (2399 v, 4794 f)  units: metres
v -0.024145158 0.010880106 -0.081184208
v -0.025508363 0.012971269 -0.081367165
v -0.025808452 0.013750052 -0.081435300
v -0.026025182 0.014555817 -0.081505798
v -0.025128203 0.012228002 -0.081302136
v -0.024672136 0.011528392 -0.081240930
v -0.023553045 0.010290246 -0.081132606
v -0.022902282 0.009765273 -0.081086673
v -0.022200000 0.009310941 -0.081046924
v -0.023031976 0.014693334 -0.084880628
v -0.023041656 0.014692977 -0.084856384
v -0.023016576 0.014695440 -0.084901601
v -0.022241613 0.013156546 -0.084796362
v -0.021972345 0.012761191 -0.084758356
v -0.022324096 0.013108937 -0.084691815
v -0.022026496 0.012722056 -0.084683947
v -0.022018846 0.012726354 -0.084708534
v -0.022006676 0.012734729 -0.084730059
v -0.021990815 0.012746612 -0.084747054
v -0.022622507 0.013658407 -0.084810875
v -0.022636646 0.013652985 -0.084789604
v -0.022645535 0.013650544 -0.084765181
v -0.022604082 0.013666441 -0.084827527
v -0.022581210 0.013730491 -0.084846579
v -0.022582622 0.013676539 -0.084838435
v -0.022670625 0.013694595 -0.084743053
v -0.022933874 0.014321804 -0.084797926
v -0.022848772 0.014165901 -0.084855273
v -0.022829404 0.014171820 -0.084871747
v -0.022863636 0.014162101 -0.084834151
v -0.022872979 0.014160680 -0.084809817
v -0.022806847 0.014179455 -0.084882438
v -0.022839196 0.014345155 -0.084900357
v -0.022996508 0.014699154 -0.084917881
v -0.022973137 0.014704220 -0.084928349
v -0.022340627 0.013179341 -0.084768958
v -0.022323376 0.013189372 -0.084785789
v -0.022303285 0.013201794 -0.084796906
v -0.022353865 0.013172388 -0.084747560
v -0.022362188 0.013168984 -0.084723048
v -0.023613371 0.014754819 -0.082476839
v -0.023577902 0.014760638 -0.082514085
v -0.023597971 0.014756925 -0.082497813
v -0.023554534 0.014765704 -0.082524560
v -0.023623051 0.014754461 -0.082452595
v -0.023623051 0.014793836 -0.082002550
v -0.023045616 0.013533604 -0.082420185
v -0.023232512 0.013713527 -0.082385734
v -0.023218198 0.013718597 -0.082406968
v -0.023261774 0.013747952 -0.082338557
v -0.023241512 0.013711309 -0.082361333
v -0.023199541 0.013726170 -0.082423583
v -0.023177814 0.013735731 -0.082434446
v -0.023261774 0.013782814 -0.081940077
v -0.023241512 0.013750684 -0.081911288
v -0.023232512 0.013757106 -0.081887640
v -0.023218198 0.013765785 -0.081867605
v -0.023199541 0.013776128 -0.081852563
v -0.023177814 0.013787432 -0.081843518
v -0.023045616 0.013585898 -0.081822470
v -0.023414634 0.014233998 -0.082468010
v -0.023449026 0.014224705 -0.082430460
v -0.023458412 0.014223401 -0.082406133
v -0.023434093 0.014228320 -0.082451560
v -0.023391973 0.014241353 -0.082478687
v -0.023343781 0.014185852 -0.082477249
v -0.023458412 0.014262775 -0.081956089
v -0.023449026 0.014268284 -0.081932358
v -0.023526547 0.014412366 -0.082396686
v -0.023526547 0.014447229 -0.081998207
v -0.023414634 0.014283957 -0.081896991
v -0.023434093 0.014275509 -0.081912205
v -0.023391973 0.014293053 -0.081887759
v -0.023343781 0.014238146 -0.081879534
v -0.022913888 0.013122722 -0.082283854
v -0.022488598 0.012546943 -0.082233481
v -0.022652091 0.012768062 -0.082303017
v -0.022622921 0.012786899 -0.082341403
v -0.022639425 0.012775820 -0.082324483
v -0.022664543 0.012925707 -0.082367003
v -0.022603702 0.012800542 -0.082352631
v -0.022660052 0.012764152 -0.082278468
v -0.022913888 0.013157585 -0.081885375
v -0.022488598 0.012581805 -0.081835002
v -0.022652091 0.012811640 -0.081804916
v -0.022660052 0.012803527 -0.081828415
v -0.022639425 0.012823008 -0.081785128
v -0.022622921 0.012836857 -0.081770383
v -0.022664543 0.012978001 -0.081769288
v -0.022603702 0.012852241 -0.081761703
v -0.022301270 0.012338500 -0.082241222
v -0.021992890 0.012030068 -0.082188256
v -0.021992890 0.012064931 -0.081789784
v -0.022282304 0.012352137 -0.082287416
v -0.022249453 0.012380267 -0.082315862
v -0.022267127 0.012364790 -0.082304478
v -0.022293949 0.012343169 -0.082265846
v -0.022207079 0.012372560 -0.082318604
v -0.022293949 0.012386748 -0.081767745
v -0.022301270 0.012377874 -0.081791177
v -0.022282304 0.012399325 -0.081748061
v -0.022249453 0.012431968 -0.081724934
v -0.022267127 0.012414749 -0.081733450
v -0.022207079 0.012424854 -0.081720889
v -0.022965984 0.013226366 -0.082343116
v -0.022952428 0.013232821 -0.082364470
v -0.022974508 0.013223276 -0.082318634
v -0.022914184 0.013253864 -0.082392290
v -0.022934759 0.013242200 -0.082381241
v -0.022670625 0.013895055 -0.082451813
v -0.022965984 0.013269944 -0.081845015
v -0.022974508 0.013262650 -0.081868589
v -0.022952428 0.013280009 -0.081825107
v -0.022914184 0.013305564 -0.081801362
v -0.022934759 0.013292159 -0.081810221
v -0.022933874 0.014522265 -0.082506686
v -0.022324096 0.013309398 -0.082400568
v -0.026156176 0.015379734 -0.081577882
v -0.026200000 0.016212780 -0.081650764
v -0.023108941 0.014978880 -0.084855415
v -0.023149448 0.015240741 -0.084904313
v -0.023123810 0.015240368 -0.084949277
v -0.023079403 0.015244232 -0.084975593
v -0.023103295 0.015241809 -0.084965356
v -0.023139551 0.015240002 -0.084928453
v -0.023194997 0.015797084 -0.084952980
v -0.023185009 0.015795233 -0.084977031
v -0.023169123 0.015793828 -0.084997699
v -0.023148417 0.015792964 -0.085013576
v -0.023192562 0.015653584 -0.084914446
v -0.023092709 0.015650300 -0.085014544
v -0.023124307 0.015792701 -0.085023582
v -0.023167778 0.016352043 -0.085025750
v -0.023151945 0.016348863 -0.085046262
v -0.023183182 0.016333347 -0.084973916
v -0.023177730 0.016355008 -0.085001796
v -0.023083517 0.016316468 -0.085072823
v -0.023131313 0.016345687 -0.085061938
v -0.023107287 0.016342731 -0.085071705
v -0.023763882 0.016402870 -0.082641818
v -0.023743197 0.016400466 -0.082657553
v -0.023697387 0.016294457 -0.082661733
v -0.023719108 0.016398406 -0.082667403
v -0.023028553 0.016887404 -0.085119359
v -0.023088073 0.016903428 -0.085073985
v -0.023097865 0.016907500 -0.085050136
v -0.023080975 0.017005507 -0.085032724
v -0.023052195 0.016893025 -0.085109822
v -0.023072496 0.016898492 -0.085094348
v -0.023724495 0.016957540 -0.082669556
v -0.023734372 0.016961122 -0.082645655
v -0.023708779 0.016953383 -0.082689978
v -0.023688298 0.016948929 -0.082705542
v -0.023689350 0.017237836 -0.082643889
v -0.023664448 0.016944485 -0.082715183
v -0.023628235 0.017007835 -0.082724147
v -0.023624010 0.017505951 -0.082693323
v -0.023614328 0.017501397 -0.082717136
v -0.023578854 0.017489223 -0.082752809
v -0.023598926 0.017495692 -0.082737423
v -0.023555480 0.017482430 -0.082762249
v -0.023183182 0.016533809 -0.082682677
v -0.023080975 0.017205968 -0.082741484
v -0.023466203 0.017706119 -0.082785241
v -0.023502633 0.017928068 -0.082704276
v -0.023459742 0.018037127 -0.082739800
v -0.023450352 0.018031623 -0.082763523
v -0.023415953 0.018015975 -0.082798898
v -0.023435418 0.018024409 -0.082783684
v -0.023393286 0.018006895 -0.082808129
v -0.023010761 0.014989090 -0.084956691
v -0.022983355 0.016975183 -0.085130461
v -0.022946900 0.017442459 -0.085121147
v -0.022931771 0.017435804 -0.085141353
v -0.022889096 0.017419869 -0.085165940
v -0.022912055 0.017428098 -0.085156634
v -0.022794086 0.017614176 -0.085186362
v -0.022956409 0.017447609 -0.085097387
v -0.022887845 0.017657541 -0.085089773
v -0.022755137 0.017968545 -0.085142963
v -0.022690674 0.017933432 -0.085210875
v -0.022712661 0.017944176 -0.085201785
v -0.022746030 0.017962351 -0.085166633
v -0.022731543 0.017954040 -0.085186698
v -0.022887845 0.017858002 -0.082798526
v -0.023703860 0.015105055 -0.082457289
v -0.023553932 0.014871290 -0.082537219
v -0.023703860 0.015139918 -0.082058810
v -0.023613371 0.014798397 -0.081978738
v -0.023577902 0.014810597 -0.081943065
v -0.023597971 0.014804114 -0.081958450
v -0.023554534 0.014817405 -0.081933632
v -0.023553932 0.014923585 -0.081939504
v -0.023708202 0.015299158 -0.082545251
v -0.023687724 0.015300855 -0.082561351
v -0.023723915 0.015298598 -0.082524411
v -0.023733793 0.015299214 -0.082500257
v -0.023663877 0.015303574 -0.082571618
v -0.023672478 0.015578191 -0.082599066
v -0.023723915 0.015342177 -0.082026318
v -0.023733793 0.015338589 -0.082050212
v -0.023687724 0.015350814 -0.081990331
v -0.023708202 0.015346346 -0.082005896
v -0.023663877 0.015355274 -0.081980690
v -0.023790797 0.015814645 -0.082519367
v -0.023789538 0.015852243 -0.082548641
v -0.023779562 0.015850641 -0.082572713
v -0.023763688 0.015849631 -0.082593411
v -0.023743005 0.015849281 -0.082609333
v -0.023718918 0.015849616 -0.082619391
v -0.023790797 0.015849508 -0.082120895
v -0.023779562 0.015894219 -0.082074612
v -0.023789538 0.015891617 -0.082098596
v -0.023743005 0.015899239 -0.082038313
v -0.023763688 0.015896820 -0.082054056
v -0.023718918 0.015901316 -0.082028463
v -0.023672478 0.015630485 -0.082001351
v -0.023779754 0.016405459 -0.082621254
v -0.023789732 0.016408054 -0.082597271
v -0.023697387 0.016346751 -0.082064018
v -0.023108941 0.015179342 -0.082564175
v -0.023192562 0.015854046 -0.082623199
v -0.023785934 0.016529484 -0.082581915
v -0.023789732 0.016447429 -0.082147226
v -0.023779754 0.016449038 -0.082123153
v -0.023763882 0.016450061 -0.082102455
v -0.023785934 0.016564347 -0.082183436
v -0.023743197 0.016450424 -0.082086533
v -0.023719108 0.016450105 -0.082076475
v -0.023734372 0.017000498 -0.082195610
v -0.023724495 0.017001120 -0.082171455
v -0.023688298 0.016998887 -0.082134522
v -0.023708779 0.017000571 -0.082150623
v -0.023664448 0.016996186 -0.082124256
v -0.023628235 0.017060129 -0.082126431
v -0.023689350 0.017272698 -0.082245409
v -0.023624010 0.017545326 -0.082243279
v -0.023614328 0.017544976 -0.082219034
v -0.023598926 0.017542880 -0.082198068
v -0.023578854 0.017539181 -0.082181789
v -0.023555480 0.017534131 -0.082171321
v -0.023502633 0.017962931 -0.082305796
v -0.023466203 0.017758412 -0.082187526
v -0.023435418 0.018071597 -0.082244322
v -0.023415953 0.018065933 -0.082227878
v -0.023393286 0.018058594 -0.082217202
v -0.022057014 0.015122024 -0.081956863
v -0.022057014 0.015156887 -0.081558384
v -0.022173608 0.015720930 -0.082009263
v -0.022197064 0.016330546 -0.082062602
v -0.022173608 0.015755791 -0.081610784
v -0.022197064 0.016365409 -0.081664115
v -0.022126833 0.016936583 -0.082115620
v -0.022126833 0.016971447 -0.081717141
v -0.021964559 0.017524840 -0.082167089
v -0.021964559 0.017559703 -0.081768610
v -0.023214066 0.018377358 -0.082843967
v -0.023219876 0.018534282 -0.082828291
v -0.023179481 0.018512664 -0.082852378
v -0.023201214 0.018523952 -0.082843341
v -0.023234196 0.018542951 -0.082808264
v -0.023243198 0.018549368 -0.082784615
v -0.023228845 0.018588847 -0.082762085
v -0.022607388 0.018277304 -0.085143998
v -0.022519240 0.018221546 -0.085239500
v -0.022487991 0.018456573 -0.085209869
v -0.022496581 0.018463755 -0.085186288
v -0.022456516 0.018434769 -0.085244708
v -0.022474326 0.018446686 -0.085229799
v -0.022435777 0.018421633 -0.085253589
v -0.022244832 0.018853253 -0.085194387
v -0.022163933 0.018785974 -0.085288882
v -0.022127613 0.018878335 -0.085293539
v -0.022183994 0.018927012 -0.085226819
v -0.022163358 0.018907543 -0.085270122
v -0.022176029 0.018918904 -0.085250318
v -0.022146843 0.018893706 -0.085284859
v -0.022607388 0.018477766 -0.082852751
v -0.022954445 0.019020243 -0.082870811
v -0.022968009 0.019030297 -0.082850903
v -0.022976534 0.019037586 -0.082827330
v -0.022916185 0.018994713 -0.082894556
v -0.022936769 0.019008106 -0.082885697
v -0.022876138 0.019010071 -0.082899325
v -0.022872483 0.019209322 -0.082816370
v -0.022625249 0.019463623 -0.082925551
v -0.022641763 0.019477459 -0.082910813
v -0.022654435 0.019488819 -0.082891017
v -0.022662399 0.019496927 -0.082867518
v -0.022606019 0.019448251 -0.082934238
v -0.022244832 0.019053712 -0.082903139
v -0.022458198 0.019593431 -0.082950361
v -0.022439400 0.019779306 -0.082866237
v -0.022284936 0.019901389 -0.082947902
v -0.022296589 0.019913958 -0.082928210
v -0.022252062 0.019868771 -0.082971029
v -0.022269748 0.019885976 -0.082962506
v -0.022303915 0.019922826 -0.082904778
v -0.021967400 0.020117454 -0.082996204
v -0.023459742 0.018076502 -0.082289748
v -0.023450352 0.018075202 -0.082265429
v -0.023214066 0.018429654 -0.082246251
v -0.023219876 0.018581470 -0.082288936
v -0.023228845 0.018623710 -0.082363605
v -0.023243198 0.018588742 -0.082334563
v -0.023234196 0.018586529 -0.082310162
v -0.023201214 0.018573910 -0.082272321
v -0.023179481 0.018564364 -0.082261451
v -0.022976534 0.019076960 -0.082377277
v -0.022954445 0.019067431 -0.082331449
v -0.022968009 0.019073876 -0.082352802
v -0.022916185 0.019046413 -0.082303628
v -0.022936769 0.019058064 -0.082314678
v -0.022876138 0.019062366 -0.082301609
v -0.022872483 0.019244185 -0.082417890
v -0.022662399 0.019536301 -0.082417466
v -0.022654435 0.019532397 -0.082392916
v -0.022641763 0.019524647 -0.082371451
v -0.022625249 0.019513581 -0.082354531
v -0.022606019 0.019499952 -0.082343310
v -0.022458198 0.019645724 -0.082352646
v -0.022439400 0.019814169 -0.082467765
v -0.022303915 0.019962201 -0.082454734
v -0.022296589 0.019957537 -0.082430109
v -0.022284936 0.019948578 -0.082408540
v -0.022269748 0.019935936 -0.082391486
v -0.022252062 0.019920470 -0.082380101
v -0.021967400 0.020169748 -0.082398489
v -0.020242816 0.011404702 -0.084613696
v -0.020249346 0.011392075 -0.084591798
v -0.020234304 0.011422126 -0.084631175
v -0.020224392 0.011443159 -0.084643036
v -0.020254852 0.011384265 -0.084540926
v -0.020253452 0.011385104 -0.084566981
v -0.020213755 0.011466368 -0.084648490
v -0.021453893 0.008932228 -0.081013791
v -0.021095466 0.011467281 -0.082239404
v -0.020991622 0.011309286 -0.082175389
v -0.020996613 0.011302767 -0.082150608
v -0.020983679 0.011321194 -0.082197219
v -0.020961279 0.011357621 -0.082226388
v -0.020973330 0.011337681 -0.082214616
v -0.021095466 0.011519575 -0.081641689
v -0.020996613 0.011342142 -0.081700563
v -0.020991622 0.011352865 -0.081677288
v -0.020961279 0.011409322 -0.081635460
v -0.020973330 0.011387640 -0.081643589
v -0.020983679 0.011368383 -0.081657857
v -0.020672135 0.008633281 -0.080987632
v -0.019863294 0.008417377 -0.080968745
v -0.020823799 0.011205875 -0.082116149
v -0.020495929 0.011056343 -0.082153261
v -0.020500034 0.011049373 -0.082128443
v -0.020489398 0.011068971 -0.082175151
v -0.020470975 0.011107428 -0.082204498
v -0.020480886 0.011086395 -0.082192630
v -0.020460337 0.011130637 -0.082209952
v -0.020823799 0.011240738 -0.081717670
v -0.020500034 0.011088748 -0.081678391
v -0.020495929 0.011099922 -0.081655160
v -0.020489398 0.011116159 -0.081635796
v -0.020480886 0.011136353 -0.081621610
v -0.020470975 0.011159129 -0.081613570
v -0.020460337 0.011182931 -0.081612237
v -0.020169612 0.010912091 -0.082090445
v -0.019980598 0.010846492 -0.082110688
v -0.019977419 0.010853825 -0.082135543
v -0.019965773 0.010885203 -0.082175024
v -0.019972363 0.010867028 -0.082157485
v -0.019958099 0.010907111 -0.082186975
v -0.020169612 0.010946954 -0.081691973
v -0.019980598 0.010885866 -0.081660643
v -0.019977419 0.010897404 -0.081637442
v -0.019972363 0.010914217 -0.081618123
v -0.019965773 0.010935162 -0.081604004
v -0.019958099 0.010958810 -0.081596047
v -0.021635802 0.012320492 -0.084673025
v -0.021624852 0.012330160 -0.084694661
v -0.021642685 0.012315381 -0.084648371
v -0.021900743 0.012575740 -0.084645167
v -0.021826727 0.012634014 -0.084750652
v -0.021593966 0.012360271 -0.084723279
v -0.021610582 0.012343729 -0.084711805
v -0.021408452 0.012104937 -0.084603973
v -0.021344282 0.012172626 -0.084710285
v -0.021187462 0.011985790 -0.084680490
v -0.021172905 0.012004077 -0.084692113
v -0.021209551 0.011959907 -0.084641479
v -0.021199960 0.011970724 -0.084663220
v -0.021215580 0.011954073 -0.084616758
v -0.020856394 0.011705296 -0.084569015
v -0.020803265 0.011780979 -0.084676020
v -0.020737343 0.011660939 -0.084636115
v -0.020750554 0.011642675 -0.084589519
v -0.020745454 0.011649131 -0.084614292
v -0.020726770 0.011677295 -0.084653497
v -0.020714460 0.011697086 -0.084665254
v -0.021854959 0.011997219 -0.082282349
v -0.021884609 0.011965981 -0.082253627
v -0.021895120 0.011955912 -0.082231961
v -0.021901729 0.011950551 -0.082207285
v -0.021870911 0.011980071 -0.082270816
v -0.021681054 0.011883629 -0.082275830
v -0.021459568 0.011610139 -0.082201712
v -0.021450296 0.011621192 -0.082223468
v -0.021465397 0.011604159 -0.082176976
v -0.021434903 0.011580586 -0.082148932
v -0.021438211 0.011636563 -0.082240760
v -0.021424141 0.011655205 -0.082252420
v -0.021901729 0.011989925 -0.081757240
v -0.021884609 0.012013170 -0.081714272
v -0.021895120 0.011999491 -0.081733868
v -0.021870911 0.012030029 -0.081699796
v -0.021854959 0.012048920 -0.081691422
v -0.021434903 0.011615448 -0.081750453
v -0.021465397 0.011643534 -0.081726931
v -0.021459568 0.011653718 -0.081703611
v -0.021450296 0.011668380 -0.081684105
v -0.021438211 0.011686521 -0.081669740
v -0.021424141 0.011706905 -0.081661493
v -0.021681054 0.011935923 -0.081678115
v -0.021900743 0.012776201 -0.082353920
v -0.021408452 0.012305398 -0.082312733
v -0.021850014 0.014547870 -0.081906632
v -0.021850014 0.014582733 -0.081508152
v -0.021557461 0.014011921 -0.081859745
v -0.021557461 0.014046784 -0.081461266
v -0.021186212 0.013526741 -0.081817292
v -0.021186212 0.013561605 -0.081418812
v -0.020856394 0.011905758 -0.082277767
v -0.020744970 0.013103704 -0.081780285
v -0.020744970 0.013138567 -0.081381805
v -0.020254852 0.011584725 -0.082249679
v -0.020244075 0.012752723 -0.081749573
v -0.020244075 0.012787586 -0.081351094
v -0.019722600 0.011205235 -0.084596246
v -0.019708868 0.011245490 -0.084625743
v -0.019716255 0.011223489 -0.084613793
v -0.019727467 0.011191969 -0.084574290
v -0.019730527 0.011184597 -0.084549434
v -0.019586733 0.011234653 -0.084628217
v -0.019615034 0.011147821 -0.084520236
v -0.019183235 0.011065045 -0.084583983
v -0.019179137 0.011083884 -0.084601581
v -0.019174367 0.011106566 -0.084613591
v -0.019188354 0.011043679 -0.084537111
v -0.019186378 0.011051332 -0.084561989
v -0.018933877 0.011090152 -0.084615573
v -0.018948853 0.011000371 -0.084507339
v -0.018629707 0.011005066 -0.084594682
v -0.018632885 0.010971931 -0.084555045
v -0.018631507 0.010985897 -0.084577054
v -0.018633753 0.010964119 -0.084530145
v -0.018627614 0.011028131 -0.084606729
v -0.018267350 0.011035555 -0.084610797
v -0.018268725 0.010944660 -0.084502466
v -0.018074874 0.010988027 -0.084593192
v -0.018075485 0.011011174 -0.084605247
v -0.018073950 0.010954765 -0.084553540
v -0.018073697 0.010946918 -0.084528640
v -0.018074350 0.010968786 -0.084575556
v -0.019036228 0.008286881 -0.080957331
v -0.019443464 0.010696141 -0.082097538
v -0.019786533 0.010879460 -0.082187973
v -0.019615034 0.011348282 -0.082228996
v -0.019433111 0.010736105 -0.082161985
v -0.019437714 0.010717373 -0.082144387
v -0.019441245 0.010703743 -0.082122408
v -0.019427754 0.010758660 -0.082173988
v -0.019483086 0.010704055 -0.082072243
v -0.019786533 0.010931754 -0.081590258
v -0.019483086 0.010738919 -0.081673771
v -0.019441245 0.010747321 -0.081624314
v -0.019443464 0.010735516 -0.081647485
v -0.019437714 0.010764562 -0.081605032
v -0.019433111 0.010786063 -0.081590958
v -0.019427754 0.010810360 -0.081583060
v -0.018888194 0.010640581 -0.082153626
v -0.018890763 0.010621494 -0.082136005
v -0.018892733 0.010607589 -0.082113996
v -0.018885205 0.010663551 -0.082165666
v -0.018893972 0.010599816 -0.082089111
v -0.018775489 0.010585185 -0.082061842
v -0.018893972 0.010639191 -0.081639059
v -0.018892733 0.010651167 -0.081615902
v -0.018888194 0.010690540 -0.081582606
v -0.018890763 0.010668682 -0.081596643
v -0.018775489 0.010620048 -0.081663370
v -0.019085582 0.010718045 -0.082173854
v -0.018948853 0.011200832 -0.082216091
v -0.019085582 0.010770340 -0.081576139
v -0.018885205 0.010715252 -0.081574738
v -0.018200001 0.008243223 -0.080953509
v -0.018369479 0.010649156 -0.082167827
v -0.018336948 0.010580341 -0.082132399
v -0.018337337 0.010566319 -0.082110390
v -0.018335845 0.010622730 -0.082162090
v -0.018336438 0.010599582 -0.082150035
v -0.018337583 0.010558473 -0.082085490
v -0.018337583 0.010597847 -0.081635445
v -0.018336438 0.010649540 -0.081579015
v -0.018336948 0.010627530 -0.081593044
v -0.018337337 0.010609898 -0.081612289
v -0.018335845 0.010674430 -0.081571162
v -0.018268725 0.011145120 -0.082211219
v -0.018369479 0.010701450 -0.081570111
v -0.018058443 0.010557432 -0.082059421
v -0.017781772 0.010594326 -0.082133628
v -0.017780578 0.010580344 -0.082111612
v -0.017785136 0.010636603 -0.082163304
v -0.017783325 0.010613514 -0.082151257
v -0.017779827 0.010572522 -0.082086720
v -0.018058443 0.010592294 -0.081660941
v -0.017779827 0.010611897 -0.081636675
v -0.017781772 0.010641514 -0.081594266
v -0.017780578 0.010623923 -0.081613518
v -0.017785136 0.010688302 -0.081572376
v -0.017783325 0.010663473 -0.081580237
v -0.019695269 0.012482026 -0.081725895
v -0.019695269 0.012516889 -0.081327409
v -0.019111414 0.012297956 -0.081709787
v -0.019111414 0.012332819 -0.081311308
v -0.018506197 0.012204831 -0.081701644
v -0.018506197 0.012239694 -0.081303157
v -0.017893802 0.012204831 -0.081701644
v -0.017893802 0.012239694 -0.081303157
v -0.021770058 0.019297794 -0.085330240
v -0.021734787 0.019296948 -0.085333586
v -0.021821305 0.019352490 -0.085264049
v -0.021787537 0.019315219 -0.085321739
v -0.021802546 0.019330818 -0.085307151
v -0.021814065 0.019343533 -0.085287474
v -0.021806926 0.019374656 -0.085240006
v -0.021396434 0.019711189 -0.085340433
v -0.021367606 0.019674733 -0.085363217
v -0.021383116 0.019694002 -0.085354879
v -0.021806926 0.019575115 -0.082948759
v -0.021413077 0.019734841 -0.085297495
v -0.021406652 0.019725118 -0.085320860
v -0.021301830 0.019831801 -0.085280001
v -0.021239793 0.019744951 -0.085372783
v -0.020958915 0.020058863 -0.085350059
v -0.020964442 0.020069255 -0.085326754
v -0.020925321 0.020004412 -0.085392065
v -0.020938665 0.020025298 -0.085383862
v -0.020950122 0.020043869 -0.085369535
v -0.021857837 0.020252090 -0.083004564
v -0.021873802 0.020270970 -0.082996190
v -0.021936707 0.020289442 -0.082910873
v -0.021898029 0.020301491 -0.082962118
v -0.021887511 0.020287819 -0.082981706
v -0.021904644 0.020311054 -0.082938746
v -0.021453438 0.020632910 -0.083011903
v -0.021427257 0.020594403 -0.083034515
v -0.021441342 0.020614777 -0.083026268
v -0.021462720 0.020647567 -0.082992397
v -0.021468554 0.020657746 -0.082969077
v -0.021301830 0.020032261 -0.082988754
v -0.021412140 0.020573176 -0.083036080
v -0.021372655 0.020731349 -0.082949534
v -0.020964602 0.020892307 -0.083060578
v -0.020987030 0.020933231 -0.083038174
v -0.020976668 0.020913981 -0.083052441
v -0.020994982 0.020948743 -0.083018743
v -0.020999979 0.020959461 -0.082995474
v -0.020688174 0.020121636 -0.085405737
v -0.020738954 0.020216173 -0.085313626
v -0.020469228 0.020324677 -0.085394107
v -0.020459773 0.020304935 -0.085408330
v -0.020448763 0.020282689 -0.085416406
v -0.020481043 0.020351524 -0.085351452
v -0.020476483 0.020340567 -0.085374705
v -0.020128783 0.020520611 -0.085340261
v -0.020090206 0.020419985 -0.085431844
v -0.019952463 0.020529401 -0.085427970
v -0.019943925 0.020506060 -0.085435949
v -0.019965421 0.020566693 -0.085394487
v -0.019959794 0.020550082 -0.085413821
v -0.019968959 0.020578101 -0.085371278
v -0.020738954 0.020416634 -0.083022378
v -0.020801920 0.020952800 -0.083069295
v -0.020756511 0.021097774 -0.082981594
v -0.020492924 0.021185795 -0.083060272
v -0.020499466 0.021202028 -0.083040901
v -0.020503579 0.021213200 -0.083017670
v -0.020474473 0.021142840 -0.083082497
v -0.020484401 0.021165607 -0.083074458
v -0.020128783 0.020721072 -0.083049014
v -0.020147180 0.021249829 -0.083095275
v -0.019961739 0.021343512 -0.083100051
v -0.021714048 0.018081525 -0.082215793
v -0.021714048 0.018116388 -0.081817314
v -0.021381171 0.018593591 -0.082260594
v -0.021381171 0.018628454 -0.081862114
v -0.020973731 0.019049035 -0.082300439
v -0.020973731 0.019083899 -0.081901960
v -0.021936707 0.020324303 -0.082512394
v -0.021857837 0.020303791 -0.082413636
v -0.021873802 0.020320930 -0.082425162
v -0.021898029 0.020345069 -0.082464017
v -0.021904644 0.020350428 -0.082488693
v -0.021887511 0.020335007 -0.082442351
v -0.021453438 0.020680100 -0.082472540
v -0.021468554 0.020697121 -0.082519032
v -0.021462720 0.020691145 -0.082494296
v -0.021427257 0.020646105 -0.082443587
v -0.021441342 0.020664737 -0.082455248
v -0.021412140 0.020625470 -0.082438365
v -0.021372655 0.020766212 -0.082551055
v -0.020999979 0.020998836 -0.082545422
v -0.020994982 0.020992322 -0.082520649
v -0.020964602 0.020944007 -0.082469650
v -0.020976668 0.020963939 -0.082481422
v -0.020987030 0.020980420 -0.082498819
v -0.020501275 0.019437185 -0.082334399
v -0.020501275 0.019472048 -0.081935920
v -0.020801920 0.021005094 -0.082471572
v -0.020756511 0.021132637 -0.082583115
v -0.020492924 0.021232983 -0.082520917
v -0.020499466 0.021245608 -0.082542807
v -0.020503579 0.021252574 -0.082567625
v -0.020474473 0.021194540 -0.082491569
v -0.020484401 0.021215566 -0.082503438
v -0.019974880 0.019748937 -0.082361676
v -0.019974880 0.019783800 -0.081963196
v -0.020147180 0.021302123 -0.082497559
v -0.019457025 0.020634443 -0.085450605
v -0.019428233 0.020717246 -0.085428447
v -0.019432159 0.020734392 -0.085409157
v -0.019434627 0.020746138 -0.085385978
v -0.019482680 0.020739445 -0.085359409
v -0.019417156 0.020671718 -0.085450448
v -0.019423114 0.020695869 -0.085442536
v -0.018875081 0.020777579 -0.085459709
v -0.018881224 0.020824071 -0.085437797
v -0.018878385 0.020802248 -0.085451841
v -0.018883402 0.020841559 -0.085418537
v -0.018884771 0.020853519 -0.085395373
v -0.018800430 0.020761013 -0.085461676
v -0.018812684 0.020868598 -0.085370705
v -0.019482680 0.020939905 -0.083068162
v -0.018812684 0.021069059 -0.083079465
v -0.018324517 0.020822313 -0.085463621
v -0.018325126 0.020847201 -0.085455775
v -0.018325649 0.020869212 -0.085441746
v -0.018326052 0.020886844 -0.085422494
v -0.018326303 0.020898893 -0.085399337
v -0.018132649 0.020797336 -0.085464858
v -0.018131275 0.020905664 -0.085373953
v -0.017772386 0.020805355 -0.085462138
v -0.017770292 0.020830162 -0.085454285
v -0.017767115 0.020869678 -0.085420996
v -0.017768493 0.020852100 -0.085440248
v -0.017766247 0.020881694 -0.085397840
v -0.018131275 0.021106126 -0.083082706
v -0.019406883 0.019976990 -0.082381628
v -0.019406883 0.020011853 -0.081983149
v -0.018810596 0.020115996 -0.082393788
v -0.018810596 0.020150859 -0.081995308
v -0.018200001 0.020162696 -0.082397871
v -0.018200001 0.020197559 -0.081999391
v -0.025366979 0.014231923 -0.063509084
v -0.024435308 0.012779883 -0.063382044
v -0.024940656 0.013480742 -0.063443363
v -0.022508543 0.011057884 -0.063231386
v -0.023856854 0.012137562 -0.063325845
v -0.023212081 0.011561311 -0.063275434
v -0.025709273 0.015024618 -0.063578434
v -0.025963530 0.015849534 -0.063650608
v -0.026126765 0.016697001 -0.063724756
v -0.026197067 0.017557079 -0.063800000
v -0.021754494 0.010633186 -0.063194230
v -0.020958770 0.010292193 -0.063164398
v -0.020130703 0.010038904 -0.063142240
v -0.019280000 0.009876289 -0.063128009
v -0.018416636 0.009806256 -0.063121885
v -0.026200000 0.028167116 -0.082696646
v -0.026165927 0.028424950 -0.082719207
v -0.026066026 0.028665213 -0.082740225
v -0.025907107 0.028871531 -0.082758278
v -0.025699999 0.029029846 -0.082772128
v -0.025458818 0.029129365 -0.082780838
v -0.025200000 0.029163310 -0.082783803
v -0.023000000 0.029163310 -0.082783803
v -0.023000000 0.032550372 -0.083080143
v -0.022619398 0.032819390 -0.080005303
v -0.022330128 0.032768264 -0.080589652
v -0.021966767 0.032720868 -0.081131391
v -0.026165927 0.028870696 -0.077624381
v -0.026066026 0.029110959 -0.077645406
v -0.025907107 0.029317277 -0.077663451
v -0.025699999 0.029475590 -0.077677302
v -0.025458818 0.029575111 -0.077686012
v -0.022829629 0.032873366 -0.079388335
v -0.022957224 0.032929275 -0.078749314
v -0.023000000 0.032986157 -0.078099169
v -0.020098386 0.021382699 -0.083006516
v -0.019969428 0.021367155 -0.083092093
v -0.019976031 0.021388095 -0.083077975
v -0.019984283 0.021416441 -0.083035454
v -0.019981097 0.021404905 -0.083058655
v -0.020098386 0.021417562 -0.082608044
v -0.019981097 0.021448484 -0.082560554
v -0.019961739 0.021395212 -0.082509123
v -0.019976031 0.021435285 -0.082538612
v -0.019969428 0.021417115 -0.082521074
v -0.019984283 0.021455815 -0.082585409
v -0.019459125 0.021459181 -0.083113596
v -0.019431496 0.021492330 -0.083113074
v -0.019436870 0.021516623 -0.083105169
v -0.019441485 0.021538120 -0.083091095
v -0.019445028 0.021555359 -0.083071820
v -0.019447254 0.021567162 -0.083048642
v -0.019409092 0.021581447 -0.083023906
v -0.018896583 0.021651892 -0.083080262
v -0.018897830 0.021663869 -0.083057098
v -0.018889014 0.021587813 -0.083121426
v -0.018892020 0.021612523 -0.083113559
v -0.018894602 0.021634379 -0.083099522
v -0.018749524 0.021577276 -0.083123930
v -0.018699944 0.021690752 -0.083033472
v -0.018699944 0.021725615 -0.082634993
v -0.018339682 0.021629015 -0.083125032
v -0.018340291 0.021653904 -0.083117180
v -0.018341217 0.021693546 -0.083083905
v -0.018340817 0.021675915 -0.083103150
v -0.018341471 0.021705598 -0.083060749
v -0.018030521 0.021602090 -0.083126098
v -0.017982587 0.021708822 -0.083035052
v -0.017982587 0.021743685 -0.082636572
v -0.017788963 0.021615524 -0.083123848
v -0.017787170 0.021640355 -0.083115995
v -0.017784448 0.021679906 -0.083082713
v -0.017785629 0.021662313 -0.083101965
v -0.017783705 0.021691933 -0.083059557
v -0.019459125 0.021511475 -0.082515880
v -0.019431496 0.021544030 -0.082522146
v -0.019447254 0.021606537 -0.082598597
v -0.019445028 0.021598937 -0.082573719
v -0.019441485 0.021585310 -0.082551740
v -0.019436870 0.021566581 -0.082534149
v -0.019409092 0.021616308 -0.082625434
v -0.018897830 0.021703243 -0.082607053
v -0.018896583 0.021695470 -0.082582161
v -0.018889014 0.021639515 -0.082530499
v -0.018894602 0.021681568 -0.082560159
v -0.018892020 0.021662483 -0.082542539
v -0.018749524 0.021629570 -0.082526207
v -0.018340291 0.021703864 -0.082546160
v -0.018341471 0.021744972 -0.082610704
v -0.018340817 0.021723103 -0.082563795
v -0.018341217 0.021737125 -0.082585812
v -0.018339682 0.021680715 -0.082534105
v -0.018030521 0.021654384 -0.082528383
v -0.017785629 0.021709502 -0.082562603
v -0.017787170 0.021690313 -0.082544975
v -0.017783705 0.021731308 -0.082609512
v -0.017784448 0.021723485 -0.082584612
v -0.017788963 0.021667223 -0.082532920
v -0.019913416 0.032583542 -0.082700983
v -0.021535534 0.032678008 -0.081621252
v -0.021043807 0.032640424 -0.082050838
v -0.020500001 0.032608755 -0.082412817
v -0.019294094 0.032565221 -0.082910419
v -0.018652631 0.032554101 -0.083037525
v -0.017999999 0.032550372 -0.083080143
v -0.026165927 0.029316440 -0.072529562
v -0.026066026 0.029556705 -0.072550580
v -0.025907107 0.029763022 -0.072568633
v -0.025699999 0.029921336 -0.072582483
v -0.025458818 0.030020857 -0.072591193
v -0.026165927 0.029762186 -0.067434736
v -0.026066026 0.030002451 -0.067455761
v -0.025907107 0.030208768 -0.067473806
v -0.025699999 0.030367082 -0.067487657
v -0.025458818 0.030466603 -0.067496367
v -0.017599570 0.011071880 -0.084613979
v -0.017587315 0.010981726 -0.084505707
v -0.017521614 0.011032979 -0.084597126
v -0.017524920 0.011055908 -0.084609158
v -0.017516598 0.011000049 -0.084557503
v -0.017515229 0.010992293 -0.084532611
v -0.017518776 0.011013927 -0.084579505
v -0.016967840 0.011107216 -0.084566876
v -0.016965372 0.011099675 -0.084542006
v -0.016971767 0.011120752 -0.084588856
v -0.016976885 0.011139358 -0.084606431
v -0.016982844 0.011161770 -0.084618419
v -0.016942974 0.011198450 -0.084625050
v -0.016917320 0.011110879 -0.084517010
v -0.016440205 0.011287916 -0.084603481
v -0.016447537 0.011305828 -0.084620997
v -0.016434578 0.011274916 -0.084581546
v -0.016431041 0.011267710 -0.084556706
v -0.016456075 0.011327427 -0.084632911
v -0.016309794 0.011412907 -0.084643811
v -0.016271219 0.011329713 -0.084536150
v -0.015923517 0.011501041 -0.084601335
v -0.015930772 0.011513321 -0.084623203
v -0.015918957 0.011494288 -0.084576532
v -0.017650476 0.010673971 -0.082169995
v -0.017343722 0.010621252 -0.082065001
v -0.017227987 0.010649524 -0.082117669
v -0.017234355 0.010682241 -0.082157269
v -0.017230751 0.010663309 -0.082139663
v -0.017226247 0.010641825 -0.082092784
v -0.017343722 0.010656114 -0.081666522
v -0.017226247 0.010681200 -0.081642739
v -0.017227987 0.010693102 -0.081619568
v -0.017587315 0.011182187 -0.082214460
v -0.017238550 0.010705030 -0.082169294
v -0.017650476 0.010726265 -0.081572279
v -0.017238550 0.010756730 -0.081578366
v -0.017234355 0.010732200 -0.081586249
v -0.017230751 0.010710497 -0.081600301
v -0.016940875 0.010792064 -0.082180329
v -0.016917320 0.011311340 -0.082225762
v -0.016689364 0.010786603 -0.082150444
v -0.016682345 0.010765693 -0.082103617
v -0.016685054 0.010773171 -0.082128488
v -0.016701519 0.010827333 -0.082179993
v -0.016694980 0.010805078 -0.082168013
v -0.016643062 0.010775595 -0.082078502
v -0.016940875 0.010844359 -0.081582613
v -0.016643062 0.010810458 -0.081680030
v -0.016685054 0.010816749 -0.081630386
v -0.016682345 0.010805068 -0.081653573
v -0.016689364 0.010833792 -0.081611089
v -0.016701519 0.010879032 -0.081589065
v -0.016694980 0.010855036 -0.081596993
v -0.016252819 0.011001416 -0.082198642
v -0.016179383 0.011002296 -0.082195297
v -0.016153526 0.010942895 -0.082119122
v -0.016157178 0.010950055 -0.082143962
v -0.016170563 0.010980804 -0.082183391
v -0.016162990 0.010962985 -0.082165882
v -0.016252819 0.011053711 -0.081600927
v -0.016179383 0.011053995 -0.081604369
v -0.016153526 0.010982269 -0.081669077
v -0.016157178 0.010993633 -0.081645861
v -0.016162990 0.011010175 -0.081626520
v -0.016170563 0.011030762 -0.081612371
v -0.015967965 0.011017930 -0.082099706
v -0.015666315 0.011207673 -0.082203239
v -0.015656861 0.011190701 -0.082185805
v -0.015649606 0.011178421 -0.082163937
v -0.015645046 0.011171669 -0.082139142
v -0.015677325 0.011228179 -0.082215063
v -0.015598080 0.011298446 -0.082224630
v -0.015967965 0.011052792 -0.081701227
v -0.015645046 0.011211043 -0.081689090
v -0.015649606 0.011221999 -0.081665844
v -0.015677325 0.011279879 -0.081624135
v -0.015666315 0.011257631 -0.081632219
v -0.015656861 0.011237890 -0.081646442
v -0.015598080 0.011350741 -0.081626914
v -0.015951239 0.011550798 -0.084652454
v -0.015940227 0.011530292 -0.084640637
v -0.015711825 0.011711258 -0.084669918
v -0.015661046 0.011634151 -0.084562786
v -0.017288586 0.012297956 -0.081709787
v -0.017288586 0.012332819 -0.081311308
v -0.016704733 0.012482026 -0.081725895
v -0.016704733 0.012516889 -0.081327409
v -0.016271219 0.011530174 -0.082244903
v -0.016155925 0.012752723 -0.081749573
v -0.016155925 0.012787586 -0.081351094
v -0.015661046 0.011834613 -0.082271539
v -0.015655030 0.013103704 -0.081780285
v -0.015655030 0.013138567 -0.081381805
v -0.015329519 0.011344275 -0.082128257
v -0.015200341 0.011502738 -0.082239084
v -0.015187250 0.011483431 -0.082227364
v -0.015176007 0.011467488 -0.082210019
v -0.015167380 0.011455998 -0.082188226
v -0.015161957 0.011449741 -0.082163468
v -0.015329519 0.011379138 -0.081729785
v -0.015161957 0.011489116 -0.081713423
v -0.015167380 0.011499576 -0.081690125
v -0.015176007 0.011514677 -0.081670657
v -0.015449877 0.011794129 -0.084647767
v -0.015461336 0.011809930 -0.084665105
v -0.015474680 0.011829074 -0.084676802
v -0.015441085 0.011782747 -0.084625982
v -0.015435558 0.011776558 -0.084601231
v -0.015160207 0.012087941 -0.084702872
v -0.015098169 0.012018524 -0.084596418
v -0.015003567 0.012126810 -0.084676877
v -0.014986923 0.012110972 -0.084630489
v -0.014993347 0.012116491 -0.084655181
v -0.015032394 0.012158754 -0.084705643
v -0.015016885 0.012141225 -0.084694088
v -0.014665213 0.012535944 -0.084742069
v -0.014612462 0.012520010 -0.084727228
v -0.014629942 0.012535693 -0.084738627
v -0.014597452 0.012507179 -0.084710151
v -0.014585935 0.012498076 -0.084688567
v -0.014593074 0.012475669 -0.084636413
v -0.014578694 0.012493322 -0.084663935
v -0.014253156 0.012941522 -0.084764108
v -0.014272387 0.012955151 -0.084775321
v -0.014236066 0.013046918 -0.084786773
v -0.014236643 0.012930455 -0.084747188
v -0.014223971 0.012922705 -0.084725715
v -0.014216006 0.012918801 -0.084701166
v -0.014155169 0.012997072 -0.084682032
v -0.013964223 0.013411853 -0.084815279
v -0.013943484 0.013400459 -0.084804259
v -0.013925674 0.013391312 -0.084787503
v -0.013912009 0.013385036 -0.084766164
v -0.013880760 0.013611346 -0.084836155
v -0.013709326 0.013900055 -0.084857993
v -0.013687340 0.013891052 -0.084847182
v -0.013653970 0.013879256 -0.084809400
v -0.013668458 0.013883957 -0.084830604
v -0.013644863 0.013877268 -0.084785022
v -0.013903419 0.013382059 -0.084741697
v -0.013792612 0.013573020 -0.084732421
v -0.013605913 0.014218715 -0.084889293
v -0.013512155 0.014192783 -0.084786639
v -0.013510903 0.014413618 -0.084902927
v -0.013487944 0.014407129 -0.084892333
v -0.013453101 0.014399149 -0.084854886
v -0.013468229 0.014402194 -0.084875949
v -0.015098169 0.012218985 -0.082305171
v -0.015200341 0.011554439 -0.081648156
v -0.015187250 0.011533389 -0.081656344
v -0.014987860 0.011678070 -0.082257845
v -0.014753168 0.011823244 -0.082267128
v -0.014738125 0.011805336 -0.082255527
v -0.014725206 0.011790595 -0.082238287
v -0.014715293 0.011780026 -0.082216576
v -0.014738206 0.011749273 -0.082163692
v -0.014709062 0.011774349 -0.082191870
v -0.014987860 0.011730364 -0.081660129
v -0.014738206 0.011784136 -0.081765212
v -0.014715293 0.011823605 -0.081718475
v -0.014753168 0.011874945 -0.081676200
v -0.014725206 0.011837783 -0.081698932
v -0.014738125 0.011855295 -0.081684507
v -0.014709062 0.011813723 -0.081741817
v -0.014593074 0.012676130 -0.082345165
v -0.015213787 0.013526741 -0.081817292
v -0.015213787 0.013561605 -0.081418812
v -0.014842538 0.014011921 -0.081859745
v -0.014842538 0.014046784 -0.081461266
v -0.014549986 0.014547870 -0.081906632
v -0.014549986 0.014582733 -0.081508152
v -0.014432601 0.012133792 -0.082297720
v -0.014323406 0.012170190 -0.082287453
v -0.014340252 0.012186513 -0.082298905
v -0.014308940 0.012156811 -0.082270324
v -0.014297839 0.012147286 -0.082248703
v -0.014290862 0.012142266 -0.082224056
v -0.014203736 0.012226274 -0.082205422
v -0.014432601 0.012186086 -0.081700005
v -0.014290862 0.012181641 -0.081774011
v -0.014297839 0.012190864 -0.081750609
v -0.014323406 0.012220149 -0.081716426
v -0.014340252 0.012238214 -0.081707977
v -0.014308940 0.012203999 -0.081730969
v -0.014203736 0.012261137 -0.081806950
v -0.013965695 0.012588933 -0.082334116
v -0.013931344 0.012562496 -0.082305819
v -0.013947215 0.012574366 -0.082322814
v -0.013919167 0.012554128 -0.082284302
v -0.013941802 0.012657816 -0.082343563
v -0.013911513 0.012549835 -0.082259715
v -0.013734884 0.012767446 -0.082252771
v -0.013633221 0.013026506 -0.082372397
v -0.013596173 0.013003618 -0.082344413
v -0.013583040 0.012996509 -0.082323007
v -0.013613289 0.013013849 -0.082361259
v -0.013574784 0.012993008 -0.082298487
v -0.013931344 0.012609684 -0.081766464
v -0.013947215 0.012624325 -0.081751786
v -0.013919167 0.012597707 -0.081786200
v -0.013911513 0.012589211 -0.081809670
v -0.013965695 0.012640634 -0.081743188
v -0.013941802 0.012710110 -0.081745848
v -0.013734884 0.012802308 -0.081854291
v -0.013596173 0.013050806 -0.081805058
v -0.013583040 0.013040087 -0.081824906
v -0.013633221 0.013078206 -0.081781469
v -0.013613289 0.013063807 -0.081790239
v -0.013574784 0.013032382 -0.081848443
v -0.014155169 0.013197533 -0.082390785
v -0.013792612 0.013773480 -0.082441173
v -0.013523863 0.013241175 -0.082394600
v -0.013523863 0.013293468 -0.081796885
v -0.013512155 0.014393244 -0.082495399
v -0.017466124 0.020742740 -0.085460082
v -0.017451147 0.020849952 -0.085369080
v -0.017225632 0.020726921 -0.085455276
v -0.017216764 0.020772953 -0.085433327
v -0.017220862 0.020751344 -0.085447386
v -0.017213622 0.020790277 -0.085414045
v -0.017211646 0.020802135 -0.085390873
v -0.016813269 0.020598240 -0.085447438
v -0.016784968 0.020702504 -0.085356176
v -0.016691133 0.020587996 -0.085443117
v -0.016683744 0.020611739 -0.085435174
v -0.016677400 0.020632764 -0.085421056
v -0.016672533 0.020649640 -0.085401744
v -0.016669473 0.020661214 -0.085378550
v -0.017451147 0.021050414 -0.083077833
v -0.016784968 0.020902963 -0.083064929
v -0.016186245 0.020366525 -0.085427165
v -0.016175607 0.020390328 -0.085425824
v -0.016165696 0.020413103 -0.085417792
v -0.016157184 0.020433296 -0.085403606
v -0.016150653 0.020449534 -0.085384235
v -0.016145147 0.020466059 -0.085335493
v -0.016146548 0.020460708 -0.085361004
v -0.015596734 0.020051913 -0.085399643
v -0.015685542 0.020136401 -0.085403614
v -0.015673229 0.020157931 -0.085395470
v -0.015662657 0.020177059 -0.085381187
v -0.015649445 0.020203138 -0.085338466
v -0.015654545 0.020192478 -0.085361749
v -0.016145147 0.020666521 -0.083044246
v -0.016174152 0.021274181 -0.083083957
v -0.016182955 0.021250943 -0.083091952
v -0.016166592 0.021294774 -0.083069809
v -0.016160792 0.021311319 -0.083050467
v -0.016157145 0.021322686 -0.083027251
v -0.015939662 0.021120610 -0.083083972
v -0.015898565 0.021220144 -0.082992300
v -0.015680742 0.021025406 -0.083072223
v -0.015669746 0.021047661 -0.083064139
v -0.015660305 0.021067409 -0.083049916
v -0.015648505 0.021094264 -0.083007269
v -0.015653059 0.021083305 -0.083030514
v -0.017589403 0.020115996 -0.082393788
v -0.017589403 0.020150859 -0.081995308
v -0.016993118 0.019976990 -0.082381628
v -0.016993118 0.020011853 -0.081983149
v -0.015898725 0.019437185 -0.082334399
v -0.015898725 0.019472048 -0.081935920
v -0.016425120 0.019748937 -0.082361676
v -0.016425120 0.019783800 -0.081963196
v -0.016182955 0.021302642 -0.082501024
v -0.016174152 0.021324139 -0.082512937
v -0.016166592 0.021341963 -0.082530446
v -0.015939662 0.021172903 -0.082486257
v -0.015898565 0.021255007 -0.082593821
v -0.015648505 0.021133639 -0.082557216
v -0.015680742 0.021077106 -0.082481295
v -0.015660305 0.021114597 -0.082510553
v -0.015653059 0.021126883 -0.082532421
v -0.015669746 0.021097619 -0.082493119
v -0.013593153 0.017654032 -0.085186429
v -0.013560805 0.017487736 -0.085175298
v -0.013570596 0.017663408 -0.085177220
v -0.013466126 0.017528521 -0.085078485
v -0.013551228 0.017672097 -0.085162029
v -0.013536365 0.017679507 -0.085141890
v -0.013527022 0.017685132 -0.085118167
v -0.013466126 0.017728981 -0.082787238
v -0.014342986 0.015122024 -0.081956863
v -0.014342986 0.015156887 -0.081558384
v -0.014226392 0.015720930 -0.082009263
v -0.014202936 0.016330546 -0.082062602
v -0.014226392 0.015755791 -0.081610784
v -0.014202936 0.016365409 -0.081664115
v -0.014273167 0.016936583 -0.082115620
v -0.014273167 0.016971447 -0.081717141
v -0.014435439 0.017524840 -0.082167089
v -0.014435439 0.017559703 -0.081768610
v -0.015055717 0.019660266 -0.085365377
v -0.014806034 0.019473216 -0.085345589
v -0.014789417 0.019491499 -0.085337162
v -0.014573272 0.019198880 -0.085325010
v -0.014775147 0.019507837 -0.085322641
v -0.014764197 0.019521117 -0.085303009
v -0.014757315 0.019530430 -0.085279614
v -0.015543606 0.020145027 -0.085307404
v -0.015227094 0.019829411 -0.085376754
v -0.015212539 0.019849438 -0.085368477
v -0.015190448 0.019881703 -0.085334554
v -0.015200039 0.019867275 -0.085354082
v -0.015184419 0.019891739 -0.085311227
v -0.014991548 0.019745387 -0.085272439
v -0.015543606 0.020345489 -0.083016157
v -0.015304533 0.020783966 -0.083054520
v -0.015203565 0.020751176 -0.083048232
v -0.015190488 0.020772235 -0.083040044
v -0.015179257 0.020790955 -0.083025724
v -0.015170639 0.020806063 -0.083006263
v -0.015264617 0.020885209 -0.082962997
v -0.015165223 0.020816525 -0.082982965
v -0.014991548 0.019945849 -0.082981192
v -0.014718946 0.020367617 -0.083018094
v -0.014756169 0.020430980 -0.083020218
v -0.014728231 0.020468161 -0.082997486
v -0.014741139 0.020450640 -0.083011903
v -0.014712102 0.020492231 -0.082954593
v -0.014718328 0.020482346 -0.082977936
v -0.014678868 0.020472264 -0.082926862
v -0.014158387 0.018676346 -0.085279293
v -0.014096715 0.018631693 -0.085271962
v -0.014059373 0.018658657 -0.085248344
v -0.014076625 0.018645857 -0.085263178
v -0.014046135 0.018669220 -0.085228473
v -0.014037813 0.018676829 -0.085204929
v -0.014075904 0.018741388 -0.085184596
v -0.014427655 0.019072296 -0.085310511
v -0.014409185 0.019088617 -0.085301913
v -0.014499257 0.019274585 -0.085231245
v -0.014381154 0.019115254 -0.085267499
v -0.014393325 0.019103268 -0.085287243
v -0.014373504 0.019123755 -0.085244037
v -0.013818789 0.018102402 -0.085229076
v -0.013817377 0.018156948 -0.085230425
v -0.013795919 0.018168787 -0.085221440
v -0.013729376 0.018155729 -0.085133359
v -0.013777493 0.018179592 -0.085206434
v -0.013763353 0.018188624 -0.085186429
v -0.013754465 0.018195270 -0.085162804
v -0.014499257 0.019475045 -0.082940005
v -0.014075904 0.018941848 -0.082893357
v -0.013729376 0.018356191 -0.082842112
v -0.013949692 0.019682158 -0.082944669
v -0.013968163 0.019665835 -0.082953274
v -0.013933832 0.019696809 -0.082929999
v -0.013921661 0.019708795 -0.082910262
v -0.013735457 0.019325539 -0.082926922
v -0.013635384 0.019228494 -0.082915008
v -0.013615461 0.019242907 -0.082906239
v -0.013598353 0.019255919 -0.082891427
v -0.013585226 0.019266646 -0.082871579
v -0.013576973 0.019274358 -0.082848042
v -0.013689490 0.019440640 -0.082836606
v -0.014343000 0.020067997 -0.082988456
v -0.014326165 0.020086072 -0.082980007
v -0.014300617 0.020115376 -0.082945831
v -0.014311709 0.020102233 -0.082965471
v -0.014293645 0.020124603 -0.082922429
v -0.014192920 0.019878685 -0.082975321
v -0.014150936 0.019988090 -0.082884505
v -0.013914011 0.019717297 -0.082886793
v -0.015426270 0.019049035 -0.082300439
v -0.015426270 0.019083899 -0.081901960
v -0.015018828 0.018593591 -0.082260594
v -0.014685951 0.018081525 -0.082215793
v -0.015018828 0.018628454 -0.081862114
v -0.014685951 0.018116388 -0.081817314
v -0.015304533 0.020836260 -0.082456805
v -0.015264617 0.020920072 -0.082564518
v -0.015179257 0.020838143 -0.082486369
v -0.015190488 0.020822193 -0.082469024
v -0.015203565 0.020802878 -0.082457304
v -0.015170639 0.020849641 -0.082508162
v -0.015165223 0.020855900 -0.082532920
v -0.014712102 0.020531606 -0.082504548
v -0.014718328 0.020525925 -0.082479842
v -0.014728231 0.020515349 -0.082458131
v -0.014678868 0.020507127 -0.082528390
v -0.014718946 0.020419911 -0.082420379
v -0.014756169 0.020482680 -0.082429290
v -0.014741139 0.020500598 -0.082440883
v -0.013735457 0.019377833 -0.082329206
v -0.013635384 0.019280193 -0.082324080
v -0.013615461 0.019292865 -0.082335219
v -0.013689490 0.019475501 -0.082438134
v -0.013585226 0.019310227 -0.082373478
v -0.013598353 0.019303108 -0.082352072
v -0.013576973 0.019313732 -0.082397997
v -0.014343000 0.020119697 -0.082397528
v -0.014293645 0.020163978 -0.082472384
v -0.014326165 0.020136032 -0.082408987
v -0.014300617 0.020158954 -0.082447737
v -0.014311709 0.020149421 -0.082426116
v -0.014150936 0.020022953 -0.082486026
v -0.014192920 0.019930981 -0.082377598
v -0.013949692 0.019732116 -0.082373649
v -0.013921661 0.019752374 -0.082412161
v -0.013933832 0.019743998 -0.082390644
v -0.013968163 0.019717537 -0.082362346
v -0.013914011 0.019756671 -0.082436748
v -0.013443591 0.014398203 -0.084830597
v -0.013339349 0.013363902 -0.082304955
v -0.013346134 0.013494881 -0.082413375
v -0.013324949 0.013484268 -0.082402416
v -0.013306757 0.013475792 -0.082385726
v -0.013284022 0.013467376 -0.082339987
v -0.013292798 0.013470031 -0.082364433
v -0.013185933 0.013873887 -0.082449958
v -0.013065971 0.013974329 -0.082429342
v -0.013042118 0.013968228 -0.082383811
v -0.013051325 0.013969989 -0.082408175
v -0.013339349 0.013398765 -0.081906475
v -0.013346134 0.013546581 -0.081822447
v -0.013324949 0.013534227 -0.081831396
v -0.013284022 0.013506751 -0.081889942
v -0.013292798 0.013513610 -0.081866331
v -0.013306757 0.013522981 -0.081846364
v -0.013185933 0.013926181 -0.081852242
v -0.013107286 0.013989406 -0.082456641
v -0.013085059 0.013980951 -0.082445875
v -0.013023626 0.014005848 -0.082361117
v -0.013042118 0.014007603 -0.081933767
v -0.013023626 0.014040710 -0.081962645
v -0.012919053 0.014505163 -0.082501769
v -0.012933796 0.014545128 -0.082508683
v -0.013107286 0.014041105 -0.081865713
v -0.013085059 0.014030910 -0.081874855
v -0.013065971 0.014021517 -0.081889980
v -0.013051325 0.014013568 -0.081910074
v -0.012919053 0.014556863 -0.081910841
v -0.012933796 0.014597422 -0.081910968
v -0.012896003 0.014498960 -0.082491197
v -0.012876211 0.014494270 -0.082474828
v -0.012861023 0.014491415 -0.082453795
v -0.012851476 0.014490586 -0.082429513
v -0.012792899 0.014682744 -0.082420342
v -0.012861023 0.014534993 -0.081955694
v -0.012876211 0.014541459 -0.081935473
v -0.012851476 0.014529961 -0.081979461
v -0.012792899 0.014717607 -0.082021862
v -0.012896003 0.014548918 -0.081920169
v -0.013416645 0.014857708 -0.084945202
v -0.013371447 0.014946084 -0.084949508
v -0.013347805 0.014942202 -0.084939145
v -0.013319025 0.014844817 -0.084843688
v -0.013327505 0.014939506 -0.084922954
v -0.013311926 0.014938179 -0.084902048
v -0.013302134 0.014938313 -0.084877849
v -0.013292714 0.015490756 -0.084997162
v -0.013268687 0.015489541 -0.084987029
v -0.013316482 0.015516425 -0.085002832
v -0.013248054 0.015489135 -0.084971040
v -0.013232223 0.015489566 -0.084950291
v -0.013222270 0.015490804 -0.084926188
v -0.013216818 0.015516977 -0.084902495
v -0.013251582 0.016042262 -0.085035391
v -0.013275692 0.016040785 -0.085045286
v -0.013307290 0.016182592 -0.085061111
v -0.013230878 0.016044170 -0.085019603
v -0.013214990 0.016046375 -0.084999003
v -0.013205004 0.016048729 -0.084974997
v -0.013207437 0.016196741 -0.084961966
v -0.013207437 0.016397201 -0.082670718
v -0.012674118 0.016127832 -0.082643732
v -0.012650000 0.016128711 -0.082633778
v -0.013389239 0.016843801 -0.085118964
v -0.013320597 0.016589254 -0.085093267
v -0.013296706 0.016593419 -0.085083611
v -0.013276190 0.016597630 -0.085068025
v -0.013260448 0.016601605 -0.085047580
v -0.013250553 0.016605072 -0.085023671
v -0.013426863 0.017129267 -0.085140519
v -0.013403492 0.017136075 -0.085131086
v -0.013383424 0.017142558 -0.085115701
v -0.013368024 0.017148275 -0.085095406
v -0.013358344 0.017152837 -0.085071601
v -0.013291060 0.016871443 -0.085020997
v -0.013291060 0.017071905 -0.082729749
v -0.013056220 0.018065393 -0.082816675
v -0.012920183 0.017750330 -0.082785688
v -0.012727522 0.016673056 -0.082694858
v -0.012701769 0.016675929 -0.082691684
v -0.012677771 0.016679199 -0.082681946
v -0.012657165 0.016682647 -0.082666293
v -0.012784063 0.017218560 -0.082739159
v -0.012760425 0.017224200 -0.082729623
v -0.012740127 0.017229680 -0.082714155
v -0.012724550 0.017234627 -0.082693793
v -0.012714759 0.017238704 -0.082669944
v -0.012641352 0.016686033 -0.082645804
v -0.012846068 0.017379956 -0.082756706
v -0.012773648 0.017512800 -0.082667939
v -0.012897139 0.017758291 -0.082776353
v -0.012877351 0.017765764 -0.082761057
v -0.012862166 0.017772242 -0.082740836
v -0.012852621 0.017777281 -0.082717061
v -0.013319025 0.015045279 -0.082552440
v -0.013216818 0.015717437 -0.082611248
v -0.012783303 0.015037028 -0.082548298
v -0.012759661 0.015033146 -0.082537927
v -0.012723782 0.015029124 -0.082500838
v -0.012739359 0.015030451 -0.082521744
v -0.012713989 0.015029258 -0.082476638
v -0.012759661 0.015083105 -0.081966907
v -0.012783303 0.015088729 -0.081957370
v -0.012739359 0.015077639 -0.081982382
v -0.012723782 0.015072702 -0.082002737
v -0.012713989 0.015068633 -0.082026593
v -0.012771766 0.015243411 -0.082569778
v -0.012701387 0.015579716 -0.082595780
v -0.012656779 0.015577541 -0.082569607
v -0.012677387 0.015578203 -0.082585618
v -0.012771766 0.015295705 -0.081972063
v -0.012650956 0.015383475 -0.082481645
v -0.012640966 0.015577775 -0.082548842
v -0.012631025 0.015578889 -0.082524724
v -0.012650956 0.015418338 -0.082083173
v -0.012702613 0.015956789 -0.082632191
v -0.012677387 0.015628161 -0.082014598
v -0.012656779 0.015624729 -0.082030244
v -0.012701387 0.015631417 -0.082004853
v -0.012702613 0.016009083 -0.082034476
v -0.012674118 0.016179532 -0.082052805
v -0.012631025 0.015618264 -0.082074679
v -0.012640966 0.015621354 -0.082050741
v -0.012600129 0.016096536 -0.082544036
v -0.012629290 0.016130103 -0.082617953
v -0.012613398 0.016131913 -0.082597323
v -0.012603408 0.016134020 -0.082573295
v -0.012600129 0.016131397 -0.082145557
v -0.012603408 0.016173394 -0.082123250
v -0.012650000 0.016178669 -0.082062759
v -0.012629290 0.016177291 -0.082078591
v -0.012613398 0.016175492 -0.082099222
v -0.012920183 0.017802032 -0.082194760
v -0.012657165 0.016729835 -0.082126930
v -0.012677771 0.016729159 -0.082110919
v -0.012727522 0.016725350 -0.082097143
v -0.012701769 0.016727628 -0.082100756
v -0.012631412 0.016689129 -0.082621865
v -0.012641251 0.016810216 -0.082606472
v -0.012641352 0.016729612 -0.082147703
v -0.012631412 0.016728504 -0.082171813
v -0.012641251 0.016845079 -0.082207993
v -0.012846068 0.017432250 -0.082158990
v -0.012724550 0.017278206 -0.082195699
v -0.012784063 0.017270260 -0.082148232
v -0.012760425 0.017274158 -0.082158603
v -0.012740127 0.017276868 -0.082174793
v -0.012714759 0.017278079 -0.082219899
v -0.012773648 0.017547661 -0.082269467
v -0.012897139 0.017808251 -0.082205333
v -0.012852621 0.017816655 -0.082267016
v -0.012862166 0.017815821 -0.082242735
v -0.012877351 0.017812954 -0.082221694
v -0.013354383 0.018717641 -0.082873739
v -0.013347969 0.018760318 -0.082874052
v -0.013326792 0.018772686 -0.082865104
v -0.013308607 0.018783944 -0.082850136
v -0.013294653 0.018793326 -0.082830168
v -0.013302105 0.018838897 -0.082783960
v -0.013285882 0.018800190 -0.082806557
v -0.013108777 0.018265959 -0.082830794
v -0.013086556 0.018276170 -0.082821660
v -0.013052832 0.018293535 -0.082786441
v -0.013067475 0.018285576 -0.082806535
v -0.012995144 0.018192748 -0.082727432
v -0.013043628 0.018299505 -0.082762755
v -0.013347969 0.018812018 -0.082283124
v -0.013326792 0.018822644 -0.082294077
v -0.013302105 0.018873760 -0.082385488
v -0.013294653 0.018836904 -0.082332067
v -0.013285882 0.018839564 -0.082356513
v -0.013308607 0.018831134 -0.082310773
v -0.013354383 0.018769937 -0.082276024
v -0.013052832 0.018337114 -0.082288340
v -0.012995144 0.018227611 -0.082328953
v -0.013043628 0.018338880 -0.082312703
v -0.013056220 0.018117689 -0.082218960
v -0.013108777 0.018317658 -0.082239866
v -0.013086556 0.018326128 -0.082250640
v -0.013067475 0.018332765 -0.082267173
v -0.017314417 0.021533201 -0.083120070
v -0.017242331 0.021547474 -0.083117895
v -0.017238151 0.021572009 -0.083110012
v -0.017268799 0.021635359 -0.083028622
v -0.017234562 0.021593712 -0.083095960
v -0.017231807 0.021611109 -0.083076693
v -0.017230077 0.021623014 -0.083053529
v -0.016705215 0.021425543 -0.083107233
v -0.016698690 0.021449544 -0.083099298
v -0.016693089 0.021470793 -0.083085209
v -0.016688790 0.021487838 -0.083065912
v -0.016686087 0.021499522 -0.083042718
v -0.016613467 0.021371787 -0.083105952
v -0.016570302 0.021471571 -0.083014295
v -0.017314417 0.021585494 -0.082522355
v -0.017242331 0.021599175 -0.082526967
v -0.017238151 0.021621967 -0.082538992
v -0.017268799 0.021670222 -0.082630150
v -0.017231807 0.021654688 -0.082578599
v -0.017234562 0.021640901 -0.082556605
v -0.017230077 0.021662388 -0.082603477
v -0.016705215 0.021477243 -0.082516305
v -0.016686087 0.021538896 -0.082592674
v -0.016688790 0.021531416 -0.082567811
v -0.016693089 0.021517981 -0.082545847
v -0.016698690 0.021499503 -0.082528278
v -0.016613467 0.021424081 -0.082508229
v -0.016570302 0.021506432 -0.082615815
v -0.016157145 0.021362061 -0.082577206
v -0.016160792 0.021354897 -0.082552366
v -0.024672136 0.014648612 -0.045577165
v -0.024145158 0.014000325 -0.045520443
v -0.023553045 0.013410465 -0.045468837
v -0.024063736 0.014674622 -0.045579437
v -0.023503302 0.014049880 -0.045524780
v -0.023503302 0.014224194 -0.043532390
v -0.022902282 0.012885493 -0.045422908
v -0.022200000 0.012431161 -0.045383159
v -0.022190241 0.013006735 -0.045433514
v -0.022876173 0.013491578 -0.045475934
v -0.022876173 0.013665892 -0.043483544
v -0.022190241 0.013181048 -0.043441128
v -0.026025182 0.017676037 -0.045842033
v -0.025511960 0.017670443 -0.045841545
v -0.026156176 0.018499954 -0.045914117
v -0.026200000 0.019332999 -0.045986999
v -0.025699999 0.019332999 -0.045986999
v -0.025652841 0.018496461 -0.045913812
v -0.025652841 0.020169538 -0.046060190
v -0.025511960 0.020995555 -0.046132457
v -0.025508363 0.016091488 -0.045703400
v -0.025808452 0.016870271 -0.045771535
v -0.025279125 0.016865334 -0.045771103
v -0.025279125 0.017039647 -0.043778714
v -0.025511960 0.017844757 -0.043849155
v -0.025128203 0.015348221 -0.045638371
v -0.024957266 0.016091255 -0.045703381
v -0.024550432 0.015357944 -0.045639224
v -0.024957266 0.016265569 -0.043710992
v -0.024550432 0.015532258 -0.043646835
v -0.025699999 0.019507313 -0.043994609
v -0.025652841 0.018670775 -0.043921422
v -0.025652841 0.020343851 -0.044067800
v -0.025511960 0.021169869 -0.044140067
v -0.024063736 0.014848935 -0.043587051
v -0.022639425 0.017215742 -0.043794122
v -0.022911305 0.017839288 -0.043848675
v -0.022911305 0.017882867 -0.043350577
v -0.022639425 0.017259320 -0.043296024
v -0.022284849 0.016634885 -0.043743301
v -0.022284849 0.016678464 -0.043245204
v -0.023095420 0.018493906 -0.043905947
v -0.023095420 0.018537484 -0.043407850
v -0.023188343 0.019167401 -0.043964870
v -0.023188343 0.019210979 -0.043466773
v -0.023188343 0.019847227 -0.044024348
v -0.023095420 0.020520722 -0.044083275
v -0.023188343 0.019890806 -0.043526251
v -0.023095420 0.020564301 -0.043585178
v -0.021964559 0.018203970 -0.043378670
v -0.022126833 0.018792227 -0.043430138
v -0.022197064 0.019398265 -0.043483160
v -0.022911305 0.021175340 -0.044140548
v -0.022911305 0.021218918 -0.043642450
v -0.022173608 0.020007880 -0.043536495
v -0.022057014 0.020606784 -0.043588895
v -0.021964559 0.018465441 -0.040390089
v -0.022126833 0.019053698 -0.040441554
v -0.022197064 0.019659735 -0.040494576
v -0.022173608 0.020269351 -0.040547911
v -0.022057014 0.020868257 -0.040600311
v -0.021453893 0.012052448 -0.045350026
v -0.021454128 0.012601448 -0.045398057
v -0.021454128 0.012775762 -0.043405667
v -0.020672135 0.011753501 -0.045323871
v -0.020677093 0.012280814 -0.045370005
v -0.019863294 0.011537598 -0.045304980
v -0.019868907 0.012048866 -0.045349713
v -0.020677093 0.012455128 -0.043377616
v -0.019868907 0.012223179 -0.043357324
v -0.019036228 0.011407102 -0.045293562
v -0.018200001 0.011363443 -0.045289744
v -0.019039733 0.011908520 -0.045337431
v -0.019039733 0.012082834 -0.043345045
v -0.019548984 0.014711048 -0.043574985
v -0.019548984 0.014754627 -0.043076888
v -0.018880833 0.014572734 -0.043562885
v -0.018880833 0.014616312 -0.043064788
v -0.018200001 0.011861540 -0.045333322
v -0.018200001 0.012035855 -0.043340933
v -0.018200001 0.014526341 -0.043558825
v -0.018200001 0.014569920 -0.043060727
v -0.021854179 0.016107535 -0.043697163
v -0.021854179 0.016151113 -0.043199066
v -0.021355439 0.015643517 -0.043656569
v -0.021355439 0.015687095 -0.043158472
v -0.021714048 0.017647285 -0.043329965
v -0.021381171 0.017135218 -0.043285165
v -0.020973731 0.016679773 -0.043245319
v -0.020797919 0.015251474 -0.043622267
v -0.020797919 0.015295053 -0.043124169
v -0.020501275 0.016291626 -0.043211360
v -0.020192005 0.014938709 -0.043594904
v -0.020192005 0.014982288 -0.043096807
v -0.019974880 0.015979871 -0.043184087
v -0.021714048 0.017908756 -0.040341385
v -0.020973731 0.016941244 -0.040256735
v -0.021381171 0.017396690 -0.040296584
v -0.019974880 0.016241342 -0.040195502
v -0.020501275 0.016553096 -0.040222775
v -0.021850014 0.021180941 -0.043639127
v -0.019406883 0.015751820 -0.043164134
v -0.018810596 0.015612814 -0.043151971
v -0.018200001 0.015566114 -0.043147884
v -0.019406883 0.016013291 -0.040175550
v -0.018810596 0.015874285 -0.040163387
v -0.018200001 0.015827585 -0.040159304
v -0.026165927 0.030207932 -0.062339913
v -0.026066026 0.030448195 -0.062360935
v -0.025907107 0.030654514 -0.062378984
v -0.025699999 0.030812828 -0.062392835
v -0.025458818 0.030912349 -0.062401541
v -0.026165927 0.030653678 -0.057245091
v -0.026066026 0.030893940 -0.057266109
v -0.025907107 0.031100260 -0.057284161
v -0.025699999 0.031258576 -0.057298012
v -0.025458818 0.031358093 -0.057306718
v -0.026165927 0.031099424 -0.052150264
v -0.025699999 0.031704318 -0.052203190
v -0.026066026 0.031339686 -0.052171286
v -0.025907107 0.031546004 -0.052189335
v -0.025458818 0.031803839 -0.052211896
v -0.025279125 0.021800667 -0.046202894
v -0.024957266 0.022574745 -0.046270620
v -0.024550432 0.023308055 -0.046334777
v -0.024063736 0.023991378 -0.046394560
v -0.023503302 0.024616120 -0.046449218
v -0.022876173 0.025174422 -0.046498064
v -0.022190241 0.025659265 -0.046540484
v -0.025279125 0.021974981 -0.044210508
v -0.024957266 0.022749059 -0.044278231
v -0.024550432 0.023482369 -0.044342387
v -0.024063736 0.024165692 -0.044402171
v -0.022639425 0.021798884 -0.044195101
v -0.022639425 0.021842463 -0.043697003
v -0.022284849 0.022379743 -0.044245921
v -0.022284849 0.022423321 -0.043747824
v -0.023503302 0.024790434 -0.044456832
v -0.022876173 0.025348736 -0.044505674
v -0.022190241 0.025833579 -0.044548094
v -0.026200000 0.031287335 -0.047032885
v -0.026165927 0.031545170 -0.047055442
v -0.026066026 0.031785432 -0.047076464
v -0.025907107 0.031991750 -0.047094513
v -0.025699999 0.032150064 -0.047108363
v -0.025458818 0.032249585 -0.047117069
v -0.025200000 0.032283530 -0.047120042
v -0.023000000 0.032283530 -0.047120042
v -0.021454128 0.026064552 -0.046575941
v -0.020677093 0.026385186 -0.046603996
v -0.019868907 0.026617134 -0.046624288
v -0.019039733 0.026757481 -0.046636567
v -0.018200001 0.026804458 -0.046640676
v -0.021557461 0.021716889 -0.043686017
v -0.021854179 0.022907093 -0.044292059
v -0.021854179 0.022950672 -0.043793961
v -0.021186212 0.022202067 -0.043728463
v -0.021355439 0.023371112 -0.044332653
v -0.021355439 0.023414690 -0.043834556
v -0.020744970 0.022625105 -0.043765478
v -0.020244075 0.022976087 -0.043796185
v -0.020797919 0.023763154 -0.044366952
v -0.020797919 0.023806732 -0.043868858
v -0.020192005 0.024075918 -0.044394318
v -0.020192005 0.024119496 -0.043896221
v -0.021850014 0.021442411 -0.040650543
v -0.021557461 0.021978360 -0.040697433
v -0.021186212 0.022463540 -0.040739883
v -0.020744970 0.022886576 -0.040776893
v -0.020244075 0.023237558 -0.040807601
v -0.021454128 0.026238866 -0.044583555
v -0.020677093 0.026559500 -0.044611607
v -0.019868907 0.026791448 -0.044631898
v -0.019548984 0.024303580 -0.044414237
v -0.018880833 0.024441894 -0.044426337
v -0.019695269 0.023246784 -0.043819867
v -0.019548984 0.024347158 -0.043916140
v -0.019111414 0.023430852 -0.043835972
v -0.018880833 0.024485473 -0.043928239
v -0.018200001 0.024488287 -0.044430397
v -0.018506197 0.023523979 -0.043844119
v -0.017893802 0.023523979 -0.043844119
v -0.018200001 0.024531865 -0.043932300
v -0.019695269 0.023508254 -0.040831283
v -0.019111414 0.023692325 -0.040847387
v -0.018506197 0.023785450 -0.040855534
v -0.017893802 0.023785450 -0.040855534
v -0.019039733 0.026931794 -0.044644177
v -0.018200001 0.026978774 -0.044648290
v -0.017360266 0.011908520 -0.045337431
v -0.017360266 0.012082834 -0.043345045
v -0.017519167 0.014572734 -0.043562885
v -0.017519167 0.014616312 -0.043064788
v -0.016851015 0.014711048 -0.043574985
v -0.016851015 0.014754627 -0.043076888
v -0.016531093 0.012048866 -0.045349713
v -0.015722906 0.012280814 -0.045370005
v -0.016531093 0.012223179 -0.043357324
v -0.015722906 0.012455128 -0.043377616
v -0.014945872 0.012601448 -0.045398057
v -0.014945872 0.012775762 -0.043405667
v -0.014209759 0.013006735 -0.045433514
v -0.013523826 0.013491578 -0.045475934
v -0.014209759 0.013181048 -0.043441128
v -0.013523826 0.013665892 -0.043483544
v -0.017589403 0.015612814 -0.043151971
v -0.016993118 0.015751820 -0.043164134
v -0.016207995 0.014938709 -0.043594904
v -0.016207995 0.014982288 -0.043096807
v -0.016425120 0.015979871 -0.043184087
v -0.015602080 0.015251474 -0.043622267
v -0.015602080 0.015295053 -0.043124169
v -0.015898725 0.016291626 -0.043211360
v -0.017589403 0.015874285 -0.040163387
v -0.016993118 0.016013291 -0.040175550
v -0.016425120 0.016241342 -0.040195502
v -0.015898725 0.016553096 -0.040222775
v -0.015044561 0.015643517 -0.043656569
v -0.015044561 0.015687095 -0.043158472
v -0.014545820 0.016107535 -0.043697163
v -0.014545820 0.016151113 -0.043199066
v -0.015426270 0.016679773 -0.043245319
v -0.015018828 0.017135218 -0.043285165
v -0.014685951 0.017647285 -0.043329965
v -0.014115151 0.016634885 -0.043743301
v -0.014115151 0.016678464 -0.043245204
v -0.013760574 0.017215742 -0.043794122
v -0.013488695 0.017839288 -0.043848675
v -0.013760574 0.017259320 -0.043296024
v -0.013488695 0.017882867 -0.043350577
v -0.015426270 0.016941244 -0.040256735
v -0.015018828 0.017396690 -0.040296584
v -0.014685951 0.017908756 -0.040341385
v -0.014549986 0.021180941 -0.043639127
v -0.014435439 0.018203970 -0.043378670
v -0.014273167 0.018792227 -0.043430138
v -0.014202936 0.019398265 -0.043483160
v -0.014226392 0.020007880 -0.043536495
v -0.014342986 0.020606784 -0.043588895
v -0.013488695 0.021175340 -0.044140548
v -0.013488695 0.021218918 -0.043642450
v -0.014435439 0.018465441 -0.040390089
v -0.014273167 0.019053698 -0.040441554
v -0.014202936 0.019659735 -0.040494576
v -0.014226392 0.020269351 -0.040547911
v -0.014342986 0.020868257 -0.040600311
v -0.012896699 0.014049880 -0.045524780
v -0.012896699 0.014224194 -0.043532390
v -0.012336264 0.014674622 -0.045579437
v -0.010888041 0.017670443 -0.045841545
v -0.010747159 0.018496461 -0.045913812
v -0.010700000 0.019332999 -0.045986999
v -0.010888041 0.020995555 -0.046132457
v -0.010747159 0.020169538 -0.046060190
v -0.011849568 0.015357944 -0.045639224
v -0.011442734 0.016091255 -0.045703381
v -0.012336264 0.014848935 -0.043587051
v -0.011849568 0.015532258 -0.043646835
v -0.011442734 0.016265569 -0.043710992
v -0.013304580 0.018493906 -0.043905947
v -0.013304580 0.018537484 -0.043407850
v -0.013211656 0.019167401 -0.043964870
v -0.013211656 0.019210979 -0.043466773
v -0.013211656 0.019847227 -0.044024348
v -0.013304580 0.020520722 -0.044083275
v -0.013211656 0.019890806 -0.043526251
v -0.013304580 0.020564301 -0.043585178
v -0.011120875 0.016865334 -0.045771103
v -0.011120875 0.017039647 -0.043778714
v -0.010888041 0.017844757 -0.043849155
v -0.010747159 0.018670775 -0.043921422
v -0.010700000 0.019507313 -0.043994609
v -0.010888041 0.021169869 -0.044140067
v -0.010747159 0.020343851 -0.044067800
v -0.017360266 0.026757481 -0.046636567
v -0.016531093 0.026617134 -0.046624288
v -0.015722906 0.026385186 -0.046603996
v -0.014945872 0.026064552 -0.046575941
v -0.014209759 0.025659265 -0.046540484
v -0.013523826 0.025174422 -0.046498064
v -0.017519167 0.024441894 -0.044426337
v -0.016851015 0.024303580 -0.044414237
v -0.017288586 0.023430852 -0.043835972
v -0.017519167 0.024485473 -0.043928239
v -0.016704733 0.023246784 -0.043819867
v -0.016851015 0.024347158 -0.043916140
v -0.016155925 0.022976087 -0.043796185
v -0.015655030 0.022625105 -0.043765478
v -0.016207995 0.024075918 -0.044394318
v -0.016207995 0.024119496 -0.043896221
v -0.015602080 0.023763154 -0.044366952
v -0.015602080 0.023806732 -0.043868858
v -0.017288586 0.023692325 -0.040847387
v -0.016704733 0.023508254 -0.040831283
v -0.015655030 0.022886576 -0.040776893
v -0.016155925 0.023237558 -0.040807601
v -0.017360266 0.026931794 -0.044644177
v -0.016531093 0.026791448 -0.044631898
v -0.015722906 0.026559500 -0.044611607
v -0.015213787 0.022202067 -0.043728463
v -0.014842538 0.021716889 -0.043686017
v -0.014545820 0.022907093 -0.044292059
v -0.014545820 0.022950672 -0.043793961
v -0.015044561 0.023371112 -0.044332653
v -0.015044561 0.023414690 -0.043834556
v -0.014115151 0.022379743 -0.044245921
v -0.014115151 0.022423321 -0.043747824
v -0.013760574 0.021798884 -0.044195101
v -0.013760574 0.021842463 -0.043697003
v -0.015213787 0.022463540 -0.040739883
v -0.014842538 0.021978360 -0.040697433
v -0.014549986 0.021442411 -0.040650543
v -0.014945872 0.026238866 -0.044583555
v -0.014209759 0.025833579 -0.044548094
v -0.013523826 0.025348736 -0.044505674
v -0.012896699 0.024616120 -0.046449218
v -0.011442734 0.022574745 -0.046270620
v -0.012336264 0.023991378 -0.046394560
v -0.011849568 0.023308055 -0.046334777
v -0.011120875 0.021800667 -0.046202894
v -0.011442734 0.022749059 -0.044278231
v -0.012336264 0.024165692 -0.044402171
v -0.011849568 0.023482369 -0.044342387
v -0.012896699 0.024790434 -0.044456832
v -0.011120875 0.021974981 -0.044210508
v -0.023000000 0.044903185 -0.084160887
v -0.021966767 0.045073681 -0.082212143
v -0.022330128 0.045121077 -0.081670403
v -0.022619398 0.045172200 -0.081086047
v -0.022829629 0.045226179 -0.080469087
v -0.022957224 0.045282088 -0.079830058
v -0.023000000 0.045338970 -0.079179913
v -0.021535534 0.045030821 -0.082701996
v -0.021043807 0.044993237 -0.083131589
v -0.020500001 0.044961568 -0.083493568
v -0.019913416 0.044936355 -0.083781734
v -0.019294094 0.044918034 -0.083991162
v -0.018652631 0.044906911 -0.084118277
v -0.017999999 0.044903185 -0.084160887
v -0.023000000 0.053570081 -0.084919155
v -0.020249354 0.054007396 -0.079920657
v -0.019271439 0.053883027 -0.081342198
v -0.019799080 0.053942900 -0.080657832
v -0.018672613 0.053828474 -0.081965715
v -0.018009629 0.053779885 -0.082521081
v -0.020616980 0.054075759 -0.079139300
v -0.019928219 0.055887695 -0.080619164
v -0.020100391 0.055911168 -0.080350883
v -0.020012965 0.055898648 -0.080494016
v -0.017764142 0.055691224 -0.082864814
v -0.018875472 0.055773083 -0.081929192
v -0.019069491 0.055790126 -0.081734419
v -0.019222844 0.055855699 -0.081408389
v -0.019049421 0.056006633 -0.081370324
v -0.018953227 0.055779535 -0.081855476
v -0.019622590 0.055848211 -0.081070490
v -0.019680254 0.055855662 -0.080985337
v -0.019797742 0.055882137 -0.080812730
v -0.019676685 0.055943161 -0.080777392
v -0.019609379 0.055958021 -0.080819666
v -0.019609379 0.056170154 -0.080607533
v -0.019609379 0.056355055 -0.080623709
v -0.019520145 0.055836584 -0.081203364
v -0.019698955 0.056369781 -0.080455393
v -0.019709181 0.056371462 -0.080436185
v -0.019162077 0.056309156 -0.081148311
v -0.019142790 0.056307178 -0.081170931
v -0.018496772 0.055741671 -0.082288228
v -0.018447578 0.055737592 -0.082334869
v -0.018318854 0.055728160 -0.082442693
v -0.018701596 0.055771016 -0.082095034
v -0.018647198 0.055859298 -0.081948124
v -0.018489463 0.056240141 -0.081937157
v -0.018701596 0.055843111 -0.081920981
v -0.018600287 0.056251511 -0.081807181
v -0.018580884 0.056249522 -0.081829943
v -0.018489463 0.056055244 -0.081920981
v -0.017881753 0.056199878 -0.082397372
v -0.017845156 0.056197453 -0.082425088
v -0.020897649 0.054147184 -0.078322925
v -0.021088071 0.054220833 -0.077481106
v -0.020993805 0.056107357 -0.078108467
v -0.021030776 0.056121659 -0.077945024
v -0.021061562 0.056138266 -0.077755168
v -0.021161107 0.056196284 -0.077092074
v -0.021101596 0.056159869 -0.077508278
v -0.021080844 0.056154344 -0.077636585
v -0.021142092 0.056181718 -0.077258535
v -0.020680105 0.056018524 -0.079123825
v -0.020497289 0.055978261 -0.079584040
v -0.020550827 0.055990051 -0.079449266
v -0.020425912 0.055964988 -0.079735748
v -0.020611525 0.056011770 -0.079297088
v -0.020419681 0.056091234 -0.079297088
v -0.020358389 0.056311708 -0.079201736
v -0.020363616 0.056306932 -0.079191424
v -0.020358389 0.056340311 -0.079204239
v -0.020375472 0.056296099 -0.079168029
v -0.020358389 0.056478187 -0.079216301
v -0.020808635 0.056048699 -0.078778945
v -0.020754142 0.056034833 -0.078937449
v -0.020449445 0.056506772 -0.078889601
v -0.020454457 0.056508344 -0.078871615
v -0.020610766 0.056273390 -0.078450806
v -0.020105205 0.056436565 -0.079692043
v -0.020115366 0.056438234 -0.079672948
v -0.020882480 0.056236509 -0.077636585
v -0.020794613 0.056448642 -0.077636585
v -0.020681337 0.056579567 -0.078057580
v -0.020686317 0.056581128 -0.078039713
v -0.020794613 0.056615122 -0.077651151
v -0.020819843 0.056655679 -0.077187590
v -0.021186013 0.054295845 -0.076623715
v -0.021190325 0.054371342 -0.075760797
v -0.021100957 0.054446436 -0.074902475
v -0.021197267 0.056257039 -0.076397620
v -0.021198105 0.056271698 -0.076230079
v -0.021184348 0.056292895 -0.075987823
v -0.021180226 0.056302529 -0.075915791
v -0.021176036 0.056305699 -0.075841472
v -0.020976136 0.056387063 -0.075915791
v -0.020888269 0.056599196 -0.075915791
v -0.020888269 0.056765676 -0.075930357
v -0.021158680 0.056332439 -0.075535811
v -0.021141330 0.056347020 -0.075369157
v -0.021026785 0.056407034 -0.074683204
v -0.020991448 0.056421366 -0.074519403
v -0.020911947 0.056446098 -0.074236721
v -0.020905854 0.056449037 -0.074215166
v -0.020899927 0.056449838 -0.074193984
v -0.020885374 0.056417853 -0.076776192
v -0.020865759 0.056729492 -0.076343931
v -0.020792268 0.056567524 -0.075065479
v -0.020696267 0.056535851 -0.074215166
v -0.020814547 0.056804869 -0.075482383
v -0.020811530 0.056806471 -0.075464055
v -0.020674461 0.056879345 -0.074631155
v -0.020671463 0.056880936 -0.074612938
v -0.020608401 0.056747984 -0.074215166
v -0.020608401 0.056914464 -0.074229732
v -0.020918960 0.054520249 -0.074058816
v -0.020646462 0.054591913 -0.073239699
v -0.020286664 0.054660589 -0.072454728
v -0.019843780 0.054725472 -0.071713120
v -0.020803129 0.056479950 -0.073849797
v -0.020750223 0.056493863 -0.073690765
v -0.020490332 0.056550328 -0.073045373
v -0.020420475 0.056563664 -0.072892964
v -0.020436617 0.056952037 -0.073800229
v -0.020429147 0.056953672 -0.073781557
v -0.020116292 0.057022110 -0.072999336
v -0.020108873 0.057023730 -0.072980784
v -0.020032078 0.056874052 -0.072774217
v -0.020047069 0.056893755 -0.072813705
v -0.020047069 0.056889191 -0.072813310
v -0.020047069 0.057037253 -0.072826259
v -0.020268096 0.056588046 -0.072614245
v -0.020270225 0.056588225 -0.072612233
v -0.020092065 0.056617346 -0.072279349
v -0.020055963 0.056675915 -0.072614245
v -0.020006076 0.056629945 -0.072135366
v -0.019646712 0.057088718 -0.072238028
v -0.019631533 0.057090670 -0.072215721
v -0.019568330 0.056845155 -0.072004326
v -0.019612992 0.056680221 -0.071560718
v -0.019511880 0.056691933 -0.071426839
v -0.019161372 0.057151105 -0.071524926
v -0.019146286 0.057153046 -0.071502760
v -0.019085163 0.057012841 -0.071400002
v -0.019085163 0.057160903 -0.071412958
v -0.019323004 0.054785803 -0.071023561
v -0.019297296 0.056712840 -0.071187869
v -0.019303713 0.056713194 -0.071183853
v -0.019085163 0.056800708 -0.071187869
v -0.019058734 0.056738209 -0.070897900
v -0.018943684 0.056748901 -0.070775688
v -0.018730441 0.054840870 -0.070394136
v -0.018073039 0.054890033 -0.069832221
v -0.018508466 0.057208512 -0.070868753
v -0.018479005 0.057210945 -0.070840955
v -0.018435787 0.056790639 -0.070298657
v -0.018308148 0.056800183 -0.070189558
v -0.018026546 0.056905173 -0.070205972
v -0.017968664 0.056892887 -0.070134290
v -0.018041395 0.056816526 -0.070002742
v -0.018053744 0.056816958 -0.069997840
v -0.017881144 0.057260305 -0.070276782
v -0.017851861 0.057262722 -0.070249155
v -0.017829262 0.057116527 -0.070214875
v -0.017829262 0.057264589 -0.070227832
v -0.017751453 0.056836888 -0.069770031
v -0.017290255 0.053737830 -0.083001785
v -0.016522925 0.053702798 -0.083402179
v -0.015716640 0.053675205 -0.083717592
v -0.014880847 0.053655367 -0.083944306
v -0.014025349 0.053643525 -0.084079675
v -0.017564099 0.055679876 -0.082994528
v -0.017624471 0.055683058 -0.082958147
v -0.017324431 0.055678960 -0.083139904
v -0.017324431 0.055751864 -0.082963891
v -0.016878212 0.055644769 -0.083395794
v -0.017062731 0.055653445 -0.083296642
v -0.017027194 0.055651572 -0.083318055
v -0.017190251 0.056154061 -0.082921036
v -0.017112298 0.055963997 -0.082963891
v -0.017153429 0.056151621 -0.082948923
v -0.017112298 0.056148894 -0.082980067
v -0.016245376 0.055619095 -0.083689258
v -0.016088830 0.055613738 -0.083750494
v -0.016048074 0.055612531 -0.083764277
v -0.015754413 0.055615216 -0.083864547
v -0.015754413 0.055688556 -0.083687492
v -0.016289260 0.056115709 -0.083359398
v -0.016209817 0.056112505 -0.083396010
v -0.015728502 0.055896938 -0.083606653
v -0.015710671 0.055907480 -0.083609886
v -0.015710671 0.055960901 -0.083614558
v -0.015728097 0.055900183 -0.083605394
v -0.015710671 0.056092378 -0.083626062
v -0.017623520 0.056182768 -0.082592927
v -0.014584214 0.055577107 -0.084169164
v -0.015451716 0.055594884 -0.083966002
v -0.015427856 0.055594176 -0.083974071
v -0.015265580 0.055590324 -0.084018089
v -0.015311390 0.056084719 -0.083713613
v -0.015095531 0.056080580 -0.083760947
v -0.014418114 0.055574808 -0.084195450
v -0.014392305 0.055574559 -0.084198311
v -0.014064952 0.055582616 -0.084235474
v -0.014064952 0.055656146 -0.084057957
v -0.013724344 0.055568092 -0.084272251
v -0.013743893 0.055568278 -0.084270090
v -0.013556366 0.055567369 -0.084280491
v -0.014130998 0.056062073 -0.083972454
v -0.014064952 0.055868279 -0.083970092
v -0.014064952 0.056060806 -0.083986931
v -0.013160174 0.053639814 -0.084122099
v -0.012295466 0.053644277 -0.084071092
v -0.011441363 0.053656861 -0.083927251
v -0.010607879 0.053677421 -0.083692253
v -0.009804783 0.053705715 -0.083368868
v -0.012858327 0.055567227 -0.084282115
v -0.012690439 0.055568092 -0.084272213
v -0.012670390 0.055568278 -0.084270090
v -0.013200000 0.055762213 -0.084014021
v -0.012335048 0.055582616 -0.084235482
v -0.012335048 0.055656146 -0.084057957
v -0.011996316 0.055574529 -0.084198654
v -0.012021389 0.055574298 -0.084201314
v -0.011830486 0.055576973 -0.084170729
v -0.012335048 0.055868279 -0.083970092
v -0.012335048 0.056060806 -0.083986931
v -0.011694979 0.056073084 -0.083846577
v -0.011344392 0.056079812 -0.083769701
v -0.011148416 0.055589911 -0.084022827
v -0.010986590 0.055593904 -0.083977200
v -0.010961954 0.055594619 -0.083968997
v -0.010645588 0.055615213 -0.083864570
v -0.010645588 0.055688556 -0.083687492
v -0.010363996 0.055612043 -0.083769843
v -0.010324570 0.055613194 -0.083756715
v -0.010689329 0.055912748 -0.083610341
v -0.010689329 0.055907480 -0.083609886
v -0.010671902 0.055900183 -0.083605394
v -0.010689329 0.056092378 -0.083626062
v -0.010319645 0.056107286 -0.083455674
v -0.010168644 0.055618685 -0.083693922
v -0.009534435 0.055644102 -0.083403416
v -0.009386238 0.055651031 -0.083324201
v -0.009349342 0.055652957 -0.083302200
v -0.010220504 0.056111284 -0.083409987
v -0.009330579 0.056147166 -0.082999833
v -0.009287701 0.055963997 -0.082963891
v -0.009270867 0.056150012 -0.082967319
v -0.009287701 0.056148894 -0.082980067
v -0.017358504 0.054932714 -0.069344409
v -0.017612722 0.056845173 -0.069675319
v -0.017013762 0.056876417 -0.069318205
v -0.017042952 0.057305824 -0.069756523
v -0.016980732 0.057309087 -0.069719225
v -0.016865565 0.056883346 -0.069238991
v -0.016595216 0.054968406 -0.068936415
v -0.015792122 0.054996699 -0.068613030
v -0.016559113 0.056982126 -0.069326408
v -0.016398517 0.057191558 -0.069357298
v -0.016407637 0.057198707 -0.069363430
v -0.016407637 0.057244733 -0.069367461
v -0.016407637 0.057339139 -0.069375716
v -0.016222414 0.057344578 -0.069313549
v -0.016581200 0.056894742 -0.069108739
v -0.016559113 0.056894258 -0.069114275
v -0.016231356 0.056908764 -0.068948492
v -0.016087718 0.057348534 -0.069268338
v -0.016075430 0.056914259 -0.068885699
v -0.015413410 0.056933548 -0.068665206
v -0.015251583 0.056937542 -0.068619579
v -0.015150386 0.057376061 -0.068953715
v -0.014919763 0.056942400 -0.068564020
v -0.014962276 0.056943029 -0.068556845
v -0.014919763 0.057242401 -0.068864018
v -0.014961485 0.057381611 -0.068890311
v -0.014919763 0.057382833 -0.068876304
v -0.014919763 0.057030268 -0.068776153
v -0.014059882 0.057144485 -0.068726927
v -0.014059882 0.056994487 -0.068576925
v -0.014958637 0.055017259 -0.068378031
v -0.014569513 0.056950480 -0.068471685
v -0.014104534 0.055029843 -0.068234190
v -0.014403684 0.056952924 -0.068443753
v -0.013709561 0.056959361 -0.068370193
v -0.013541673 0.056960225 -0.068360291
v -0.013200000 0.057046570 -0.068589829
v -0.013200000 0.057258703 -0.068677694
v -0.012516891 0.057392661 -0.068763994
v -0.012340118 0.056994487 -0.068576925
v -0.011480236 0.056942400 -0.068564020
v -0.011438290 0.056943022 -0.068556942
v -0.011480236 0.057242401 -0.068864018
v -0.011480236 0.057382833 -0.068876304
v -0.011480236 0.057030268 -0.068776153
v -0.013200000 0.057399135 -0.068689980
v -0.010683361 0.054998916 -0.068587691
v -0.011134419 0.056937125 -0.068624318
v -0.011222302 0.057375260 -0.068962887
v -0.011082758 0.057371162 -0.069009721
v -0.010972145 0.056933273 -0.068668336
v -0.010311169 0.056913711 -0.068891920
v -0.009877074 0.054971322 -0.068903096
v -0.010135273 0.057343334 -0.069327749
v -0.010001483 0.057191558 -0.069357298
v -0.010037798 0.057340473 -0.069360465
v -0.009840887 0.056982126 -0.069326408
v -0.009992363 0.057198707 -0.069363430
v -0.009992363 0.057211462 -0.069364548
v -0.009992363 0.057339139 -0.069375716
v -0.010154623 0.056908354 -0.068953156
v -0.009840887 0.056894258 -0.069114275
v -0.009819006 0.056894738 -0.069108792
v -0.009521787 0.056882679 -0.069246612
v -0.009372806 0.056875881 -0.069324359
v -0.009274587 0.057301499 -0.069805950
v -0.009327011 0.057304248 -0.069774523
v -0.013239826 0.055034306 -0.068183184
v -0.013326802 0.056960180 -0.068360791
v -0.013200000 0.056958701 -0.068377696
v -0.013077556 0.056960132 -0.068361372
v -0.012843634 0.056960084 -0.068361916
v -0.012675656 0.056959361 -0.068370156
v -0.012374651 0.055030596 -0.068225615
v -0.011519153 0.055018753 -0.068360977
v -0.011981886 0.056952644 -0.068446957
v -0.011815785 0.056950342 -0.068473242
v -0.009400000 0.055470102 -0.063202113
v -0.009400000 0.059454877 -0.063550740
v -0.023000000 0.035409119 -0.050404958
v -0.022954423 0.035454523 -0.049885996
v -0.022819078 0.035498548 -0.049382802
v -0.022598077 0.035539854 -0.048910666
v -0.023000000 0.035670590 -0.047416374
v -0.022298133 0.035577189 -0.048483934
v -0.022988584 0.041608315 -0.050684858
v -0.022897778 0.041653201 -0.050171830
v -0.022718923 0.041696031 -0.049682301
v -0.022457456 0.041735500 -0.049231149
v -0.022121320 0.041770414 -0.048832085
v -0.021928363 0.035609420 -0.048115570
v -0.021500001 0.035635561 -0.047816768
v -0.021026060 0.035654824 -0.047596607
v -0.020520944 0.035666618 -0.047461778
v -0.020000000 0.035670590 -0.047416374
v -0.021720730 0.041799713 -0.048497226
v -0.021267856 0.041822501 -0.048236754
v -0.020776456 0.041838091 -0.048058581
v -0.020261467 0.041846003 -0.047968119
v -0.023000000 0.047761932 -0.051485706
v -0.022954423 0.047807336 -0.050966743
v -0.022819078 0.047851361 -0.050463550
v -0.022598077 0.047892667 -0.049991414
v -0.022298133 0.047930002 -0.049564682
v -0.023000000 0.048023403 -0.048497122
v -0.023000000 0.056690298 -0.049255386
v -0.021928363 0.047962230 -0.049196318
v -0.021500001 0.047988374 -0.048897516
v -0.021026060 0.048007634 -0.048677355
v -0.020520944 0.048019432 -0.048542526
v -0.020000000 0.048023403 -0.048497122
v -0.009400000 0.056690298 -0.049255386
v -0.009400000 0.060675073 -0.049604014
v -0.008400000 0.032550372 -0.083080143
v -0.007747369 0.032554101 -0.083037525
v -0.007105905 0.032565221 -0.082910419
v -0.006486583 0.032583542 -0.082700983
v -0.005900000 0.032608755 -0.082412817
v -0.005356193 0.032640424 -0.082050838
v -0.003400000 0.032550372 -0.083080143
v -0.004864465 0.032678008 -0.081621252
v -0.004433233 0.032720868 -0.081131391
v -0.004069873 0.032768264 -0.080589652
v -0.003780603 0.032819390 -0.080005303
v -0.003570371 0.032873366 -0.079388335
v -0.003442776 0.032929275 -0.078749314
v -0.003400000 0.032986157 -0.078099169
v 0.005800000 0.008243223 -0.080953509
v 0.006190182 0.008281507 -0.080956861
v 0.006565367 0.008394885 -0.080966778
v 0.006911141 0.008579002 -0.080982886
v 0.007214214 0.008826781 -0.081004567
v 0.007462940 0.009128700 -0.081030980
v 0.007647759 0.009473158 -0.081061117
v 0.007761571 0.009846917 -0.081093818
v 0.007800001 0.010235612 -0.081127822
v 0.005854159 0.009024009 -0.072037630
v 0.006282675 0.009082171 -0.072042719
v 0.006688624 0.009230741 -0.072055720
v 0.007053020 0.009462773 -0.072076023
v 0.007358828 0.009767416 -0.072102673
v 0.007591744 0.010130426 -0.072134435
v 0.007740882 0.010534829 -0.072169818
v 0.007799267 0.010961715 -0.072207160
v 0.005854159 0.009804064 -0.063121691
v 0.006282675 0.009862226 -0.063126780
v 0.006688624 0.010010797 -0.063139774
v 0.007053020 0.010242827 -0.063160077
v 0.007358828 0.010547470 -0.063186735
v 0.007591744 0.010910481 -0.063218489
v 0.007740882 0.011314884 -0.063253872
v 0.007799267 0.011741770 -0.063291222
v 0.007800001 0.029163310 -0.082783803
v 0.007756175 0.029996354 -0.082856692
v 0.007625180 0.030820275 -0.082928777
v 0.006728203 0.033148088 -0.083132431
v 0.006272136 0.033847697 -0.083193645
v 0.007108363 0.032404821 -0.083067402
v 0.007408452 0.031626038 -0.082999267
v 0.007797067 0.030939231 -0.064970806
v 0.007726765 0.031799309 -0.065046050
v 0.007563529 0.032646775 -0.065120198
v 0.006966977 0.034264386 -0.065261722
v 0.007309274 0.033471692 -0.065192372
v 0.005854159 0.010584119 -0.054205749
v 0.006282675 0.010642282 -0.054210838
v 0.006688624 0.010790851 -0.054223835
v 0.007053020 0.011022883 -0.054244138
v 0.007358828 0.011327526 -0.054270789
v 0.007740882 0.012094938 -0.054337930
v 0.007799267 0.012521825 -0.054375280
v 0.007591744 0.011690536 -0.054302551
v 0.005800000 0.011363443 -0.045289744
v 0.006190182 0.011401727 -0.045293093
v 0.006565367 0.011515105 -0.045303013
v 0.006911141 0.011699221 -0.045319121
v 0.007214214 0.011947000 -0.045340799
v 0.007462940 0.012248920 -0.045367215
v 0.007647759 0.012593378 -0.045397352
v 0.007761571 0.012967137 -0.045430049
v 0.007800001 0.013355833 -0.045464057
v 0.007800001 0.032283530 -0.047120042
v 0.007625180 0.033940494 -0.047265008
v 0.007756175 0.033116575 -0.047192924
v -0.008400000 0.044903185 -0.084160887
v -0.007747369 0.044906911 -0.084118277
v -0.007105905 0.044918034 -0.083991162
v -0.006486583 0.044936355 -0.083781734
v -0.005900000 0.044961568 -0.083493568
v -0.005356193 0.044993237 -0.083131589
v -0.003400000 0.037132867 -0.083481058
v -0.003400000 0.037568651 -0.078500092
v -0.004864465 0.045030821 -0.082701996
v -0.003400000 0.044903185 -0.084160887
v -0.004433233 0.045073681 -0.082212143
v -0.004069873 0.045121077 -0.081670403
v -0.003780603 0.045172200 -0.081086047
v -0.003570371 0.045226179 -0.080469087
v -0.003442776 0.045282088 -0.079830058
v -0.003400000 0.045338970 -0.079179913
v -0.009041495 0.053741407 -0.082960874
v -0.008326961 0.053784087 -0.082473062
v -0.007669559 0.053833250 -0.081911147
v -0.007076996 0.053888317 -0.081281722
v -0.006556220 0.053948648 -0.080592163
v -0.006113336 0.054013532 -0.079850547
v -0.005753537 0.054082207 -0.079065584
v -0.009075569 0.055678945 -0.083139934
v -0.009075569 0.055751864 -0.082963891
v -0.008845573 0.055679236 -0.083001852
v -0.008787276 0.055682275 -0.082967095
v -0.008648545 0.055690564 -0.082872383
v -0.008625347 0.056192782 -0.082478479
v -0.008583391 0.056195561 -0.082446702
v -0.008421751 0.056206271 -0.082324296
v -0.008091852 0.055727270 -0.082452856
v -0.007964213 0.055736814 -0.082343750
v -0.007912851 0.055741034 -0.082295515
v -0.007910537 0.056240138 -0.081937157
v -0.007752803 0.055859298 -0.081948124
v -0.007772276 0.055883486 -0.081944771
v -0.007698404 0.055770993 -0.082095094
v -0.007910537 0.056055244 -0.081920981
v -0.007698404 0.055843111 -0.081920981
v -0.007840486 0.056247327 -0.081855007
v -0.007861466 0.056245174 -0.081879608
v -0.007531370 0.055772383 -0.081937216
v -0.007456317 0.055778548 -0.081866726
v -0.007341268 0.055789240 -0.081744514
v -0.007350578 0.056006633 -0.081370324
v -0.007244512 0.055900566 -0.081370324
v -0.007138446 0.055856634 -0.081370324
v -0.007301923 0.056302592 -0.081223369
v -0.007280814 0.056304757 -0.081198618
v -0.006888120 0.055835519 -0.081215575
v -0.006787008 0.055847231 -0.081081696
v -0.006726570 0.055854961 -0.080993339
v -0.006790620 0.055958021 -0.080819666
v -0.006731021 0.055944864 -0.080782227
v -0.006723314 0.055943161 -0.080777384
v -0.006706730 0.055934802 -0.080782227
v -0.006602386 0.055882201 -0.080812693
v -0.006790620 0.056170154 -0.080607533
v -0.006790620 0.056355052 -0.080623709
v -0.006717166 0.056367129 -0.080485694
v -0.006727875 0.056365367 -0.080505811
v -0.006475857 0.055887029 -0.080626823
v -0.006393925 0.055897508 -0.080507047
v -0.006307937 0.055910103 -0.080363058
v -0.006311924 0.056433748 -0.079724230
v -0.006322700 0.056431975 -0.079744481
v -0.006041612 0.056311708 -0.079201743
v -0.006041612 0.056330968 -0.079203427
v -0.006024528 0.056296099 -0.079168029
v -0.006041612 0.056478187 -0.079216301
v -0.005481041 0.054153871 -0.078246467
v -0.005299042 0.054227684 -0.077402808
v -0.005979524 0.055963792 -0.079749443
v -0.005909667 0.055977125 -0.079597034
v -0.005853239 0.055989385 -0.079456903
v -0.005980318 0.056091234 -0.079297088
v -0.005788630 0.056011837 -0.079297088
v -0.005721658 0.056017973 -0.079130150
v -0.005959979 0.056503814 -0.078923412
v -0.005965098 0.056502208 -0.078941777
v -0.005649778 0.056033589 -0.078951649
v -0.005596871 0.056047503 -0.078792609
v -0.005728389 0.056576509 -0.078092471
v -0.005733540 0.056574892 -0.078110956
v -0.005517520 0.056236509 -0.077636585
v -0.005605388 0.056448642 -0.077636585
v -0.005605388 0.056615122 -0.077651151
v -0.005584064 0.056649402 -0.077259347
v -0.005408551 0.056106087 -0.078123003
v -0.005373215 0.056120418 -0.077959202
v -0.005340199 0.056137715 -0.077761486
v -0.005319287 0.056154400 -0.077636585
v -0.005298641 0.056159489 -0.077512607
v -0.005258671 0.056180432 -0.077273250
v -0.005241320 0.056195009 -0.077106595
v -0.005209675 0.054302778 -0.076544486
v -0.005213988 0.054378275 -0.075681567
v -0.005311929 0.054453287 -0.074824177
v -0.005537179 0.056724768 -0.076397903
v -0.005511732 0.056599196 -0.075915791
v -0.005511732 0.056765672 -0.075930357
v -0.005201896 0.056255754 -0.076412328
v -0.005423864 0.056387063 -0.075915791
v -0.005215888 0.056292515 -0.075992145
v -0.005219895 0.056302577 -0.075915791
v -0.005223627 0.056305520 -0.075843513
v -0.005202733 0.056270413 -0.076244786
v -0.005703732 0.056535851 -0.074215166
v -0.005487716 0.056445919 -0.074238762
v -0.005494266 0.056449089 -0.074215166
v -0.005500110 0.056449845 -0.074193887
v -0.005579603 0.056801755 -0.075517938
v -0.005576653 0.056800187 -0.075535864
v -0.005791600 0.056747984 -0.074215166
v -0.005791600 0.056914460 -0.074229732
v -0.005716828 0.056874711 -0.074684083
v -0.005719796 0.056876287 -0.074666053
v -0.005238892 0.056331169 -0.075550340
v -0.005257908 0.056345735 -0.075383872
v -0.005369224 0.056405794 -0.074697383
v -0.005406195 0.056420095 -0.074533939
v -0.003400000 0.053570081 -0.084919155
v -0.007219663 0.057148669 -0.071552791
v -0.007314836 0.057012841 -0.071400002
v -0.007314836 0.057160903 -0.071412958
v -0.007205470 0.057146844 -0.071573645
v -0.009109745 0.054936290 -0.069303498
v -0.008390371 0.054894235 -0.069784202
v -0.008431338 0.056892887 -0.070134290
v -0.008495649 0.057258390 -0.070298687
v -0.008469116 0.057256199 -0.070323721
v -0.008570738 0.057116527 -0.070214875
v -0.008570738 0.057264589 -0.070227832
v -0.008373454 0.056905173 -0.070205972
v -0.008358606 0.056816526 -0.070002742
v -0.008346371 0.056816950 -0.069997884
v -0.008775529 0.056844391 -0.069684260
v -0.008635859 0.056836225 -0.069777593
v -0.007727385 0.054845646 -0.070339568
v -0.007128562 0.054791093 -0.070963085
v -0.007806055 0.056808155 -0.070630126
v -0.007838842 0.057204165 -0.070918478
v -0.007865216 0.057206344 -0.070893593
v -0.007952423 0.056789860 -0.070307545
v -0.008081145 0.056799293 -0.070199713
v -0.007446774 0.056747917 -0.070786938
v -0.007314836 0.056800708 -0.071187869
v -0.007102704 0.056712840 -0.071187869
v -0.007096371 0.056713186 -0.071183905
v -0.007330509 0.056737326 -0.070907995
v -0.006600920 0.054731220 -0.071647443
v -0.006150646 0.054666724 -0.072384626
v -0.006367922 0.056874052 -0.072774217
v -0.006352932 0.056889191 -0.072813310
v -0.006352932 0.056932207 -0.072817072
v -0.006352932 0.057037253 -0.072826259
v -0.006263606 0.057017714 -0.073049597
v -0.006270785 0.057019286 -0.073031649
v -0.006718670 0.057084266 -0.072288886
v -0.006732776 0.057086080 -0.072268166
v -0.006879854 0.056690864 -0.071439043
v -0.006777409 0.056679241 -0.071571916
v -0.006344036 0.056675915 -0.072614245
v -0.006299609 0.056616284 -0.072291523
v -0.006387033 0.056628805 -0.072148390
v -0.006131904 0.056588046 -0.072614245
v -0.006129854 0.056588218 -0.072612308
v -0.005502350 0.054526940 -0.073982358
v -0.005783020 0.054598361 -0.073165983
v -0.005591365 0.056478754 -0.073863469
v -0.005645859 0.056492623 -0.073704965
v -0.005974087 0.056562465 -0.072906666
v -0.005902710 0.056549191 -0.073058367
v -0.005949862 0.056949079 -0.073834032
v -0.005942729 0.056947522 -0.073851869
v -0.008400000 0.055382945 -0.064198308
v -0.008400000 0.059367720 -0.064546935
v -0.004400000 0.055382945 -0.064198308
v -0.003400000 0.055470102 -0.063202113
v -0.004400000 0.059367720 -0.064546935
v -0.003400000 0.059454877 -0.063550740
v -0.000200001 0.037132867 -0.083481058
v 0.000636228 0.037089210 -0.083477244
v 0.001463293 0.036958713 -0.083465822
v 0.002272135 0.036742806 -0.083446935
v 0.003053893 0.036443863 -0.083420783
v 0.003800000 0.036065150 -0.083387651
v 0.004502282 0.035610817 -0.083347894
v 0.005153044 0.035085846 -0.083301969
v 0.005745159 0.034495983 -0.083250359
v 0.000016634 0.038690053 -0.065648921
v 0.000880000 0.038620021 -0.065642796
v 0.001730704 0.038457405 -0.065628566
v 0.002558770 0.038204115 -0.065606408
v 0.003354494 0.037863124 -0.065576576
v 0.004108544 0.037438426 -0.065539420
v 0.004812079 0.036934998 -0.065495372
v 0.005456855 0.036358748 -0.065444961
v 0.006035306 0.035716426 -0.065388761
v 0.006540657 0.035015568 -0.065327443
v -0.006399999 0.035670590 -0.047416374
v -0.005879056 0.035666618 -0.047461778
v -0.005373939 0.035654824 -0.047596607
v -0.006138532 0.041846003 -0.047968119
v -0.005623543 0.041838091 -0.048058581
v -0.005132145 0.041822501 -0.048236754
v -0.003400000 0.035409119 -0.050404958
v -0.003445577 0.035454523 -0.049885996
v -0.003580922 0.035498548 -0.049382802
v -0.003801923 0.035539854 -0.048910666
v -0.004471637 0.035609420 -0.048115570
v -0.004900000 0.035635561 -0.047816768
v -0.004101867 0.035577189 -0.048483934
v -0.003400000 0.035670590 -0.047416374
v -0.003400000 0.039991613 -0.050805882
v -0.003400000 0.040253088 -0.047817297
v -0.004278679 0.041770414 -0.048832085
v -0.003942544 0.041735500 -0.049231149
v -0.003411416 0.041608315 -0.050684858
v -0.003502223 0.041653201 -0.050171830
v -0.003681077 0.041696031 -0.049682301
v -0.004679270 0.041799713 -0.048497226
v -0.003400000 0.047761932 -0.051485706
v -0.005373939 0.048007634 -0.048677355
v -0.006399999 0.048023403 -0.048497122
v -0.005879056 0.048019432 -0.048542526
v -0.004900000 0.047988374 -0.048897516
v -0.004471637 0.047962230 -0.049196318
v -0.004101867 0.047930002 -0.049564682
v -0.003445577 0.047807336 -0.050966743
v -0.003580922 0.047851361 -0.050463550
v -0.003801923 0.047892667 -0.049991414
v -0.003400000 0.048023403 -0.048497122
v -0.003400000 0.060675073 -0.049604014
v -0.000200001 0.040253088 -0.047817297
v 0.000636228 0.040209427 -0.047813475
v 0.001463293 0.040078934 -0.047802061
v 0.002272135 0.039863028 -0.047783170
v 0.003053893 0.039564084 -0.047757015
v 0.003800000 0.039185368 -0.047723882
v 0.004502282 0.038731035 -0.047684133
v 0.005153044 0.038206067 -0.047638204
v 0.005745159 0.037616204 -0.047586598
v 0.006728203 0.036268309 -0.047468670
v 0.006272136 0.036967918 -0.047529876
v 0.007108363 0.035525039 -0.047403641
v 0.007408452 0.034746259 -0.047335505
f 3 4 251
f 2 3 248
f 2 248 5
f 7 429 8
f 11 27 120
f 18 36 37
f 14 19 38
f 19 37 38
f 13 14 38
f 13 381 14
f 15 40 16
f 16 40 39
f 17 39 36
f 15 16 380
f 17 36 18
f 16 39 17
f 18 37 19
f 15 380 422
f 15 422 117
f 21 40 22
f 20 23 36
f 20 39 21
f 23 25 37
f 24 38 25
f 21 22 30
f 22 26 31
f 20 21 28
f 20 29 23
f 24 25 32
f 23 32 25
f 22 40 26
f 12 28 30
f 28 34 29
f 10 30 31
f 26 27 31
f 20 28 29
f 21 30 28
f 22 31 30
f 29 35 32
f 11 31 27
f 10 31 11
f 12 34 28
f 10 12 30
f 29 34 35
f 33 35 171
f 32 35 33
f 23 29 32
f 24 32 33
f 27 116 120
f 23 37 36
f 20 36 39
f 25 38 37
f 13 38 24
f 15 26 40
f 21 39 40
f 26 110 27
f 26 117 110
f 27 110 116
f 15 117 26
f 1 6 425
f 5 425 6
f 1 427 7
f 41 43 62
f 41 63 45
f 45 69 186
f 69 70 188
f 46 188 70
f 46 68 189
f 72 191 189
f 50 63 51
f 48 64 49
f 48 51 62
f 54 55 67
f 50 51 107
f 48 107 51
f 48 49 105
f 49 52 106
f 52 53 109
f 52 109 106
f 49 106 105
f 48 105 107
f 50 107 75
f 47 108 53
f 50 75 54
f 54 75 83
f 49 61 52
f 52 65 53
f 47 53 66
f 47 66 110
f 55 56 67
f 56 57 68
f 57 58 72
f 54 83 112
f 56 111 113
f 55 112 111
f 57 113 115
f 58 115 114
f 59 114 60
f 55 111 56
f 54 112 55
f 58 59 71
f 59 60 74
f 57 115 58
f 56 113 57
f 58 114 59
f 50 69 63
f 52 61 65
f 53 65 66
f 51 63 62
f 49 64 61
f 48 62 64
f 54 67 70
f 50 70 69
f 50 54 70
f 56 68 67
f 43 64 62
f 42 44 61
f 42 64 43
f 44 65 61
f 42 61 64
f 44 66 65
f 45 63 69
f 41 62 63
f 44 187 66
f 46 67 68
f 68 72 189
f 46 70 67
f 71 190 191
f 66 187 116
f 58 71 72
f 57 72 68
f 59 73 71
f 59 74 73
f 71 191 72
f 71 73 190
f 73 74 192
f 73 192 190
f 74 193 192
f 77 106 79
f 77 82 105
f 75 107 82
f 78 109 108
f 77 105 106
f 82 107 105
f 79 106 109
f 75 76 83
f 77 79 97
f 78 94 79
f 78 81 96
f 80 98 81
f 77 91 82
f 76 82 91
f 78 79 109
f 78 108 81
f 80 81 108
f 75 82 76
f 76 84 83
f 83 86 112
f 85 111 112
f 87 113 111
f 88 115 113
f 90 114 115
f 85 112 86
f 85 87 111
f 84 100 86
f 85 86 99
f 85 101 87
f 87 103 88
f 88 102 90
f 83 84 86
f 87 88 113
f 88 90 115
f 89 114 90
f 89 90 104
f 76 91 92
f 94 96 399
f 95 402 96
f 95 98 398
f 95 398 402
f 91 97 401
f 94 400 97
f 84 92 93
f 91 401 92
f 97 400 401
f 94 399 400
f 96 402 399
f 99 100 412
f 99 411 101
f 101 413 103
f 102 103 414
f 102 414 104
f 100 410 412
f 99 412 411
f 93 410 100
f 101 411 413
f 103 413 414
f 79 94 97
f 78 96 94
f 81 98 95
f 81 95 96
f 80 422 98
f 77 97 91
f 76 92 84
f 80 117 422
f 86 100 99
f 85 99 101
f 87 101 103
f 90 102 104
f 88 103 102
f 84 93 100
f 7 427 429
f 89 104 428
f 53 108 109
f 47 80 108
f 47 117 80
f 47 110 117
f 60 114 89
f 1 425 427
f 66 116 110
f 5 248 425
f 74 247 193
f 60 424 74
f 60 89 426
f 74 424 247
f 60 426 424
f 2 5 662
f 2 668 3
f 3 669 4
f 5 6 664
f 1 663 6
f 1 7 666
f 7 8 667
f 8 9 665
f 4 118 251
f 118 119 252
f 119 677 592
f 34 123 35
f 35 123 171
f 11 120 121
f 10 122 12
f 10 11 125
f 12 124 34
f 12 122 124
f 34 124 123
f 10 125 122
f 11 121 125
f 120 130 121
f 121 127 125
f 122 128 129
f 121 126 127
f 125 127 128
f 121 130 126
f 123 131 171
f 122 129 124
f 122 125 128
f 123 124 132
f 124 129 132
f 123 132 131
f 120 221 130
f 128 138 129
f 126 130 135
f 126 133 127
f 127 134 128
f 131 132 137
f 129 139 132
f 128 134 138
f 126 136 133
f 126 135 136
f 127 133 134
f 129 138 139
f 132 139 137
f 130 222 135
f 141 143 209
f 142 210 143
f 130 221 222
f 116 221 120
f 135 222 162
f 142 162 222
f 135 146 136
f 133 149 134
f 133 136 145
f 134 148 138
f 138 144 139
f 137 139 144
f 136 146 145
f 134 149 148
f 133 145 149
f 135 147 146
f 138 148 144
f 137 144 172
f 145 146 173
f 145 174 149
f 146 147 178
f 135 162 147
f 147 163 179
f 140 218 152
f 140 153 141
f 142 143 156
f 141 155 143
f 150 219 151
f 140 152 153
f 150 152 218
f 141 153 155
f 143 155 156
f 150 160 152
f 150 151 158
f 151 154 157
f 155 161 156
f 153 161 155
f 152 159 153
f 152 160 159
f 151 157 158
f 150 158 160
f 153 159 161
f 156 161 164
f 154 165 157
f 157 167 158
f 158 169 160
f 147 162 163
f 142 156 162
f 156 163 162
f 159 170 161
f 156 164 163
f 159 160 168
f 157 166 167
f 160 169 168
f 158 167 169
f 157 165 166
f 161 170 164
f 159 168 170
f 164 170 257
f 163 164 185
f 164 257 185
f 148 149 176
f 144 148 175
f 144 175 172
f 148 176 175
f 149 174 176
f 131 137 528
f 145 173 174
f 172 175 177
f 173 178 183
f 174 182 176
f 173 184 174
f 175 176 181
f 175 181 177
f 172 177 265
f 146 178 173
f 147 179 178
f 178 180 183
f 173 183 184
f 174 184 182
f 176 182 181
f 179 264 180
f 178 179 180
f 137 172 272
f 177 181 265
f 172 265 272
f 179 185 264
f 131 541 171
f 33 171 566
f 163 185 179
f 45 186 197
f 41 196 194
f 45 197 196
f 41 45 196
f 42 43 195
f 41 194 43
f 42 198 44
f 44 198 187
f 69 188 186
f 42 195 198
f 43 194 195
f 46 201 188
f 189 200 201
f 191 203 200
f 189 191 200
f 46 189 201
f 190 203 191
f 190 192 202
f 190 202 203
f 192 204 202
f 192 193 204
f 186 205 197
f 196 197 207
f 194 196 208
f 194 209 195
f 195 210 198
f 198 210 199
f 186 211 205
f 187 198 199
f 186 188 211
f 200 213 201
f 188 201 211
f 200 203 212
f 202 215 203
f 202 204 214
f 193 217 204
f 196 207 208
f 197 205 206
f 197 206 207
f 195 209 210
f 194 208 209
f 205 219 206
f 142 199 210
f 200 212 213
f 201 213 211
f 203 215 212
f 202 214 215
f 204 216 214
f 204 217 216
f 216 217 220
f 206 218 207
f 140 208 207
f 141 209 208
f 206 219 218
f 140 141 208
f 140 207 218
f 143 210 209
f 205 223 219
f 205 227 223
f 205 211 227
f 211 213 224
f 212 224 213
f 212 215 225
f 214 226 215
f 214 216 228
f 212 225 224
f 211 224 227
f 214 228 226
f 215 226 225
f 216 229 228
f 216 220 229
f 187 199 221
f 199 222 221
f 116 187 221
f 193 249 217
f 3 251 248
f 142 222 199
f 217 250 220
f 118 252 251
f 150 218 219
f 151 219 223
f 223 227 236
f 224 225 230
f 225 226 231
f 226 228 233
f 228 229 232
f 220 235 229
f 224 230 227
f 225 231 230
f 228 232 233
f 226 233 231
f 229 234 232
f 229 235 234
f 151 223 154
f 154 223 236
f 227 230 236
f 230 231 237
f 231 233 238
f 232 234 240
f 232 239 233
f 234 235 241
f 154 236 242
f 230 237 236
f 231 238 237
f 233 239 238
f 232 240 239
f 234 241 240
f 235 243 241
f 236 237 242
f 154 242 165
f 237 238 300
f 238 239 301
f 220 250 235
f 235 253 243
f 119 254 252
f 119 256 254
f 237 300 242
f 240 241 245
f 239 240 244
f 241 243 246
f 238 301 300
f 239 244 301
f 241 246 245
f 240 245 244
f 119 592 256
f 193 247 249
f 217 249 250
f 247 425 248
f 247 248 249
f 248 251 249
f 249 251 250
f 250 251 252
f 235 250 253
f 243 255 302
f 243 253 255
f 250 252 253
f 253 254 255
f 252 254 253
f 255 591 302
f 254 256 255
f 168 259 170
f 166 261 167
f 165 263 166
f 167 258 169
f 168 169 260
f 169 258 260
f 166 262 261
f 167 261 258
f 166 263 262
f 170 259 257
f 168 260 259
f 261 262 280
f 262 263 281
f 257 259 284
f 259 260 282
f 258 261 279
f 258 283 260
f 262 281 280
f 261 280 279
f 260 283 282
f 258 279 283
f 263 285 281
f 182 184 268
f 183 269 184
f 180 266 183
f 180 264 267
f 181 182 270
f 181 270 265
f 184 269 268
f 182 268 270
f 183 266 269
f 180 267 266
f 264 278 271
f 265 270 272
f 137 272 528
f 264 271 267
f 266 267 276
f 268 269 277
f 266 275 269
f 268 273 270
f 267 271 274
f 267 274 276
f 269 275 277
f 266 276 275
f 268 277 273
f 270 273 272
f 131 528 541
f 275 530 277
f 272 273 528
f 273 277 527
f 274 532 276
f 271 533 274
f 275 276 531
f 271 291 533
f 185 278 264
f 185 257 278
f 257 284 278
f 259 282 284
f 278 284 291
f 263 315 285
f 282 283 290
f 279 280 287
f 280 281 288
f 279 286 283
f 281 285 289
f 282 290 284
f 281 289 288
f 280 288 287
f 284 292 291
f 279 287 286
f 283 286 290
f 284 290 292
f 285 293 289
f 286 296 290
f 286 287 297
f 287 288 294
f 288 289 295
f 285 322 293
f 271 278 291
f 291 537 533
f 290 296 292
f 291 292 537
f 289 298 295
f 289 293 298
f 286 297 296
f 287 294 297
f 288 295 294
f 292 296 299
f 293 549 298
f 296 547 299
f 294 295 551
f 295 298 550
f 296 297 547
f 294 548 297
f 292 299 537
f 297 548 547
f 293 597 549
f 295 550 551
f 298 549 552
f 298 552 550
f 294 551 548
f 165 242 304
f 242 300 304
f 300 301 305
f 165 304 263
f 300 305 304
f 244 303 306
f 301 306 305
f 243 302 246
f 244 306 301
f 244 245 303
f 245 246 307
f 245 307 303
f 246 302 308
f 246 308 307
f 305 306 309
f 304 305 309
f 263 304 315
f 303 311 306
f 303 307 310
f 307 308 313
f 302 314 308
f 304 309 315
f 303 310 311
f 306 311 309
f 307 313 310
f 308 314 312
f 308 312 313
f 302 591 314
f 309 311 316
f 309 316 315
f 310 317 311
f 312 319 313
f 310 313 318
f 312 314 320
f 311 317 316
f 310 318 317
f 285 315 322
f 312 320 319
f 313 319 318
f 314 321 320
f 315 316 322
f 316 317 323
f 318 319 325
f 317 318 324
f 319 320 326
f 314 591 593
f 314 593 321
f 320 321 327
f 316 323 322
f 317 324 323
f 318 325 324
f 319 326 325
f 320 327 326
f 321 328 327
f 293 322 597
f 322 323 597
f 323 324 601
f 324 325 600
f 326 327 599
f 325 326 602
f 323 601 597
f 324 600 601
f 327 328 598
f 325 602 600
f 326 599 602
f 327 598 599
f 4 670 118
f 118 671 119
f 329 396 331
f 330 334 395
f 329 330 393
f 333 394 334
f 331 332 438
f 329 439 330
f 329 331 436
f 332 335 437
f 333 334 440
f 330 440 334
f 329 436 439
f 332 437 438
f 331 438 436
f 330 439 440
f 333 440 442
f 335 441 437
f 333 442 465
f 333 465 433
f 338 404 405
f 339 407 406
f 339 406 404
f 337 341 409
f 351 415 407
f 338 405 340
f 338 339 404
f 340 408 342
f 341 342 409
f 339 351 407
f 351 358 415
f 344 345 416
f 345 348 417
f 347 418 348
f 346 419 347
f 344 415 358
f 9 432 336
f 8 432 9
f 349 520 350
f 338 353 339
f 338 340 352
f 339 353 351
f 340 342 354
f 341 356 342
f 337 357 341
f 341 355 356
f 342 356 354
f 341 357 355
f 338 352 353
f 340 354 352
f 351 353 365
f 351 365 358
f 337 433 357
f 344 360 345
f 345 361 348
f 344 358 359
f 347 348 362
f 343 346 364
f 346 347 363
f 344 359 360
f 345 360 361
f 348 361 362
f 346 363 364
f 347 362 363
f 358 371 359
f 358 365 371
f 352 366 353
f 352 354 367
f 354 356 369
f 355 357 370
f 355 368 356
f 353 366 365
f 356 368 369
f 354 369 367
f 352 367 366
f 355 370 368
f 357 433 464
f 357 464 370
f 365 470 371
f 365 366 470
f 433 465 464
f 359 373 360
f 360 374 361
f 361 375 362
f 362 376 363
f 363 376 364
f 359 371 372
f 361 374 375
f 359 372 373
f 360 373 374
f 362 375 376
f 349 435 520
f 364 376 471
f 371 472 372
f 336 435 349
f 379 384 380
f 379 390 384
f 377 378 388
f 377 390 379
f 382 386 383
f 378 383 389
f 16 379 380
f 16 17 379
f 17 18 377
f 18 19 378
f 14 383 19
f 18 378 377
f 17 377 379
f 14 382 383
f 19 383 378
f 14 381 382
f 381 385 382
f 384 390 391
f 377 388 390
f 383 386 389
f 382 387 386
f 378 389 388
f 382 385 387
f 386 387 396
f 388 394 390
f 386 393 389
f 388 389 395
f 387 392 397
f 390 394 391
f 389 393 395
f 388 395 394
f 385 392 387
f 380 384 423
f 380 423 422
f 384 391 430
f 384 430 423
f 387 397 396
f 386 396 393
f 330 395 393
f 334 394 395
f 329 393 396
f 331 396 397
f 335 397 392
f 333 391 394
f 331 397 332
f 332 397 335
f 333 433 391
f 391 433 430
f 400 406 401
f 92 401 407
f 398 408 402
f 399 402 405
f 399 404 400
f 92 407 93
f 98 403 398
f 98 423 403
f 400 404 406
f 401 406 407
f 398 403 409
f 402 408 405
f 399 405 404
f 398 409 408
f 93 415 410
f 410 417 412
f 411 412 418
f 411 419 413
f 413 420 414
f 104 414 421
f 93 407 415
f 414 420 421
f 410 415 416
f 412 417 418
f 410 416 417
f 411 418 419
f 413 419 420
f 8 429 432
f 98 422 423
f 104 421 431
f 337 409 403
f 340 405 408
f 342 408 409
f 337 403 430
f 403 423 430
f 343 421 420
f 344 416 415
f 345 417 416
f 348 418 417
f 347 419 418
f 346 420 419
f 343 420 346
f 343 431 421
f 104 431 428
f 89 428 426
f 426 429 427
f 247 424 425
f 424 427 425
f 424 426 427
f 426 428 429
f 428 431 432
f 428 432 429
f 337 430 433
f 336 432 435
f 343 364 434
f 343 434 431
f 431 434 435
f 431 435 432
f 364 519 434
f 364 471 519
f 434 519 520
f 434 520 435
f 436 443 447
f 439 447 446
f 436 438 443
f 437 444 438
f 437 441 445
f 439 446 440
f 436 447 439
f 440 446 442
f 437 445 444
f 438 444 443
f 442 446 449
f 441 448 445
f 443 444 452
f 444 445 450
f 445 448 454
f 446 447 453
f 443 451 447
f 446 453 449
f 445 454 450
f 444 450 452
f 443 452 451
f 447 451 453
f 442 490 465
f 442 449 490
f 448 455 454
f 449 453 456
f 450 454 457
f 450 461 452
f 451 460 453
f 451 452 459
f 454 455 458
f 450 457 461
f 454 458 457
f 453 460 456
f 452 461 459
f 451 459 460
f 455 777 458
f 456 460 778
f 457 783 461
f 457 458 779
f 459 782 460
f 459 461 781
f 458 777 780
f 457 779 783
f 458 780 779
f 461 783 781
f 459 781 782
f 460 782 778
f 449 456 505
f 449 505 490
f 456 778 810
f 456 810 505
f 350 522 462
f 366 367 463
f 368 467 369
f 367 369 468
f 368 370 466
f 370 464 469
f 367 468 463
f 368 466 467
f 370 469 466
f 369 467 468
f 366 463 470
f 464 489 469
f 464 465 489
f 371 470 472
f 372 473 373
f 373 475 374
f 374 476 375
f 375 477 376
f 376 477 471
f 372 472 474
f 372 474 473
f 373 473 475
f 375 476 477
f 374 475 476
f 471 477 491
f 471 491 521
f 466 479 467
f 467 480 468
f 463 468 482
f 463 482 470
f 470 483 472
f 467 479 480
f 468 480 482
f 466 478 479
f 469 481 478
f 470 482 483
f 481 489 494
f 474 484 485
f 473 485 487
f 472 488 484
f 472 483 488
f 466 469 478
f 465 490 489
f 469 489 481
f 489 490 494
f 472 484 474
f 473 474 485
f 475 486 476
f 473 487 475
f 476 492 477
f 477 492 491
f 476 486 492
f 475 487 486
f 491 492 506
f 350 520 522
f 462 522 524
f 462 524 493
f 479 496 480
f 478 481 498
f 478 495 479
f 480 499 482
f 482 499 483
f 479 495 496
f 480 496 499
f 481 494 497
f 481 497 498
f 478 498 495
f 483 507 488
f 483 499 507
f 484 503 485
f 485 502 487
f 486 504 492
f 486 487 501
f 484 488 500
f 492 504 506
f 484 500 503
f 485 503 502
f 487 502 501
f 486 501 504
f 488 513 500
f 488 507 513
f 490 505 494
f 491 506 523
f 495 498 508
f 495 509 496
f 494 510 497
f 497 511 498
f 496 512 499
f 495 508 509
f 496 509 512
f 497 510 511
f 498 511 508
f 499 512 507
f 494 801 510
f 507 802 513
f 507 512 802
f 500 516 503
f 501 502 518
f 502 503 515
f 501 517 504
f 500 513 514
f 500 514 516
f 503 516 515
f 502 515 518
f 501 518 517
f 504 517 506
f 513 807 514
f 494 505 801
f 505 810 801
f 506 812 525
f 506 517 812
f 493 524 526
f 493 526 862
f 335 392 999
f 335 1008 441
f 441 1015 448
f 471 521 519
f 519 521 522
f 519 522 520
f 491 523 521
f 521 524 522
f 521 523 524
f 506 525 523
f 523 526 524
f 523 525 526
f 9 336 672
f 336 349 673
f 349 350 674
f 350 462 675
f 462 493 676
f 24 33 574
f 13 24 627
f 13 639 381
f 381 648 385
f 385 992 392
f 255 256 591
f 256 592 591
f 171 541 566
f 275 531 530
f 277 530 527
f 273 527 528
f 276 532 531
f 274 529 532
f 274 533 529
f 530 531 536
f 531 532 534
f 529 539 532
f 527 535 528
f 527 530 535
f 529 533 538
f 531 534 536
f 529 538 539
f 532 539 534
f 530 536 535
f 528 535 541
f 533 540 538
f 533 537 540
f 33 566 574
f 534 545 536
f 535 536 544
f 538 542 539
f 534 539 546
f 538 540 543
f 535 544 541
f 536 545 544
f 539 542 546
f 534 546 545
f 538 543 542
f 540 567 543
f 541 544 566
f 540 558 567
f 537 558 540
f 299 558 537
f 299 547 559
f 547 548 554
f 548 551 555
f 550 552 556
f 549 557 552
f 550 553 551
f 549 597 609
f 299 559 558
f 551 553 555
f 550 556 553
f 547 554 559
f 548 555 554
f 549 560 557
f 552 557 556
f 549 609 560
f 558 580 567
f 558 559 580
f 553 563 555
f 553 556 562
f 556 557 564
f 554 561 559
f 554 555 561
f 557 565 564
f 557 560 565
f 560 609 618
f 555 563 561
f 553 562 563
f 556 564 562
f 559 561 581
f 559 581 580
f 560 582 565
f 560 618 582
f 24 574 627
f 13 627 639
f 544 545 570
f 545 546 569
f 542 568 546
f 542 543 572
f 543 567 571
f 544 570 566
f 546 568 569
f 543 571 572
f 542 572 568
f 545 569 570
f 566 570 574
f 567 573 571
f 567 580 573
f 568 575 569
f 568 572 578
f 571 577 572
f 569 576 570
f 570 576 574
f 571 573 579
f 568 578 575
f 572 577 578
f 569 575 576
f 571 579 577
f 574 576 627
f 573 631 579
f 573 588 631
f 562 564 583
f 564 565 584
f 561 563 586
f 562 587 563
f 561 586 581
f 565 582 585
f 564 584 583
f 565 585 584
f 563 587 586
f 562 583 587
f 580 581 588
f 581 586 589
f 581 589 588
f 582 697 585
f 582 618 702
f 573 580 588
f 586 587 590
f 583 698 587
f 584 585 701
f 583 584 699
f 586 590 589
f 585 697 700
f 587 698 590
f 583 699 698
f 585 700 701
f 584 701 699
f 582 702 697
f 588 589 641
f 589 590 708
f 591 592 593
f 592 594 593
f 321 595 328
f 321 593 595
f 593 594 595
f 594 596 595
f 328 595 615
f 597 601 604
f 600 604 601
f 600 602 605
f 328 608 598
f 599 603 602
f 598 607 599
f 598 608 606
f 602 603 605
f 600 605 604
f 597 604 609
f 599 607 603
f 598 606 607
f 328 615 608
f 608 615 617
f 603 611 605
f 603 607 614
f 604 605 610
f 606 613 607
f 604 610 609
f 606 608 612
f 606 612 613
f 607 613 614
f 603 614 611
f 605 611 610
f 608 617 612
f 609 610 618
f 595 596 615
f 596 616 615
f 615 616 624
f 616 625 624
f 615 624 617
f 611 614 620
f 610 611 621
f 612 623 613
f 613 619 614
f 610 621 618
f 612 617 622
f 613 623 619
f 612 622 623
f 614 619 620
f 611 620 621
f 617 626 622
f 618 621 702
f 624 656 626
f 617 624 626
f 620 707 621
f 619 703 620
f 622 706 623
f 619 623 705
f 622 626 704
f 622 704 706
f 381 639 648
f 385 648 992
f 392 992 999
f 335 999 1008
f 575 632 576
f 575 578 633
f 577 628 578
f 577 579 629
f 579 631 630
f 575 633 632
f 576 632 627
f 578 628 633
f 577 629 628
f 579 630 629
f 627 632 634
f 632 633 634
f 630 631 638
f 628 636 633
f 628 629 635
f 629 630 637
f 627 634 639
f 628 635 636
f 629 637 635
f 630 638 637
f 633 636 634
f 631 640 638
f 631 641 640
f 588 641 631
f 589 708 641
f 640 641 642
f 641 708 642
f 635 637 645
f 637 638 646
f 634 643 639
f 634 636 643
f 635 644 636
f 638 640 647
f 636 644 643
f 635 645 644
f 637 646 645
f 638 647 646
f 639 643 648
f 640 649 647
f 640 642 649
f 643 644 650
f 644 645 651
f 645 646 653
f 646 647 652
f 643 650 648
f 647 649 654
f 644 651 650
f 645 653 651
f 646 652 653
f 647 654 652
f 648 650 992
f 649 993 654
f 649 655 993
f 642 655 649
f 642 720 655
f 655 728 1006
f 624 625 656
f 625 657 656
f 626 656 736
f 656 657 658
f 657 659 658
f 656 658 736
f 658 748 736
f 658 659 660
f 659 661 660
f 658 660 748
f 660 754 748
f 660 661 1034
f 661 1035 1034
f 660 1034 754
f 5 664 662
f 2 662 668
f 6 663 664
f 1 666 663
f 7 667 666
f 8 665 667
f 9 672 665
f 3 668 669
f 4 669 670
f 118 670 671
f 119 1408 677
f 119 671 1408
f 336 673 672
f 349 674 673
f 350 675 674
f 462 676 675
f 493 1464 676
f 592 677 594
f 594 677 596
f 596 677 684
f 677 678 679
f 677 679 680
f 677 680 681
f 677 681 682
f 677 682 683
f 677 683 684
f 677 689 678
f 678 689 679
f 679 690 680
f 680 691 681
f 681 692 682
f 682 693 683
f 684 696 685
f 685 686 687
f 685 688 761
f 685 687 688
f 685 694 686
f 685 695 694
f 685 696 695
f 679 689 690
f 680 690 691
f 681 691 692
f 682 692 693
f 677 767 689
f 683 693 771
f 689 767 690
f 690 768 691
f 691 769 692
f 677 772 767
f 690 767 768
f 692 770 693
f 691 768 769
f 692 769 770
f 693 770 771
f 683 771 776
f 697 714 700
f 697 702 742
f 596 684 616
f 616 684 625
f 625 684 657
f 621 707 702
f 620 703 707
f 619 705 703
f 623 706 705
f 626 736 704
f 702 707 742
f 657 684 659
f 659 684 766
f 699 701 711
f 698 699 710
f 590 698 709
f 700 712 701
f 590 709 708
f 699 711 710
f 698 710 709
f 701 712 711
f 700 714 713
f 700 713 712
f 697 742 714
f 709 710 717
f 710 711 718
f 708 709 717
f 711 712 719
f 712 713 715
f 713 714 716
f 708 717 720
f 711 719 718
f 710 718 717
f 712 715 719
f 713 716 715
f 714 742 722
f 642 708 720
f 714 721 716
f 714 722 721
f 717 718 723
f 715 726 719
f 718 719 724
f 715 716 725
f 717 723 720
f 716 721 727
f 719 726 724
f 718 724 723
f 715 725 726
f 716 727 725
f 720 723 728
f 655 720 728
f 721 729 727
f 721 722 730
f 723 724 731
f 724 726 732
f 725 727 733
f 725 734 726
f 723 731 728
f 727 729 735
f 724 732 731
f 725 733 734
f 726 734 732
f 727 735 733
f 721 730 729
f 728 731 1363
f 729 730 1380
f 703 705 739
f 703 738 707
f 705 706 740
f 704 741 706
f 703 739 738
f 705 740 739
f 704 736 737
f 704 737 741
f 706 741 740
f 707 738 742
f 738 739 743
f 739 740 744
f 738 743 742
f 740 741 746
f 737 747 741
f 736 745 737
f 741 747 746
f 740 746 744
f 737 745 747
f 736 748 745
f 739 744 743
f 722 742 743
f 744 746 752
f 746 747 751
f 743 744 750
f 745 749 747
f 745 748 753
f 722 743 750
f 747 749 751
f 744 752 750
f 746 751 752
f 745 753 749
f 748 754 753
f 722 750 730
f 750 752 757
f 751 758 752
f 749 755 751
f 749 753 756
f 730 750 757
f 753 754 759
f 749 756 755
f 752 758 757
f 751 755 758
f 753 759 756
f 754 1377 759
f 659 766 661
f 661 766 1035
f 684 685 766
f 685 763 760
f 685 760 764
f 685 764 765
f 685 765 766
f 685 761 762
f 685 762 763
f 767 772 768
f 768 773 769
f 769 774 770
f 770 775 771
f 683 776 1504
f 768 772 773
f 769 773 774
f 770 774 775
f 771 775 776
f 683 1539 684
f 684 1540 696
f 677 1533 772
f 772 1500 773
f 773 1501 774
f 774 1502 775
f 775 1503 776
f 773 1500 1501
f 774 1501 1502
f 775 1502 1503
f 776 1503 1504
f 683 1504 1539
f 779 786 783
f 779 780 787
f 777 789 780
f 778 782 790
f 781 783 784
f 781 785 782
f 779 787 786
f 781 784 785
f 783 786 784
f 782 785 790
f 780 789 788
f 780 788 787
f 786 787 791
f 787 788 792
f 788 789 795
f 785 794 790
f 784 794 785
f 784 786 793
f 778 817 810
f 778 790 817
f 790 865 817
f 787 792 791
f 786 791 793
f 788 795 792
f 789 796 795
f 784 793 794
f 790 794 797
f 792 795 858
f 791 792 799
f 791 798 793
f 793 800 794
f 795 796 857
f 795 857 858
f 794 800 797
f 792 858 799
f 791 799 798
f 793 798 800
f 797 800 860
f 790 797 865
f 510 804 511
f 508 803 509
f 508 511 805
f 509 806 512
f 510 801 811
f 512 806 802
f 508 805 803
f 509 803 806
f 510 811 804
f 511 804 805
f 513 802 807
f 514 809 516
f 515 814 518
f 515 516 815
f 514 807 808
f 514 808 809
f 515 815 814
f 516 809 815
f 801 810 816
f 801 816 811
f 517 518 813
f 517 813 812
f 518 814 813
f 812 813 824
f 812 824 861
f 803 805 820
f 803 819 806
f 802 823 807
f 802 806 823
f 804 818 805
f 804 811 822
f 810 817 816
f 811 816 821
f 811 821 822
f 804 822 818
f 803 820 819
f 805 818 820
f 806 819 823
f 816 817 831
f 807 825 808
f 808 826 809
f 809 828 815
f 813 814 829
f 814 815 830
f 813 829 824
f 807 823 825
f 815 828 830
f 808 825 827
f 808 827 826
f 809 826 828
f 814 830 829
f 824 837 861
f 493 867 870
f 493 862 864
f 493 864 867
f 816 831 821
f 818 822 836
f 818 834 820
f 819 820 833
f 821 835 822
f 819 833 823
f 823 843 825
f 821 831 832
f 817 865 831
f 818 836 834
f 820 834 833
f 821 832 835
f 822 835 836
f 823 833 843
f 826 841 828
f 826 827 840
f 824 829 837
f 828 842 830
f 829 830 838
f 825 839 827
f 829 838 837
f 828 841 842
f 830 842 838
f 826 840 841
f 827 839 840
f 825 850 839
f 825 843 850
f 831 848 832
f 832 844 835
f 834 836 846
f 835 845 836
f 833 834 847
f 833 847 843
f 831 865 849
f 832 848 844
f 831 849 848
f 834 846 847
f 835 844 845
f 836 845 846
f 843 871 850
f 843 847 871
f 839 852 840
f 841 854 842
f 840 855 841
f 839 850 851
f 838 842 853
f 837 838 853
f 837 853 856
f 839 851 852
f 840 852 855
f 842 854 853
f 841 855 854
f 850 877 851
f 448 1070 455
f 455 1073 777
f 796 859 857
f 857 882 858
f 799 858 881
f 798 885 800
f 798 799 884
f 857 859 883
f 800 885 860
f 858 882 881
f 799 881 884
f 798 884 885
f 857 883 882
f 797 860 868
f 797 868 865
f 777 1100 789
f 789 1113 796
f 525 812 861
f 525 861 862
f 525 862 526
f 837 863 861
f 861 864 862
f 861 863 864
f 837 856 863
f 493 870 944
f 856 866 863
f 863 867 864
f 863 866 867
f 849 865 868
f 856 935 866
f 866 870 867
f 866 935 869
f 866 869 870
f 844 848 873
f 844 874 845
f 845 875 846
f 846 876 847
f 848 849 872
f 847 876 871
f 848 872 873
f 844 873 874
f 845 874 875
f 846 875 876
f 849 928 872
f 871 876 933
f 871 933 877
f 850 871 877
f 851 879 852
f 853 854 926
f 852 880 855
f 854 855 927
f 853 926 856
f 851 877 878
f 851 878 879
f 852 879 880
f 854 927 926
f 855 880 927
f 859 886 883
f 860 885 887
f 882 883 892
f 881 890 884
f 881 882 888
f 884 889 885
f 883 886 891
f 882 892 888
f 885 889 887
f 881 888 890
f 884 890 889
f 883 891 892
f 886 893 891
f 887 889 898
f 891 894 892
f 888 897 890
f 888 892 896
f 889 890 899
f 891 893 895
f 891 895 894
f 888 896 897
f 890 897 899
f 892 894 896
f 889 899 898
f 893 901 895
f 860 887 925
f 860 925 868
f 887 942 925
f 887 898 942
f 796 1053 859
f 859 1246 886
f 893 902 901
f 895 901 900
f 900 901 908
f 901 902 907
f 900 909 903
f 897 905 899
f 896 904 897
f 898 899 905
f 894 903 896
f 894 895 900
f 896 903 904
f 894 900 903
f 897 904 905
f 898 905 906
f 903 910 904
f 904 917 905
f 905 917 906
f 898 906 987
f 898 987 942
f 886 1238 893
f 901 907 908
f 900 908 909
f 903 909 910
f 902 911 907
f 893 1231 902
f 904 910 917
f 907 913 908
f 908 915 909
f 910 916 917
f 909 914 910
f 907 911 912
f 907 912 913
f 909 915 914
f 908 913 915
f 910 914 916
f 902 1222 911
f 911 919 912
f 916 920 918
f 906 917 918
f 916 918 917
f 893 1238 1231
f 912 922 913
f 913 924 915
f 914 915 923
f 912 919 921
f 911 1222 919
f 914 1181 916
f 916 1181 920
f 912 921 922
f 915 924 923
f 913 922 924
f 914 923 1181
f 902 1231 1222
f 919 1222 921
f 906 988 987
f 906 918 988
f 918 991 988
f 918 920 991
f 849 868 928
f 868 925 928
f 856 926 935
f 877 936 878
f 926 927 938
f 869 956 943
f 874 932 875
f 872 930 873
f 873 931 874
f 875 934 876
f 872 928 929
f 872 929 930
f 873 930 931
f 875 932 934
f 874 931 932
f 876 934 933
f 925 949 928
f 928 949 929
f 930 952 931
f 933 934 954
f 931 953 932
f 932 954 934
f 933 955 936
f 929 950 930
f 877 933 936
f 878 937 879
f 879 939 880
f 880 940 927
f 926 938 935
f 878 936 941
f 878 941 937
f 879 937 939
f 880 939 940
f 927 940 938
f 936 957 941
f 935 938 956
f 937 961 939
f 939 959 940
f 938 940 960
f 937 941 958
f 925 942 949
f 869 935 956
f 943 956 980
f 869 943 944
f 869 944 870
f 943 946 944
f 943 945 946
f 943 980 945
f 945 947 948
f 945 948 946
f 929 949 951
f 929 951 950
f 930 950 952
f 931 952 953
f 932 953 954
f 933 954 955
f 936 955 962
f 949 967 951
f 950 951 965
f 950 964 952
f 953 968 954
f 952 966 953
f 954 968 955
f 941 957 958
f 936 962 957
f 938 960 956
f 939 961 959
f 940 959 960
f 937 958 961
f 958 975 961
f 957 977 958
f 942 967 949
f 950 965 964
f 952 964 966
f 951 967 963
f 951 963 965
f 953 966 968
f 955 969 962
f 942 987 967
f 957 962 978
f 956 960 980
f 959 961 976
f 959 979 960
f 958 977 975
f 961 975 976
f 957 978 977
f 960 979 980
f 959 976 979
f 963 973 965
f 964 965 971
f 966 974 968
f 964 972 966
f 955 968 969
f 962 969 981
f 967 987 989
f 963 967 970
f 963 970 973
f 965 973 971
f 968 974 969
f 966 972 974
f 964 971 972
f 967 989 970
f 969 974 1182
f 971 1187 972
f 972 1186 974
f 969 1182 981
f 962 981 978
f 977 978 983
f 976 984 979
f 975 985 976
f 975 977 982
f 979 984 980
f 978 981 986
f 976 985 984
f 978 986 983
f 977 983 982
f 975 982 985
f 980 984 990
f 981 1192 986
f 945 990 947
f 945 980 990
f 947 1061 948
f 987 988 989
f 970 1184 973
f 970 989 1183
f 971 973 1185
f 981 1182 1192
f 988 1188 989
f 947 990 1198
f 984 985 1193
f 983 986 1196
f 982 983 1197
f 982 1194 985
f 984 1193 990
f 988 991 1188
f 947 1211 1060
f 947 1198 1211
f 441 1008 1015
f 448 1015 1070
f 455 1070 1073
f 650 651 994
f 652 995 653
f 651 653 996
f 652 654 997
f 650 994 992
f 654 993 998
f 651 996 994
f 653 995 996
f 652 997 995
f 654 998 997
f 993 1006 1000
f 992 994 999
f 995 1002 996
f 994 996 1001
f 993 1000 998
f 995 997 1003
f 994 1001 999
f 997 998 1004
f 996 1002 1001
f 995 1003 1002
f 998 1005 1004
f 997 1004 1003
f 998 1000 1005
f 655 1006 993
f 1006 1363 1007
f 1000 1006 1007
f 1007 1363 1375
f 999 1001 1008
f 1001 1002 1009
f 1002 1010 1009
f 1001 1009 1008
f 1003 1011 1010
f 1004 1012 1011
f 1005 1013 1014
f 1005 1014 1012
f 1002 1003 1010
f 1000 1013 1005
f 1003 1004 1011
f 1004 1005 1012
f 1000 1007 1013
f 1008 1009 1016
f 1009 1010 1016
f 1010 1011 1017
f 1011 1012 1018
f 1012 1014 1020
f 1013 1019 1014
f 1010 1017 1016
f 1008 1016 1015
f 1011 1018 1017
f 1012 1020 1018
f 1014 1019 1020
f 1013 1077 1019
f 1013 1021 1077
f 1007 1021 1013
f 1007 1375 1021
f 1023 1375 1370
f 1022 1023 1371
f 1022 1372 1024
f 1023 1027 1375
f 1021 1375 1027
f 1026 1376 1028
f 1028 1376 1046
f 1021 1084 1077
f 1022 1029 1023
f 1022 1024 1030
f 1024 1025 1031
f 1025 1026 1033
f 1023 1029 1027
f 1022 1030 1029
f 1026 1028 1032
f 1021 1027 1085
f 1021 1085 1084
f 1024 1031 1030
f 1025 1033 1031
f 1026 1032 1033
f 1027 1029 1085
f 1028 1090 1032
f 1028 1046 1149
f 1034 1035 1036
f 1035 1037 1036
f 754 1034 1377
f 1034 1389 1377
f 1034 1036 1389
f 1036 1037 1040
f 1038 1040 1041
f 1038 1041 1039
f 1039 1143 1142
f 1038 1039 1142
f 1037 1041 1040
f 1036 1040 1045
f 1036 1045 1389
f 1042 1389 1045
f 1038 1148 1040
f 1040 1148 1045
f 1042 1051 1043
f 1047 1391 1392
f 1044 1050 1392
f 1043 1049 1044
f 1042 1045 1048
f 1042 1048 1051
f 1046 1391 1047
f 1047 1392 1050
f 1043 1051 1049
f 1044 1049 1050
f 1045 1148 1048
f 1046 1047 1149
f 777 1073 1100
f 789 1100 1113
f 796 1113 1053
f 859 1053 1246
f 886 1246 1238
f 1053 1252 1246
f 1052 1113 1114
f 1052 1114 1115
f 1052 1252 1053
f 1054 1253 1252
f 1052 1054 1252
f 1054 1056 1253
f 1056 1057 1254
f 1057 1058 1255
f 1055 1256 1058
f 1052 1053 1113
f 1052 1115 1054
f 1054 1117 1056
f 1056 1118 1057
f 1057 1119 1058
f 1054 1115 1117
f 1056 1117 1118
f 1057 1118 1119
f 1058 1119 1116
f 1055 1058 1116
f 1055 1116 1122
f 1055 1122 1059
f 1068 1145 1147
f 1068 1147 1069
f 947 1060 1061
f 1060 1064 1061
f 1060 1062 1064
f 1062 1065 1064
f 1062 1063 1065
f 1060 1293 1062
f 1062 1302 1063
f 1063 1066 1067
f 1066 1069 1067
f 1063 1067 1065
f 1066 1068 1069
f 1068 1359 1145
f 1063 1318 1066
f 1066 1325 1068
f 1070 1078 1071
f 1071 1079 1072
f 1072 1081 1074
f 1070 1071 1073
f 1074 1080 1075
f 1075 1082 1076
f 1071 1107 1073
f 1074 1111 1108
f 1072 1108 1107
f 1075 1110 1111
f 1071 1072 1107
f 1072 1074 1108
f 1076 1083 1109
f 1074 1075 1111
f 1075 1076 1110
f 1076 1109 1112
f 1083 1092 1109
f 1092 1120 1109
f 1016 1017 1078
f 1017 1018 1079
f 1015 1016 1078
f 1018 1020 1081
f 1019 1080 1020
f 1019 1077 1082
f 1017 1079 1078
f 1018 1081 1079
f 1020 1080 1081
f 1019 1082 1080
f 1015 1078 1070
f 1077 1083 1082
f 1071 1078 1079
f 1072 1079 1081
f 1074 1081 1080
f 1075 1080 1082
f 1077 1084 1083
f 1076 1082 1083
f 1083 1084 1092
f 1084 1085 1093
f 1084 1093 1092
f 1029 1030 1086
f 1029 1086 1085
f 1031 1088 1087
f 1030 1087 1086
f 1033 1089 1088
f 1032 1091 1089
f 1032 1090 1091
f 1030 1031 1087
f 1031 1033 1088
f 1032 1089 1033
f 1028 1149 1090
f 1085 1086 1093
f 1086 1087 1094
f 1090 1149 1158
f 1086 1094 1093
f 1092 1093 1139
f 1092 1139 1120
f 1094 1096 1134
f 1093 1094 1134
f 1095 1135 1096
f 1095 1098 1137
f 1097 1136 1098
f 1097 1099 1138
f 1087 1088 1096
f 1088 1089 1095
f 1089 1091 1098
f 1087 1096 1094
f 1088 1095 1096
f 1089 1098 1095
f 1090 1099 1091
f 1091 1099 1097
f 1091 1097 1098
f 1090 1158 1099
f 1100 1101 1113
f 1101 1103 1114
f 1101 1108 1103
f 1100 1107 1101
f 1102 1103 1111
f 1102 1110 1104
f 1104 1112 1105
f 1105 1112 1106
f 1073 1107 1100
f 1076 1112 1110
f 1101 1107 1108
f 1106 1112 1109
f 1103 1108 1111
f 1102 1111 1110
f 1104 1110 1112
f 1106 1109 1120
f 1101 1114 1113
f 1103 1115 1114
f 1102 1117 1115
f 1104 1118 1117
f 1105 1119 1118
f 1105 1116 1119
f 1102 1115 1103
f 1102 1104 1117
f 1104 1105 1118
f 1105 1106 1116
f 1106 1121 1116
f 1106 1120 1121
f 1120 1127 1121
f 1120 1139 1127
f 1116 1121 1122
f 1121 1336 1122
f 1121 1127 1336
f 1124 1127 1139
f 1123 1128 1124
f 1125 1130 1129
f 1123 1129 1128
f 1124 1128 1127
f 1132 1141 1133
f 1123 1125 1129
f 1125 1126 1130
f 1126 1141 1131
f 1133 1140 1165
f 1127 1128 1336
f 1128 1129 1337
f 1129 1130 1338
f 1132 1133 1341
f 1130 1131 1339
f 1131 1132 1340
f 1131 1141 1132
f 1126 1131 1130
f 1093 1134 1139
f 1096 1135 1134
f 1095 1137 1135
f 1098 1136 1137
f 1097 1138 1136
f 1099 1158 1174
f 1099 1140 1138
f 1099 1174 1140
f 1124 1139 1134
f 1124 1134 1135
f 1123 1135 1137
f 1125 1137 1136
f 1126 1136 1138
f 1138 1140 1141
f 1123 1124 1135
f 1123 1137 1125
f 1125 1136 1126
f 1126 1138 1141
f 1133 1141 1140
f 1143 1146 1144
f 1038 1142 1159
f 1142 1143 1144
f 1145 1146 1147
f 1144 1146 1145
f 1142 1144 1175
f 1038 1159 1148
f 1048 1148 1152
f 1051 1151 1150
f 1048 1152 1151
f 1049 1150 1153
f 1048 1151 1051
f 1047 1050 1154
f 1049 1153 1050
f 1049 1051 1150
f 1047 1154 1149
f 1050 1153 1154
f 1151 1152 1161
f 1148 1159 1152
f 1142 1175 1159
f 1156 1157 1172
f 1155 1170 1158
f 1155 1156 1170
f 1160 1171 1161
f 1159 1169 1160
f 1157 1161 1173
f 1150 1151 1157
f 1149 1154 1158
f 1153 1155 1154
f 1150 1156 1153
f 1154 1155 1158
f 1150 1157 1156
f 1153 1156 1155
f 1152 1159 1160
f 1152 1160 1161
f 1151 1161 1157
f 1144 1145 1162
f 1144 1162 1175
f 1145 1355 1162
f 1145 1359 1355
f 1162 1179 1175
f 1162 1163 1179
f 1164 1167 1176
f 1163 1164 1179
f 1167 1178 1176
f 1168 1180 1177
f 1166 1177 1178
f 1164 1176 1179
f 1165 1180 1168
f 1133 1165 1351
f 1162 1355 1163
f 1163 1350 1164
f 1165 1168 1351
f 1166 1353 1168
f 1164 1354 1167
f 1166 1167 1352
f 1166 1178 1167
f 1166 1168 1177
f 1156 1172 1170
f 1157 1173 1172
f 1161 1171 1173
f 1160 1169 1171
f 1159 1175 1169
f 1158 1170 1174
f 1170 1180 1174
f 1171 1178 1173
f 1169 1176 1171
f 1169 1175 1179
f 1172 1173 1177
f 1170 1172 1180
f 1140 1174 1165
f 1169 1179 1176
f 1173 1178 1177
f 1171 1176 1178
f 1172 1177 1180
f 1165 1174 1180
f 920 1181 1225
f 921 1224 922
f 922 1226 924
f 923 1228 1181
f 923 924 1227
f 921 1222 1223
f 921 1223 1224
f 922 1224 1226
f 1181 1228 1225
f 924 1226 1227
f 923 1227 1228
f 920 1225 1277
f 920 1277 991
f 970 1183 1184
f 973 1184 1185
f 972 1187 1186
f 974 1186 1182
f 971 1185 1187
f 989 1188 1183
f 1183 1200 1184
f 1184 1189 1185
f 1185 1191 1187
f 1182 1186 1201
f 1186 1187 1190
f 1183 1188 1199
f 1182 1201 1192
f 1183 1199 1200
f 1184 1200 1189
f 1185 1189 1191
f 1187 1191 1190
f 1186 1190 1201
f 1192 1201 1203
f 1195 1203 1202
f 986 1192 1195
f 983 1196 1197
f 986 1195 1196
f 985 1194 1193
f 982 1197 1194
f 990 1193 1198
f 1193 1194 1206
f 1192 1203 1195
f 1196 1208 1197
f 1194 1197 1207
f 1195 1209 1196
f 1193 1206 1198
f 1197 1208 1207
f 1194 1207 1206
f 1195 1202 1209
f 1196 1209 1208
f 991 1205 1188
f 991 1277 1205
f 1188 1205 1199
f 1199 1212 1200
f 1189 1214 1191
f 1189 1200 1213
f 1190 1191 1215
f 1190 1215 1201
f 1199 1205 1204
f 1200 1212 1213
f 1199 1204 1212
f 1189 1213 1214
f 1191 1214 1215
f 1201 1216 1203
f 1202 1217 1209
f 1202 1203 1219
f 1209 1217 1218
f 1198 1206 1211
f 1206 1207 1210
f 1208 1209 1218
f 1207 1208 1221
f 1207 1221 1210
f 1208 1218 1221
f 1206 1210 1211
f 1202 1219 1217
f 1201 1215 1216
f 1204 1280 1212
f 1204 1205 1279
f 1212 1282 1213
f 1213 1281 1214
f 1214 1283 1215
f 1215 1283 1216
f 1203 1216 1220
f 1203 1220 1219
f 1210 1221 1285
f 1210 1285 1211
f 1218 1284 1221
f 1217 1286 1218
f 1217 1219 1287
f 1219 1220 1288
f 493 944 2095
f 1222 1231 1223
f 1223 1230 1224
f 1224 1232 1226
f 1225 1228 1235
f 1226 1233 1227
f 1227 1234 1228
f 1223 1231 1229
f 1224 1230 1232
f 1223 1229 1230
f 1226 1232 1233
f 1227 1233 1234
f 1228 1234 1235
f 1225 1235 1278
f 1229 1231 1237
f 1229 1236 1230
f 1230 1239 1232
f 1233 1241 1234
f 1232 1240 1233
f 1234 1241 1235
f 1231 1238 1237
f 1229 1237 1236
f 1232 1239 1240
f 1230 1236 1239
f 1233 1240 1241
f 1235 1241 1242
f 1236 1249 1239
f 1236 1237 1248
f 1239 1250 1240
f 1237 1238 1247
f 1237 1247 1248
f 1239 1249 1250
f 1236 1248 1249
f 1240 1251 1241
f 1241 1251 1242
f 1240 1250 1251
f 1235 1242 1243
f 1225 1278 1277
f 1235 1243 1278
f 1243 1298 1278
f 1243 1261 1298
f 1244 1298 1261
f 1244 1263 1245
f 1245 1264 1307
f 1238 1246 1247
f 1248 1254 1249
f 1247 1253 1248
f 1242 1251 1257
f 1249 1255 1250
f 1250 1256 1251
f 1247 1252 1253
f 1246 1252 1247
f 1248 1253 1254
f 1250 1255 1256
f 1249 1254 1255
f 1055 1257 1256
f 1251 1256 1257
f 1242 1257 1258
f 1057 1255 1254
f 1056 1254 1253
f 1058 1256 1255
f 1055 1059 1257
f 1242 1258 1243
f 1059 1258 1257
f 1243 1258 1261
f 1258 1271 1261
f 1059 1271 1258
f 1059 1122 1259
f 1059 1259 1271
f 1259 1260 1271
f 1259 1343 1260
f 1260 1344 1273
f 1273 1346 1274
f 1275 1348 1276
f 1274 1345 1275
f 1244 1261 1262
f 1244 1262 1263
f 1245 1263 1264
f 1261 1265 1262
f 1262 1265 1266
f 1263 1266 1267
f 1262 1266 1263
f 1263 1267 1264
f 1269 1320 1270
f 1264 1268 1270
f 1264 1267 1268
f 1261 1271 1265
f 1268 1269 1270
f 1269 1272 1321
f 1264 1270 1307
f 1260 1265 1271
f 1265 1273 1266
f 1266 1274 1267
f 1260 1273 1265
f 1266 1273 1274
f 1267 1274 1275
f 1268 1275 1276
f 1267 1275 1268
f 1268 1276 1269
f 1269 1276 1272
f 1272 1276 1347
f 1060 1211 1293
f 1205 1277 1289
f 1277 1278 1289
f 1062 1293 1302
f 1063 1302 1318
f 1204 1279 1280
f 1212 1280 1282
f 1205 1289 1279
f 1213 1282 1281
f 1214 1281 1283
f 1216 1294 1220
f 1216 1283 1294
f 1211 1285 1293
f 1218 1286 1284
f 1221 1284 1285
f 1219 1288 1287
f 1217 1287 1286
f 1220 1294 1297
f 1220 1297 1288
f 1279 1292 1280
f 1279 1289 1290
f 1279 1290 1292
f 1280 1291 1282
f 1281 1282 1295
f 1281 1296 1283
f 1280 1292 1291
f 1282 1291 1295
f 1283 1296 1294
f 1281 1295 1296
f 1289 1298 1290
f 1284 1301 1285
f 1284 1286 1299
f 1285 1301 1293
f 1287 1288 1305
f 1286 1287 1300
f 1288 1297 1304
f 1288 1304 1305
f 1287 1305 1300
f 1286 1300 1299
f 1284 1299 1301
f 1278 1298 1289
f 1291 1292 1307
f 1245 1292 1290
f 1244 1290 1298
f 1244 1245 1290
f 1293 1301 1302
f 1299 1303 1301
f 1299 1300 1312
f 1301 1303 1302
f 1299 1312 1303
f 1302 1303 1318
f 1303 1312 1319
f 1294 1296 1306
f 1291 1308 1295
f 1295 1309 1296
f 1294 1306 1297
f 1291 1307 1308
f 1245 1307 1292
f 1296 1309 1306
f 1295 1308 1309
f 1297 1310 1304
f 1304 1314 1305
f 1300 1305 1313
f 1297 1306 1310
f 1304 1310 1311
f 1305 1314 1313
f 1300 1313 1312
f 1304 1311 1314
f 1270 1308 1307
f 1308 1320 1309
f 1306 1309 1320
f 1306 1321 1310
f 1310 1323 1311
f 1311 1322 1314
f 1312 1313 1317
f 1313 1314 1316
f 1066 1318 1325
f 1068 1325 1359
f 1331 1347 1357
f 1315 1359 1325
f 1315 1332 1360
f 1332 1335 1361
f 1334 1362 1335
f 1333 1356 1334
f 1313 1316 1317
f 1303 1319 1318
f 1312 1317 1319
f 1269 1321 1320
f 1272 1324 1321
f 1318 1319 1327
f 1317 1327 1319
f 1316 1328 1317
f 1316 1322 1329
f 1322 1323 1326
f 1323 1324 1330
f 1318 1327 1325
f 1317 1328 1327
f 1323 1330 1326
f 1322 1326 1329
f 1316 1329 1328
f 1324 1331 1330
f 1270 1320 1308
f 1306 1320 1321
f 1310 1321 1324
f 1310 1324 1323
f 1311 1323 1322
f 1314 1322 1316
f 1272 1331 1324
f 1315 1327 1328
f 1328 1329 1332
f 1315 1328 1332
f 1315 1325 1327
f 1326 1334 1335
f 1329 1335 1332
f 1330 1333 1334
f 1326 1335 1329
f 1326 1330 1334
f 1330 1331 1333
f 1272 1347 1331
f 1331 1357 1333
f 1122 1336 1259
f 1336 1337 1343
f 1337 1338 1343
f 1338 1339 1344
f 1339 1340 1346
f 1340 1342 1345
f 1341 1348 1342
f 1259 1336 1343
f 1339 1346 1344
f 1338 1344 1343
f 1340 1345 1346
f 1342 1348 1345
f 1341 1347 1348
f 1260 1343 1344
f 1274 1346 1345
f 1273 1344 1346
f 1275 1345 1348
f 1276 1348 1347
f 1129 1338 1337
f 1128 1337 1336
f 1130 1339 1338
f 1132 1341 1342
f 1131 1340 1339
f 1132 1342 1340
f 1133 1351 1341
f 1341 1351 1357
f 1352 1354 1356
f 1350 1362 1354
f 1351 1353 1358
f 1352 1358 1353
f 1349 1355 1360
f 1349 1361 1350
f 1341 1357 1347
f 1351 1358 1357
f 1333 1357 1358
f 1333 1358 1356
f 1355 1359 1360
f 1315 1360 1359
f 1332 1361 1360
f 1335 1362 1361
f 1334 1356 1362
f 1352 1356 1358
f 1354 1362 1356
f 1349 1360 1361
f 1350 1361 1362
f 1163 1349 1350
f 1164 1350 1354
f 1163 1355 1349
f 1167 1354 1352
f 1166 1352 1353
f 1168 1353 1351
f 728 1363 1006
f 729 1366 735
f 731 732 1364
f 733 1367 734
f 732 734 1365
f 733 735 1368
f 731 1364 1363
f 729 1380 1366
f 732 1365 1364
f 734 1367 1365
f 733 1368 1367
f 735 1366 1369
f 735 1369 1368
f 1363 1364 1370
f 1364 1365 1370
f 1365 1367 1371
f 1367 1368 1372
f 1368 1369 1373
f 1366 1374 1369
f 1366 1380 1390
f 1363 1370 1375
f 1365 1371 1370
f 1367 1372 1371
f 1368 1373 1372
f 1369 1374 1373
f 1366 1376 1374
f 1366 1390 1376
f 1022 1371 1372
f 1023 1370 1371
f 1024 1372 1373
f 1025 1373 1374
f 1026 1374 1376
f 1024 1373 1025
f 1025 1374 1026
f 1046 1376 1390
f 730 757 1380
f 755 1381 758
f 755 756 1382
f 757 758 1383
f 756 759 1379
f 759 1377 1378
f 756 1379 1382
f 759 1378 1379
f 757 1383 1380
f 758 1381 1383
f 755 1382 1381
f 1377 1384 1378
f 1379 1387 1382
f 1380 1383 1385
f 1381 1385 1383
f 1381 1382 1386
f 1378 1388 1379
f 1377 1389 1384
f 1378 1384 1388
f 1379 1388 1387
f 1382 1387 1386
f 1380 1385 1390
f 1381 1386 1385
f 766 1037 1035
f 766 1041 1037
f 766 1039 1041
f 1044 1387 1388
f 1043 1388 1384
f 1386 1387 1392
f 1385 1386 1391
f 1042 1384 1389
f 1385 1391 1390
f 1386 1392 1391
f 1042 1043 1384
f 1043 1044 1388
f 1044 1392 1387
f 1046 1390 1391
f 766 2081 1039
f 1069 1147 2081
f 1039 2081 1143
f 1143 2081 1146
f 1146 2081 1147
f 1067 1069 2081
f 1065 1067 2087
f 662 664 1418
f 663 666 1394
f 663 1393 664
f 665 672 1400
f 666 667 1395
f 665 1399 667
f 664 1393 1418
f 663 1394 1393
f 668 1414 669
f 662 1413 668
f 669 1405 670
f 670 1407 671
f 668 1413 1414
f 662 1418 1413
f 669 1414 1405
f 670 1405 1407
f 671 1407 1408
f 672 673 1454
f 673 674 1457
f 674 675 1459
f 675 676 1463
f 667 1399 1395
f 666 1395 1394
f 665 1400 1399
f 1393 1394 1396
f 1394 1395 1397
f 1394 1397 1396
f 1396 1397 1398
f 1395 1402 1397
f 1395 1399 1402
f 1397 1402 1403
f 1396 1398 1427
f 1397 1403 1398
f 1399 1401 1402
f 1399 1400 1401
f 1401 1404 1402
f 1402 1404 1403
f 1398 1403 1477
f 1403 1404 1477
f 1405 1406 1410
f 1405 1410 1407
f 1407 1410 1409
f 1407 1409 1408
f 1408 1409 1411
f 1408 1411 1412
f 1413 1418 1419
f 1413 1419 1415
f 1405 1414 1406
f 1413 1415 1414
f 1406 1414 1415
f 1406 1415 1416
f 1415 1421 1416
f 1406 1417 1410
f 1406 1416 1417
f 1418 1420 1419
f 1393 1420 1418
f 1415 1419 1421
f 1419 1420 1422
f 1393 1396 1420
f 1396 1427 1420
f 1419 1422 1421
f 1420 1427 1422
f 1416 1421 1429
f 1416 1429 1417
f 1409 1423 1411
f 1409 1424 1423
f 1409 1410 1424
f 1410 1417 1424
f 1411 1425 1412
f 1411 1423 1425
f 1412 1426 1515
f 1412 1425 1426
f 1417 1434 1424
f 1423 1424 1436
f 1423 1438 1425
f 1425 1439 1426
f 1421 1422 1428
f 1422 1427 1432
f 1398 1475 1427
f 1417 1429 1434
f 1421 1428 1429
f 1422 1432 1428
f 1427 1475 1432
f 1398 1477 1475
f 1432 1475 1476
f 1428 1433 1431
f 1429 1430 1434
f 1429 1431 1430
f 1428 1431 1429
f 1430 1431 1442
f 1428 1432 1433
f 1432 1476 1433
f 1431 1433 1479
f 1431 1479 1442
f 1424 1434 1436
f 1423 1436 1438
f 1434 1435 1436
f 1430 1435 1434
f 1436 1437 1438
f 1435 1437 1436
f 1437 1440 1438
f 1425 1438 1439
f 1426 1439 1445
f 1438 1440 1439
f 1439 1440 1441
f 1439 1441 1445
f 1435 1443 1437
f 1430 1442 1435
f 1437 1444 1440
f 1437 1443 1444
f 1435 1442 1443
f 1440 1447 1441
f 1440 1444 1447
f 1441 1446 1445
f 1441 1448 1446
f 1441 1447 1448
f 1446 1448 1493
f 1442 1449 1443
f 1443 1450 1444
f 1444 1451 1447
f 1443 1449 1450
f 1444 1450 1451
f 1450 1452 1451
f 1449 1453 1450
f 1447 1452 1448
f 1448 1453 1493
f 1448 1452 1453
f 1447 1451 1452
f 1450 1453 1452
f 1449 1558 1453
f 673 1457 1454
f 674 1459 1457
f 672 1454 1400
f 675 1463 1459
f 676 1464 1463
f 1400 1455 1401
f 1400 1454 1455
f 1401 1455 1456
f 1454 1458 1455
f 1454 1457 1458
f 1455 1458 1461
f 1401 1456 1404
f 1455 1461 1456
f 1404 1456 1482
f 1404 1482 1477
f 1457 1460 1458
f 1457 1459 1460
f 1458 1460 1462
f 1458 1462 1461
f 1461 1462 1467
f 1456 1461 1485
f 1456 1485 1482
f 1461 1467 1485
f 1459 1465 1460
f 1459 1463 1465
f 1460 1465 1466
f 1460 1466 1462
f 1462 1466 1469
f 1462 1469 1467
f 1467 1470 1468
f 1467 1469 1470
f 1463 1471 1465
f 1463 1464 1471
f 1465 1471 1472
f 1464 1582 1471
f 1465 1472 1466
f 1466 1472 1473
f 1471 1583 1472
f 1472 1583 1473
f 1466 1473 1469
f 1469 1474 1470
f 1469 1473 1474
f 1473 1585 1474
f 1473 1584 1585
f 1475 1478 1476
f 1475 1477 1478
f 1477 1483 1478
f 1477 1482 1483
f 1476 1478 1481
f 1478 1484 1481
f 1433 1476 1480
f 1433 1480 1479
f 1476 1481 1480
f 1482 1485 1486
f 1482 1486 1483
f 1478 1483 1484
f 1483 1487 1484
f 1483 1486 1487
f 1468 1486 1485
f 1486 1494 1487
f 1442 1479 1488
f 1479 1480 1490
f 1480 1481 1489
f 1479 1490 1488
f 1480 1489 1490
f 1484 1487 1491
f 1484 1491 1492
f 1481 1484 1492
f 1481 1492 1489
f 1442 1488 1449
f 1449 1488 1558
f 1488 1490 1559
f 1489 1560 1490
f 1453 1558 1493
f 1488 1559 1558
f 1490 1560 1559
f 1489 1561 1560
f 1489 1492 1561
f 1491 1562 1492
f 1492 1562 1561
f 1491 1576 1562
f 1467 1468 1485
f 1468 1494 1486
f 1468 1470 1495
f 1468 1495 1494
f 1470 1496 1495
f 1470 1474 1496
f 1474 1585 1496
f 1496 1585 1598
f 1487 1494 1497
f 1494 1495 1498
f 1487 1497 1491
f 1494 1498 1497
f 1495 1496 1499
f 1496 1598 1606
f 1495 1499 1498
f 1496 1606 1499
f 1491 1497 1576
f 1497 1498 1577
f 1497 1577 1576
f 1498 1578 1577
f 1498 1499 1578
f 1499 1606 1579
f 1499 1579 1578
f 677 1408 1533
f 1500 1505 1501
f 1501 1506 1502
f 1502 1507 1503
f 1503 1508 1504
f 772 1533 1500
f 1501 1505 1506
f 1502 1506 1507
f 1503 1507 1508
f 1504 1508 1509
f 684 1539 1540
f 696 1540 2047
f 1500 1533 1505
f 1505 1510 1506
f 1506 1512 1507
f 1506 1510 1512
f 1505 1533 1510
f 1507 1513 1508
f 1508 1511 1509
f 1504 1509 1539
f 1507 1512 1513
f 1508 1513 1511
f 1509 1511 1514
f 1509 1514 1539
f 1408 1412 1533
f 1412 1515 1533
f 1515 1516 1533
f 1516 1517 1533
f 1517 1518 1533
f 1518 1519 1533
f 1519 1520 1533
f 1520 1531 1521
f 1520 1521 1540
f 1515 1522 1516
f 1426 1522 1515
f 1516 1523 1517
f 1516 1522 1523
f 1426 1445 1522
f 1445 1523 1522
f 1517 1523 1524
f 1517 1524 1518
f 1518 1524 1525
f 1523 1526 1524
f 1445 1526 1523
f 1524 1526 1528
f 1518 1525 1519
f 1519 1525 1530
f 1524 1528 1525
f 1525 1547 1530
f 1445 1446 1526
f 1446 1527 1526
f 1526 1527 1528
f 1527 1546 1529
f 1446 1493 1527
f 1493 1546 1527
f 1527 1529 1528
f 1528 1529 1547
f 1529 1548 1547
f 1530 1550 1531
f 1525 1528 1547
f 1530 1547 1550
f 1519 1530 1520
f 1520 1530 1531
f 1531 1550 1532
f 1521 1531 1532
f 1520 1539 1533
f 1510 1534 1512
f 1512 1535 1513
f 1511 1513 1536
f 1511 1537 1514
f 1510 1533 1534
f 1512 1534 1535
f 1513 1535 1536
f 1511 1536 1537
f 1514 1537 1538
f 1514 1538 1539
f 1533 1535 1534
f 1533 1536 1535
f 1533 1537 1536
f 1533 1538 1537
f 1533 1539 1538
f 1520 1540 1539
f 1521 1541 1540
f 1540 2051 2047
f 1521 1532 1541
f 1541 1563 1542
f 1542 1564 1543
f 1543 1565 1544
f 1544 1580 1545
f 1545 1581 1667
f 1529 1546 1549
f 1529 1549 1548
f 1548 1549 1552
f 1532 1550 1554
f 1547 1548 1550
f 1548 1551 1550
f 1548 1552 1551
f 1550 1551 1554
f 1551 1552 1555
f 1551 1555 1554
f 1552 1553 1555
f 1553 1557 1555
f 1554 1555 1556
f 1555 1557 1556
f 1553 1568 1557
f 1556 1557 1566
f 1493 1558 1546
f 1546 1559 1549
f 1546 1558 1559
f 1549 1560 1552
f 1549 1559 1560
f 1552 1560 1561
f 1552 1561 1553
f 1553 1561 1562
f 1553 1562 1568
f 1562 1576 1568
f 1532 1554 1563
f 1532 1563 1541
f 1542 1563 1564
f 1554 1556 1563
f 1556 1564 1563
f 1556 1566 1564
f 1564 1566 1565
f 1543 1564 1565
f 1568 1570 1569
f 1557 1568 1569
f 1557 1569 1566
f 1566 1569 1567
f 1569 1570 1571
f 1567 1569 1571
f 1570 1573 1571
f 1571 1573 1575
f 1567 1571 1572
f 1571 1575 1572
f 1573 1574 1575
f 1572 1575 1673
f 1574 1676 1575
f 1575 1676 1673
f 1568 1576 1570
f 1570 1576 1577
f 1570 1577 1573
f 1573 1578 1574
f 1573 1577 1578
f 1574 1578 1579
f 1565 1566 1567
f 1565 1567 1580
f 1544 1565 1580
f 1567 1572 1580
f 1572 1581 1580
f 1572 1689 1581
f 1545 1580 1581
f 1540 1541 1542
f 1540 1542 1543
f 1540 1543 2062
f 1543 1544 2062
f 1544 1545 2062
f 1545 1667 2062
f 1667 1668 2062
f 493 2140 1464
f 1464 1588 1582
f 1471 1582 1583
f 1464 1589 1588
f 1582 1588 1590
f 1582 1590 1583
f 1583 1590 1584
f 1473 1583 1584
f 1584 1587 1585
f 1584 1590 1586
f 1584 1586 1587
f 1588 1589 1591
f 1588 1591 1590
f 1586 1590 1591
f 1586 1591 1600
f 1591 1593 1600
f 1593 1603 1600
f 1589 1592 1593
f 1589 1593 1591
f 1592 1596 1593
f 1593 1596 1603
f 1596 1610 1603
f 1592 1594 1596
f 1594 1595 1597
f 1596 1597 1610
f 1594 1597 1596
f 1597 1640 1610
f 1585 1587 1598
f 1587 1599 1598
f 1587 1601 1599
f 1586 1600 1601
f 1586 1601 1587
f 1599 1601 1602
f 1600 1604 1601
f 1601 1604 1602
f 1600 1603 1604
f 1602 1604 1605
f 1598 1599 1607
f 1598 1607 1606
f 1599 1608 1607
f 1599 1602 1608
f 1602 1605 1609
f 1602 1609 1608
f 1605 1614 1623
f 1605 1623 1609
f 1606 1607 1685
f 1607 1608 1686
f 1579 1606 1685
f 1607 1686 1685
f 1608 1609 1688
f 1609 1623 1687
f 1608 1688 1686
f 1609 1687 1688
f 1603 1611 1604
f 1603 1610 1611
f 1604 1611 1605
f 1605 1611 1614
f 1610 1613 1611
f 1611 1613 1614
f 1610 1612 1613
f 1613 1615 1614
f 1613 1618 1615
f 1615 1618 1616
f 1610 1640 1612
f 1612 1618 1613
f 1612 1649 1617
f 1612 1617 1618
f 1617 1621 1618
f 1616 1618 1621
f 1616 1621 1627
f 1617 1619 1621
f 1621 1622 1627
f 1619 1622 1621
f 1619 1620 1622
f 1614 1615 1624
f 1615 1616 1625
f 1614 1624 1623
f 1615 1625 1624
f 1616 1634 1625
f 1627 1653 1628
f 1622 1653 1627
f 1628 1653 1655
f 1628 1655 1629
f 1629 1655 1658
f 1626 1631 1633
f 1629 1658 1630
f 1630 1659 1631
f 1630 1658 1659
f 1631 1659 1633
f 1616 1627 1634
f 1623 1624 1702
f 1624 1625 1703
f 1625 1634 1704
f 1623 1702 1687
f 1625 1704 1703
f 1624 1703 1702
f 1627 1628 1635
f 1628 1629 1636
f 1627 1635 1634
f 1628 1636 1635
f 1634 1635 1638
f 1635 1636 1637
f 1630 1631 1638
f 1629 1630 1637
f 1626 1704 1631
f 1631 1704 1638
f 1630 1638 1637
f 1629 1637 1636
f 1635 1637 1638
f 1634 1638 1704
f 1595 1639 1640
f 1639 1641 1649
f 1595 1640 1597
f 1639 1649 1640
f 1464 2140 1589
f 1612 1640 1649
f 1617 1649 1650
f 1617 1650 1619
f 1619 1651 1620
f 1620 1662 1652
f 1641 1647 1650
f 1647 1648 1651
f 1641 1650 1649
f 1619 1650 1651
f 1647 1651 1650
f 1620 1651 1661
f 1648 1661 1651
f 1620 1661 1662
f 1620 1652 1653
f 1620 1653 1622
f 1652 1655 1653
f 1652 1654 1655
f 1654 1656 1658
f 1654 1658 1655
f 1652 1663 1654
f 1656 1659 1658
f 1656 1657 1659
f 1633 1659 1657
f 1632 1633 1657
f 1656 1666 1657
f 1632 1657 1665
f 1654 1664 1656
f 1652 1662 1663
f 1654 1663 1664
f 1656 1664 1666
f 1657 1666 1665
f 1648 1660 1661
f 1660 1662 1661
f 1642 1662 1660
f 1642 1663 1662
f 1642 1643 1663
f 1643 1664 1663
f 1643 1644 1664
f 1645 1665 1646
f 1646 1665 1666
f 1644 1646 1666
f 1644 1666 1664
f 1667 1689 1668
f 1668 1690 1669
f 1670 1705 1671
f 1669 1691 1670
f 1671 1706 1672
f 1574 1675 1676
f 1675 1678 1676
f 1673 1676 1674
f 1675 1677 1678
f 1674 1676 1678
f 1677 1679 1682
f 1678 1682 1681
f 1677 1682 1678
f 1674 1678 1681
f 1679 1684 1682
f 1679 1680 1684
f 1681 1682 1683
f 1682 1684 1683
f 1574 1579 1675
f 1579 1685 1675
f 1675 1685 1677
f 1677 1685 1686
f 1679 1688 1680
f 1680 1688 1687
f 1677 1686 1679
f 1679 1686 1688
f 1572 1673 1689
f 1673 1674 1690
f 1673 1690 1689
f 1581 1689 1667
f 1668 1689 1690
f 1674 1681 1691
f 1674 1691 1690
f 1681 1683 1705
f 1681 1705 1691
f 1669 1690 1691
f 1680 1692 1695
f 1692 1693 1699
f 1692 1699 1695
f 1683 1696 1706
f 1680 1697 1684
f 1683 1684 1696
f 1680 1695 1697
f 1684 1697 1696
f 1694 1696 1697
f 1694 1697 1695
f 1693 1701 1699
f 1626 1701 1693
f 1694 1695 1698
f 1695 1699 1698
f 1698 1699 1700
f 1699 1701 1700
f 1632 1700 1701
f 1632 1701 1633
f 1626 1633 1701
f 1696 1716 1707
f 1694 1716 1696
f 1694 1698 1714
f 1692 1702 1693
f 1680 1687 1692
f 1687 1702 1692
f 1626 1693 1703
f 1693 1702 1703
f 1626 1703 1704
f 1683 1706 1705
f 1670 1691 1705
f 1696 1707 1706
f 1671 1705 1706
f 1672 1706 1707
f 1669 1670 2062
f 1668 1669 2062
f 1670 2353 2062
f 1710 1711 2353
f 1709 2353 1711
f 1709 1712 2353
f 1698 1700 1715
f 1632 1713 1700
f 1708 1716 1710
f 1710 1716 1714
f 1694 1714 1716
f 1698 1715 1714
f 1709 1713 1712
f 1709 1715 1713
f 1632 1717 1713
f 1700 1713 1715
f 1632 1665 1717
f 1711 1714 1715
f 1710 1714 1711
f 1709 1711 1715
f 1672 1707 1708
f 1707 1716 1708
f 1645 1712 1717
f 1645 1717 1665
f 1712 1713 1717
f 1670 1671 2353
f 1671 1672 2353
f 1672 1708 2353
f 1708 1710 2353
f 687 1719 688
f 686 694 1721
f 686 1720 687
f 687 1720 1719
f 694 695 1722
f 695 696 1723
f 686 1721 1720
f 694 1722 1721
f 1718 1719 1720
f 1718 1725 1719
f 1718 1720 1721
f 1718 1721 1722
f 1718 1722 1723
f 1718 1723 1724
f 695 1723 1722
f 696 1724 1723
f 762 1727 763
f 760 763 1728
f 688 1719 761
f 761 1725 762
f 762 1726 1727
f 763 1727 1728
f 761 1719 1725
f 762 1725 1726
f 760 1729 764
f 764 1730 765
f 765 1731 766
f 760 1728 1729
f 764 1729 1730
f 765 1730 1731
f 1718 1727 1726
f 1718 1726 1725
f 1718 1728 1727
f 1718 1730 1729
f 1718 1731 1730
f 1718 1729 1728
f 696 2067 1724
f 1718 1724 1732
f 1718 1732 1731
f 1732 1734 1736
f 1732 1736 1737
f 1732 1738 1733
f 1732 1733 1735
f 1732 1772 1738
f 1732 1773 1772
f 1732 1735 1734
f 1732 1737 1884
f 1732 1884 1885
f 1732 1886 1887
f 1732 1885 1886
f 1732 1805 1773
f 1732 1806 1805
f 1733 1741 1735
f 1735 1739 1750
f 1735 1741 1739
f 1733 1740 1741
f 1733 1784 1740
f 1737 1742 1890
f 1734 1747 1736
f 1734 1744 1747
f 1734 1755 1744
f 1736 1747 1743
f 1734 1735 1755
f 1735 1749 1748
f 1735 1748 1755
f 1735 1750 1749
f 1736 1762 1737
f 1736 1743 1763
f 1736 1763 1760
f 1736 1760 1761
f 1736 1761 1762
f 1737 1762 1742
f 1732 1807 1806
f 1772 1774 1792
f 1772 1773 1774
f 1773 1805 1780
f 1773 1775 1774
f 1773 1776 1775
f 1805 1777 1780
f 1773 1778 1779
f 1773 1779 1776
f 1773 1780 1778
f 1733 1738 1784
f 1738 1772 1793
f 1738 1781 1785
f 1738 1782 1784
f 1738 1783 1782
f 1738 1785 1783
f 1738 1793 1781
f 1772 1792 1793
f 1805 1808 1777
f 1805 1806 1808
f 1806 1809 1808
f 1806 1810 1809
f 1806 1811 1810
f 1806 1812 1811
f 1806 1816 1812
f 1806 1807 1816
f 1807 1817 1816
f 1807 1818 1817
f 1807 1833 1818
f 1833 1819 1818
f 1833 1820 1819
f 1833 1822 1821
f 1833 1821 1820
f 1724 2073 1732
f 1732 2073 1807
f 1833 1834 1837
f 1834 1835 1839
f 1835 1836 1851
f 1833 1837 1822
f 1834 1838 1837
f 1834 1839 1838
f 1835 1840 1839
f 1835 1850 1840
f 1835 1851 1850
f 1836 1853 1851
f 1836 1863 1857
f 1836 1857 1853
f 1863 1858 1857
f 1863 1869 1867
f 1863 1865 1858
f 1863 1867 1865
f 1869 1868 1867
f 1869 1870 1873
f 1870 1968 1883
f 1869 1873 1868
f 1870 1874 1873
f 1870 1878 1874
f 1870 1883 1878
f 1807 2073 1833
f 1833 2073 1834
f 1834 2073 1835
f 1835 2073 1836
f 1836 2073 1863
f 1863 2073 1869
f 1869 2073 1870
f 766 1731 2081
f 1731 2152 2081
f 1731 1732 2152
f 1732 1887 1888
f 1732 1888 1929
f 1737 1890 1884
f 1884 1890 1889
f 1884 1889 1891
f 1884 1891 1894
f 1884 1893 1885
f 1884 1894 1895
f 1884 1895 1893
f 1885 1901 1886
f 1885 1893 1900
f 1885 1900 1901
f 1886 1901 1902
f 1886 1902 1903
f 1886 1903 1914
f 1887 1913 1919
f 1886 1916 1887
f 1886 1914 1915
f 1886 1915 1916
f 1887 1916 1913
f 1898 1896 1966
f 1887 1919 1888
f 1888 1919 1920
f 1888 1920 1921
f 1888 1921 1924
f 1888 1924 1923
f 1888 1923 1925
f 1888 1925 1929
f 1906 1905 1963
f 1963 1911 1906
f 1898 1966 1899
f 2181 1896 1912
f 1966 1905 1899
f 1918 1917 1946
f 1963 1917 1911
f 1946 1926 1918
f 1771 2181 1912
f 1771 1770 2181
f 2192 1770 1765
f 1768 1767 2192
f 1768 2192 1765
f 1759 2201 1767
f 1756 2212 1754
f 1759 1758 2201
f 2212 1758 1754
f 1756 1757 2212
f 2217 1757 1797
f 1794 2231 1791
f 1794 1795 2231
f 2235 1795 1801
f 1801 1802 2235
f 2240 1803 1804
f 2240 1802 1803
f 1804 1824 2251
f 1824 1815 2265
f 2264 1815 1827
f 1827 1828 2268
f 1828 1829 2268
f 1829 1830 2327
f 1830 1832 2327
f 1797 1798 2217
f 2231 1798 1791
f 1732 2274 2152
f 1732 1929 2274
f 1929 1930 2274
f 1929 1925 1934
f 1929 1935 1930
f 1929 1934 1935
f 1930 1935 1936
f 1930 1936 1938
f 1926 1945 1928
f 1945 1944 1928
f 1946 1945 1926
f 1917 1957 1946
f 1930 1938 1941
f 1930 1941 1940
f 1930 1940 1942
f 1930 1942 1931
f 1931 1942 1947
f 1917 1958 1957
f 1963 1958 1917
f 1905 1964 1963
f 1905 1967 1964
f 1966 1967 1905
f 1896 2180 1966
f 2181 1770 2182
f 2181 2180 1896
f 1770 2186 2182
f 1931 1948 1932
f 1931 1947 1948
f 1932 1948 1949
f 1932 1949 1950
f 1932 1950 1952
f 1932 1952 1953
f 1932 1953 1959
f 1932 1959 1933
f 1933 1959 1960
f 1933 1961 2168
f 1933 1960 1961
f 2168 1961 1962
f 1770 2193 2186
f 2192 2193 1770
f 1767 2200 2192
f 2201 2200 1767
f 1758 2211 2201
f 1758 2213 2211
f 2212 2213 1758
f 1757 2218 2212
f 2217 2218 1757
f 1798 2222 2217
f 1798 2232 2222
f 2231 2232 1798
f 1795 2236 2231
f 2235 2236 1795
f 2235 1802 2239
f 1802 2240 2239
f 1804 2251 2240
f 1824 2253 2251
f 1824 2265 2253
f 2264 2265 1815
f 1829 2327 2267
f 1827 2268 2264
f 1829 2267 2269
f 1829 2269 2268
f 2327 1832 1841
f 1841 1842 2309
f 1842 1843 2309
f 1843 1844 2311
f 1844 1848 2311
f 1968 1974 1970
f 1968 1969 1883
f 1968 1970 1969
f 1974 1973 1970
f 1974 1982 1973
f 1974 1975 1984
f 1974 1984 1982
f 1975 1986 1984
f 1975 1987 1986
f 2311 1848 1854
f 1854 1855 2278
f 1855 1859 2278
f 1859 1860 2294
f 1975 1998 1987
f 1860 1862 2294
f 2294 1862 1871
f 1871 1872 2283
f 1872 1879 2283
f 1880 1882 2033
f 1879 1880 2033
f 2033 1882 1971
f 1998 1988 1987
f 1998 1991 1988
f 1971 1972 2027
f 1972 1980 2023
f 1981 2023 1980
f 1981 1985 2021
f 1993 1994 2013
f 1989 1993 2006
f 1985 1989 2017
f 1993 2013 2006
f 1998 2000 1999
f 1998 1999 1991
f 2000 2035 2002
f 2000 2001 1999
f 2000 2002 2001
f 2035 2003 2002
f 1989 2006 2011
f 2017 2021 1985
f 1989 2011 2016
f 1989 2016 2017
f 1879 2033 2285
f 1871 2283 2295
f 1859 2294 2277
f 1871 2295 2294
f 1879 2285 2282
f 1879 2282 2283
f 1972 2023 2027
f 1981 2021 2023
f 1971 2027 2034
f 2034 2033 1971
f 2042 2015 2009
f 1841 2309 2326
f 1843 2310 2309
f 1843 2308 2310
f 2327 1841 2326
f 1843 2311 2308
f 1854 2278 2312
f 1854 2312 2311
f 1859 2277 2275
f 1859 2275 2278
f 2014 2015 2042
f 2014 2020 2019
f 2014 2018 2015
f 2014 2019 2018
f 2020 2279 2031
f 2020 2028 2019
f 2020 2030 2028
f 2020 2031 2030
f 2279 2032 2031
f 2035 2041 2039
f 2035 2036 2003
f 2035 2038 2036
f 2035 2039 2038
f 2041 2040 2039
f 2041 2042 2043
f 2000 2045 2035
f 2035 2045 2041
f 2041 2043 2040
f 2042 2044 2043
f 2042 2009 2044
f 2041 2045 2042
f 2014 2042 2045
f 2014 2045 2020
f 2020 2045 2328
f 696 2047 2067
f 2047 2051 2048
f 2048 2051 2049
f 2047 2048 2053
f 2048 2049 2054
f 2049 2050 2055
f 2050 2052 2056
f 2049 2051 2050
f 2050 2051 2052
f 1540 2062 2051
f 2051 2058 2052
f 2051 2059 2058
f 2052 2058 2057
f 2048 2054 2053
f 2049 2055 2054
f 2050 2056 2055
f 2052 2057 2056
f 2047 2053 2067
f 2053 2054 2068
f 2054 2055 2069
f 2055 2056 2070
f 2056 2057 2071
f 2053 2068 2067
f 2054 2069 2068
f 2055 2070 2069
f 2056 2071 2070
f 2057 2074 2071
f 2051 2060 2059
f 2051 2061 2060
f 2051 2062 2061
f 2058 2059 2063
f 2059 2060 2064
f 2060 2061 2065
f 2061 2062 2066
f 2057 2058 2063
f 2059 2064 2063
f 2060 2065 2064
f 2061 2066 2065
f 2057 2063 2074
f 2063 2064 2075
f 2064 2065 2076
f 2062 2078 2066
f 2065 2066 2077
f 2063 2075 2074
f 2064 2076 2075
f 2065 2077 2076
f 2066 2078 2077
f 1724 2067 2073
f 1870 2073 1968
f 1968 2073 1974
f 1974 2073 1975
f 1975 2073 1998
f 2067 2068 2072
f 2068 2069 2072
f 2069 2070 2072
f 2070 2071 2072
f 2071 2074 2072
f 2072 2074 2075
f 2067 2072 2073
f 2072 2078 2073
f 2072 2075 2076
f 2072 2076 2077
f 2072 2077 2078
f 2062 2377 2078
f 2062 2353 2377
f 1998 2073 2079
f 1998 2079 2000
f 2000 2079 2045
f 2045 2080 2046
f 2045 2079 2080
f 2073 2078 2079
f 2078 2377 2079
f 944 946 2095
f 946 948 2095
f 948 1061 2095
f 1061 1064 2095
f 1064 1065 2095
f 1065 2087 2095
f 493 2095 2140
f 1067 2081 2087
f 2081 2082 2087
f 2082 2083 2087
f 2083 2084 2087
f 2084 2085 2087
f 2085 2086 2087
f 2086 2088 2087
f 2087 2088 2089
f 2087 2089 2090
f 2087 2090 2091
f 2087 2091 2092
f 2087 2092 2093
f 2087 2094 2158
f 2087 2093 2094
f 2095 2103 2096
f 2096 2103 2097
f 2097 2103 2098
f 2098 2103 2099
f 2099 2103 2100
f 2100 2103 2101
f 2101 2103 2102
f 2095 2096 2104
f 2096 2097 2105
f 2097 2098 2106
f 2098 2099 2107
f 2099 2100 2108
f 2100 2101 2109
f 2101 2102 2110
f 2102 2103 2111
f 2096 2105 2104
f 2097 2106 2105
f 2098 2107 2106
f 2099 2108 2107
f 2100 2109 2108
f 2101 2110 2109
f 2102 2111 2110
f 2095 2120 2103
f 2095 2104 2112
f 2103 2119 2111
f 2104 2105 2113
f 2105 2106 2114
f 2106 2107 2115
f 2107 2108 2116
f 2109 2110 2118
f 2108 2109 2117
f 2110 2111 2119
f 2104 2113 2112
f 2105 2114 2113
f 2106 2115 2114
f 2107 2116 2115
f 2108 2117 2116
f 2109 2118 2117
f 2110 2119 2118
f 2095 2112 2140
f 2103 2148 2119
f 2087 2120 2095
f 2087 2340 2341
f 2087 2341 2120
f 2120 2122 2121
f 2120 2125 2126
f 2120 2126 2122
f 2120 2342 2124
f 2120 2341 2342
f 2120 2123 2125
f 2120 2124 2123
f 2120 2121 2127
f 2121 2122 2128
f 2123 2124 2352
f 2122 2126 2129
f 2125 2131 2126
f 2123 2130 2125
f 2103 2120 2149
f 2121 2128 2127
f 2122 2129 2128
f 2126 2131 2129
f 2125 2130 2131
f 2123 2352 2130
f 2120 2127 2149
f 1589 2140 1592
f 1592 2140 1594
f 1594 2140 1595
f 1595 2140 1639
f 1639 2140 1641
f 1641 2140 1647
f 1647 2140 1648
f 1648 2140 1660
f 1642 1660 2140
f 1642 2140 1643
f 1643 2140 1644
f 1644 2140 1646
f 1645 2366 1712
f 1645 1646 2366
f 1712 2366 2353
f 1646 2140 2366
f 2112 2113 2133
f 2113 2114 2134
f 2114 2115 2135
f 2115 2116 2136
f 2116 2117 2139
f 2117 2118 2137
f 2112 2133 2132
f 2113 2134 2133
f 2114 2135 2134
f 2115 2136 2135
f 2116 2139 2136
f 2118 2119 2138
f 2117 2137 2139
f 2118 2138 2137
f 2112 2132 2140
f 2119 2148 2138
f 2103 2149 2148
f 2132 2133 2141
f 2133 2134 2142
f 2134 2135 2143
f 2135 2136 2144
f 2132 2141 2140
f 2133 2142 2141
f 2134 2143 2142
f 2136 2139 2145
f 2137 2146 2139
f 2137 2138 2147
f 2135 2144 2143
f 2136 2145 2144
f 2139 2146 2145
f 2137 2147 2146
f 2138 2148 2147
f 2140 2141 2148
f 2141 2142 2148
f 2142 2143 2148
f 2143 2144 2148
f 2144 2145 2148
f 2145 2146 2148
f 2146 2147 2148
f 2140 2148 2149
f 2127 2128 2151
f 2128 2129 2150
f 2130 2398 2131
f 2129 2131 2399
f 2127 2151 2149
f 2128 2150 2151
f 2129 2399 2150
f 2140 2149 2366
f 2149 2399 2398
f 2149 2150 2399
f 2149 2151 2150
f 2081 2153 2082
f 2082 2154 2083
f 2081 2152 2153
f 2082 2153 2154
f 2083 2155 2084
f 2084 2156 2085
f 2085 2157 2086
f 2086 2157 2088
f 2083 2154 2155
f 2084 2155 2156
f 2085 2156 2157
f 2088 2157 2160
f 2152 2161 2153
f 2153 2161 2154
f 2154 2161 2155
f 2155 2161 2156
f 2088 2160 2089
f 2089 2163 2090
f 2094 2159 2158
f 2090 2164 2091
f 2091 2165 2092
f 2089 2160 2162
f 2089 2162 2163
f 2087 2158 2334
f 2087 2334 2335
f 2158 2159 2334
f 2093 2159 2094
f 2092 2166 2093
f 2093 2166 2159
f 2090 2163 2164
f 2091 2164 2165
f 2092 2165 2166
f 2156 2161 2157
f 2157 2161 2160
f 2160 2161 2162
f 2161 2163 2162
f 2161 2164 2163
f 2161 2165 2164
f 2161 2166 2165
f 2161 2167 2166
f 2159 2166 2167
f 2159 2387 2334
f 2159 2167 2375
f 1930 1931 2274
f 1931 1932 2274
f 1932 1933 2274
f 1933 2168 2274
f 2152 2274 2161
f 2168 2169 2274
f 2169 2170 2274
f 2170 2171 2274
f 2171 2172 2274
f 2172 2173 2274
f 2173 2174 2274
f 2168 2179 2169
f 2168 1962 2175
f 2168 2175 2177
f 2168 2177 2178
f 2168 2178 2179
f 2169 2179 2183
f 2169 2184 2170
f 2169 2183 2184
f 2170 2184 2185
f 2170 2185 2189
f 2170 2189 2194
f 2170 2196 2171
f 2170 2194 2195
f 2170 2195 2196
f 2171 2196 2202
f 2171 2203 2172
f 2171 2202 2203
f 2172 2203 2204
f 2172 2204 2209
f 2172 2209 2214
f 2172 2216 2173
f 2172 2214 2215
f 2172 2215 2216
f 2173 2216 2225
f 2173 2226 2174
f 2174 2234 2223
f 2173 2225 2226
f 2174 2226 2227
f 2174 2227 2229
f 2174 2229 2230
f 2174 2230 2233
f 2174 2233 2234
f 2223 2234 2241
f 2223 2242 2224
f 2224 2247 2248
f 2223 2241 2242
f 2224 2242 2243
f 2224 2243 2244
f 2224 2244 2245
f 2224 2245 2246
f 2224 2246 2247
f 2248 2247 2254
f 2248 2254 2259
f 2249 2256 2257
f 2249 2257 2258
f 2249 2258 2270
f 2248 2259 2249
f 2249 2259 2256
f 2249 2271 2250
f 2249 2270 2271
f 2250 2271 2272
f 2250 2273 2320
f 2320 2261 2262
f 2250 2272 2273
f 2320 2273 2261
f 2161 2274 2167
f 2174 2223 2274
f 2223 2224 2274
f 2224 2248 2274
f 2248 2249 2274
f 2167 2274 2331
f 2249 2331 2274
f 2279 2280 2289
f 2280 2297 2288
f 2279 2289 2032
f 2280 2290 2289
f 2280 2288 2290
f 2280 2291 2297
f 2291 2292 2298
f 2291 2296 2297
f 2291 2298 2296
f 2292 2301 2302
f 2292 2302 2298
f 2292 2303 2313
f 2303 2304 2317
f 2303 2317 2314
f 2303 2314 2313
f 2304 2316 2317
f 2304 2319 2316
f 2304 2324 2319
f 2320 2323 2321
f 2304 2321 2324
f 2320 2262 2263
f 2320 2263 2322
f 2320 2322 2323
f 2321 2323 2325
f 2321 2325 2324
f 2291 2330 2292
f 2292 2330 2303
f 2292 2313 2301
f 2320 2321 2330
f 2304 2330 2321
f 2303 2330 2304
f 2020 2328 2279
f 2280 2328 2291
f 2279 2328 2280
f 2045 2046 2328
f 2046 2329 2328
f 2291 2328 2330
f 2328 2329 2330
f 2329 2332 2330
f 2167 2331 2375
f 2250 2320 2331
f 2249 2250 2331
f 2320 2330 2331
f 2330 2332 2331
f 2331 2332 2333
f 2087 2335 2336
f 2087 2336 2337
f 2087 2337 2338
f 2087 2338 2339
f 2087 2339 2340
f 2334 2343 2335
f 2335 2344 2336
f 2336 2345 2337
f 2337 2346 2338
f 2338 2347 2339
f 2339 2348 2340
f 2340 2349 2341
f 2341 2350 2342
f 2124 2342 2351
f 2335 2343 2344
f 2336 2344 2345
f 2338 2346 2347
f 2337 2345 2346
f 2334 2387 2343
f 2339 2347 2348
f 2340 2348 2349
f 2341 2349 2350
f 2342 2350 2351
f 2124 2351 2352
f 2159 2367 2387
f 2159 2375 2367
f 2353 2354 2356
f 2353 2366 2354
f 2354 2355 2357
f 2355 2364 2358
f 2354 2357 2356
f 2355 2358 2357
f 2353 2356 2377
f 2356 2357 2378
f 2357 2358 2376
f 2356 2378 2377
f 2357 2376 2378
f 2358 2379 2376
f 2362 2370 2365
f 2359 2360 2366
f 2360 2361 2366
f 2359 2367 2360
f 2359 2366 2367
f 2360 2372 2361
f 2361 2373 2362
f 2354 2366 2355
f 2355 2366 2364
f 2363 2366 2365
f 2363 2364 2366
f 2363 2374 2364
f 2363 2365 2369
f 2362 2365 2366
f 2361 2362 2366
f 2365 2370 2369
f 2360 2367 2371
f 2366 2368 2367
f 2360 2371 2372
f 2361 2372 2373
f 2362 2373 2370
f 2358 2364 2374
f 2363 2369 2374
f 2367 2368 2387
f 2366 2387 2368
f 2366 2388 2387
f 2369 2380 2374
f 2369 2370 2381
f 2367 2375 2371
f 2371 2382 2372
f 2372 2383 2373
f 2370 2373 2384
f 2358 2374 2379
f 2374 2380 2379
f 2370 2384 2381
f 2369 2381 2380
f 2371 2375 2382
f 2372 2382 2383
f 2373 2383 2384
f 2046 2080 2329
f 2080 2332 2329
f 2080 2386 2332
f 2331 2333 2386
f 2332 2386 2333
f 2331 2386 2375
f 2377 2378 2385
f 2079 2386 2080
f 2079 2377 2386
f 2376 2379 2385
f 2379 2380 2385
f 2380 2381 2385
f 2375 2385 2382
f 2382 2385 2383
f 2383 2385 2384
f 2381 2384 2385
f 2376 2385 2378
f 2377 2385 2386
f 2375 2386 2385
f 2343 2388 2344
f 2344 2389 2345
f 2345 2390 2346
f 2346 2391 2347
f 2343 2387 2388
f 2344 2388 2389
f 2345 2389 2390
f 2346 2390 2391
f 2347 2391 2392
f 2348 2393 2349
f 2349 2394 2350
f 2347 2392 2348
f 2351 2397 2352
f 2350 2395 2351
f 2130 2352 2396
f 2350 2394 2395
f 2348 2392 2393
f 2349 2393 2394
f 2352 2397 2396
f 2351 2395 2397
f 2130 2396 2398
f 2131 2398 2399
f 2366 2389 2388
f 2366 2390 2389
f 2366 2391 2390
f 2366 2392 2391
f 2149 2393 2366
f 2366 2393 2392
f 2149 2395 2394
f 2149 2397 2395
f 2149 2394 2393
f 2149 2396 2397
f 2149 2398 2396
f 1741 1783 1739
f 1740 1784 1741
f 1784 1782 1741
f 1741 1782 1783
f 1786 1752 1783
f 1751 1739 1783
f 1751 1783 1752
f 1786 1753 1752
f 1753 1791 1798
f 1753 1798 1797
f 1762 1890 1742
f 1890 1760 1889
f 1892 1889 1760
f 1755 1748 1747
f 1748 1749 1747
f 1747 1749 1743
f 1744 1755 1747
f 1745 1743 1749
f 1745 1751 1766
f 1764 1752 1746
f 1746 1753 1769
f 1769 1754 1758
f 1745 1763 1743
f 1745 1766 1763
f 1764 1766 1752
f 1759 1769 1758
f 1751 1750 1739
f 1751 1749 1750
f 1753 1756 1754
f 1745 1749 1751
f 1766 1751 1752
f 1746 1752 1753
f 1753 1797 1757
f 1753 1757 1756
f 1769 1753 1754
f 1761 1760 1890
f 1761 1890 1762
f 1766 1760 1763
f 1770 1769 1765
f 1764 1746 1769
f 1769 1759 1767
f 1769 1767 1768
f 1769 1768 1765
f 1892 1760 1766
f 1769 1771 1912
f 1892 1766 1764
f 1892 1764 1769
f 1771 1769 1770
f 1897 1769 1912
f 1774 1775 1793
f 1775 1776 1793
f 1799 1779 1778
f 1799 1776 1779
f 1799 1778 1810
f 1786 1783 1785
f 1786 1785 1781
f 1789 1794 1791
f 1774 1793 1792
f 1793 1776 1781
f 1786 1781 1776
f 1790 1799 1796
f 1789 1795 1794
f 1787 1801 1789
f 1786 1799 1790
f 1787 1788 1800
f 1790 1800 1788
f 1790 1796 1800
f 1789 1801 1795
f 1786 1790 1753
f 1790 1788 1753
f 1787 1753 1788
f 1787 1789 1753
f 1789 1791 1753
f 1786 1776 1799
f 1796 1799 1800
f 1800 1803 1802
f 1800 1802 1801
f 1787 1800 1801
f 1799 1823 1800
f 1800 1804 1803
f 1800 1824 1804
f 1780 1777 1808
f 1780 1808 1809
f 1780 1809 1810
f 1780 1810 1778
f 1799 1813 1823
f 1799 1810 1813
f 1813 1810 1811
f 1813 1814 1823
f 1811 1812 1821
f 1816 1820 1812
f 1813 1811 1826
f 1817 1818 1816
f 1816 1818 1819
f 1816 1819 1820
f 1812 1820 1821
f 1826 1811 1821
f 1800 1823 1814
f 1813 1825 1814
f 1800 1814 1824
f 1814 1815 1824
f 1814 1827 1815
f 1814 1828 1827
f 1813 1826 1825
f 1826 1821 1822
f 1814 1829 1828
f 1814 1825 1831
f 1814 1831 1829
f 1825 1826 1831
f 1831 1830 1829
f 1831 1832 1830
f 1849 1822 1837
f 1837 1838 1839
f 1826 1822 1849
f 1837 1839 1840
f 1849 1837 1840
f 1831 1841 1832
f 1831 1842 1841
f 1826 1852 1831
f 1831 1843 1842
f 1826 1849 1852
f 1831 1852 1845
f 1831 1845 1847
f 1831 1847 1846
f 1831 1844 1843
f 1831 1846 1844
f 1846 1848 1844
f 1849 1840 1850
f 1849 1850 1851
f 1846 1847 1854
f 1852 1856 1845
f 1845 1856 1847
f 1849 1864 1852
f 1849 1851 1864
f 1846 1854 1848
f 1853 1857 1851
f 1847 1856 1861
f 1847 1861 1854
f 1851 1857 1858
f 1852 1866 1856
f 1864 1851 1858
f 1852 1864 1866
f 1861 1855 1854
f 1856 1866 1861
f 1861 1859 1855
f 1861 1860 1859
f 1861 1862 1860
f 1864 1858 1865
f 1864 1865 1867
f 1864 1867 1877
f 1867 1868 1873
f 1864 1876 1866
f 1861 1871 1862
f 1866 1881 1861
f 1861 1881 1871
f 1881 1872 1871
f 1867 1873 1874
f 1864 1877 1876
f 1877 1867 1874
f 1866 1876 1875
f 1866 1875 1881
f 1877 1874 1878
f 1881 1879 1872
f 1877 1878 1883
f 1881 1880 1879
f 1881 1882 1880
f 1892 1891 1889
f 1892 1894 1891
f 1895 1894 1901
f 1892 1903 1894
f 1895 1901 1893
f 1897 1912 1896
f 1897 1896 1898
f 1897 1898 1899
f 1892 1897 1904
f 1897 1899 1909
f 1900 1893 1901
f 1901 1894 1902
f 1894 1903 1902
f 1892 1904 1903
f 1904 1914 1903
f 1897 1907 1904
f 1897 1910 1907
f 1897 1908 1910
f 1897 1909 1908
f 1909 1899 1905
f 1909 1905 1906
f 1909 1906 1911
f 1892 1769 1897
f 1916 1915 1919
f 1919 1914 1920
f 1916 1919 1913
f 1914 1921 1920
f 1904 1907 1922
f 1915 1914 1919
f 1904 1921 1914
f 1904 1922 1921
f 1910 1908 1927
f 1907 1910 1927
f 1908 1909 1927
f 1909 1911 1927
f 1927 1911 1917
f 1927 1917 1918
f 1907 1927 1922
f 1922 1924 1921
f 1927 1918 1926
f 1927 1926 1928
f 1922 1927 1937
f 1927 1928 1943
f 1923 1924 1935
f 1925 1923 1935
f 1922 1939 1924
f 1935 1924 1936
f 1925 1935 1934
f 1939 1936 1924
f 1939 1938 1936
f 1922 1937 1939
f 1927 1943 1937
f 1943 1928 1944
f 1937 1943 1939
f 1939 1941 1938
f 1940 1941 1948
f 1940 1948 1942
f 1939 1943 1951
f 1939 1950 1941
f 1943 1944 1954
f 1954 1944 1945
f 1948 1941 1949
f 1942 1948 1947
f 1941 1950 1949
f 1939 1951 1950
f 1951 1952 1950
f 1943 1956 1951
f 1943 1955 1956
f 1943 1954 1955
f 1954 1945 1946
f 1954 1946 1957
f 1953 1952 1961
f 1951 2175 1952
f 1953 1961 1959
f 1961 1952 1962
f 1959 1961 1960
f 1952 2175 1962
f 1951 2176 2175
f 1951 1956 1965
f 1954 1965 1955
f 1955 1965 1956
f 1954 1957 1965
f 1965 1957 1958
f 1965 1958 1963
f 1951 1965 2176
f 1965 1963 1964
f 1965 1964 1967
f 1965 1967 1966
f 1875 1976 1881
f 1881 1971 1882
f 1877 1983 1876
f 1875 1876 1976
f 1877 1883 1983
f 1969 1970 1883
f 1883 1970 1973
f 1983 1883 1973
f 1876 1983 1976
f 1881 1979 1971
f 1881 1976 1977
f 1881 1978 1979
f 1881 1977 1978
f 1979 1972 1971
f 1983 1973 1982
f 1979 1980 1972
f 1979 1981 1980
f 1979 1985 1981
f 1983 1982 1984
f 1978 1977 1992
f 1978 1992 1979
f 1976 1983 1990
f 1983 1984 1991
f 1984 1986 1987
f 1977 1976 1992
f 1984 1987 1988
f 1979 1992 1985
f 1976 1990 1995
f 1983 1991 1990
f 1984 1988 1991
f 1976 1995 1992
f 1992 1989 1985
f 1990 1991 1999
f 1992 1993 1989
f 1992 1994 1993
f 1995 1996 1992
f 1995 1990 1997
f 1992 2013 1994
f 1990 2037 1997
f 1995 2004 1996
f 1995 1997 2004
f 1992 1996 2005
f 1992 2005 2013
f 1996 2004 2005
f 1997 2037 2004
f 1990 1999 2036
f 1999 2001 2002
f 1999 2002 2003
f 1990 2036 2037
f 1999 2003 2036
f 2005 2006 2013
f 2037 2007 2004
f 2004 2010 2005
f 2005 2011 2006
f 2037 2008 2007
f 2004 2007 2012
f 2004 2012 2010
f 2005 2010 2011
f 2007 2008 2012
f 2008 2044 2009
f 2010 2016 2011
f 2010 2017 2016
f 2029 2012 2008
f 2029 2008 2009
f 2015 2028 2009
f 2015 2018 2019
f 2024 2010 2012
f 2010 2021 2017
f 2026 2021 2010
f 2025 2010 2022
f 2025 2026 2010
f 2015 2019 2028
f 2029 2009 2028
f 2024 2012 2029
f 2022 2010 2024
f 2026 2027 2023
f 2026 2023 2021
f 2026 2034 2027
f 2029 2028 2030
f 2025 2284 2026
f 2025 2022 2284
f 2022 2024 2284
f 2024 2029 2286
f 2029 2031 2290
f 2031 2032 2289
f 2026 2284 2034
f 2029 2030 2031
f 2037 2036 2038
f 2037 2038 2008
f 2044 2038 2039
f 2039 2040 2043
f 2044 2039 2043
f 2008 2038 2044
f 2176 2177 2175
f 2176 2189 2177
f 2178 2177 2184
f 2178 2184 2179
f 2184 2177 2185
f 2179 2184 2183
f 2177 2189 2185
f 1965 1966 2190
f 2176 1965 2190
f 2190 1966 2180
f 2181 2190 2180
f 2176 2188 2187
f 2176 2191 2189
f 2190 2181 2182
f 2176 2190 2188
f 2176 2187 2191
f 2190 2182 2186
f 2191 2194 2189
f 2190 2186 2193
f 2187 2188 2197
f 2188 2190 2197
f 2190 2193 2192
f 2187 2198 2191
f 2191 2199 2194
f 2190 2192 2210
f 2190 2210 2197
f 2195 2194 2203
f 2187 2197 2205
f 2187 2205 2198
f 2191 2198 2207
f 2195 2203 2196
f 2199 2204 2194
f 2191 2208 2199
f 2210 2192 2200
f 2210 2200 2201
f 2203 2194 2204
f 2196 2203 2202
f 2191 2207 2208
f 2197 2210 2205
f 2199 2209 2204
f 2198 2205 2206
f 2198 2206 2207
f 2199 2208 2209
f 2210 2201 2211
f 2208 2214 2209
f 2210 2211 2213
f 2205 2228 2206
f 2206 2228 2207
f 2205 2210 2228
f 2208 2207 2228
f 2208 2228 2214
f 2210 2213 2219
f 2219 2213 2212
f 2219 2212 2218
f 2215 2214 2226
f 2215 2226 2216
f 2226 2214 2227
f 2216 2226 2225
f 2210 2219 2221
f 2228 2227 2214
f 2210 2221 2228
f 2219 2218 2217
f 2219 2217 2220
f 2220 2217 2222
f 2228 2229 2227
f 2228 2230 2229
f 2219 2220 2238
f 2221 2219 2238
f 2220 2222 2238
f 2228 2221 2238
f 2232 2238 2222
f 2238 2232 2231
f 2228 2244 2230
f 2233 2230 2242
f 2233 2242 2234
f 2238 2231 2236
f 2228 2237 2244
f 2228 2238 2237
f 2238 2236 2235
f 2238 2235 2239
f 2238 2239 2240
f 2237 2238 2255
f 2242 2230 2243
f 2234 2242 2241
f 2230 2244 2243
f 2237 2245 2244
f 2237 2257 2245
f 2246 2245 2259
f 2238 2240 2252
f 2238 2252 2255
f 2252 2240 2251
f 2252 2251 2253
f 2247 2246 2259
f 2237 2255 2257
f 2259 2245 2256
f 2245 2257 2256
f 2247 2259 2254
f 2255 2258 2257
f 2252 2260 2255
f 2260 2263 2262
f 2266 2253 2265
f 2252 2253 2266
f 2266 2265 2264
f 2266 2269 2267
f 2252 2266 2260
f 2266 2264 2268
f 2266 2268 2269
f 2255 2260 2258
f 2270 2258 2273
f 2273 2258 2261
f 2270 2273 2271
f 2273 2272 2271
f 2260 2262 2258
f 2258 2262 2261
f 2276 2312 2278
f 2276 2278 2275
f 2276 2275 2277
f 2284 2033 2034
f 2024 2286 2284
f 2284 2285 2033
f 2287 2290 2288
f 2284 2282 2285
f 2284 2283 2282
f 2287 2293 2281
f 2287 2288 2297
f 2284 2295 2283
f 2029 2290 2287
f 2031 2289 2290
f 2029 2287 2281
f 2029 2281 2286
f 2284 2276 2295
f 2287 2300 2293
f 2281 2293 2299
f 2297 2298 2302
f 2284 2299 2276
f 2276 2294 2295
f 2284 2286 2299
f 2286 2281 2299
f 2287 2297 2302
f 2297 2296 2298
f 2299 2293 2300
f 2287 2302 2300
f 2276 2277 2294
f 2300 2302 2301
f 2307 2266 2326
f 2307 2309 2310
f 2307 2310 2308
f 2305 2266 2306
f 2306 2266 2307
f 2307 2326 2309
f 2315 2260 2305
f 2315 2318 2260
f 2305 2306 2299
f 2315 2305 2299
f 2306 2307 2276
f 2276 2308 2311
f 2307 2308 2276
f 2306 2276 2299
f 2315 2299 2300
f 2276 2311 2312
f 2313 2314 2317
f 2300 2313 2316
f 2315 2300 2318
f 2300 2316 2318
f 2318 2316 2319
f 2318 2319 2324
f 2313 2317 2316
f 2260 2318 2263
f 2318 2322 2263
f 2324 2323 2322
f 2318 2324 2322
f 2324 2325 2323
f 2266 2327 2326
f 2266 2267 2327
f 2305 2260 2266
f 2300 2301 2313
