# th_tip_rubber.obj  (1442 v, 2876 f)  units: metres
v -0.022236858 0.156057730 -0.092977598
v -0.020681879 0.155928165 -0.094458655
v -0.024434818 0.156378359 -0.089312829
v -0.023501385 0.156209424 -0.091243751
v -0.025007155 0.156559110 -0.087246910
v -0.019591358 0.160575509 -0.089105666
v -0.020170087 0.160680249 -0.087908499
v -0.020524936 0.160792321 -0.086627625
v -0.022225235 0.167016834 -0.093925454
v -0.022446159 0.167037338 -0.093691088
v -0.023331935 0.167143583 -0.092476562
v -0.023487413 0.167168245 -0.092194825
v -0.020253424 0.166857868 -0.095742367
v -0.020668017 0.166887760 -0.095400691
v -0.021414565 0.166941583 -0.094785437
v -0.024057925 0.167258680 -0.091161013
v -0.024612678 0.167380810 -0.089765199
v -0.024414601 0.167337209 -0.090263583
v -0.024987448 0.167508021 -0.088311121
v -0.025000924 0.167517319 -0.088204853
v -0.025176320 0.167638332 -0.086821727
v -0.019582696 0.167369977 -0.089695334
v -0.019486299 0.167354688 -0.089870013
v -0.019936413 0.167426050 -0.089054368
v -0.020157551 0.167474747 -0.088497967
v -0.020280359 0.167501777 -0.088188961
v -0.020521073 0.167586416 -0.087221548
v -0.020512717 0.167580649 -0.087287433
v -0.020629818 0.167661443 -0.086364016
v -0.018886425 0.155824855 -0.095639311
v -0.016908204 0.155751169 -0.096481629
v -0.014810800 0.155709445 -0.096958525
v -0.015503585 0.160291404 -0.092353150
v -0.014203195 0.160265535 -0.092648827
v -0.017843263 0.160401136 -0.091098905
v -0.018807352 0.160481468 -0.090180650
v -0.016730083 0.160337076 -0.091830917
v -0.018981045 0.166787490 -0.096546769
v -0.018883750 0.166783497 -0.096592382
v -0.017617494 0.166731566 -0.097185962
v -0.016900886 0.166711271 -0.097417921
v -0.017577622 0.167177543 -0.091894805
v -0.016788747 0.167133912 -0.092393540
v -0.016728424 0.167131439 -0.092421815
v -0.016184278 0.166690975 -0.097649872
v -0.014809622 0.166668117 -0.097911105
v -0.014703998 0.166666374 -0.097931176
v -0.015943345 0.167099237 -0.092789836
v -0.015499048 0.167086661 -0.092933655
v -0.015054751 0.167074069 -0.093077466
v -0.014202465 0.167059898 -0.093239427
v -0.014136978 0.167058825 -0.093251869
v -0.018937118 0.167288825 -0.090623014
v -0.018800145 0.167276114 -0.090768322
v -0.018297529 0.167229459 -0.091301516
v -0.017834669 0.167196080 -0.091682971
v -0.025200000 0.156745866 -0.085112378
v -0.025007155 0.156932607 -0.082977846
v -0.024434818 0.157113358 -0.080911927
v -0.020644499 0.160908103 -0.085304216
v -0.020524936 0.161023885 -0.083980806
v -0.020170087 0.161135957 -0.082699940
v -0.019591358 0.161240697 -0.081502765
v -0.023501385 0.157282293 -0.078981012
v -0.022236858 0.157433987 -0.077247158
v -0.020681879 0.157563567 -0.075766101
v -0.018807352 0.161334738 -0.080427781
v -0.017843263 0.161415085 -0.079509526
v -0.018886425 0.157666862 -0.074585445
v -0.016908204 0.157740563 -0.073743127
v -0.016730083 0.161479130 -0.078777514
v -0.014810800 0.157782286 -0.073266231
v -0.015503585 0.161524817 -0.078255281
v -0.014203195 0.161550686 -0.077959605
v -0.022378745 0.168483123 -0.093761593
v -0.023258062 0.168588609 -0.092555925
v -0.023037519 0.170020729 -0.092540726
v -0.022673525 0.171419069 -0.092431180
v -0.020201996 0.168304965 -0.095797919
v -0.020048464 0.169743314 -0.095711634
v -0.021354672 0.168388084 -0.094847970
v -0.022177482 0.169917569 -0.093719959
v -0.021175865 0.169824600 -0.094782516
v -0.019795066 0.171151921 -0.095484763
v -0.019445496 0.172510237 -0.095120624
v -0.021845309 0.171319723 -0.093566783
v -0.020880751 0.171230197 -0.094590023
v -0.022171384 0.172763243 -0.092228897
v -0.021387067 0.172669157 -0.093304306
v -0.020473637 0.172584370 -0.094273314
v -0.023978759 0.168702871 -0.091249973
v -0.024529466 0.168824106 -0.089864329
v -0.023742413 0.170132488 -0.091263406
v -0.024281047 0.170251057 -0.089908153
v -0.024901504 0.168950394 -0.088420860
v -0.025200000 0.167704001 -0.086071104
v -0.025088999 0.169079751 -0.086942315
v -0.024644926 0.170374572 -0.088496327
v -0.024828311 0.170501098 -0.087050207
v -0.023871040 0.171640873 -0.089896016
v -0.023352336 0.171526685 -0.091201127
v -0.022814216 0.172865152 -0.091064043
v -0.023305425 0.172973290 -0.089828111
v -0.024221456 0.171759829 -0.088536434
v -0.024398055 0.171881661 -0.087143824
v -0.024398055 0.172004476 -0.085740142
v -0.023804506 0.173201308 -0.087221794
v -0.023804506 0.173317611 -0.085892513
v -0.023637267 0.173085928 -0.088540591
v -0.019440498 0.168250605 -0.089919217
v -0.019887330 0.168321446 -0.089109525
v -0.019303761 0.169138521 -0.089909792
v -0.019740796 0.169207811 -0.089117855
v -0.019498948 0.170072213 -0.089079238
v -0.020228768 0.168396622 -0.088250428
v -0.020459432 0.168474913 -0.087355472
v -0.020644499 0.167702153 -0.085898623
v -0.020575678 0.168555111 -0.086438775
v -0.020074749 0.169281334 -0.088277593
v -0.020300353 0.169357911 -0.087402262
v -0.020037802 0.170216769 -0.087427132
v -0.019820545 0.170143008 -0.088270068
v -0.020414053 0.169436350 -0.086505666
v -0.020147294 0.170292303 -0.086563714
v -0.020147294 0.170368448 -0.085693426
v -0.019469863 0.170969114 -0.088227972
v -0.019675605 0.171038941 -0.087429710
v -0.019219045 0.171812475 -0.087409958
v -0.019779293 0.171110481 -0.086612053
v -0.019779293 0.171182588 -0.085787900
v -0.019315418 0.171878964 -0.086649992
v -0.019315418 0.171945974 -0.085883982
v -0.021538420 0.174033627 -0.091936819
v -0.020809440 0.173946172 -0.092936359
v -0.019960456 0.173867390 -0.093836993
v -0.020120850 0.175132185 -0.092468292
v -0.019348690 0.175060511 -0.093287431
v -0.019331338 0.176209867 -0.091906942
v -0.022592450 0.174228847 -0.089705415
v -0.023056319 0.174440786 -0.087282985
v -0.022900879 0.174333557 -0.088508733
v -0.023056319 0.174548879 -0.086047485
v -0.022135897 0.174128354 -0.090854146
v -0.020783862 0.175211713 -0.091559201
v -0.021327274 0.175297871 -0.090574503
v -0.021742513 0.175389275 -0.089529723
v -0.020768005 0.176437631 -0.089303598
v -0.019918716 0.176280335 -0.091101564
v -0.020400137 0.176356658 -0.090229191
v -0.022023031 0.175484493 -0.088441335
v -0.022164404 0.175582036 -0.087326504
v -0.021016523 0.176521987 -0.088339366
v -0.021141769 0.176608399 -0.087351710
v -0.022164404 0.175680354 -0.086202808
v -0.021141769 0.176695496 -0.086356208
v -0.019368004 0.177289262 -0.089823246
v -0.019683139 0.177358627 -0.089030333
v -0.020003326 0.177504927 -0.087358251
v -0.019896034 0.177430898 -0.088204324
v -0.020003326 0.177579537 -0.086505450
v -0.019896034 0.177653551 -0.085659377
v -0.018938893 0.168235108 -0.096596457
v -0.018813057 0.169674978 -0.096492663
v -0.017585287 0.168179587 -0.097230993
v -0.017489130 0.169620678 -0.097113281
v -0.017545737 0.168074757 -0.091929249
v -0.017450547 0.168966532 -0.091875754
v -0.016762612 0.168031439 -0.092424348
v -0.016684594 0.168924153 -0.092359990
v -0.016555829 0.169799060 -0.092201419
v -0.016378192 0.170643389 -0.091950938
v -0.018605370 0.171086118 -0.096236899
v -0.018318860 0.172447920 -0.095832892
v -0.017330429 0.171033829 -0.096834555
v -0.017111497 0.172398403 -0.096398868
v -0.016835527 0.173694536 -0.095812589
v -0.016162520 0.168139294 -0.097691521
v -0.016097561 0.169581279 -0.097563714
v -0.014693033 0.168114871 -0.097970769
v -0.014660295 0.169557378 -0.097836845
v -0.015923377 0.167997018 -0.092817754
v -0.015863759 0.168890491 -0.092744775
v -0.015041262 0.167972028 -0.093103282
v -0.015000987 0.168866068 -0.093024045
v -0.015765365 0.169766650 -0.092571966
v -0.015629627 0.170612678 -0.092301838
v -0.014934516 0.169743121 -0.092840895
v -0.014842817 0.170590401 -0.092556521
v -0.014130180 0.167956889 -0.093276419
v -0.014109883 0.168851241 -0.093193382
v -0.014076383 0.169728845 -0.093003973
v -0.014030169 0.170576885 -0.092710949
v -0.015990349 0.170995876 -0.097268313
v -0.015842447 0.172362477 -0.096809641
v -0.015656013 0.173661143 -0.096194372
v -0.014606263 0.170972854 -0.097531341
v -0.014531725 0.172340676 -0.097058721
v -0.014437767 0.173640877 -0.096425883
v -0.015458526 0.171416283 -0.091938347
v -0.014727227 0.171395585 -0.092175052
v -0.013971915 0.171383008 -0.092318587
v -0.018895321 0.168185204 -0.090666726
v -0.018770538 0.169074565 -0.090640917
v -0.018260395 0.168126285 -0.091340281
v -0.018149536 0.169016927 -0.091299705
v -0.018564591 0.169943899 -0.090545945
v -0.017966565 0.169888392 -0.091180354
v -0.019078085 0.170005500 -0.089841872
v -0.017293440 0.169839859 -0.091735095
v -0.017076707 0.170682013 -0.091509327
v -0.018280480 0.170780554 -0.090383209
v -0.017714154 0.170727983 -0.090983994
v -0.018766757 0.170838878 -0.089716457
v -0.019165313 0.170902073 -0.088994250
v -0.018744756 0.171685249 -0.088864110
v -0.018374320 0.171626523 -0.089535370
v -0.017922351 0.171572298 -0.090155087
v -0.017906494 0.172356933 -0.089301243
v -0.017395983 0.171523452 -0.090713479
v -0.016803509 0.171480730 -0.091201745
v -0.017016686 0.172263190 -0.090372749
v -0.016477829 0.172224343 -0.090816833
v -0.017495425 0.172307625 -0.089864880
v -0.017005928 0.172975793 -0.089516848
v -0.017370103 0.173019484 -0.089017510
v -0.016581804 0.172936425 -0.089966774
v -0.016460998 0.173567042 -0.089116044
v -0.019027818 0.171747550 -0.088151902
v -0.018500857 0.172467023 -0.088042967
v -0.018674778 0.172526062 -0.087368168
v -0.018243410 0.172410354 -0.088690735
v -0.017896663 0.173116997 -0.087902769
v -0.018050743 0.173169300 -0.087304950
v -0.018762430 0.172586530 -0.086676978
v -0.018762430 0.172647491 -0.085980281
v -0.018128397 0.173222885 -0.086692601
v -0.018128397 0.173276886 -0.086075388
v -0.017668584 0.173066795 -0.088476643
v -0.017028661 0.173645020 -0.088224955
v -0.017224045 0.173688024 -0.087733351
v -0.016772969 0.173604473 -0.088688292
v -0.016154276 0.171444818 -0.091612190
v -0.015887348 0.172191679 -0.091190137
v -0.015254555 0.172165722 -0.091486774
v -0.016104415 0.172902003 -0.090360202
v -0.015581295 0.172873080 -0.090690918
v -0.015020691 0.172850072 -0.090953715
v -0.014760341 0.173459366 -0.090346947
v -0.015688716 0.173503846 -0.089838512
v -0.016097670 0.173533320 -0.089501478
v -0.015240584 0.173479065 -0.090121821
v -0.014589434 0.172146887 -0.091702059
v -0.013902470 0.172135472 -0.091832608
v -0.014431444 0.172833398 -0.091144443
v -0.014255562 0.173445061 -0.090510331
v -0.013822847 0.172823280 -0.091260098
v -0.013734207 0.173436388 -0.090609409
v -0.017957706 0.173740566 -0.095286533
v -0.016506542 0.174903318 -0.095084250
v -0.019004853 0.173798487 -0.094624527
v -0.018479563 0.174997851 -0.094003700
v -0.018647265 0.176146373 -0.092632636
v -0.017877284 0.176090851 -0.093267195
v -0.017527174 0.174945176 -0.094605803
v -0.017033542 0.176044196 -0.093800612
v -0.017866405 0.177109122 -0.091882154
v -0.017206801 0.177061573 -0.092425756
v -0.016484007 0.177021593 -0.092882708
v -0.015433765 0.174872935 -0.095431484
v -0.014325759 0.174854517 -0.095642045
v -0.016129341 0.176007107 -0.094224475
v -0.015178943 0.175980195 -0.094532102
v -0.014197336 0.175963879 -0.094718643
v -0.014895263 0.176966757 -0.093509339
v -0.015709423 0.176989824 -0.093245812
v -0.015886584 0.177863121 -0.091865472
v -0.015252912 0.177837133 -0.092162520
v -0.014054368 0.176952779 -0.093669139
v -0.014586863 0.177818269 -0.092378110
v -0.013898944 0.177806824 -0.092508838
v -0.017356040 0.173732832 -0.087221220
v -0.016332977 0.174136564 -0.087939344
v -0.016492816 0.174171746 -0.087537169
v -0.017422561 0.173778728 -0.086696655
v -0.017422561 0.173824981 -0.086167924
v -0.017356040 0.173870876 -0.085643359
v -0.016600797 0.174208403 -0.087118208
v -0.016655216 0.174245954 -0.086689070
v -0.016655216 0.174283803 -0.086256526
v -0.016600797 0.174321339 -0.085827388
v -0.018955596 0.177223876 -0.090570562
v -0.018452417 0.177163512 -0.091260493
v -0.017908545 0.178028598 -0.089973949
v -0.018245930 0.178082094 -0.089362584
v -0.017496904 0.177979216 -0.090538368
v -0.017017499 0.177934721 -0.091046944
v -0.016477888 0.177895814 -0.091491647
v -0.017050274 0.178723589 -0.088853933
v -0.016478734 0.178645089 -0.089751102
v -0.016792834 0.178682774 -0.089320429
v -0.018503737 0.178138837 -0.088713922
v -0.018677900 0.178197965 -0.088038176
v -0.018765673 0.178258523 -0.087346017
v -0.018765673 0.178319559 -0.086648360
v -0.018677900 0.178380117 -0.085956201
v -0.017246991 0.178766891 -0.088358968
v -0.017379887 0.178812012 -0.087843344
v -0.017446863 0.178858221 -0.087315194
v -0.017446863 0.178904787 -0.086782850
v -0.017379887 0.178950995 -0.086254701
v -0.017246991 0.178996101 -0.085739084
v -0.015571348 0.174045205 -0.088983648
v -0.015236790 0.174021080 -0.089259364
v -0.014870182 0.174000800 -0.089491136
v -0.014477305 0.173984692 -0.089675307
v -0.014064354 0.173972994 -0.089808971
v -0.014475491 0.174430698 -0.088808067
v -0.014175707 0.174418405 -0.088948593
v -0.013637844 0.173965901 -0.089890018
v -0.013860608 0.174409479 -0.089050584
v -0.013535161 0.174404070 -0.089112438
v -0.015868580 0.174072787 -0.088668332
v -0.016123798 0.174103409 -0.088318393
v -0.015591669 0.174534291 -0.087623984
v -0.015713634 0.174561143 -0.087317102
v -0.014755229 0.174446180 -0.088631213
v -0.015237315 0.174485624 -0.088180222
v -0.015010513 0.174464583 -0.088420831
v -0.015432056 0.174508989 -0.087913208
v -0.014815552 0.174832389 -0.087283447
v -0.015837554 0.174617767 -0.086669959
v -0.015796030 0.174589112 -0.086997412
v -0.015837554 0.174646646 -0.086339906
v -0.015796030 0.174675286 -0.086012453
v -0.015713634 0.174703255 -0.085692771
v -0.014897863 0.174850523 -0.087076344
v -0.014953470 0.174869388 -0.086860597
v -0.014981494 0.174888730 -0.086639605
v -0.014981494 0.174908221 -0.086416855
v -0.014953470 0.174927548 -0.086195871
v -0.014897863 0.174946427 -0.085980117
v -0.014815552 0.174964547 -0.085773014
v -0.014251055 0.174772918 -0.087963209
v -0.014062266 0.174762487 -0.088082567
v -0.014576404 0.174799547 -0.087658852
v -0.014423341 0.174785346 -0.087821230
v -0.014707833 0.174815327 -0.087478645
v -0.013859948 0.174754187 -0.088177405
v -0.013647294 0.174748167 -0.088246241
v -0.013427656 0.174744517 -0.088287979
v -0.013818396 0.175002813 -0.087193593
v -0.013731620 0.174996570 -0.087265104
v -0.013636532 0.174991310 -0.087325223
v -0.013534631 0.174987137 -0.087372988
v -0.013427522 0.174984097 -0.087407663
v -0.013316898 0.174982250 -0.087428682
v -0.013961687 0.175017923 -0.087021045
v -0.014057400 0.175035641 -0.086818412
v -0.014015942 0.175026521 -0.086922728
v -0.014085407 0.175045148 -0.086709745
v -0.014099522 0.175054893 -0.086598441
v -0.014099522 0.175064713 -0.086486250
v -0.014085407 0.175074443 -0.086374938
v -0.014057400 0.175083950 -0.086266279
v -0.014015942 0.175093085 -0.086161964
v -0.013961687 0.175101683 -0.086063646
v -0.013895490 0.175009981 -0.087111808
v -0.013895490 0.175109625 -0.085972890
v -0.013818396 0.175116777 -0.085891098
v -0.013731620 0.175123036 -0.085819587
v -0.013636532 0.175128296 -0.085759476
v -0.013534631 0.175132483 -0.085711703
v -0.013427522 0.175135508 -0.085677035
v -0.013316898 0.175137341 -0.085656010
v -0.015701178 0.178581461 -0.090478502
v -0.015249986 0.178556502 -0.090763748
v -0.014766465 0.178536668 -0.090990409
v -0.016112925 0.178611144 -0.090139173
v -0.015165874 0.179128513 -0.089172073
v -0.015412751 0.179151416 -0.088910177
v -0.014887994 0.179108471 -0.089401081
v -0.014258239 0.178522274 -0.091154911
v -0.013733326 0.178513557 -0.091254666
v -0.014583495 0.179091632 -0.089593589
v -0.014257176 0.179078251 -0.089746557
v -0.013914185 0.179068536 -0.089857578
v -0.013559930 0.179062650 -0.089924902
v -0.015931232 0.179233626 -0.087970652
v -0.015624731 0.179176852 -0.088619523
v -0.015798472 0.179204389 -0.088304691
v -0.016020920 0.179264069 -0.087622672
v -0.016066121 0.179295257 -0.087266229
v -0.016066121 0.179326683 -0.086906962
v -0.016020920 0.179357871 -0.086550526
v -0.015931232 0.179388314 -0.086202547
v -0.015798472 0.179417536 -0.085868500
v -0.014190156 0.179479271 -0.088159762
v -0.014314502 0.179490820 -0.088027850
v -0.014050196 0.179469183 -0.088275105
v -0.014421270 0.179503620 -0.087881453
v -0.014508778 0.179517508 -0.087722883
v -0.014620820 0.179547548 -0.087379366
v -0.014575646 0.179532215 -0.087554634
v -0.014643586 0.179563254 -0.087199837
v -0.013896828 0.179460704 -0.088372067
v -0.013732471 0.179453969 -0.088449113
v -0.013559715 0.179449067 -0.088505030
v -0.013381287 0.179446101 -0.088538937
v -0.014643586 0.179579094 -0.087018885
v -0.014620820 0.179594800 -0.086839356
v -0.014575646 0.179610133 -0.086664088
v -0.014508778 0.179624856 -0.086495839
v -0.014421270 0.179638728 -0.086337268
v -0.014314502 0.179651529 -0.086190879
v -0.014190156 0.179663077 -0.086058967
v -0.014050196 0.179673165 -0.085943624
v -0.013896828 0.179681644 -0.085846663
v -0.013732471 0.179688394 -0.085769616
v -0.013559715 0.179693282 -0.085713699
v -0.013381287 0.179696247 -0.085679792
v -0.025176320 0.167769670 -0.085320488
v -0.025000924 0.167890683 -0.083937362
v -0.024987448 0.167899981 -0.083831087
v -0.025088999 0.169210136 -0.085452028
v -0.024828311 0.170628622 -0.085592598
v -0.024901504 0.169339493 -0.083973482
v -0.024529466 0.169465780 -0.082530014
v -0.024612678 0.168027192 -0.082377009
v -0.024414601 0.168070808 -0.081878625
v -0.024057925 0.168149322 -0.080981195
v -0.023978759 0.169587001 -0.081144378
v -0.023487413 0.168239772 -0.079947390
v -0.023331935 0.168264419 -0.079665653
v -0.023258062 0.169701263 -0.079838425
v -0.024644926 0.170755148 -0.084146470
v -0.024221456 0.172126308 -0.084347524
v -0.024281047 0.170878664 -0.082734652
v -0.023871040 0.172245264 -0.082987942
v -0.023637267 0.173432991 -0.084573716
v -0.023305425 0.173545629 -0.083286196
v -0.023742413 0.170997232 -0.081379399
v -0.023037519 0.171108991 -0.080102079
v -0.023352336 0.172359452 -0.081682831
v -0.022814216 0.173653767 -0.082050264
v -0.022673525 0.172467068 -0.080452777
v -0.020629818 0.167742863 -0.085433245
v -0.020521073 0.167817891 -0.084575705
v -0.020512717 0.167823657 -0.084509812
v -0.020575678 0.168635949 -0.085514799
v -0.020459432 0.168716162 -0.084598102
v -0.020280359 0.167902529 -0.083608285
v -0.020157551 0.167929575 -0.083299287
v -0.020228768 0.168794453 -0.083703153
v -0.019936413 0.167978257 -0.082742885
v -0.019887330 0.168869615 -0.082844056
v -0.020414053 0.169515416 -0.085601956
v -0.020300353 0.169593871 -0.084705353
v -0.020037802 0.170443982 -0.084830008
v -0.020074749 0.169670448 -0.083830029
v -0.019740796 0.169743955 -0.082989767
v -0.019820545 0.170517743 -0.083987065
v -0.019498948 0.170588538 -0.083177894
v -0.019582696 0.168034330 -0.082101926
v -0.019486299 0.168049619 -0.081927247
v -0.019440498 0.168940455 -0.082034364
v -0.019303761 0.169813246 -0.082197830
v -0.019675605 0.171254128 -0.084970243
v -0.019469863 0.171323955 -0.084171981
v -0.019219045 0.172012463 -0.085124016
v -0.022446159 0.168370679 -0.078451127
v -0.022225235 0.168391183 -0.078216761
v -0.022378745 0.169806749 -0.078632750
v -0.021414565 0.168466419 -0.077356771
v -0.021354672 0.169901803 -0.077546373
v -0.020668017 0.168520242 -0.076741524
v -0.020253424 0.168550134 -0.076399848
v -0.020201996 0.169984907 -0.076596424
v -0.022177482 0.171212167 -0.078922845
v -0.021175865 0.171305120 -0.077860288
v -0.021845309 0.172566414 -0.079317175
v -0.020880751 0.172655940 -0.078293934
v -0.020048464 0.171386406 -0.076931171
v -0.019795066 0.172734216 -0.077399194
v -0.022900879 0.174656123 -0.084821738
v -0.022592450 0.174760818 -0.083625056
v -0.022023031 0.175777882 -0.085087977
v -0.021742513 0.175873116 -0.083999589
v -0.021327274 0.175964519 -0.082954802
v -0.022135897 0.174861327 -0.082476325
v -0.021538420 0.174956053 -0.081393652
v -0.022171384 0.173755676 -0.080885403
v -0.021387067 0.173849761 -0.079809994
v -0.020809440 0.175043494 -0.080394112
v -0.020783862 0.176050663 -0.081970103
v -0.019960456 0.175122291 -0.079493478
v -0.020120850 0.176130205 -0.081061020
v -0.019348690 0.176201865 -0.080241881
v -0.021016523 0.176781908 -0.085368551
v -0.020768005 0.176866263 -0.084404327
v -0.019683139 0.177725822 -0.084833369
v -0.020400137 0.176947251 -0.083478726
v -0.019918716 0.177023575 -0.082606360
v -0.019368004 0.177795202 -0.084040456
v -0.019331338 0.177094042 -0.081800982
v -0.020473637 0.173934549 -0.078840993
v -0.019445496 0.174008682 -0.077993676
v -0.018937118 0.168115497 -0.081174240
v -0.018800145 0.168128207 -0.081028931
v -0.018895321 0.169005856 -0.081286848
v -0.018297529 0.168174848 -0.080495737
v -0.017834669 0.168208227 -0.080114290
v -0.018260395 0.169064790 -0.080613293
v -0.018770538 0.169877216 -0.081466705
v -0.019078085 0.170655251 -0.082415260
v -0.018149536 0.169934839 -0.080807917
v -0.017577622 0.168226749 -0.079902448
v -0.017545737 0.169116318 -0.080024324
v -0.016788747 0.168270394 -0.079403713
v -0.016762612 0.169159636 -0.079529233
v -0.017450547 0.169985250 -0.080231868
v -0.016684594 0.170027614 -0.079747632
v -0.019027818 0.172077373 -0.084382080
v -0.019165313 0.171391010 -0.083405703
v -0.018744756 0.172139689 -0.083669864
v -0.018766757 0.171454191 -0.082683489
v -0.018374320 0.172198430 -0.082998604
v -0.018674778 0.172707960 -0.085289091
v -0.018500857 0.172766998 -0.084614284
v -0.018050743 0.173330456 -0.085463047
v -0.017896663 0.173382759 -0.084865227
v -0.018243410 0.172823668 -0.083966516
v -0.017906494 0.172877088 -0.083356008
v -0.017668584 0.173432961 -0.084291354
v -0.017495425 0.172926396 -0.082792372
v -0.017370103 0.173480287 -0.083750486
v -0.017005928 0.173523977 -0.083251148
v -0.016581804 0.173563331 -0.082801223
v -0.018564591 0.170716852 -0.081711188
v -0.017966565 0.170772359 -0.081076778
v -0.018280480 0.171512529 -0.082016736
v -0.017714154 0.171565086 -0.081415959
v -0.017922351 0.172252640 -0.082378894
v -0.017293440 0.170820892 -0.080522045
v -0.017076707 0.171611056 -0.080890618
v -0.016555829 0.170861676 -0.080055721
v -0.016378192 0.171649694 -0.080449022
v -0.017395983 0.172301486 -0.081820495
v -0.017016686 0.172970831 -0.082284510
v -0.016803509 0.172344208 -0.081332229
v -0.016477829 0.173009679 -0.081840418
v -0.015765365 0.170894101 -0.079685174
v -0.015629627 0.171680391 -0.080098107
v -0.014934516 0.170917630 -0.079416238
v -0.014842817 0.171702668 -0.079843432
v -0.016104415 0.173597753 -0.082407795
v -0.015581295 0.173626691 -0.082077079
v -0.015887348 0.173042342 -0.081467114
v -0.015020691 0.173649684 -0.081814274
v -0.015254555 0.173068300 -0.081170477
v -0.016154276 0.172380120 -0.080921777
v -0.015458526 0.172408655 -0.080595627
v -0.014727227 0.172429368 -0.080358922
v -0.014030169 0.171716183 -0.079689004
v -0.014589434 0.173087135 -0.080955192
v -0.014431444 0.173666373 -0.081623547
v -0.013822847 0.173676491 -0.081507899
v -0.013971915 0.172441930 -0.080215387
v -0.013902470 0.173098549 -0.080824643
v -0.016728424 0.168272868 -0.079375438
v -0.018981045 0.168620512 -0.075595438
v -0.018883750 0.168624505 -0.075549833
v -0.018938893 0.170054778 -0.075797886
v -0.017617494 0.168676436 -0.074956246
v -0.016900886 0.168696731 -0.074724294
v -0.017585287 0.170110285 -0.075163350
v -0.018605370 0.172800019 -0.076647066
v -0.018813057 0.171454743 -0.076150142
v -0.017489130 0.171509042 -0.075529523
v -0.017330429 0.172852308 -0.076049410
v -0.015943345 0.168305069 -0.079007417
v -0.015499048 0.168317646 -0.078863606
v -0.015923377 0.169194043 -0.079135820
v -0.015054751 0.168330222 -0.078719787
v -0.015863759 0.170061275 -0.079362847
v -0.015041262 0.169219032 -0.078850299
v -0.015000987 0.170085713 -0.079083577
v -0.014202465 0.168344393 -0.078557827
v -0.014136978 0.168345496 -0.078545384
v -0.014130180 0.169234186 -0.078677155
v -0.014109883 0.170100525 -0.078914240
v -0.016184278 0.168717027 -0.074492335
v -0.014809622 0.168739885 -0.074231103
v -0.016162520 0.170150578 -0.074702829
v -0.014703998 0.168741643 -0.074211031
v -0.014693033 0.170175016 -0.074423574
v -0.014076383 0.170931891 -0.079253167
v -0.016097561 0.171548456 -0.075079091
v -0.015990349 0.172890261 -0.075615644
v -0.014660295 0.171572343 -0.074805960
v -0.014606263 0.172913268 -0.075352624
v -0.017224045 0.173915684 -0.085131228
v -0.017028661 0.173958704 -0.084639624
v -0.016492816 0.174358010 -0.085408427
v -0.016332977 0.174393177 -0.085006252
v -0.016772969 0.173999220 -0.084176287
v -0.016460998 0.174036652 -0.083748534
v -0.018479563 0.176264539 -0.079525612
v -0.018955596 0.177860573 -0.083293140
v -0.018452417 0.177920938 -0.082603209
v -0.018503737 0.178439245 -0.085280456
v -0.018245930 0.178495988 -0.084631793
v -0.017908545 0.178549483 -0.084020428
v -0.017050274 0.179039419 -0.085244119
v -0.016792834 0.179080233 -0.084777616
v -0.016478734 0.179117903 -0.084346943
v -0.017496904 0.178598866 -0.083456010
v -0.017017499 0.178643361 -0.082947433
v -0.018647265 0.177157521 -0.081075288
v -0.017866405 0.177975327 -0.081981547
v -0.017877284 0.177213043 -0.080440730
v -0.017206801 0.178022891 -0.081437945
v -0.016484007 0.178062871 -0.080980994
v -0.017033542 0.177259713 -0.079907313
v -0.016477888 0.178682268 -0.082502730
v -0.016123798 0.174426347 -0.084627204
v -0.015591669 0.174730107 -0.085385896
v -0.015868580 0.174456969 -0.084277265
v -0.015432056 0.174755409 -0.085096665
v -0.015237315 0.174778774 -0.084829643
v -0.015010513 0.174799830 -0.084589049
v -0.014755229 0.174818233 -0.084378660
v -0.016097670 0.174070373 -0.083363101
v -0.015688716 0.174099863 -0.083026066
v -0.015571348 0.174484551 -0.083961949
v -0.015240584 0.174124658 -0.082742758
v -0.014760341 0.174144343 -0.082517631
v -0.015236790 0.174508676 -0.083686233
v -0.014870182 0.174528942 -0.083454460
v -0.014707833 0.174981624 -0.085577823
v -0.014576404 0.174997389 -0.085397609
v -0.014423341 0.175011590 -0.085235238
v -0.014251055 0.175024018 -0.085093252
v -0.014062266 0.175034463 -0.084973902
v -0.014475491 0.174833700 -0.084201813
v -0.013859948 0.175042763 -0.084879056
v -0.013647294 0.175048783 -0.084810227
v -0.013427656 0.175052434 -0.084768489
v -0.014175707 0.174846008 -0.084061280
v -0.014477305 0.174545065 -0.083270296
v -0.014064354 0.174556762 -0.083136626
v -0.013860608 0.174854919 -0.083959281
v -0.013535161 0.174860328 -0.083897442
v -0.013637844 0.174563855 -0.083055578
v -0.014255562 0.174158648 -0.082354248
v -0.013734207 0.174167305 -0.082255170
v -0.015624731 0.179445088 -0.085553676
v -0.015412751 0.179470509 -0.085263014
v -0.015165874 0.179493427 -0.085001118
v -0.014887994 0.179513454 -0.084772110
v -0.016112925 0.179151863 -0.083958879
v -0.015701178 0.179181546 -0.083619550
v -0.015249986 0.179206505 -0.083334304
v -0.014766465 0.179226339 -0.083107643
v -0.014583495 0.179530308 -0.084579609
v -0.014257176 0.179543689 -0.084426634
v -0.013914185 0.179553404 -0.084315620
v -0.013559930 0.179559290 -0.084248297
v -0.014258239 0.179240718 -0.082943134
v -0.013733326 0.179249451 -0.082843386
v -0.016129341 0.177296802 -0.079483442
v -0.015709423 0.178094640 -0.080617890
v -0.014895263 0.178117692 -0.080354363
v -0.015886584 0.178714961 -0.082128905
v -0.015252912 0.178740948 -0.081831858
v -0.014054368 0.178131670 -0.080194563
v -0.014586863 0.178759813 -0.081616268
v -0.013898944 0.178771257 -0.081485540
v -0.019004853 0.175191194 -0.078705944
v -0.018318860 0.174070999 -0.077281415
v -0.017957706 0.175249115 -0.078043930
v -0.017111497 0.174120516 -0.076715432
v -0.017527174 0.176317215 -0.078923509
v -0.016506542 0.176359072 -0.078445062
v -0.016835527 0.175295144 -0.077517882
v -0.015842447 0.174156442 -0.076304659
v -0.015433765 0.176389456 -0.078097820
v -0.015656013 0.175328538 -0.077136099
v -0.014325759 0.176407874 -0.077887267
v -0.014437767 0.175348803 -0.076904587
v -0.014531725 0.174178243 -0.076055579
v -0.015178943 0.177323714 -0.079175815
v -0.014197336 0.177340031 -0.078989282
v -0.012661622 0.155701026 -0.097054675
v -0.010529749 0.155726194 -0.096766993
v -0.012870705 0.160260305 -0.092708439
v -0.011548944 0.160275906 -0.092530079
v -0.010280393 0.160311848 -0.092119470
v -0.008483700 0.155784145 -0.096104719
v -0.009105826 0.160366938 -0.091489814
v -0.008062993 0.160439417 -0.090661347
v -0.013200000 0.166658118 -0.098025441
v -0.012662987 0.166661069 -0.097991779
v -0.011696002 0.166666374 -0.097931176
v -0.010532737 0.166685700 -0.097710118
v -0.010215721 0.166690975 -0.097649872
v -0.013204499 0.167053699 -0.093310311
v -0.012871551 0.167055532 -0.093289442
v -0.012272020 0.167058825 -0.093251869
v -0.011550796 0.167070806 -0.093114816
v -0.011354246 0.167074069 -0.093077466
v -0.010465653 0.167099237 -0.092789836
v -0.010284603 0.167106673 -0.092704967
v -0.008782506 0.166731566 -0.097185962
v -0.008490489 0.166743547 -0.097049072
v -0.007418956 0.166787490 -0.096546769
v -0.009620252 0.167133912 -0.092393540
v -0.009113050 0.167161971 -0.092072882
v -0.008831377 0.167177543 -0.091894805
v -0.008111469 0.167229459 -0.091301516
v -0.008065832 0.167233691 -0.091253102
v -0.007471880 0.167288825 -0.090623014
v -0.006589236 0.155873001 -0.095089145
v -0.004907249 0.155989900 -0.093752913
v -0.003491796 0.156131104 -0.092138961
v -0.007185413 0.160526961 -0.089660697
v -0.006501291 0.160626754 -0.088520028
v -0.006032615 0.160735592 -0.087275997
v -0.005794451 0.160849974 -0.085968599
v -0.002388374 0.156292066 -0.090299167
v -0.001632446 0.156467617 -0.088292673
v -0.001248309 0.156652108 -0.086183958
v -0.006600888 0.166832730 -0.096029580
v -0.006146577 0.166857868 -0.095742367
v -0.004985435 0.166941583 -0.094785437
v -0.004911827 0.166948423 -0.094707355
v -0.003953841 0.167037338 -0.093691088
v -0.003510953 0.167090461 -0.093083821
v -0.003068065 0.167143583 -0.092476562
v -0.007197290 0.167321756 -0.090246513
v -0.006922700 0.167354688 -0.089870013
v -0.006504703 0.167420968 -0.089112565
v -0.006472586 0.167426050 -0.089054368
v -0.006128639 0.167501777 -0.088188961
v -0.006045674 0.167529941 -0.087867066
v -0.005896282 0.167580649 -0.087287433
v -0.005804258 0.167644128 -0.086561769
v -0.005779181 0.167661443 -0.086364016
v -0.002393877 0.167250469 -0.091254883
v -0.002342075 0.167258680 -0.091161013
v -0.001787322 0.167380810 -0.089765199
v -0.001653508 0.167426229 -0.089246012
v -0.001412553 0.167508021 -0.088311121
v -0.001264128 0.167610422 -0.087140694
v -0.001223680 0.167638332 -0.086821727
v -0.008062993 0.161376804 -0.079947084
v -0.012661622 0.157790691 -0.073170081
v -0.010529749 0.157765523 -0.073457763
v -0.012870705 0.161555901 -0.077899992
v -0.011548944 0.161540300 -0.078078352
v -0.010280393 0.161504373 -0.078488961
v -0.008483700 0.157707587 -0.074120037
v -0.009105826 0.161449283 -0.079118617
v -0.005794451 0.160966232 -0.084639840
v -0.006032615 0.161080614 -0.083332434
v -0.006501291 0.161189452 -0.082088403
v -0.007185413 0.161289245 -0.080947734
v -0.001248309 0.156839609 -0.084040798
v -0.001632446 0.157024100 -0.081932083
v -0.002388374 0.157199651 -0.079925589
v -0.004907249 0.157501817 -0.076471843
v -0.006589236 0.157618731 -0.075135611
v -0.003491796 0.157360613 -0.078085795
v -0.013200000 0.168106675 -0.098064348
v -0.013200000 0.169549376 -0.097928368
v -0.011739705 0.169557378 -0.097836845
v -0.011706967 0.168114871 -0.097970769
v -0.010237481 0.168139294 -0.097691521
v -0.010302439 0.169581279 -0.097563714
v -0.013204499 0.167951807 -0.093334436
v -0.013204499 0.168846279 -0.093250126
v -0.012278819 0.167956889 -0.093276419
v -0.012299116 0.168851241 -0.093193382
v -0.013204499 0.169724062 -0.093058623
v -0.013204499 0.170572370 -0.092762701
v -0.012332615 0.169728845 -0.093003973
v -0.012378830 0.170576885 -0.092710949
v -0.011367737 0.167972028 -0.093103282
v -0.011408011 0.168866068 -0.093024045
v -0.010485622 0.167997018 -0.092817754
v -0.010545239 0.168890491 -0.092744775
v -0.011474483 0.169743121 -0.092840895
v -0.011566182 0.170590401 -0.092556521
v -0.010643633 0.169766650 -0.092571966
v -0.010779371 0.170612678 -0.092301838
v -0.013200000 0.170965150 -0.097619481
v -0.011793736 0.170972854 -0.097531341
v -0.013200000 0.172333375 -0.097142190
v -0.011868275 0.172340676 -0.097058721
v -0.013200000 0.173634097 -0.096503459
v -0.011962233 0.173640877 -0.096425883
v -0.010409651 0.170995876 -0.097268313
v -0.010557553 0.172362477 -0.096809641
v -0.010743987 0.173661143 -0.096194372
v -0.013204499 0.171378806 -0.092366688
v -0.013204499 0.172131643 -0.091876358
v -0.012437084 0.171383008 -0.092318587
v -0.011681771 0.171395585 -0.092175052
v -0.010950472 0.171416283 -0.091938347
v -0.008814714 0.168179587 -0.097230993
v -0.008910870 0.169620678 -0.097113281
v -0.007461106 0.168235108 -0.096596457
v -0.007586943 0.169674978 -0.096492663
v -0.009646385 0.168031439 -0.092424348
v -0.009724404 0.168924153 -0.092359990
v -0.008863262 0.168074757 -0.091929249
v -0.008958451 0.168966532 -0.091875754
v -0.009853169 0.169799060 -0.092201419
v -0.010030806 0.170643389 -0.091950938
v -0.009069571 0.171033829 -0.096834555
v -0.009564473 0.173694536 -0.095812589
v -0.009288503 0.172398403 -0.096398868
v -0.007794630 0.171086118 -0.096236899
v -0.008081140 0.172447920 -0.095832892
v -0.012506528 0.172135472 -0.091832608
v -0.011819566 0.172146887 -0.091702059
v -0.013204499 0.172819883 -0.091298856
v -0.012586151 0.172823280 -0.091260098
v -0.013204499 0.173433498 -0.090642609
v -0.012674791 0.173436388 -0.090609409
v -0.011977554 0.172833398 -0.091144443
v -0.012153435 0.173445061 -0.090510331
v -0.011154443 0.172165722 -0.091486774
v -0.010254721 0.171444818 -0.091612190
v -0.010521651 0.172191679 -0.091190137
v -0.011388307 0.172850072 -0.090953715
v -0.011648657 0.173459366 -0.090346947
v -0.010827703 0.172873080 -0.090690918
v -0.010304582 0.172902003 -0.090360202
v -0.011168415 0.173479065 -0.090121821
v -0.010720283 0.173503846 -0.089838512
v -0.010311328 0.173533320 -0.089501478
v -0.009115559 0.169839859 -0.091735095
v -0.009332292 0.170682013 -0.091509327
v -0.008148603 0.168126285 -0.091340281
v -0.008259463 0.169016927 -0.091299705
v -0.007513678 0.168185204 -0.090666726
v -0.007638460 0.169074565 -0.090640917
v -0.008442433 0.169888392 -0.091180354
v -0.007844407 0.169943899 -0.090545945
v -0.007330914 0.170005500 -0.089841872
v -0.009605490 0.171480730 -0.091201745
v -0.009013018 0.171523452 -0.090713479
v -0.009931170 0.172224343 -0.090816833
v -0.009392311 0.172263190 -0.090372749
v -0.009827196 0.172936425 -0.089966774
v -0.009948001 0.173567042 -0.089116044
v -0.008913573 0.172307625 -0.089864880
v -0.009403070 0.172975793 -0.089516848
v -0.009038895 0.173019484 -0.089017510
v -0.008694844 0.170727983 -0.090983994
v -0.008128517 0.170780554 -0.090383209
v -0.008486646 0.171572298 -0.090155087
v -0.008034679 0.171626523 -0.089535370
v -0.007642242 0.170838878 -0.089716457
v -0.007243686 0.170902073 -0.088994250
v -0.007664243 0.171685249 -0.088864110
v -0.008502505 0.172356933 -0.089301243
v -0.009636031 0.173604473 -0.088688292
v -0.009380337 0.173645020 -0.088224955
v -0.008740415 0.173066795 -0.088476643
v -0.009184952 0.173688024 -0.087733351
v -0.007381180 0.171747550 -0.088151902
v -0.008165590 0.172410354 -0.088690735
v -0.008512336 0.173116997 -0.087902769
v -0.008358255 0.173169300 -0.087304950
v -0.007908141 0.172467023 -0.088042967
v -0.007734220 0.172526062 -0.087368168
v -0.008280602 0.173222885 -0.086692601
v -0.008280602 0.173276886 -0.086075388
v -0.007646568 0.172586530 -0.086676978
v -0.007646568 0.172647491 -0.085980281
v -0.013200000 0.174848333 -0.095712602
v -0.012074240 0.174854517 -0.095642045
v -0.010966236 0.174872935 -0.095431484
v -0.013200000 0.175958395 -0.094781153
v -0.012202664 0.175963879 -0.094718643
v -0.011221057 0.175980195 -0.094532102
v -0.010270659 0.176007107 -0.094224475
v -0.013200000 0.176948100 -0.093722686
v -0.012345632 0.176952779 -0.093669139
v -0.013200000 0.177802995 -0.092552647
v -0.012501057 0.177806824 -0.092508838
v -0.011813137 0.177818269 -0.092378110
v -0.011504737 0.176966757 -0.093509339
v -0.011147088 0.177837133 -0.092162520
v -0.010690577 0.176989824 -0.093245812
v -0.010513415 0.177863121 -0.091865472
v -0.009893457 0.174903318 -0.095084250
v -0.008442294 0.173740566 -0.095286533
v -0.008872827 0.174945176 -0.094605803
v -0.009366458 0.176044196 -0.093800612
v -0.007395146 0.173798487 -0.094624527
v -0.007920437 0.174997851 -0.094003700
v -0.008522715 0.176090851 -0.093267195
v -0.007752736 0.176146373 -0.092632636
v -0.009915993 0.177021593 -0.092882708
v -0.009193199 0.177061573 -0.092425756
v -0.008533595 0.177109122 -0.091882154
v -0.013204499 0.173963532 -0.089917183
v -0.012771155 0.173965901 -0.089890018
v -0.013204499 0.174402252 -0.089133158
v -0.012873837 0.174404070 -0.089112438
v -0.012548391 0.174409479 -0.089050584
v -0.012344644 0.173972994 -0.089808971
v -0.011931694 0.173984692 -0.089675307
v -0.012233291 0.174418405 -0.088948593
v -0.011933507 0.174430698 -0.088808067
v -0.011538817 0.174000800 -0.089491136
v -0.011172208 0.174021080 -0.089259364
v -0.010837650 0.174045205 -0.088983648
v -0.013204499 0.174743280 -0.088301964
v -0.012981342 0.174744517 -0.088287979
v -0.012761705 0.174748167 -0.088246241
v -0.012549050 0.174754187 -0.088177405
v -0.013204499 0.174981639 -0.087435730
v -0.013092102 0.174982250 -0.087428682
v -0.012981476 0.174984097 -0.087407663
v -0.012874368 0.174987137 -0.087372988
v -0.012772466 0.174991310 -0.087325223
v -0.012677378 0.174996570 -0.087265104
v -0.012590602 0.175002813 -0.087193593
v -0.012346732 0.174762487 -0.088082567
v -0.012157943 0.174772918 -0.087963209
v -0.011985658 0.174785346 -0.087821230
v -0.011832594 0.174799547 -0.087658852
v -0.013204499 0.175113842 -0.086547077
v -0.012513508 0.175009981 -0.087111808
v -0.013204499 0.175137967 -0.085648969
v -0.013092102 0.175137341 -0.085656010
v -0.012981476 0.175135508 -0.085677035
v -0.012874368 0.175132483 -0.085711703
v -0.012677378 0.175123036 -0.085819587
v -0.012772466 0.175128296 -0.085759476
v -0.012590602 0.175116777 -0.085891098
v -0.012513508 0.175109625 -0.085972890
v -0.012447312 0.175017923 -0.087021045
v -0.012393056 0.175026521 -0.086922728
v -0.012351599 0.175035641 -0.086818412
v -0.012323591 0.175045148 -0.086709745
v -0.012309476 0.175054893 -0.086598441
v -0.012309476 0.175064713 -0.086486250
v -0.012323591 0.175074443 -0.086374938
v -0.012351599 0.175083950 -0.086266279
v -0.012393056 0.175093085 -0.086161964
v -0.012447312 0.175101683 -0.086063646
v -0.011653769 0.174446180 -0.088631213
v -0.011398486 0.174464583 -0.088420831
v -0.011171685 0.174485624 -0.088180222
v -0.011701166 0.174815327 -0.087478645
v -0.011593447 0.174832389 -0.087283447
v -0.010976942 0.174508989 -0.087913208
v -0.010540418 0.174072787 -0.088668332
v -0.010285201 0.174103409 -0.088318393
v -0.010817330 0.174534291 -0.087623984
v -0.010695364 0.174561143 -0.087317102
v -0.011511135 0.174850523 -0.087076344
v -0.011455528 0.174869388 -0.086860597
v -0.011427504 0.174888730 -0.086639605
v -0.011427504 0.174908221 -0.086416855
v -0.011455528 0.174927548 -0.086195871
v -0.011593447 0.174964547 -0.085773014
v -0.011511135 0.174946427 -0.085980117
v -0.010612969 0.174589112 -0.086997412
v -0.010571445 0.174617767 -0.086669959
v -0.010612969 0.174675286 -0.086012453
v -0.010695364 0.174703255 -0.085692771
v -0.010571445 0.174646646 -0.086339906
v -0.013200000 0.178510621 -0.091288090
v -0.012666674 0.178513557 -0.091254666
v -0.012141760 0.178522274 -0.091154911
v -0.013200000 0.179060668 -0.089947455
v -0.012840070 0.179062650 -0.089924902
v -0.012485815 0.179068536 -0.089857578
v -0.012142824 0.179078251 -0.089746557
v -0.011816505 0.179091632 -0.089593589
v -0.011633535 0.178536668 -0.090990409
v -0.011150014 0.178556502 -0.090763748
v -0.010698821 0.178581461 -0.090478502
v -0.011512006 0.179108471 -0.089401081
v -0.011234126 0.179128513 -0.089172073
v -0.010987249 0.179151416 -0.088910177
v -0.010287075 0.178611144 -0.090139173
v -0.013200000 0.179445103 -0.088550299
v -0.013018713 0.179446101 -0.088538937
v -0.012840285 0.179449067 -0.088505030
v -0.012667530 0.179453969 -0.088449113
v -0.012503172 0.179460704 -0.088372067
v -0.012349804 0.179469183 -0.088275105
v -0.012209844 0.179479271 -0.088159762
v -0.012085498 0.179490820 -0.088027850
v -0.011978731 0.179503620 -0.087881453
v -0.011891222 0.179517508 -0.087722883
v -0.011824354 0.179532215 -0.087554634
v -0.011779180 0.179547548 -0.087379366
v -0.011756414 0.179563254 -0.087199837
v -0.013200000 0.179658338 -0.087116987
v -0.013200000 0.179697245 -0.085668430
v -0.013018713 0.179696247 -0.085679792
v -0.012840285 0.179693282 -0.085713699
v -0.012667530 0.179688394 -0.085769616
v -0.012503172 0.179681644 -0.085846663
v -0.011756414 0.179579094 -0.087018885
v -0.011779180 0.179594800 -0.086839356
v -0.011824354 0.179610133 -0.086664088
v -0.011891222 0.179624856 -0.086495839
v -0.012209844 0.179663077 -0.086058967
v -0.012349804 0.179673165 -0.085943624
v -0.011978731 0.179638728 -0.086337268
v -0.012085498 0.179651529 -0.086190879
v -0.010775269 0.179176852 -0.088619523
v -0.010601529 0.179204389 -0.088304691
v -0.010468767 0.179233626 -0.087970652
v -0.010379080 0.179264069 -0.087622672
v -0.010333879 0.179295257 -0.087266229
v -0.010333879 0.179326683 -0.086906962
v -0.010379080 0.179357871 -0.086550526
v -0.010601529 0.179417536 -0.085868500
v -0.010468767 0.179388314 -0.086202547
v -0.010076023 0.174136564 -0.087939344
v -0.009916183 0.174171746 -0.087537169
v -0.009052958 0.173732832 -0.087221220
v -0.009808201 0.174208403 -0.087118208
v -0.009753781 0.174245954 -0.086689070
v -0.009753781 0.174283803 -0.086256526
v -0.009808201 0.174321339 -0.085827388
v -0.008986438 0.173778728 -0.086696655
v -0.008986438 0.173824981 -0.086167924
v -0.009052958 0.173870876 -0.085643359
v -0.009922110 0.177895814 -0.091491647
v -0.009382501 0.177934721 -0.091046944
v -0.008903095 0.177979216 -0.090538368
v -0.009921267 0.178645089 -0.089751102
v -0.009607166 0.178682774 -0.089320429
v -0.009349727 0.178723589 -0.088853933
v -0.007947584 0.177163512 -0.091260493
v -0.007444405 0.177223876 -0.090570562
v -0.008491456 0.178028598 -0.089973949
v -0.008154071 0.178082094 -0.089362584
v -0.009153008 0.178766891 -0.088358968
v -0.009020113 0.178812012 -0.087843344
v -0.008953138 0.178858221 -0.087315194
v -0.008953138 0.178904787 -0.086782850
v -0.009153008 0.178996101 -0.085739084
v -0.009020113 0.178950995 -0.086254701
v -0.007896264 0.178138837 -0.088713922
v -0.007722100 0.178197965 -0.088038176
v -0.007634326 0.178258523 -0.087346017
v -0.007634326 0.178319559 -0.086648360
v -0.007722100 0.178380117 -0.085956201
v -0.006198004 0.168304965 -0.095797919
v -0.006351537 0.169743314 -0.095711634
v -0.005045328 0.168388084 -0.094847970
v -0.005224135 0.169824600 -0.094782516
v -0.004222518 0.169917569 -0.093719959
v -0.006604935 0.171151921 -0.095484763
v -0.006954504 0.172510237 -0.095120624
v -0.005926364 0.172584370 -0.094273314
v -0.005519248 0.171230197 -0.094590023
v -0.004554691 0.171319723 -0.093566783
v -0.005012933 0.172669157 -0.093304306
v -0.004228617 0.172763243 -0.092228897
v -0.004021256 0.168483123 -0.093761593
v -0.003141938 0.168588609 -0.092555925
v -0.003362481 0.170020729 -0.092540726
v -0.003726476 0.171419069 -0.092431180
v -0.006968501 0.168250605 -0.089919217
v -0.006521669 0.168321446 -0.089109525
v -0.007105237 0.169138521 -0.089909792
v -0.006668203 0.169207811 -0.089117855
v -0.006910051 0.170072213 -0.089079238
v -0.006180230 0.168396622 -0.088250428
v -0.005949568 0.168474913 -0.087355472
v -0.005833319 0.168555111 -0.086438775
v -0.006588455 0.170143008 -0.088270068
v -0.006334250 0.169281334 -0.088277593
v -0.006108645 0.169357911 -0.087402262
v -0.006371197 0.170216769 -0.087427132
v -0.005994947 0.169436350 -0.086505666
v -0.006261705 0.170292303 -0.086563714
v -0.006261705 0.170368448 -0.085693426
v -0.006939136 0.170969114 -0.088227972
v -0.006733394 0.171038941 -0.087429710
v -0.007189955 0.171812475 -0.087409958
v -0.006629706 0.171110481 -0.086612053
v -0.006629706 0.171182588 -0.085787900
v -0.007093581 0.171878964 -0.086649992
v -0.007093581 0.171945974 -0.085883982
v -0.002421242 0.168702871 -0.091249973
v -0.001870534 0.168824106 -0.089864329
v -0.002657587 0.170132488 -0.091263406
v -0.002118954 0.170251057 -0.089908153
v -0.001498497 0.168950394 -0.088420860
v -0.001311001 0.169079751 -0.086942315
v -0.001755075 0.170374572 -0.088496327
v -0.001571690 0.170501098 -0.087050207
v -0.003047664 0.171526685 -0.091201127
v -0.003585785 0.172865152 -0.091064043
v -0.003094575 0.172973290 -0.089828111
v -0.002528961 0.171640873 -0.089896016
v -0.002762734 0.173085928 -0.088540591
v -0.002178545 0.171759829 -0.088536434
v -0.002001946 0.171881661 -0.087143824
v -0.002001946 0.172004476 -0.085740142
v -0.002595495 0.173201308 -0.087221794
v -0.002595495 0.173317611 -0.085892513
v -0.006439545 0.173867390 -0.093836993
v -0.007051310 0.175060511 -0.093287431
v -0.006279150 0.175132185 -0.092468292
v -0.007068662 0.176209867 -0.091906942
v -0.005590560 0.173946172 -0.092936359
v -0.004861581 0.174033627 -0.091936819
v -0.006481284 0.176280335 -0.091101564
v -0.005999864 0.176356658 -0.090229191
v -0.004264103 0.174128354 -0.090854146
v -0.005616138 0.175211713 -0.091559201
v -0.005072727 0.175297871 -0.090574503
v -0.005631994 0.176437631 -0.089303598
v -0.004657487 0.175389275 -0.089529723
v -0.005383477 0.176521987 -0.088339366
v -0.005258230 0.176608399 -0.087351710
v -0.004376969 0.175484493 -0.088441335
v -0.004235595 0.175582036 -0.087326504
v -0.005258230 0.176695496 -0.086356208
v -0.004235595 0.175680354 -0.086202808
v -0.007031996 0.177289262 -0.089823246
v -0.006716860 0.177358627 -0.089030333
v -0.006503967 0.177430898 -0.088204324
v -0.006396675 0.177504927 -0.087358251
v -0.006503967 0.177653551 -0.085659377
v -0.006396675 0.177579537 -0.086505450
v -0.003807550 0.174228847 -0.089705415
v -0.003499121 0.174333557 -0.088508733
v -0.003343681 0.174440786 -0.087282985
v -0.003343681 0.174548879 -0.086047485
v -0.013204499 0.171720713 -0.079637252
v -0.012378830 0.171716183 -0.079689004
v -0.013204499 0.173679888 -0.081469141
v -0.012586151 0.173676491 -0.081507899
v -0.011819566 0.173087135 -0.080955192
v -0.011977554 0.173666373 -0.081623547
v -0.013204499 0.172446132 -0.080167286
v -0.013204499 0.173102379 -0.080780894
v -0.012506528 0.173098549 -0.080824643
v -0.012437084 0.172441930 -0.080215387
v -0.011474483 0.170917630 -0.079416238
v -0.011566182 0.171702668 -0.079843432
v -0.010643633 0.170894101 -0.079685174
v -0.010779371 0.171680391 -0.080098107
v -0.011388307 0.173649684 -0.081814274
v -0.011154443 0.173068300 -0.081170477
v -0.010827703 0.173626691 -0.082077079
v -0.010304582 0.173597753 -0.082407795
v -0.010521651 0.173042342 -0.081467114
v -0.011681771 0.172429368 -0.080358922
v -0.010950472 0.172408655 -0.080595627
v -0.010254721 0.172380120 -0.080921777
v -0.009620252 0.168270394 -0.079403713
v -0.009646385 0.169159636 -0.079529233
v -0.009113050 0.168242335 -0.079724371
v -0.008831377 0.168226749 -0.079902448
v -0.008863262 0.169116318 -0.080024324
v -0.009724404 0.170027614 -0.079747632
v -0.008958451 0.169985250 -0.080231868
v -0.007471880 0.168115497 -0.081174240
v -0.007513678 0.169005856 -0.081286848
v -0.008111469 0.168174848 -0.080495737
v -0.008065832 0.168170616 -0.080544151
v -0.008148603 0.169064790 -0.080613293
v -0.007638460 0.169877216 -0.081466705
v -0.007330914 0.170655251 -0.082415260
v -0.008259463 0.169934839 -0.080807917
v -0.008740415 0.173432961 -0.084291354
v -0.009827196 0.173563331 -0.082801223
v -0.008913573 0.172926396 -0.082792372
v -0.009038895 0.173480287 -0.083750486
v -0.009403070 0.173523977 -0.083251148
v -0.007381180 0.172077373 -0.084382080
v -0.008034679 0.172198430 -0.082998604
v -0.007243686 0.171391010 -0.083405703
v -0.007664243 0.172139689 -0.083669864
v -0.007642242 0.171454191 -0.082683489
v -0.008358255 0.173330456 -0.085463047
v -0.008512336 0.173382759 -0.084865227
v -0.007734220 0.172707960 -0.085289091
v -0.007908141 0.172766998 -0.084614284
v -0.008502505 0.172877088 -0.083356008
v -0.008165590 0.172823668 -0.083966516
v -0.009853169 0.170861676 -0.080055721
v -0.010030806 0.171649694 -0.080449022
v -0.009115559 0.170820892 -0.080522045
v -0.009332292 0.171611056 -0.080890618
v -0.009605490 0.172344208 -0.081332229
v -0.009931170 0.173009679 -0.081840418
v -0.009013018 0.172301486 -0.081820495
v -0.009392311 0.172970831 -0.082284510
v -0.008442433 0.170772359 -0.081076778
v -0.008128517 0.171512529 -0.082016736
v -0.008694844 0.171565086 -0.081415959
v -0.007844407 0.170716852 -0.081711188
v -0.008486646 0.172252640 -0.082378894
v -0.013204499 0.168350592 -0.078486934
v -0.012871551 0.168348774 -0.078507803
v -0.012272020 0.168345496 -0.078545384
v -0.013204499 0.169239253 -0.078619145
v -0.013204499 0.170105487 -0.078857489
v -0.012278819 0.169234186 -0.078677155
v -0.012299116 0.170100525 -0.078914240
v -0.011550796 0.168333501 -0.078682445
v -0.011354246 0.168330222 -0.078719787
v -0.010465653 0.168305069 -0.079007417
v -0.010284603 0.168297648 -0.079092287
v -0.010485622 0.169194043 -0.079135820
v -0.011367737 0.169219032 -0.078850299
v -0.011408011 0.170085713 -0.079083577
v -0.010545239 0.170061275 -0.079362847
v -0.013200000 0.168749884 -0.074116766
v -0.012662987 0.168746948 -0.074150428
v -0.013200000 0.170183197 -0.074330002
v -0.011696002 0.168741643 -0.074211031
v -0.010532737 0.168722302 -0.074432097
v -0.010215721 0.168717027 -0.074492335
v -0.011706967 0.170175016 -0.074423574
v -0.010237481 0.170150578 -0.074702829
v -0.013204499 0.170936689 -0.079198524
v -0.012332615 0.170931891 -0.079253167
v -0.011739705 0.171572343 -0.074805960
v -0.013200000 0.171580359 -0.074714437
v -0.013200000 0.172920987 -0.075264484
v -0.011793736 0.172913268 -0.075352624
v -0.010302439 0.171548456 -0.075079091
v -0.010409651 0.172890261 -0.075615644
v -0.008782506 0.168676436 -0.074956246
v -0.008814714 0.170110285 -0.075163350
v -0.008490489 0.168664470 -0.075093135
v -0.007418956 0.168620512 -0.075595438
v -0.007461106 0.170054778 -0.075797886
v -0.007794630 0.172800019 -0.076647066
v -0.008910870 0.171509042 -0.075529523
v -0.009069571 0.172852308 -0.076049410
v -0.007586943 0.171454743 -0.076150142
v -0.012549050 0.175042763 -0.084879056
v -0.013204499 0.175053656 -0.084754497
v -0.012981342 0.175052434 -0.084768489
v -0.012761705 0.175048783 -0.084810227
v -0.012346732 0.175034463 -0.084973902
v -0.012157943 0.175024018 -0.085093252
v -0.011985658 0.175011590 -0.085235238
v -0.011832594 0.174997389 -0.085397609
v -0.011933507 0.174833700 -0.084201813
v -0.013204499 0.174862146 -0.083876714
v -0.012873837 0.174860328 -0.083897442
v -0.012548391 0.174854919 -0.083959281
v -0.013204499 0.174566224 -0.083028413
v -0.012771155 0.174563855 -0.083055578
v -0.012233291 0.174846008 -0.084061280
v -0.012344644 0.174556762 -0.083136626
v -0.011931694 0.174545065 -0.083270296
v -0.011701166 0.174981624 -0.085577823
v -0.010976942 0.174755409 -0.085096665
v -0.011398486 0.174799830 -0.084589049
v -0.011653769 0.174818233 -0.084378660
v -0.011171685 0.174778774 -0.084829643
v -0.010285201 0.174426347 -0.084627204
v -0.010817330 0.174730107 -0.085385896
v -0.010540418 0.174456969 -0.084277265
v -0.011648657 0.174144343 -0.082517631
v -0.011168415 0.174124658 -0.082742758
v -0.011538817 0.174528942 -0.083454460
v -0.011172208 0.174508676 -0.083686233
v -0.010311328 0.174070373 -0.083363101
v -0.010720283 0.174099863 -0.083026066
v -0.010837650 0.174484551 -0.083961949
v -0.013204499 0.174170211 -0.082221970
v -0.012674791 0.174167305 -0.082255170
v -0.012153435 0.174158648 -0.082354248
v -0.013200000 0.179561257 -0.084225737
v -0.012840070 0.179559290 -0.084248297
v -0.012485815 0.179553404 -0.084315620
v -0.012142824 0.179543689 -0.084426634
v -0.011816505 0.179530308 -0.084579609
v -0.013200000 0.179252371 -0.082809955
v -0.012666674 0.179249451 -0.082843386
v -0.012141760 0.179240718 -0.082943134
v -0.010987249 0.179470509 -0.085263014
v -0.011234126 0.179493427 -0.085001118
v -0.011512006 0.179513454 -0.084772110
v -0.010775269 0.179445088 -0.085553676
v -0.011150014 0.179206505 -0.083334304
v -0.011633535 0.179226339 -0.083107643
v -0.010698821 0.179181546 -0.083619550
v -0.010287075 0.179151863 -0.083958879
v -0.013200000 0.178136364 -0.080141015
v -0.012345632 0.178131670 -0.080194563
v -0.013200000 0.178775087 -0.081441730
v -0.012501057 0.178771257 -0.081485540
v -0.011813137 0.178759813 -0.081616268
v -0.011504737 0.178117692 -0.080354363
v -0.010270659 0.177296802 -0.079483442
v -0.010690577 0.178094640 -0.080617890
v -0.011147088 0.178740948 -0.081831858
v -0.010513415 0.178714961 -0.082128905
v -0.009916183 0.174358010 -0.085408427
v -0.010076023 0.174393177 -0.085006252
v -0.009636031 0.173999220 -0.084176287
v -0.009184952 0.173915684 -0.085131228
v -0.009380337 0.173958704 -0.084639624
v -0.009948001 0.174036652 -0.083748534
v -0.007920437 0.176264539 -0.079525612
v -0.009921267 0.179117903 -0.084346943
v -0.009607166 0.179080233 -0.084777616
v -0.009349727 0.179039419 -0.085244119
v -0.008903095 0.178598866 -0.083456010
v -0.009382501 0.178643361 -0.082947433
v -0.007444405 0.177860573 -0.083293140
v -0.007947584 0.177920938 -0.082603209
v -0.008154071 0.178495988 -0.084631793
v -0.007896264 0.178439245 -0.085280456
v -0.008491456 0.178549483 -0.084020428
v -0.009915993 0.178062871 -0.080980994
v -0.009193199 0.178022891 -0.081437945
v -0.009366458 0.177259713 -0.079907313
v -0.009922110 0.178682268 -0.082502730
v -0.008533595 0.177975327 -0.081981547
v -0.007752736 0.177157521 -0.081075288
v -0.008522715 0.177213043 -0.080440730
v -0.012074240 0.176407874 -0.077887267
v -0.013200000 0.175355583 -0.076827012
v -0.013200000 0.176414043 -0.077816702
v -0.011962233 0.175348803 -0.076904587
v -0.010557553 0.174156442 -0.076304659
v -0.010966236 0.176389456 -0.078097820
v -0.010743987 0.175328538 -0.077136099
v -0.013200000 0.174185544 -0.075972110
v -0.011868275 0.174178243 -0.076055579
v -0.013200000 0.177345499 -0.078926772
v -0.012202664 0.177340031 -0.078989282
v -0.011221057 0.177323714 -0.079175815
v -0.009288503 0.174120516 -0.076715432
v -0.009893457 0.176359072 -0.078445062
v -0.008872827 0.176317215 -0.078923509
v -0.009564473 0.175295144 -0.077517882
v -0.007395146 0.175191194 -0.078705944
v -0.008081140 0.174070999 -0.077281415
v -0.008442294 0.175249115 -0.078043930
v -0.005779181 0.167742863 -0.085433245
v -0.005804258 0.167760178 -0.085235484
v -0.005896282 0.167823657 -0.084509812
v -0.005833319 0.168635949 -0.085514799
v -0.005949568 0.168716162 -0.084598102
v -0.006472586 0.167978257 -0.082742885
v -0.006504703 0.167983338 -0.082684681
v -0.006521669 0.168869615 -0.082844056
v -0.006128639 0.167902529 -0.083608285
v -0.006045674 0.167874366 -0.083930179
v -0.006180230 0.168794453 -0.083703153
v -0.005994947 0.169515416 -0.085601956
v -0.006108645 0.169593871 -0.084705353
v -0.006371197 0.170443982 -0.084830008
v -0.006668203 0.169743955 -0.082989767
v -0.006588455 0.170517743 -0.083987065
v -0.006910051 0.170588538 -0.083177894
v -0.006334250 0.169670448 -0.083830029
v -0.006922700 0.168049619 -0.081927247
v -0.007197290 0.168082550 -0.081550740
v -0.006968501 0.168940455 -0.082034364
v -0.007105237 0.169813246 -0.082197830
v -0.006733394 0.171254128 -0.084970243
v -0.006939136 0.171323955 -0.084171981
v -0.007189955 0.172012463 -0.085124016
v -0.001223680 0.167769670 -0.085320488
v -0.001264128 0.167797580 -0.085001521
v -0.001412553 0.167899981 -0.083831087
v -0.001653508 0.167981774 -0.082896195
v -0.001311001 0.169210136 -0.085452028
v -0.001571690 0.170628622 -0.085592598
v -0.001498497 0.169339493 -0.083973482
v -0.001870534 0.169465780 -0.082530014
v -0.003068065 0.168264419 -0.079665653
v -0.003141938 0.169701263 -0.079838425
v -0.002342075 0.168149322 -0.080981195
v -0.001787322 0.168027192 -0.082377009
v -0.002393877 0.168157533 -0.080887325
v -0.002421242 0.169587001 -0.081144378
v -0.002762734 0.173432991 -0.084573716
v -0.003094575 0.173545629 -0.083286196
v -0.002178545 0.172126308 -0.084347524
v -0.001755075 0.170755148 -0.084146470
v -0.002118954 0.170878664 -0.082734652
v -0.002528961 0.172245264 -0.082987942
v -0.003362481 0.171108991 -0.080102079
v -0.003585785 0.173653767 -0.082050264
v -0.003047664 0.172359452 -0.081682831
v -0.003726476 0.172467068 -0.080452777
v -0.002657587 0.170997232 -0.081379399
v -0.006146577 0.168550134 -0.076399848
v -0.006198004 0.169984907 -0.076596424
v -0.004985435 0.168466419 -0.077356771
v -0.004911827 0.168459594 -0.077434860
v -0.005045328 0.169901803 -0.077546373
v -0.006600888 0.168575272 -0.076112628
v -0.006351537 0.171386406 -0.076931171
v -0.006604935 0.172734216 -0.077399194
v -0.005224135 0.171305120 -0.077860288
v -0.004222518 0.171212167 -0.078922845
v -0.005519248 0.172655940 -0.078293934
v -0.004554691 0.172566414 -0.079317175
v -0.003510953 0.168317541 -0.079058386
v -0.003953841 0.168370679 -0.078451127
v -0.004021256 0.169806749 -0.078632750
v -0.004376969 0.175777882 -0.085087977
v -0.005072727 0.175964519 -0.082954802
v -0.004657487 0.175873116 -0.083999589
v -0.006439545 0.175122291 -0.079493478
v -0.006279150 0.176130205 -0.081061020
v -0.007051310 0.176201865 -0.080241881
v -0.004264103 0.174861327 -0.082476325
v -0.004861581 0.174956053 -0.081393652
v -0.005012933 0.173849761 -0.079809994
v -0.005590560 0.175043494 -0.080394112
v -0.004228617 0.173755676 -0.080885403
v -0.005616138 0.176050663 -0.081970103
v -0.006716860 0.177725822 -0.084833369
v -0.006481284 0.177023575 -0.082606360
v -0.007031996 0.177795202 -0.084040456
v -0.005999864 0.176947251 -0.083478726
v -0.005383477 0.176781908 -0.085368551
v -0.005631994 0.176866263 -0.084404327
v -0.007068662 0.177094042 -0.081800982
v -0.003499121 0.174656123 -0.084821738
v -0.003807550 0.174760818 -0.083625056
v -0.006954504 0.174008682 -0.077993676
v -0.005926364 0.173934549 -0.078840993
f 1 4 10
f 2 38 30
f 1 15 2
f 3 16 4
f 3 5 17
f 5 57 21
f 1 10 9
f 4 12 11
f 4 11 10
f 9 10 75
f 10 11 76
f 11 12 76
f 2 13 38
f 2 14 13
f 1 9 15
f 2 15 14
f 14 15 81
f 13 14 79
f 13 79 38
f 9 81 15
f 3 17 18
f 3 18 16
f 4 16 12
f 5 19 17
f 5 20 19
f 5 21 20
f 21 57 96
f 30 40 31
f 31 45 32
f 32 701 693
f 3 4 769
f 1 2 769
f 2 30 769
f 1 769 4
f 30 38 39
f 30 39 40
f 31 40 41
f 31 41 45
f 38 162 39
f 39 164 40
f 40 164 41
f 41 164 177
f 41 177 45
f 32 45 46
f 32 46 47
f 32 47 701
f 45 177 46
f 46 177 179
f 46 179 47
f 47 179 701
f 179 773 701
f 57 58 421
f 58 59 423
f 59 64 430
f 64 65 433
f 65 66 473
f 66 69 476
f 57 421 96
f 58 422 421
f 58 423 422
f 59 428 423
f 59 429 428
f 59 430 429
f 64 432 430
f 64 433 432
f 65 470 433
f 65 471 470
f 65 473 471
f 66 475 473
f 66 476 475
f 69 570 476
f 3 769 5
f 5 769 57
f 57 769 58
f 58 769 59
f 59 769 64
f 69 70 573
f 64 769 65
f 65 769 66
f 66 769 69
f 70 72 591
f 72 756 594
f 69 571 570
f 69 573 571
f 70 574 573
f 70 591 574
f 72 592 591
f 72 594 592
f 594 756 1226
f 12 91 76
f 10 76 75
f 75 76 77
f 76 93 77
f 75 77 82
f 77 78 82
f 77 101 78
f 78 86 82
f 78 88 86
f 78 102 88
f 14 81 79
f 79 81 83
f 38 79 162
f 79 80 162
f 79 83 80
f 80 83 87
f 80 163 162
f 80 84 163
f 9 75 81
f 75 82 81
f 81 82 83
f 82 86 83
f 80 87 84
f 84 90 85
f 84 85 172
f 83 86 87
f 86 89 87
f 87 89 90
f 89 134 90
f 86 88 89
f 88 133 89
f 89 133 134
f 84 87 90
f 85 90 135
f 90 134 135
f 85 135 260
f 12 16 91
f 16 18 91
f 18 92 91
f 17 92 18
f 17 19 95
f 17 95 92
f 91 92 94
f 91 94 93
f 93 94 100
f 92 95 98
f 92 98 94
f 76 91 93
f 77 93 101
f 19 20 95
f 20 21 97
f 20 97 95
f 21 96 97
f 96 424 97
f 95 99 98
f 95 97 99
f 97 424 425
f 97 425 99
f 94 98 104
f 94 104 100
f 100 104 109
f 93 100 101
f 100 103 101
f 78 101 102
f 101 103 102
f 88 102 143
f 100 109 103
f 103 109 141
f 102 103 139
f 98 99 105
f 98 105 104
f 99 425 106
f 99 106 105
f 104 107 109
f 104 105 107
f 105 108 107
f 105 106 108
f 107 140 109
f 107 108 142
f 88 143 133
f 133 144 134
f 135 137 260
f 134 136 135
f 134 144 136
f 135 136 137
f 136 138 137
f 102 139 143
f 103 141 139
f 139 141 150
f 109 140 141
f 141 151 150
f 140 151 141
f 107 142 140
f 140 142 154
f 140 154 151
f 142 486 154
f 133 143 145
f 143 146 145
f 133 145 144
f 139 146 143
f 139 150 146
f 144 145 149
f 146 150 152
f 145 146 147
f 145 147 149
f 146 152 147
f 136 144 148
f 144 149 148
f 136 148 138
f 138 148 291
f 148 149 156
f 150 151 153
f 150 153 152
f 151 155 153
f 151 154 155
f 154 498 155
f 148 156 291
f 147 157 149
f 147 159 157
f 149 157 156
f 152 153 158
f 153 155 160
f 147 152 159
f 152 158 159
f 157 159 302
f 158 303 159
f 153 160 158
f 155 498 161
f 155 161 160
f 158 160 304
f 160 161 305
f 39 162 164
f 162 163 164
f 163 165 164
f 163 172 165
f 165 172 174
f 84 172 163
f 164 165 177
f 165 178 177
f 165 174 178
f 174 193 178
f 85 173 172
f 172 173 174
f 85 260 173
f 173 258 175
f 173 260 258
f 174 175 193
f 175 194 193
f 173 175 174
f 175 258 176
f 175 176 194
f 177 178 179
f 178 180 179
f 178 193 180
f 180 193 196
f 179 180 773
f 180 774 773
f 180 196 774
f 196 795 774
f 193 194 196
f 194 197 196
f 194 195 197
f 195 198 197
f 176 195 194
f 196 197 795
f 197 797 795
f 197 198 797
f 198 799 797
f 176 258 264
f 176 259 195
f 176 264 259
f 258 260 261
f 137 261 260
f 258 261 264
f 261 263 264
f 137 262 261
f 137 138 262
f 138 292 262
f 261 262 263
f 262 266 263
f 259 264 265
f 263 265 264
f 259 265 271
f 265 268 271
f 263 267 265
f 262 292 266
f 263 266 267
f 265 267 268
f 267 297 268
f 268 297 276
f 195 259 269
f 195 269 198
f 198 269 270
f 269 272 270
f 198 270 799
f 270 882 799
f 270 272 273
f 270 273 882
f 273 885 882
f 259 271 269
f 269 271 272
f 268 275 271
f 271 275 272
f 272 274 273
f 272 275 274
f 273 274 278
f 273 278 885
f 278 889 885
f 268 276 275
f 275 276 277
f 274 275 277
f 274 277 279
f 277 377 279
f 274 279 278
f 278 279 280
f 279 382 280
f 278 280 889
f 280 891 889
f 280 383 891
f 138 291 292
f 266 292 295
f 291 293 292
f 292 293 295
f 156 294 291
f 156 157 301
f 156 301 294
f 291 294 293
f 293 294 298
f 294 301 306
f 266 296 267
f 266 295 296
f 295 299 296
f 267 296 297
f 296 378 297
f 296 299 378
f 293 300 295
f 294 306 298
f 293 298 300
f 295 300 299
f 299 300 389
f 298 390 300
f 157 302 301
f 159 303 302
f 158 304 303
f 160 305 304
f 161 610 305
f 301 302 307
f 301 307 306
f 302 303 308
f 302 308 307
f 303 304 309
f 303 309 308
f 304 310 309
f 304 305 310
f 305 610 311
f 305 311 310
f 307 308 392
f 298 306 388
f 298 388 390
f 306 391 388
f 306 307 391
f 307 392 391
f 308 309 393
f 309 310 394
f 308 393 392
f 309 394 393
f 310 311 395
f 311 613 396
f 310 395 394
f 311 396 395
f 276 297 375
f 276 376 277
f 297 378 375
f 276 375 376
f 277 376 377
f 376 384 377
f 299 380 378
f 375 378 379
f 300 390 389
f 299 389 380
f 378 380 379
f 375 381 376
f 375 379 381
f 376 381 384
f 379 397 381
f 279 377 382
f 280 382 383
f 377 385 382
f 382 386 383
f 383 978 891
f 383 386 387
f 383 387 978
f 387 981 978
f 377 384 385
f 382 385 386
f 381 399 384
f 384 405 385
f 385 406 386
f 384 399 405
f 385 405 406
f 386 407 387
f 386 406 407
f 387 408 981
f 387 407 408
f 408 993 981
f 388 391 402
f 391 392 404
f 380 389 400
f 389 390 401
f 379 380 398
f 380 400 398
f 389 401 400
f 388 403 390
f 391 404 402
f 390 403 401
f 388 402 403
f 392 393 409
f 393 394 410
f 394 395 411
f 392 409 404
f 393 410 409
f 394 411 410
f 395 412 411
f 395 396 412
f 396 656 413
f 414 656 657
f 396 413 412
f 413 656 414
f 379 398 397
f 381 397 399
f 398 400 1006
f 400 401 1006
f 402 404 1006
f 401 403 1006
f 402 1006 403
f 405 1006 406
f 406 1006 407
f 407 1006 408
f 408 1006 993
f 397 398 1006
f 397 1006 399
f 399 1006 405
f 404 409 1006
f 409 410 1006
f 410 411 1006
f 411 412 1006
f 412 413 1006
f 413 414 1006
f 414 657 415
f 415 658 416
f 414 415 1006
f 415 416 1006
f 416 417 1006
f 417 418 1006
f 418 419 1006
f 419 420 1006
f 420 1007 1006
f 96 421 424
f 421 422 424
f 422 426 424
f 422 423 426
f 423 427 426
f 423 428 427
f 424 426 435
f 424 435 425
f 426 427 437
f 426 437 435
f 427 428 429
f 427 429 431
f 429 430 431
f 430 432 431
f 427 441 437
f 427 431 441
f 431 432 434
f 432 433 434
f 431 434 442
f 431 442 441
f 434 478 442
f 425 435 436
f 106 425 436
f 435 437 438
f 435 438 436
f 106 436 439
f 106 439 108
f 436 440 439
f 436 438 440
f 438 444 440
f 437 441 443
f 437 443 438
f 441 445 443
f 441 442 445
f 442 478 480
f 442 480 445
f 438 443 444
f 443 445 491
f 443 491 444
f 445 492 491
f 445 480 492
f 433 470 472
f 470 471 472
f 433 472 434
f 434 472 478
f 471 473 474
f 473 475 474
f 471 474 472
f 472 474 479
f 474 475 477
f 475 476 477
f 474 477 482
f 476 570 572
f 476 572 477
f 477 572 577
f 472 479 478
f 478 481 480
f 478 479 481
f 474 482 479
f 480 505 492
f 480 481 505
f 479 482 483
f 477 577 482
f 479 483 481
f 481 483 506
f 481 506 505
f 482 576 483
f 108 439 484
f 108 484 142
f 439 485 484
f 142 484 486
f 484 485 487
f 439 440 485
f 440 444 489
f 440 489 485
f 484 487 486
f 485 489 488
f 154 486 498
f 486 487 499
f 486 499 498
f 485 488 487
f 487 488 501
f 487 501 499
f 488 502 501
f 488 494 502
f 444 491 490
f 444 490 489
f 491 492 493
f 490 491 493
f 492 495 493
f 489 490 494
f 488 489 494
f 490 493 496
f 490 496 494
f 494 496 504
f 493 497 496
f 493 495 497
f 495 607 497
f 496 497 618
f 498 499 500
f 161 498 500
f 161 500 610
f 499 503 500
f 499 501 503
f 501 502 608
f 501 608 503
f 494 504 502
f 502 504 609
f 496 618 504
f 492 505 495
f 505 506 678
f 495 505 678
f 570 571 572
f 571 573 575
f 571 575 572
f 572 575 578
f 573 574 575
f 574 591 593
f 574 593 575
f 575 593 597
f 482 577 576
f 483 576 679
f 483 679 506
f 576 577 579
f 576 681 679
f 576 579 681
f 572 578 577
f 577 578 579
f 575 597 578
f 578 597 598
f 578 598 579
f 579 598 685
f 591 592 593
f 592 595 593
f 592 594 595
f 593 595 599
f 594 1228 595
f 594 1226 1228
f 595 1228 1237
f 593 599 597
f 597 599 600
f 597 600 598
f 598 600 690
f 599 1237 1238
f 595 1237 599
f 599 1238 600
f 600 1238 1343
f 497 607 620
f 607 682 623
f 500 503 611
f 503 608 612
f 502 609 608
f 608 609 616
f 609 619 617
f 500 611 610
f 503 612 611
f 610 611 613
f 608 616 612
f 311 610 613
f 611 614 613
f 611 612 614
f 612 615 614
f 613 614 656
f 614 615 657
f 612 616 615
f 609 617 616
f 616 617 660
f 617 624 661
f 615 616 660
f 617 661 660
f 504 618 619
f 504 619 609
f 618 621 619
f 618 620 621
f 497 620 618
f 607 623 620
f 620 622 621
f 620 623 622
f 623 682 670
f 622 623 671
f 623 670 671
f 617 619 624
f 619 621 624
f 621 673 624
f 621 622 673
f 396 613 656
f 614 657 656
f 615 658 657
f 615 660 658
f 659 660 661
f 415 657 658
f 658 660 659
f 659 661 664
f 624 673 662
f 624 662 661
f 661 662 664
f 662 663 665
f 662 673 663
f 663 674 668
f 416 658 659
f 417 659 664
f 416 659 417
f 417 664 418
f 418 664 665
f 662 665 664
f 418 665 419
f 419 666 420
f 420 667 1007
f 419 665 666
f 420 666 667
f 667 1286 1007
f 663 666 665
f 663 668 666
f 666 668 667
f 667 668 669
f 667 669 1286
f 669 1291 1286
f 670 672 671
f 670 691 672
f 622 674 673
f 622 671 674
f 663 673 674
f 671 676 674
f 671 672 676
f 675 691 692
f 672 691 675
f 675 692 1302
f 668 674 676
f 669 676 677
f 672 677 676
f 668 676 669
f 677 1304 1291
f 675 1304 677
f 669 677 1291
f 672 675 677
f 675 1302 1304
f 506 680 678
f 506 679 680
f 495 678 607
f 607 678 682
f 678 680 682
f 679 681 684
f 679 684 680
f 579 685 681
f 681 687 684
f 680 684 683
f 680 683 682
f 670 682 683
f 683 684 686
f 681 685 687
f 685 689 687
f 685 690 689
f 683 686 691
f 684 687 686
f 687 689 688
f 686 687 688
f 689 690 1337
f 690 1343 1337
f 688 689 1338
f 689 1337 1338
f 598 690 685
f 600 1343 690
f 670 683 691
f 686 692 691
f 686 688 692
f 688 1345 692
f 688 1338 1345
f 692 1345 1302
f 693 703 694
f 694 713 698
f 698 715 722
f 30 31 769
f 31 32 769
f 32 693 769
f 693 694 769
f 693 701 702
f 693 702 703
f 694 703 704
f 694 704 705
f 701 773 702
f 702 773 776
f 702 776 703
f 703 776 704
f 704 776 777
f 704 777 705
f 694 705 713
f 698 713 714
f 698 714 715
f 705 777 713
f 713 777 809
f 713 809 714
f 714 811 715
f 722 734 723
f 723 736 724
f 694 698 769
f 698 722 769
f 722 723 769
f 723 724 769
f 724 729 769
f 729 730 769
f 730 731 767
f 724 738 729
f 729 750 730
f 730 752 731
f 715 732 722
f 722 732 733
f 722 733 734
f 723 734 735
f 723 735 736
f 715 811 732
f 732 1060 733
f 733 1060 734
f 734 1062 735
f 735 1072 736
f 724 736 737
f 724 737 738
f 736 1072 737
f 737 1073 738
f 738 1073 748
f 729 738 748
f 729 748 749
f 729 749 750
f 730 750 751
f 730 751 752
f 731 752 753
f 731 753 754
f 731 754 1380
f 69 769 70
f 70 769 72
f 756 757 1229
f 72 769 756
f 756 769 757
f 757 770 771
f 757 771 761
f 757 761 1231
f 761 771 1245
f 756 1227 1226
f 756 1229 1227
f 757 1230 1229
f 757 1231 1230
f 761 1242 1231
f 761 1245 1244
f 761 1244 1242
f 730 767 768
f 730 768 769
f 731 1380 767
f 767 1382 768
f 768 1390 769
f 757 769 772
f 757 772 770
f 770 1405 771
f 769 1388 772
f 770 772 1418
f 767 1380 1381
f 767 1381 1382
f 768 1382 1383
f 768 1383 1391
f 768 1391 1390
f 769 1390 1392
f 769 1392 1388
f 770 1407 1405
f 770 1408 1407
f 770 1418 1408
f 771 1410 1245
f 771 1405 1410
f 772 1417 1418
f 772 1388 1417
f 773 774 776
f 774 775 776
f 774 795 775
f 775 795 796
f 775 777 776
f 775 778 777
f 775 796 778
f 778 796 801
f 795 797 796
f 796 797 798
f 797 799 798
f 798 799 800
f 796 798 801
f 798 802 801
f 798 800 802
f 800 803 802
f 777 778 809
f 778 810 809
f 778 801 810
f 801 819 810
f 714 809 811
f 809 810 811
f 810 812 811
f 810 819 812
f 812 819 822
f 812 822 1061
f 801 802 819
f 802 821 819
f 819 821 822
f 802 803 821
f 803 820 821
f 820 823 821
f 821 823 822
f 822 823 1065
f 820 899 823
f 823 899 1066
f 899 902 1066
f 799 882 800
f 800 882 883
f 882 885 883
f 883 885 886
f 883 886 884
f 800 883 803
f 803 883 884
f 803 884 820
f 884 887 898
f 885 889 886
f 886 889 890
f 886 890 887
f 884 886 887
f 887 890 894
f 887 894 888
f 887 888 898
f 888 894 896
f 889 891 890
f 890 891 892
f 891 978 892
f 890 892 894
f 892 893 894
f 892 979 893
f 893 896 894
f 893 980 895
f 893 895 896
f 895 906 896
f 895 897 906
f 820 884 898
f 820 898 899
f 898 900 899
f 888 900 898
f 888 901 900
f 888 896 901
f 900 901 903
f 896 906 901
f 901 906 904
f 899 900 902
f 900 903 902
f 902 903 1116
f 901 904 903
f 903 904 1117
f 904 907 905
f 904 905 1117
f 905 908 1119
f 897 907 906
f 897 1039 907
f 904 906 907
f 907 1039 908
f 905 907 908
f 892 978 979
f 978 981 979
f 979 981 982
f 979 982 980
f 980 982 983
f 893 979 980
f 980 983 986
f 981 993 982
f 982 993 994
f 982 994 983
f 983 995 984
f 983 994 995
f 984 995 996
f 983 984 986
f 984 996 985
f 985 996 997
f 985 997 989
f 895 986 897
f 897 987 1039
f 895 980 986
f 897 986 987
f 984 987 986
f 987 988 1039
f 984 985 987
f 985 989 988
f 985 988 987
f 989 990 992
f 989 998 990
f 990 999 991
f 988 989 992
f 990 1042 992
f 990 991 1042
f 991 1020 1043
f 993 1006 994
f 994 1006 995
f 995 1006 996
f 996 1006 997
f 997 1006 998
f 998 1006 999
f 999 1006 1000
f 989 997 998
f 990 998 999
f 991 999 1000
f 1000 1006 1001
f 1001 1006 1002
f 1002 1006 1003
f 1003 1006 1004
f 1004 1006 1005
f 1006 1016 1019
f 1006 1007 1008
f 1006 1008 1009
f 1006 1009 1010
f 1006 1010 1011
f 1006 1011 1017
f 1006 1017 1016
f 1005 1006 1012
f 1006 1013 1012
f 1006 1014 1013
f 1006 1015 1014
f 1006 1018 1015
f 1006 1019 1018
f 1016 1295 1019
f 1000 1001 1020
f 1001 1002 1021
f 991 1000 1020
f 1001 1021 1020
f 1002 1022 1021
f 1002 1003 1022
f 1003 1004 1023
f 1004 1005 1024
f 1020 1021 1044
f 1003 1023 1022
f 1004 1024 1023
f 1013 1014 1028
f 1005 1012 1025
f 1012 1013 1026
f 1015 1018 1297
f 1014 1015 1027
f 1018 1019 1294
f 1014 1027 1028
f 1018 1294 1297
f 1015 1297 1027
f 1005 1025 1024
f 1012 1026 1025
f 1013 1028 1026
f 988 1040 1039
f 992 1041 1040
f 908 1039 1040
f 1040 1041 1045
f 988 992 1040
f 992 1042 1041
f 991 1043 1042
f 1020 1044 1043
f 1041 1042 1047
f 1042 1043 1047
f 1043 1048 1047
f 1043 1044 1048
f 908 1040 1045
f 1041 1046 1045
f 1041 1047 1046
f 908 1045 1119
f 1045 1046 1122
f 1046 1047 1135
f 1047 1048 1135
f 1048 1136 1135
f 1048 1055 1136
f 1044 1055 1048
f 1021 1049 1044
f 1022 1050 1049
f 1021 1022 1049
f 1022 1023 1050
f 1023 1024 1051
f 1044 1049 1055
f 1023 1051 1050
f 1024 1025 1052
f 1025 1026 1054
f 1026 1028 1053
f 1027 1321 1028
f 1026 1053 1054
f 1028 1321 1053
f 1024 1052 1051
f 1025 1054 1052
f 1055 1056 1137
f 1056 1057 1138
f 1057 1058 1140
f 1058 1059 1139
f 1049 1050 1056
f 1049 1056 1055
f 1050 1051 1057
f 1050 1057 1056
f 1051 1052 1058
f 1051 1058 1057
f 1052 1059 1058
f 1052 1054 1059
f 1053 1327 1054
f 1054 1327 1059
f 732 811 1060
f 811 812 1060
f 1060 1061 1062
f 812 1061 1060
f 822 1065 1061
f 1061 1065 1063
f 734 1060 1062
f 1061 1063 1062
f 735 1062 1072
f 1062 1063 1072
f 1063 1068 1064
f 1063 1064 1072
f 823 1066 1065
f 1065 1066 1068
f 1063 1065 1068
f 1066 1067 1068
f 902 1067 1066
f 902 1116 1067
f 1067 1116 1070
f 1067 1069 1068
f 1067 1070 1069
f 1064 1068 1069
f 1069 1070 1075
f 1070 1116 1120
f 1070 1071 1075
f 1070 1120 1071
f 1071 1120 1121
f 737 1072 1073
f 1064 1073 1072
f 1073 1074 1098
f 1064 1074 1073
f 1064 1069 1074
f 1074 1075 1100
f 1069 1075 1074
f 1071 1106 1075
f 1071 1121 1107
f 1107 1121 1124
f 1074 1100 1098
f 748 1098 749
f 748 1073 1098
f 749 1098 750
f 750 1098 1099
f 750 1099 751
f 751 1099 1102
f 1098 1100 1099
f 1099 1100 1101
f 1100 1106 1101
f 1099 1101 1102
f 1101 1104 1102
f 751 1102 752
f 752 1102 753
f 753 1102 1103
f 753 1103 754
f 754 1103 1380
f 1103 1384 1380
f 1102 1104 1103
f 1103 1104 1105
f 1103 1105 1384
f 1105 1385 1384
f 1075 1106 1100
f 1106 1107 1109
f 1071 1107 1106
f 1107 1124 1108
f 1107 1108 1109
f 1108 1141 1110
f 1101 1106 1109
f 1101 1109 1104
f 1104 1109 1111
f 1108 1111 1109
f 1108 1110 1111
f 1110 1142 1114
f 1114 1143 1115
f 1104 1111 1105
f 1105 1111 1112
f 1105 1112 1385
f 1112 1113 1385
f 1110 1112 1111
f 1110 1114 1112
f 1112 1114 1113
f 1113 1114 1115
f 903 1117 1116
f 1116 1117 1120
f 1117 1118 1120
f 905 1118 1117
f 905 1119 1118
f 1118 1119 1125
f 1118 1121 1120
f 1118 1125 1121
f 1045 1122 1119
f 1046 1123 1122
f 1119 1122 1125
f 1122 1126 1125
f 1122 1123 1126
f 1123 1135 1127
f 1124 1125 1126
f 1121 1125 1124
f 1124 1126 1141
f 1126 1128 1141
f 1123 1128 1126
f 1123 1127 1128
f 1127 1131 1128
f 1127 1129 1131
f 1129 1132 1131
f 1129 1130 1132
f 1130 1133 1134
f 1130 1134 1132
f 1133 1420 1134
f 1046 1135 1123
f 1127 1135 1136
f 1127 1136 1129
f 1055 1137 1136
f 1056 1138 1137
f 1129 1136 1137
f 1130 1137 1138
f 1057 1140 1138
f 1058 1139 1140
f 1133 1138 1140
f 1139 1436 1140
f 1129 1137 1130
f 1130 1138 1133
f 1133 1140 1436
f 1108 1124 1141
f 1128 1142 1141
f 1128 1131 1142
f 1110 1141 1142
f 1131 1143 1142
f 1131 1132 1143
f 1114 1142 1143
f 1132 1144 1143
f 1134 1439 1144
f 1115 1143 1144
f 1132 1134 1144
f 1226 1227 1228
f 1227 1232 1228
f 1227 1229 1232
f 1228 1232 1236
f 1230 1231 1233
f 1232 1233 1240
f 1229 1230 1232
f 1230 1233 1232
f 1236 1239 1237
f 1228 1236 1237
f 1237 1239 1238
f 1238 1239 1344
f 1232 1240 1236
f 1236 1240 1241
f 1236 1241 1239
f 1239 1241 1340
f 1231 1242 1243
f 1231 1243 1233
f 1233 1243 1248
f 1242 1244 1243
f 1244 1245 1246
f 1243 1244 1246
f 1243 1246 1250
f 1249 1353 1348
f 1247 1353 1249
f 1247 1250 1412
f 1247 1441 1353
f 1233 1248 1240
f 1240 1248 1249
f 1240 1249 1241
f 1241 1249 1348
f 1243 1250 1248
f 1247 1248 1250
f 1247 1249 1248
f 1007 1286 1008
f 1008 1287 1009
f 1009 1288 1010
f 1008 1286 1287
f 1009 1287 1288
f 1010 1289 1011
f 1011 1290 1017
f 1011 1289 1290
f 1016 1017 1296
f 1017 1290 1296
f 1010 1288 1289
f 1286 1291 1287
f 1287 1291 1292
f 1287 1292 1288
f 1288 1293 1289
f 1288 1292 1293
f 1289 1299 1290
f 1289 1293 1299
f 1293 1306 1299
f 1016 1296 1295
f 1019 1295 1294
f 1290 1298 1296
f 1295 1296 1300
f 1027 1297 1320
f 1294 1319 1297
f 1295 1300 1301
f 1294 1295 1301
f 1294 1301 1319
f 1290 1299 1298
f 1296 1298 1300
f 1298 1299 1310
f 1300 1311 1332
f 1300 1332 1301
f 1298 1311 1300
f 1302 1345 1303
f 1303 1346 1307
f 1292 1304 1305
f 1302 1305 1304
f 1291 1304 1292
f 1293 1305 1306
f 1303 1306 1305
f 1292 1305 1293
f 1302 1303 1305
f 1303 1307 1306
f 1307 1346 1347
f 1307 1347 1309
f 1308 1329 1309
f 1308 1309 1347
f 1299 1306 1310
f 1306 1307 1310
f 1298 1310 1311
f 1309 1311 1310
f 1309 1329 1311
f 1307 1309 1310
f 1318 1335 1350
f 1318 1352 1425
f 1318 1425 1334
f 1319 1322 1320
f 1027 1320 1321
f 1297 1319 1320
f 1053 1321 1326
f 1320 1328 1321
f 1320 1322 1328
f 1301 1332 1323
f 1301 1323 1319
f 1319 1323 1322
f 1322 1323 1333
f 1059 1327 1432
f 1322 1333 1325
f 1324 1328 1325
f 1324 1434 1326
f 1324 1325 1438
f 1053 1326 1327
f 1321 1328 1326
f 1326 1434 1327
f 1322 1325 1328
f 1324 1326 1328
f 1330 1335 1333
f 1329 1331 1330
f 1308 1331 1329
f 1331 1350 1335
f 1330 1331 1335
f 1311 1329 1332
f 1323 1332 1330
f 1329 1330 1332
f 1323 1330 1333
f 1325 1333 1334
f 1333 1335 1334
f 1325 1334 1438
f 1334 1425 1438
f 1318 1334 1335
f 1337 1343 1339
f 1339 1343 1344
f 1336 1338 1337
f 1336 1337 1339
f 1339 1344 1342
f 1340 1342 1344
f 1340 1351 1342
f 1308 1341 1349
f 1341 1342 1349
f 1339 1342 1341
f 1336 1339 1341
f 1238 1344 1343
f 1239 1340 1344
f 1338 1346 1345
f 1336 1346 1338
f 1303 1345 1346
f 1336 1347 1346
f 1336 1341 1347
f 1308 1347 1341
f 1340 1348 1351
f 1348 1354 1351
f 1350 1351 1354
f 1331 1349 1350
f 1349 1351 1350
f 1342 1351 1349
f 1352 1354 1353
f 1352 1353 1441
f 1348 1353 1354
f 1318 1350 1354
f 1318 1354 1352
f 1241 1348 1340
f 1308 1349 1331
f 1416 1430 1428
f 1380 1384 1381
f 1381 1386 1382
f 1381 1384 1386
f 1382 1386 1383
f 1383 1387 1391
f 1383 1386 1387
f 1384 1385 1386
f 1385 1397 1386
f 1386 1397 1387
f 1387 1397 1398
f 1388 1389 1417
f 1388 1392 1389
f 1389 1400 1419
f 1389 1393 1404
f 1389 1404 1400
f 1387 1390 1391
f 1390 1393 1392
f 1387 1393 1390
f 1389 1392 1393
f 1393 1398 1404
f 1387 1398 1393
f 1395 1402 1399
f 1394 1395 1399
f 1113 1396 1397
f 1113 1397 1385
f 1396 1398 1397
f 1396 1399 1398
f 1113 1115 1396
f 1115 1394 1396
f 1394 1399 1396
f 1399 1402 1404
f 1400 1404 1402
f 1403 1416 1414
f 1400 1403 1414
f 1400 1402 1403
f 1401 1430 1403
f 1401 1403 1402
f 1395 1401 1402
f 1403 1430 1416
f 1398 1399 1404
f 1405 1406 1410
f 1246 1406 1411
f 1405 1409 1406
f 1408 1418 1419
f 1405 1407 1409
f 1407 1408 1409
f 1408 1419 1409
f 1409 1419 1414
f 1406 1409 1413
f 1245 1410 1246
f 1246 1410 1406
f 1246 1411 1250
f 1250 1411 1412
f 1406 1413 1411
f 1412 1442 1441
f 1412 1415 1442
f 1247 1412 1441
f 1411 1415 1412
f 1413 1416 1415
f 1409 1414 1413
f 1413 1414 1416
f 1411 1413 1415
f 1415 1428 1442
f 1415 1416 1428
f 1417 1419 1418
f 1389 1419 1417
f 1400 1414 1419
f 1431 1435 1433
f 1422 1426 1440
f 1133 1436 1420
f 1422 1436 1437
f 1420 1422 1440
f 1420 1436 1422
f 1421 1437 1435
f 1421 1422 1437
f 1421 1435 1431
f 1421 1426 1422
f 1423 1442 1429
f 1424 1438 1425
f 1424 1429 1431
f 1424 1431 1433
f 1423 1424 1425
f 1352 1423 1425
f 1423 1429 1424
f 1426 1427 1430
f 1428 1429 1442
f 1427 1429 1428
f 1427 1428 1430
f 1421 1431 1427
f 1427 1431 1429
f 1421 1427 1426
f 1059 1432 1139
f 1327 1434 1432
f 1432 1434 1435
f 1139 1432 1437
f 1139 1437 1436
f 1432 1435 1437
f 1433 1435 1434
f 1324 1438 1433
f 1324 1433 1434
f 1424 1433 1438
f 1420 1440 1439
f 1144 1439 1394
f 1115 1144 1394
f 1394 1439 1395
f 1401 1440 1426
f 1395 1440 1401
f 1395 1439 1440
f 1134 1420 1439
f 1401 1426 1430
f 1352 1441 1423
f 1423 1441 1442
f 7 26 8
f 7 6 24
f 8 29 60
f 6 53 23
f 6 23 22
f 6 22 24
f 53 110 23
f 23 110 22
f 7 24 25
f 7 25 26
f 8 26 28
f 8 28 27
f 8 27 29
f 29 117 60
f 36 6 765
f 7 765 6
f 36 765 35
f 35 765 37
f 37 44 43
f 37 48 44
f 42 43 166
f 43 44 168
f 37 33 48
f 33 34 50
f 34 695 706
f 33 49 48
f 33 50 49
f 44 48 181
f 48 49 181
f 49 183 181
f 49 50 183
f 50 51 183
f 34 51 50
f 34 52 51
f 34 706 52
f 51 189 183
f 51 52 189
f 52 706 189
f 189 706 779
f 36 35 55
f 36 53 6
f 35 37 43
f 36 54 53
f 36 55 54
f 35 42 56
f 35 56 55
f 54 202 53
f 54 55 204
f 56 204 55
f 35 43 42
f 42 166 56
f 60 446 61
f 61 448 62
f 62 454 63
f 63 464 67
f 60 117 446
f 61 446 447
f 61 447 448
f 62 448 451
f 62 451 452
f 62 452 454
f 63 454 463
f 63 463 464
f 7 8 765
f 8 60 765
f 60 61 765
f 61 62 765
f 62 63 765
f 63 67 765
f 67 68 765
f 68 71 765
f 67 510 68
f 68 516 71
f 67 464 507
f 67 507 508
f 67 508 510
f 68 510 511
f 68 511 516
f 71 516 518
f 71 518 569
f 71 569 580
f 71 580 73
f 73 583 74
f 74 588 758
f 73 580 581
f 73 581 583
f 74 583 587
f 74 587 588
f 588 1211 758
f 24 111 25
f 22 110 111
f 22 111 24
f 202 112 110
f 110 112 113
f 110 113 111
f 111 113 119
f 112 208 114
f 113 114 122
f 112 114 113
f 208 214 114
f 114 214 126
f 25 111 115
f 26 25 115
f 26 116 28
f 28 116 27
f 26 115 116
f 111 119 115
f 115 119 120
f 115 120 116
f 27 118 29
f 27 116 118
f 29 118 117
f 117 118 449
f 116 123 118
f 116 120 123
f 118 123 456
f 118 456 449
f 119 122 121
f 119 121 120
f 113 122 119
f 122 114 126
f 122 127 121
f 120 124 123
f 123 125 456
f 120 121 124
f 121 129 124
f 123 124 125
f 124 130 125
f 122 126 127
f 214 228 126
f 126 128 127
f 126 228 128
f 121 127 129
f 129 127 131
f 124 129 130
f 129 132 130
f 127 128 131
f 129 131 132
f 43 168 166
f 166 168 167
f 167 168 169
f 44 181 168
f 168 181 169
f 167 169 209
f 209 169 170
f 169 182 170
f 210 170 171
f 170 185 171
f 181 183 182
f 169 181 182
f 182 184 185
f 183 189 184
f 182 183 184
f 182 185 170
f 171 185 186
f 185 184 187
f 185 187 186
f 186 187 188
f 184 189 190
f 184 190 187
f 189 779 190
f 190 780 191
f 190 779 780
f 190 191 187
f 187 191 188
f 188 191 192
f 191 780 783
f 191 783 192
f 192 783 784
f 171 186 242
f 186 199 242
f 186 188 199
f 199 188 200
f 199 200 244
f 188 192 200
f 200 192 201
f 200 201 252
f 201 253 252
f 192 784 201
f 201 784 804
f 201 804 253
f 253 804 805
f 53 202 110
f 54 204 202
f 202 203 112
f 202 204 203
f 56 166 204
f 166 205 204
f 204 205 203
f 166 167 205
f 203 205 206
f 208 203 206
f 167 207 205
f 205 207 206
f 206 207 211
f 207 212 211
f 112 203 208
f 208 213 214
f 208 206 213
f 206 211 213
f 167 209 207
f 209 212 207
f 209 210 212
f 209 170 210
f 211 212 217
f 213 211 216
f 213 215 214
f 213 216 215
f 211 217 216
f 216 217 218
f 217 223 218
f 216 218 231
f 216 231 215
f 218 238 231
f 210 219 212
f 210 220 219
f 212 219 217
f 219 220 221
f 219 221 223
f 210 171 220
f 171 242 220
f 242 222 220
f 221 220 222
f 217 219 223
f 221 222 226
f 222 245 226
f 223 221 224
f 223 225 218
f 218 225 238
f 223 224 225
f 224 241 225
f 221 226 224
f 224 226 227
f 226 245 250
f 226 250 227
f 224 227 241
f 214 215 228
f 228 215 229
f 215 231 229
f 228 230 128
f 131 128 234
f 131 235 132
f 228 229 230
f 231 232 229
f 231 238 232
f 229 233 230
f 229 232 233
f 232 281 233
f 128 230 234
f 131 234 235
f 230 236 234
f 132 235 527
f 234 237 235
f 230 233 236
f 234 236 237
f 233 284 236
f 235 237 529
f 236 285 237
f 237 286 529
f 225 239 238
f 232 238 240
f 225 241 239
f 238 239 240
f 232 240 281
f 233 281 284
f 236 284 285
f 237 285 286
f 242 243 222
f 199 243 242
f 199 244 243
f 200 252 244
f 244 246 243
f 222 243 245
f 245 243 246
f 245 246 249
f 244 252 247
f 244 247 246
f 246 247 251
f 247 254 248
f 251 247 248
f 245 249 250
f 246 251 249
f 250 249 312
f 249 251 313
f 251 248 314
f 252 254 247
f 252 253 254
f 253 256 254
f 254 255 248
f 254 256 255
f 255 257 316
f 253 805 256
f 256 805 826
f 256 257 255
f 256 826 257
f 257 826 828
f 257 828 319
f 255 315 248
f 240 287 281
f 239 241 282
f 241 227 323
f 241 323 282
f 239 283 240
f 239 282 283
f 240 283 287
f 283 332 287
f 284 281 288
f 284 289 285
f 285 290 286
f 281 287 288
f 284 288 289
f 287 331 288
f 288 333 289
f 285 289 290
f 286 290 603
f 289 334 290
f 290 335 603
f 250 322 227
f 250 312 322
f 249 313 312
f 251 314 313
f 312 313 328
f 314 326 313
f 313 326 328
f 248 315 314
f 255 316 315
f 314 315 317
f 315 318 317
f 314 317 326
f 315 316 318
f 316 320 318
f 257 319 316
f 316 319 320
f 319 828 909
f 319 909 321
f 319 321 320
f 321 909 911
f 320 321 349
f 321 911 350
f 227 322 323
f 323 324 282
f 322 312 327
f 323 322 329
f 323 329 324
f 322 327 329
f 282 325 283
f 282 324 325
f 283 325 332
f 312 328 327
f 327 328 345
f 326 346 328
f 324 329 330
f 327 347 329
f 324 336 325
f 324 330 336
f 327 345 347
f 329 347 330
f 287 332 331
f 288 331 333
f 325 337 332
f 332 338 331
f 331 339 333
f 289 333 334
f 290 334 335
f 333 340 334
f 334 341 335
f 325 336 337
f 332 337 338
f 331 338 339
f 335 342 626
f 333 339 340
f 334 340 341
f 335 341 342
f 326 317 343
f 328 346 345
f 326 343 346
f 317 318 344
f 318 320 348
f 318 348 344
f 317 344 343
f 345 357 347
f 347 359 330
f 346 343 351
f 343 344 352
f 346 367 345
f 346 351 367
f 345 367 357
f 320 349 348
f 321 350 349
f 350 911 921
f 349 350 355
f 350 921 356
f 344 348 353
f 348 349 354
f 348 354 353
f 343 352 351
f 344 353 352
f 349 355 354
f 350 356 355
f 356 921 925
f 336 330 358
f 336 360 337
f 336 358 360
f 337 361 338
f 338 362 339
f 337 360 361
f 338 361 362
f 339 362 363
f 330 359 358
f 347 357 359
f 339 363 340
f 340 364 341
f 340 363 364
f 341 365 342
f 342 366 639
f 368 640 639
f 341 364 365
f 342 365 366
f 366 368 639
f 368 369 640
f 369 370 641
f 367 936 357
f 357 936 359
f 351 936 367
f 360 358 936
f 360 936 361
f 361 936 362
f 362 936 363
f 363 936 364
f 359 936 358
f 351 352 936
f 352 353 936
f 353 354 936
f 354 355 936
f 355 356 936
f 356 925 936
f 364 936 365
f 365 936 366
f 366 936 368
f 368 936 369
f 369 936 370
f 370 936 371
f 371 936 372
f 372 936 373
f 373 936 374
f 374 936 938
f 117 449 446
f 446 449 447
f 447 449 450
f 447 450 448
f 448 450 453
f 449 457 450
f 448 453 451
f 453 452 451
f 452 455 454
f 450 459 453
f 453 455 452
f 454 455 463
f 453 460 455
f 449 456 457
f 456 458 457
f 450 457 459
f 457 461 459
f 125 458 456
f 457 458 461
f 125 467 458
f 453 459 460
f 455 460 466
f 459 462 460
f 459 461 462
f 460 514 466
f 460 462 514
f 463 465 464
f 455 465 463
f 464 465 509
f 455 466 465
f 125 130 467
f 458 467 468
f 458 468 461
f 130 469 467
f 130 132 469
f 467 522 468
f 467 469 522
f 461 523 462
f 461 468 523
f 464 509 507
f 507 509 508
f 508 509 512
f 508 512 510
f 510 512 511
f 512 517 511
f 465 466 513
f 465 513 509
f 509 513 515
f 466 538 513
f 466 514 538
f 513 539 515
f 513 538 539
f 509 515 512
f 512 520 517
f 512 515 520
f 515 539 543
f 511 517 516
f 516 519 518
f 516 517 519
f 518 519 569
f 517 521 519
f 517 520 521
f 515 543 520
f 520 543 545
f 519 521 584
f 520 545 521
f 545 551 521
f 468 522 524
f 462 525 514
f 462 523 525
f 468 524 523
f 523 524 526
f 523 526 525
f 526 542 525
f 132 527 469
f 469 527 528
f 235 529 527
f 469 528 522
f 522 528 531
f 527 530 528
f 527 529 530
f 529 601 530
f 528 533 531
f 528 530 533
f 522 531 524
f 524 532 526
f 531 532 524
f 526 534 542
f 526 532 534
f 531 535 532
f 531 533 535
f 530 602 533
f 533 605 535
f 532 535 536
f 532 536 534
f 534 537 548
f 534 536 537
f 535 606 536
f 514 540 538
f 514 525 540
f 538 540 541
f 538 541 539
f 525 542 540
f 540 547 541
f 540 542 547
f 539 541 544
f 547 549 541
f 541 549 544
f 544 549 560
f 539 544 543
f 543 544 546
f 543 546 545
f 544 560 546
f 542 548 547
f 542 534 548
f 547 548 550
f 547 550 549
f 550 557 549
f 549 557 560
f 548 555 550
f 548 537 555
f 521 551 584
f 584 551 553
f 545 546 552
f 545 552 551
f 546 560 561
f 546 561 552
f 551 552 554
f 551 554 553
f 552 561 562
f 552 562 554
f 560 557 559
f 550 556 557
f 550 555 556
f 556 558 557
f 558 559 557
f 559 565 564
f 558 565 559
f 560 559 561
f 559 564 561
f 561 564 562
f 553 554 563
f 553 563 596
f 554 562 567
f 554 567 563
f 596 563 1145
f 563 1151 1145
f 564 566 568
f 564 565 566
f 568 566 1147
f 568 1147 1152
f 564 568 562
f 562 568 567
f 568 1152 567
f 567 1152 1151
f 567 1151 563
f 569 519 582
f 569 582 580
f 580 582 581
f 581 582 585
f 581 585 583
f 583 585 587
f 519 584 582
f 582 584 586
f 582 586 585
f 585 586 590
f 584 553 586
f 587 585 589
f 587 589 588
f 588 589 1214
f 588 1214 1211
f 585 590 589
f 586 553 596
f 586 596 590
f 589 590 1215
f 589 1215 1214
f 590 596 1234
f 590 1234 1215
f 596 1145 1234
f 286 601 529
f 530 601 602
f 286 603 601
f 533 602 605
f 601 604 602
f 601 603 604
f 602 625 605
f 602 604 625
f 605 627 606
f 605 625 627
f 535 605 606
f 536 606 632
f 536 632 537
f 603 626 604
f 335 626 603
f 604 628 625
f 604 626 628
f 625 628 629
f 625 629 627
f 627 630 634
f 626 639 628
f 342 639 626
f 628 639 640
f 628 640 629
f 629 640 641
f 629 641 630
f 629 630 627
f 634 630 631
f 637 631 644
f 606 634 632
f 606 627 634
f 632 637 633
f 634 637 632
f 537 632 633
f 537 633 555
f 555 633 635
f 633 637 638
f 633 638 635
f 635 638 649
f 635 649 636
f 634 631 637
f 637 644 638
f 641 642 630
f 369 641 640
f 370 642 641
f 371 643 642
f 642 631 630
f 642 643 631
f 631 643 644
f 644 643 645
f 644 645 648
f 370 371 642
f 371 372 643
f 372 373 645
f 372 645 643
f 373 646 645
f 373 374 646
f 374 938 647
f 374 647 646
f 647 938 1252
f 648 645 646
f 646 647 651
f 648 646 651
f 647 652 651
f 647 1252 652
f 652 1252 1260
f 636 649 650
f 636 650 654
f 654 650 653
f 644 648 638
f 648 649 638
f 648 651 649
f 651 650 649
f 654 653 655
f 655 653 1263
f 651 652 650
f 652 653 650
f 652 1260 653
f 653 1260 1263
f 555 635 556
f 556 636 558
f 635 636 556
f 558 636 654
f 558 654 565
f 655 566 565
f 654 655 565
f 655 1283 566
f 566 1283 1147
f 655 1263 1283
f 37 765 33
f 33 765 34
f 34 765 695
f 695 765 696
f 696 765 697
f 697 765 699
f 699 765 700
f 700 765 725
f 695 696 708
f 696 697 711
f 695 707 706
f 695 708 707
f 696 709 708
f 706 707 779
f 707 781 779
f 707 708 781
f 708 709 781
f 709 787 781
f 696 710 709
f 696 711 710
f 697 712 711
f 709 710 787
f 710 711 787
f 711 789 787
f 711 712 789
f 697 699 716
f 697 716 712
f 716 699 717
f 712 716 813
f 716 717 813
f 717 718 815
f 699 700 719
f 700 725 721
f 699 718 717
f 699 719 718
f 700 720 719
f 700 721 720
f 725 739 721
f 718 719 815
f 719 720 844
f 720 721 846
f 721 739 846
f 725 765 726
f 726 765 727
f 727 763 728
f 725 726 740
f 726 727 743
f 727 728 745
f 725 740 739
f 726 741 740
f 726 742 741
f 739 740 1076
f 740 741 1076
f 726 743 742
f 727 744 743
f 727 745 744
f 728 746 745
f 728 747 746
f 728 1355 747
f 71 73 765
f 73 74 765
f 759 755 766
f 759 766 765
f 74 758 765
f 758 759 765
f 759 760 762
f 759 762 755
f 755 762 1170
f 755 1174 766
f 762 1167 1169
f 762 1169 1170
f 766 1174 1374
f 755 1176 1177
f 755 1170 1176
f 755 1177 1174
f 758 1213 759
f 759 1219 760
f 758 1211 1212
f 758 1212 1213
f 759 1213 1218
f 759 1218 1219
f 760 1219 1220
f 760 1220 1221
f 760 1167 762
f 760 1221 1167
f 727 764 763
f 727 765 764
f 728 763 1355
f 763 764 1357
f 764 765 1360
f 765 766 1373
f 763 1356 1355
f 763 1357 1356
f 764 1364 1357
f 764 1363 1364
f 764 1360 1363
f 765 1361 1360
f 765 1373 1361
f 766 1374 1373
f 779 781 780
f 780 782 783
f 780 781 782
f 782 781 787
f 782 788 785
f 782 785 783
f 783 785 784
f 785 786 784
f 788 791 785
f 785 791 786
f 786 791 792
f 787 789 788
f 782 787 788
f 788 790 791
f 789 813 790
f 788 789 790
f 790 814 793
f 791 793 792
f 792 793 794
f 791 790 793
f 793 817 794
f 794 817 818
f 784 786 804
f 786 806 804
f 804 806 805
f 806 824 805
f 786 792 806
f 806 792 807
f 806 807 824
f 807 825 824
f 792 794 807
f 807 794 808
f 807 808 825
f 808 794 818
f 712 813 789
f 790 813 814
f 717 815 813
f 813 815 814
f 814 815 816
f 814 817 793
f 814 816 817
f 817 842 818
f 817 816 842
f 805 824 826
f 824 827 826
f 826 827 828
f 828 829 909
f 827 829 828
f 829 831 910
f 824 825 827
f 825 830 827
f 827 830 829
f 830 831 829
f 830 835 831
f 835 836 831
f 914 831 836
f 808 832 825
f 808 818 833
f 808 833 832
f 832 833 834
f 825 832 830
f 830 832 835
f 835 832 834
f 835 837 836
f 836 837 839
f 835 834 837
f 834 853 837
f 837 853 838
f 837 838 839
f 915 836 839
f 918 839 840
f 838 840 839
f 840 841 919
f 838 855 840
f 855 841 840
f 818 842 843
f 816 845 842
f 842 848 843
f 843 848 860
f 719 844 815
f 815 844 816
f 844 846 845
f 816 844 845
f 720 846 844
f 845 846 847
f 847 846 1076
f 739 1076 846
f 847 1076 1078
f 845 848 842
f 845 847 848
f 847 849 848
f 860 848 849
f 860 849 861
f 847 1078 849
f 849 1078 850
f 849 850 861
f 861 850 864
f 864 850 1080
f 864 1080 865
f 818 843 833
f 833 843 851
f 833 851 834
f 834 851 853
f 851 852 853
f 851 843 860
f 851 860 852
f 853 852 854
f 852 862 854
f 854 862 857
f 853 854 838
f 838 854 855
f 855 858 841
f 841 858 856
f 856 859 868
f 855 854 857
f 855 857 858
f 857 867 858
f 858 867 859
f 856 858 859
f 860 861 852
f 861 862 852
f 861 864 862
f 864 863 862
f 857 862 863
f 857 863 867
f 863 866 867
f 866 873 867
f 864 865 863
f 865 866 863
f 859 867 873
f 868 859 870
f 868 870 869
f 870 874 869
f 874 871 869
f 875 1031 871
f 878 1036 1031
f 879 1037 1036
f 1038 1037 1192
f 865 1091 866
f 866 872 873
f 1091 872 866
f 876 872 1093
f 877 1093 1096
f 880 1096 1097
f 859 873 870
f 870 876 874
f 870 873 876
f 874 876 877
f 874 877 875
f 874 875 871
f 873 872 876
f 876 1093 877
f 875 878 1031
f 878 879 1036
f 875 880 878
f 879 1192 1037
f 878 881 879
f 875 877 880
f 878 880 881
f 877 1096 880
f 879 881 1194
f 880 1097 881
f 881 1097 1379
f 829 910 909
f 909 910 911
f 910 914 912
f 910 912 911
f 914 913 912
f 911 912 921
f 912 913 922
f 913 916 923
f 910 831 914
f 914 915 913
f 914 836 915
f 915 916 913
f 915 918 916
f 918 917 916
f 915 839 918
f 918 840 919
f 918 919 917
f 917 919 956
f 956 919 920
f 841 920 919
f 841 856 920
f 920 856 962
f 912 922 921
f 921 922 925
f 922 923 926
f 913 923 922
f 923 916 924
f 922 926 925
f 923 927 926
f 923 924 927
f 924 928 927
f 932 929 928
f 924 932 928
f 933 930 929
f 924 917 932
f 924 916 917
f 932 917 956
f 932 956 933
f 956 957 933
f 933 957 934
f 932 933 929
f 933 934 930
f 934 931 930
f 935 937 931
f 934 935 931
f 937 959 946
f 935 959 937
f 946 959 960
f 925 926 936
f 926 927 936
f 927 928 936
f 928 929 936
f 929 930 936
f 930 931 936
f 931 937 936
f 937 946 936
f 946 947 936
f 947 948 936
f 948 949 936
f 949 950 936
f 950 951 936
f 936 951 952
f 936 952 953
f 936 942 943
f 936 939 938
f 936 940 939
f 936 941 940
f 936 943 941
f 936 954 955
f 936 945 944
f 936 944 942
f 936 955 945
f 936 953 954
f 946 960 947
f 947 966 948
f 948 967 949
f 947 960 966
f 948 966 967
f 949 968 950
f 950 969 951
f 949 967 968
f 950 968 969
f 953 971 954
f 944 945 1257
f 954 1268 955
f 955 1258 945
f 951 970 952
f 952 972 953
f 951 969 970
f 953 972 971
f 952 970 972
f 955 1268 1258
f 954 971 1268
f 956 920 957
f 957 962 958
f 934 957 958
f 934 958 935
f 935 961 959
f 959 964 960
f 935 958 961
f 959 961 964
f 960 965 966
f 960 964 965
f 957 920 962
f 962 963 958
f 958 963 961
f 961 963 1029
f 961 1029 964
f 964 1029 1030
f 964 1030 965
f 966 973 967
f 967 974 968
f 968 977 969
f 972 976 1274
f 969 975 970
f 970 976 972
f 971 972 1274
f 966 965 973
f 967 973 974
f 968 974 977
f 965 1032 973
f 973 1033 974
f 974 1034 977
f 969 977 975
f 970 975 976
f 977 1035 975
f 976 975 1312
f 962 856 868
f 962 868 963
f 963 869 1029
f 868 869 963
f 1029 869 871
f 965 1030 1032
f 1029 871 1030
f 1030 1031 1032
f 1030 871 1031
f 973 1032 1033
f 974 1033 1034
f 1032 1036 1033
f 977 1034 1035
f 1033 1037 1034
f 1034 1038 1035
f 975 1035 1312
f 1032 1031 1036
f 1033 1036 1037
f 1034 1037 1038
f 741 1077 1076
f 741 742 1077
f 1076 1077 1078
f 1078 1077 1079
f 742 743 1077
f 1077 1081 1079
f 1078 1079 850
f 850 1079 1080
f 1079 1085 1080
f 1080 1084 865
f 743 1081 1077
f 743 744 1081
f 744 745 1082
f 744 1082 1081
f 1081 1082 1085
f 1081 1085 1079
f 1085 1082 1086
f 745 746 1082
f 746 747 1083
f 746 1083 1082
f 747 1355 1083
f 1083 1355 1358
f 1082 1083 1086
f 1083 1088 1086
f 1083 1358 1088
f 1088 1358 1366
f 1085 1084 1080
f 865 1084 1091
f 1091 1084 1087
f 1085 1086 1084
f 1086 1087 1084
f 1086 1088 1087
f 1088 1366 1089
f 1088 1089 1087
f 1092 1087 1089
f 1089 1366 1090
f 1089 1090 1094
f 1091 1092 872
f 1091 1087 1092
f 1092 1093 872
f 1092 1094 1093
f 1092 1089 1094
f 1090 1095 1094
f 1094 1095 1096
f 1094 1096 1093
f 1095 1097 1096
f 1224 1155 1157
f 1222 1225 1172
f 1198 1225 1157
f 1234 1145 1146
f 1154 1146 1145
f 1235 1156 1155
f 1235 1146 1156
f 1154 1164 1146
f 1156 1146 1164
f 1152 1147 1148
f 1153 1152 1148
f 1153 1150 1149
f 1153 1148 1150
f 1159 1149 1150
f 1153 1151 1152
f 1153 1154 1151
f 1151 1154 1145
f 1153 1149 1154
f 1154 1149 1164
f 1155 1156 1158
f 1155 1158 1157
f 1156 1164 1165
f 1156 1165 1158
f 1157 1158 1199
f 1158 1165 1166
f 1158 1166 1199
f 1159 1160 1149
f 1159 1161 1160
f 1160 1163 1165
f 1203 1166 1163
f 1163 1166 1165
f 1203 1163 1162
f 1161 1162 1163
f 1161 1163 1160
f 1149 1160 1164
f 1164 1160 1165
f 1167 1168 1169
f 1168 1171 1169
f 1170 1169 1171
f 1222 1172 1168
f 1198 1172 1225
f 1198 1200 1172
f 1168 1173 1171
f 1168 1172 1173
f 1173 1200 1206
f 1172 1200 1173
f 1177 1175 1174
f 1374 1174 1175
f 1375 1374 1175
f 1170 1171 1178
f 1170 1178 1176
f 1176 1178 1177
f 1177 1178 1175
f 1178 1181 1179
f 1181 1206 1209
f 1178 1179 1175
f 1376 1175 1179
f 1180 1179 1209
f 1376 1179 1180
f 1181 1209 1179
f 1171 1181 1178
f 1171 1173 1181
f 1173 1206 1181
f 1315 1193 1182
f 1185 1316 1182
f 1183 1186 1205
f 1314 1185 1186
f 1196 1185 1182
f 1184 1185 1196
f 1184 1186 1185
f 1184 1205 1186
f 1189 1180 1191
f 1189 1190 1187
f 1188 1191 1207
f 1190 1191 1188
f 1189 1191 1190
f 1194 1195 1192
f 1038 1192 1193
f 879 1194 1192
f 1195 1193 1192
f 1197 1182 1193
f 1197 1193 1195
f 881 1379 1194
f 1194 1379 1187
f 1194 1187 1195
f 1195 1187 1190
f 1197 1195 1190
f 1197 1188 1196
f 1184 1196 1210
f 1188 1210 1196
f 1197 1196 1182
f 1197 1190 1188
f 1200 1208 1206
f 1204 1210 1208
f 1202 1204 1201
f 1204 1208 1201
f 1198 1199 1201
f 1198 1157 1199
f 1202 1199 1166
f 1202 1201 1199
f 1198 1201 1200
f 1200 1201 1208
f 1203 1205 1202
f 1203 1202 1166
f 1203 1162 1183
f 1203 1183 1205
f 1202 1205 1204
f 1204 1205 1184
f 1204 1184 1210
f 1206 1208 1207
f 1206 1207 1209
f 1207 1208 1210
f 1188 1207 1210
f 1180 1209 1191
f 1209 1207 1191
f 1211 1214 1212
f 1212 1216 1213
f 1212 1214 1216
f 1213 1216 1218
f 1218 1216 1223
f 1214 1215 1217
f 1214 1217 1216
f 1215 1234 1235
f 1217 1215 1235
f 1216 1217 1224
f 1217 1235 1155
f 1217 1155 1224
f 1218 1223 1219
f 1219 1223 1222
f 1219 1222 1220
f 1220 1222 1221
f 1216 1224 1223
f 1223 1224 1225
f 1223 1225 1222
f 1224 1157 1225
f 1234 1146 1235
f 1221 1168 1167
f 1222 1168 1221
f 938 939 1252
f 939 940 1253
f 940 941 1254
f 939 1253 1252
f 940 1254 1253
f 941 943 1251
f 943 942 1255
f 944 1256 942
f 941 1251 1254
f 943 1255 1251
f 1252 1253 1260
f 1253 1254 1261
f 1253 1261 1260
f 1254 1251 1262
f 1254 1262 1261
f 942 1256 1255
f 945 1258 1257
f 944 1257 1256
f 1257 1271 1256
f 1258 1270 1257
f 1251 1255 1265
f 1255 1256 1259
f 1251 1265 1262
f 1255 1259 1265
f 1256 1271 1259
f 1283 1263 1264
f 1283 1264 1284
f 1284 1264 1266
f 1260 1261 1263
f 1261 1264 1263
f 1261 1262 1264
f 1262 1266 1264
f 1266 1267 1285
f 1284 1266 1285
f 1285 1267 1276
f 1262 1265 1266
f 1265 1267 1266
f 1259 1267 1265
f 1259 1278 1267
f 1258 1268 1272
f 971 1269 1268
f 1258 1272 1270
f 971 1274 1269
f 1268 1269 1272
f 1271 1270 1279
f 1257 1270 1271
f 1270 1272 1282
f 1270 1282 1279
f 1275 1273 1317
f 1269 1274 1273
f 976 1313 1274
f 976 1312 1313
f 1274 1313 1273
f 1272 1269 1275
f 1269 1273 1275
f 1272 1275 1282
f 1278 1279 1277
f 1276 1267 1278
f 1276 1278 1277
f 1277 1279 1281
f 1259 1271 1278
f 1271 1279 1278
f 1282 1281 1279
f 1282 1280 1281
f 1275 1280 1282
f 1275 1317 1280
f 1277 1281 1161
f 1281 1280 1162
f 1283 1284 1147
f 1284 1148 1147
f 1284 1285 1148
f 1285 1150 1148
f 1285 1276 1150
f 1159 1276 1277
f 1159 1150 1276
f 1159 1277 1161
f 1281 1162 1161
f 1035 1315 1312
f 1313 1312 1316
f 1312 1315 1316
f 1314 1273 1313
f 1314 1317 1273
f 1314 1313 1316
f 1035 1038 1315
f 1038 1193 1315
f 1315 1182 1316
f 1314 1316 1185
f 1317 1183 1280
f 1314 1186 1317
f 1280 1183 1162
f 1317 1186 1183
f 1355 1356 1358
f 1356 1359 1358
f 1356 1357 1359
f 1357 1364 1359
f 1358 1359 1366
f 1364 1365 1359
f 1359 1365 1367
f 1360 1361 1362
f 1375 1362 1361
f 1375 1369 1362
f 1364 1363 1365
f 1365 1363 1360
f 1365 1362 1372
f 1365 1360 1362
f 1090 1366 1367
f 1366 1359 1367
f 1365 1372 1367
f 1368 1367 1372
f 1090 1367 1368
f 1090 1368 1095
f 1368 1372 1370
f 1362 1369 1372
f 1370 1369 1371
f 1372 1369 1370
f 1376 1371 1369
f 1376 1180 1371
f 1373 1374 1375
f 1373 1375 1361
f 1375 1376 1369
f 1375 1175 1376
f 1095 1368 1377
f 1377 1368 1370
f 1377 1370 1378
f 1097 1377 1379
f 1095 1377 1097
f 1378 1187 1379
f 1377 1378 1379
f 1378 1371 1189
f 1378 1370 1371
f 1189 1371 1180
f 1378 1189 1187
