# SDM hand boundary surface, metres; 6103 v, 12202 f; groups = parts
v -0.130917 -0.029467 0.084248
v -0.124087 -0.032806 0.087775
v -0.129045 -0.027839 0.083936
v -0.140835 -0.019532 0.076570
v -0.110028 -0.027889 0.075978
v -0.114986 -0.022922 0.072139
v -0.113159 -0.023255 0.069347
v -0.108850 -0.022072 0.065311
v -0.118767 -0.012138 0.057633
v -0.118114 -0.010288 0.059183
v -0.120074 -0.014324 0.064828
v -0.123076 -0.013321 0.061668
v -0.122554 -0.011841 0.062908
v -0.122923 -0.011970 0.063219
v -0.135870 -0.005474 0.088347
v -0.120734 -0.006688 0.067225
v -0.120964 -0.006421 0.067867
v -0.115634 -0.012772 0.061102
v -0.110806 -0.011082 0.082057
v -0.105847 -0.016050 0.085896
v -0.096569 -0.004373 0.039007
v -0.096046 -0.002893 0.040246
v -0.108194 -0.009196 0.081124
v -0.116155 -0.003225 0.074125
v -0.103624 -0.007273 0.077708
v -0.054616 -0.004399 0.018126
v -0.086651 -0.014307 0.046685
v -0.082734 -0.014234 0.041720
v -0.093567 -0.005377 0.042166
v -0.092652 -0.004300 0.034042
v -0.089127 -0.003824 0.038441
v -0.119906 -0.020967 0.097693
v -0.124865 -0.016000 0.093853
v -0.125953 -0.015408 0.096025
v -0.118634 -0.000742 0.072206
v -0.118111 0.000738 0.073446
v -0.114194 0.000811 0.068481
v -0.111715 -0.001672 0.070400
v -0.113541 0.002661 0.070030
v -0.061532 0.004531 0.013607
v -0.064534 0.005535 0.010448
v -0.064381 0.006885 0.011998
v -0.064011 0.007015 0.011688
v -0.091607 -0.001340 0.036521
v -0.091237 -0.001211 0.036211
v -0.081425 0.000491 0.059082
v -0.076463 0.003524 0.056596
v -0.089386 0.006462 0.052083
v -0.084946 0.008015 0.048358
v -0.091866 0.008946 0.050164
v -0.091343 0.010426 0.051404
v -0.087426 0.010499 0.046439
v -0.087056 0.010628 0.046128
v -0.056306 0.019330 0.026004
v -0.059155 0.021684 0.024395
v -0.058785 0.021814 0.024085
v -0.058263 0.023293 0.025324
v -0.086381 0.013458 0.048918
v -0.048345 0.013359 0.033003
v -0.038000 -0.003000 0.020000
v -0.038000 -0.003000 0.085000
v 0.038000 -0.003000 0.020000
v 0.038000 -0.003000 0.085000
v -0.040000 -0.005500 0.181000
v -0.040000 -0.005500 0.196000
v -0.024000 -0.005500 0.181000
v -0.019000 -0.005500 0.189000
v -0.024000 -0.005500 0.196000
v -0.019000 -0.005500 0.206000
v -0.002000 -0.005500 0.189000
v -0.002000 -0.005500 0.206000
v 0.003000 -0.005500 0.184000
v 0.003000 -0.005500 0.200000
v 0.019000 -0.005500 0.184000
v 0.019000 -0.005500 0.200000
v 0.024500 -0.005500 0.168000
v 0.037500 -0.005500 0.168000
v 0.024500 -0.005500 0.181000
v 0.037500 -0.005500 0.181000
v -0.025000 0.002000 -0.030000
v -0.045000 0.000000 0.000000
v -0.038000 0.000000 0.020000
v -0.025000 0.002000 0.000000
v -0.045253 0.010225 -0.000052
v -0.045000 0.010942 0.000549
v -0.038000 0.000000 0.085000
v -0.047733 0.012709 -0.001972
v -0.025000 0.020000 -0.030000
v -0.045000 0.020447 0.004511
v -0.045000 0.022000 0.000000
v -0.044452 0.022000 0.005812
v -0.045000 0.022000 0.006520
v -0.041095 0.022000 0.009812
v -0.045000 0.022000 0.014855
v -0.042507 0.027508 0.010425
v -0.040027 0.025024 0.012345
v -0.025000 0.020000 0.000000
v 0.025000 0.002000 -0.030000
v 0.025000 0.002000 0.000000
v 0.045000 0.000000 0.000000
v 0.038000 0.000000 0.020000
v 0.038000 0.000000 0.085000
v 0.025000 0.020000 -0.030000
v 0.025000 0.020000 0.000000
v 0.045000 0.022000 0.000000
v -0.045000 0.000000 0.095000
v -0.041500 0.002500 0.101000
v -0.041500 0.002500 0.141000
v -0.041500 0.002500 0.147000
v -0.022500 0.002500 0.101000
v -0.020500 0.002500 0.101000
v -0.022500 0.002500 0.141000
v -0.022500 0.002500 0.147000
v -0.020500 0.002500 0.146000
v -0.041500 0.002500 0.172000
v -0.041500 0.002500 0.178000
v -0.040000 0.002500 0.181000
v -0.040000 0.002500 0.196000
v -0.041500 0.002500 0.198000
v -0.020500 0.002500 0.152000
v -0.022500 0.002500 0.172000
v -0.022500 0.002500 0.178000
v -0.024000 0.002500 0.181000
v -0.020500 0.002500 0.180000
v -0.020500 0.002500 0.186000
v -0.019000 0.002500 0.189000
v -0.024000 0.002500 0.196000
v -0.022500 0.002500 0.198000
v -0.020500 0.002500 0.208000
v -0.019000 0.002500 0.206000
v -0.002000 0.002500 0.189000
v -0.002000 0.002500 0.206000
v -0.039500 0.016000 0.095000
v -0.039500 0.016000 0.101000
v -0.041500 0.019500 0.101000
v -0.039500 0.019500 0.101000
v -0.039500 0.019500 0.101500
v -0.039500 0.016000 0.141000
v -0.039500 0.016000 0.147000
v -0.041500 0.019500 0.141000
v -0.039500 0.019500 0.140500
v -0.039500 0.019500 0.141000
v -0.041500 0.019500 0.147000
v -0.039500 0.019500 0.147000
v -0.039500 0.019500 0.147500
v -0.045000 0.022000 0.095000
v -0.039500 0.021000 0.095000
v -0.039500 0.021000 0.101500
v -0.039500 0.021000 0.140500
v -0.039500 0.021000 0.147500
v -0.024500 0.016000 0.095000
v -0.024500 0.016000 0.101000
v -0.018500 0.016000 0.095000
v -0.018500 0.016000 0.101000
v -0.024500 0.019500 0.101000
v -0.024500 0.019500 0.101500
v -0.022500 0.019500 0.101000
v -0.020500 0.019500 0.101000
v -0.018500 0.019500 0.101000
v -0.018500 0.019500 0.101500
v -0.002500 0.016000 0.095000
v -0.002500 0.016000 0.101000
v -0.002500 0.019500 0.101000
v -0.002500 0.019500 0.101500
v -0.024500 0.016000 0.141000
v -0.024500 0.016000 0.147000
v -0.018500 0.016000 0.146000
v -0.024500 0.019500 0.140500
v -0.024500 0.019500 0.141000
v -0.022500 0.019500 0.141000
v -0.024500 0.019500 0.147000
v -0.024500 0.019500 0.147500
v -0.022500 0.019500 0.147000
v -0.020500 0.019500 0.146000
v -0.018500 0.019500 0.145500
v -0.018500 0.019500 0.146000
v -0.002500 0.016000 0.146000
v -0.002500 0.019500 0.145500
v -0.002500 0.019500 0.146000
v -0.024500 0.021000 0.095000
v -0.024500 0.021000 0.101500
v -0.018500 0.021000 0.095000
v -0.018500 0.021000 0.101500
v -0.002500 0.021000 0.095000
v -0.002500 0.021000 0.101500
v -0.024500 0.021000 0.140500
v -0.024500 0.021000 0.147500
v -0.018500 0.021000 0.145500
v -0.002500 0.021000 0.145500
v -0.039500 0.016000 0.172000
v -0.039500 0.016000 0.178000
v -0.041500 0.019500 0.172000
v -0.039500 0.019500 0.171500
v -0.039500 0.019500 0.172000
v -0.041500 0.019500 0.178000
v -0.039500 0.019500 0.178000
v -0.039500 0.019500 0.178500
v -0.041500 0.019500 0.198000
v -0.039500 0.021000 0.171500
v -0.039500 0.021000 0.178500
v -0.018500 0.016000 0.152000
v -0.024500 0.016000 0.172000
v -0.024500 0.016000 0.178000
v -0.020500 0.019500 0.152000
v -0.018500 0.019500 0.152000
v -0.018500 0.019500 0.152500
v -0.024500 0.019500 0.171500
v -0.024500 0.019500 0.172000
v -0.022500 0.019500 0.172000
v -0.024500 0.019500 0.178000
v -0.022500 0.019500 0.178000
v -0.002500 0.016000 0.152000
v -0.002500 0.019500 0.152000
v -0.002500 0.019500 0.152500
v -0.018500 0.016000 0.180000
v -0.018500 0.016000 0.186000
v -0.024500 0.019500 0.178500
v -0.020500 0.019500 0.180000
v -0.020500 0.019500 0.186000
v -0.018500 0.019500 0.179500
v -0.018500 0.019500 0.180000
v -0.018500 0.019500 0.186000
v -0.018500 0.019500 0.186500
v -0.022500 0.019500 0.198000
v -0.020500 0.019500 0.208000
v -0.002500 0.016000 0.180000
v -0.002500 0.016000 0.186000
v -0.002500 0.019500 0.179500
v -0.002500 0.019500 0.180000
v -0.002500 0.019500 0.186000
v -0.002500 0.019500 0.186500
v -0.018500 0.021000 0.152500
v -0.024500 0.021000 0.171500
v -0.002500 0.021000 0.152500
v -0.024500 0.021000 0.178500
v -0.018500 0.021000 0.179500
v -0.018500 0.021000 0.186500
v -0.002500 0.021000 0.179500
v -0.002500 0.021000 0.186500
v -0.000500 0.002500 0.101000
v 0.001500 0.002500 0.101000
v 0.020500 0.002500 0.101000
v -0.000500 0.002500 0.146000
v 0.001500 0.002500 0.143000
v 0.020500 0.002500 0.143000
v 0.023000 0.002500 0.101000
v 0.045000 0.000000 0.095000
v 0.039000 0.002500 0.101000
v 0.023000 0.002500 0.133000
v 0.023000 0.002500 0.139000
v 0.039000 0.002500 0.133000
v 0.039000 0.002500 0.139000
v -0.000500 0.002500 0.152000
v 0.001500 0.002500 0.149000
v 0.001500 0.002500 0.175000
v 0.020500 0.002500 0.149000
v 0.020500 0.002500 0.175000
v -0.000500 0.002500 0.180000
v 0.001500 0.002500 0.181000
v 0.003000 0.002500 0.184000
v -0.000500 0.002500 0.186000
v 0.003000 0.002500 0.200000
v -0.000500 0.002500 0.208000
v 0.001500 0.002500 0.202000
v 0.020500 0.002500 0.181000
v 0.019000 0.002500 0.184000
v 0.019000 0.002500 0.200000
v 0.020500 0.002500 0.202000
v 0.023000 0.002500 0.159000
v 0.023000 0.002500 0.165000
v 0.024500 0.002500 0.168000
v 0.039000 0.002500 0.159000
v 0.039000 0.002500 0.165000
v 0.037500 0.002500 0.168000
v 0.024500 0.002500 0.181000
v 0.023000 0.002500 0.183000
v 0.037500 0.002500 0.181000
v 0.039000 0.002500 0.183000
v 0.003500 0.016000 0.095000
v 0.003500 0.016000 0.101000
v -0.000500 0.019500 0.101000
v 0.001500 0.019500 0.101000
v 0.003500 0.019500 0.101000
v 0.003500 0.019500 0.101500
v 0.018500 0.016000 0.095000
v 0.018500 0.016000 0.101000
v 0.018500 0.019500 0.101000
v 0.018500 0.019500 0.101500
v 0.020500 0.019500 0.101000
v 0.003500 0.016000 0.143000
v -0.000500 0.019500 0.146000
v 0.001500 0.019500 0.143000
v 0.003500 0.019500 0.142500
v 0.003500 0.019500 0.143000
v 0.018500 0.016000 0.143000
v 0.018500 0.019500 0.142500
v 0.018500 0.019500 0.143000
v 0.020500 0.019500 0.143000
v 0.003500 0.021000 0.095000
v 0.003500 0.021000 0.101500
v 0.018500 0.021000 0.095000
v 0.018500 0.021000 0.101500
v 0.003500 0.021000 0.142500
v 0.018500 0.021000 0.142500
v 0.025000 0.016000 0.095000
v 0.025000 0.016000 0.101000
v 0.023000 0.019500 0.101000
v 0.025000 0.019500 0.101000
v 0.025000 0.019500 0.101500
v 0.037000 0.016000 0.095000
v 0.037000 0.016000 0.101000
v 0.037000 0.019500 0.101000
v 0.037000 0.019500 0.101500
v 0.039000 0.019500 0.101000
v 0.025000 0.016000 0.133000
v 0.025000 0.016000 0.139000
v 0.023000 0.019500 0.133000
v 0.025000 0.019500 0.132500
v 0.025000 0.019500 0.133000
v 0.023000 0.019500 0.139000
v 0.025000 0.019500 0.139000
v 0.025000 0.019500 0.139500
v 0.037000 0.016000 0.133000
v 0.037000 0.016000 0.139000
v 0.037000 0.019500 0.132500
v 0.037000 0.019500 0.133000
v 0.039000 0.019500 0.133000
v 0.037000 0.019500 0.139000
v 0.037000 0.019500 0.139500
v 0.039000 0.019500 0.139000
v 0.025000 0.021000 0.095000
v 0.025000 0.021000 0.101500
v 0.037000 0.021000 0.095000
v 0.037000 0.021000 0.101500
v 0.045000 0.022000 0.095000
v 0.025000 0.021000 0.132500
v 0.025000 0.021000 0.139500
v 0.037000 0.021000 0.132500
v 0.037000 0.021000 0.139500
v 0.003500 0.016000 0.149000
v 0.003500 0.016000 0.175000
v -0.000500 0.019500 0.152000
v 0.001500 0.019500 0.149000
v 0.003500 0.019500 0.149000
v 0.003500 0.019500 0.149500
v 0.003500 0.019500 0.174500
v 0.001500 0.019500 0.175000
v 0.003500 0.019500 0.175000
v 0.018500 0.016000 0.149000
v 0.018500 0.016000 0.175000
v 0.018500 0.019500 0.149000
v 0.018500 0.019500 0.149500
v 0.020500 0.019500 0.149000
v 0.018500 0.019500 0.174500
v 0.018500 0.019500 0.175000
v 0.020500 0.019500 0.175000
v 0.003500 0.016000 0.181000
v -0.000500 0.019500 0.180000
v 0.001500 0.019500 0.181000
v 0.003500 0.019500 0.181000
v 0.003500 0.019500 0.181500
v -0.000500 0.019500 0.186000
v -0.000500 0.019500 0.208000
v 0.001500 0.019500 0.202000
v 0.018500 0.016000 0.181000
v 0.018500 0.019500 0.181000
v 0.018500 0.019500 0.181500
v 0.020500 0.019500 0.181000
v 0.020500 0.019500 0.202000
v 0.003500 0.021000 0.149500
v 0.003500 0.021000 0.174500
v 0.018500 0.021000 0.149500
v 0.018500 0.021000 0.174500
v 0.003500 0.021000 0.181500
v 0.018500 0.021000 0.181500
v 0.025000 0.016000 0.159000
v 0.025000 0.016000 0.165000
v 0.023000 0.019500 0.159000
v 0.025000 0.019500 0.158500
v 0.025000 0.019500 0.159000
v 0.023000 0.019500 0.165000
v 0.025000 0.019500 0.165000
v 0.025000 0.019500 0.165500
v 0.037000 0.016000 0.159000
v 0.037000 0.016000 0.165000
v 0.037000 0.019500 0.158500
v 0.037000 0.019500 0.159000
v 0.039000 0.019500 0.159000
v 0.037000 0.019500 0.165000
v 0.037000 0.019500 0.165500
v 0.039000 0.019500 0.165000
v 0.023000 0.019500 0.183000
v 0.039000 0.019500 0.183000
v 0.025000 0.021000 0.158500
v 0.025000 0.021000 0.165500
v 0.037000 0.021000 0.158500
v 0.037000 0.021000 0.165500
v -0.032000 0.000000 0.091000
v -0.032000 0.002500 0.105000
v -0.032000 0.002500 0.137000
v -0.032000 0.002500 0.151000
v -0.032000 0.002500 0.168000
v -0.032000 0.002500 0.179500
v -0.010500 0.000000 0.091000
v -0.010500 0.002500 0.105000
v -0.010500 0.002500 0.142000
v -0.010500 0.002500 0.156000
v -0.010500 0.002500 0.176000
v -0.010500 0.002500 0.187500
v 0.011000 0.000000 0.091000
v 0.011000 0.002500 0.105000
v 0.011000 0.002500 0.139000
v 0.011000 0.002500 0.153000
v 0.011000 0.002500 0.171000
v 0.011000 0.002500 0.182500
v 0.031000 0.000000 0.091000
v 0.031000 0.002500 0.105000
v 0.031000 0.002500 0.129000
v 0.031000 0.002500 0.143000
v 0.031000 0.002500 0.155000
v 0.031000 0.002500 0.166500
v -0.045000 0.007068 0.019356
v -0.054441 0.003445 0.028048
v -0.076639 -0.004320 0.046674
v -0.086998 -0.007943 0.055367
v -0.103277 -0.013637 0.069026
v -0.111786 -0.016614 0.076167
v -0.010500 0.000000 0.085000
v -0.032000 0.000000 0.085000
v 0.011000 0.000000 0.085000
v 0.031000 0.000000 0.085000
v 0.000000 0.000000 0.020000
v -0.010500 -0.003000 0.085000
v -0.032000 -0.003000 0.085000
v 0.011000 -0.003000 0.085000
v 0.031000 -0.003000 0.085000
v 0.000000 -0.003000 0.020000
v 0.000000 0.002000 0.000000
v 0.000000 0.020000 0.000000
v -0.115632 -0.001745 0.075365
v -0.110414 -0.009973 0.082986
v -0.124473 -0.014890 0.094783
v -0.112896 -0.017002 0.077098
v -0.107937 -0.021969 0.080937
v -0.110676 -0.016226 0.075235
v -0.111917 -0.019740 0.072291
v -0.114137 -0.020517 0.074154
v -0.109435 -0.012711 0.078179
v -0.111655 -0.013487 0.080042
v -0.118254 -0.009171 0.069145
v -0.113815 -0.007618 0.065419
v -0.106237 -0.014673 0.071510
v -0.120597 -0.015804 0.063588
v -0.131955 -0.016427 0.069119
v -0.127516 -0.014874 0.065394
v -0.115378 -0.024031 0.071209
v -0.129437 -0.028949 0.083006
v -0.128435 -0.022437 0.090136
v -0.127194 -0.018922 0.093081
v -0.126573 -0.017165 0.094553
v -0.129676 -0.025952 0.087192
v -0.130297 -0.027709 0.085720
v -0.126955 -0.021920 0.088895
v -0.125714 -0.018405 0.091839
v -0.128196 -0.025434 0.085950
v -0.088864 0.007942 0.053323
v -0.111062 0.000177 0.071950
v -0.092525 -0.003391 0.068395
v -0.084038 -0.006908 0.052883
v -0.094089 -0.006857 0.040926
v -0.116288 -0.014621 0.059553
v -0.097750 -0.018190 0.055998
v -0.072322 0.018376 0.037121
v -0.065292 0.020835 0.031223
v -0.061778 0.022064 0.028274
v -0.055784 0.020810 0.027244
v -0.062404 0.008442 0.044799
v -0.083901 0.010975 0.050838
v -0.051481 0.004480 0.025564
v -0.062055 0.003051 0.012368
v -0.078593 0.000617 0.022245
v -0.071563 0.003076 0.016346
v -0.068049 0.004305 0.013397
v -0.068675 -0.009317 0.029923
v -0.090172 -0.006784 0.035961
v -0.079599 -0.005355 0.049158
v -0.044482 0.023466 0.016083
v -0.046962 0.025949 0.014163
v 0.039000 0.019500 0.174000
v 0.039000 0.019500 0.169500
v 0.039000 0.016000 0.165000
v 0.031000 0.002500 0.168000
v 0.039000 0.002500 0.168000
v 0.039000 0.002500 0.181000
v 0.023000 0.019500 0.174000
v 0.023000 0.019500 0.169500
v 0.023000 0.016000 0.165000
v 0.023000 0.002500 0.168000
v 0.023000 0.002500 0.181000
v 0.031000 0.002500 0.165000
v 0.027000 0.002500 0.165000
v 0.027750 0.002500 0.168000
v 0.035000 0.002500 0.165000
v 0.034250 0.002500 0.168000
v 0.031000 0.002500 0.183000
v 0.027000 0.002500 0.183000
v 0.035000 0.002500 0.183000
v 0.031000 0.002500 0.181000
v 0.035000 0.002500 0.181000
v 0.027000 0.002500 0.181000
v 0.037000 0.021000 0.162000
v 0.025000 0.021000 0.162000
v 0.039000 0.016000 0.159000
v 0.039000 0.019500 0.149000
v 0.039000 0.019500 0.144000
v 0.039000 0.016000 0.139000
v 0.039000 0.019500 0.154000
v 0.023000 0.019500 0.149000
v 0.023000 0.019500 0.144000
v 0.023000 0.016000 0.139000
v 0.023000 0.019500 0.154000
v 0.023000 0.016000 0.159000
v 0.031000 0.002500 0.159000
v 0.031000 0.002500 0.139000
v 0.037000 0.021000 0.136000
v 0.025000 0.021000 0.136000
v 0.039000 0.016000 0.133000
v 0.039000 0.019500 0.117000
v 0.039000 0.019500 0.109000
v 0.039000 0.016000 0.101000
v 0.039000 0.019500 0.125000
v 0.039000 0.002500 0.117000
v 0.023000 0.019500 0.117000
v 0.023000 0.019500 0.109000
v 0.023000 0.016000 0.101000
v 0.023000 0.019500 0.125000
v 0.023000 0.016000 0.133000
v 0.023000 0.002500 0.117000
v 0.031000 0.002500 0.133000
v 0.031000 0.002500 0.101000
v 0.037000 0.021000 0.098250
v 0.025000 0.021000 0.098250
v 0.020500 0.019500 0.191500
v 0.020500 0.019500 0.186250
v 0.020500 0.016000 0.181000
v 0.011000 0.002500 0.184000
v 0.020500 0.002500 0.184000
v 0.020500 0.002500 0.200000
v 0.001500 0.019500 0.191500
v 0.001500 0.019500 0.186250
v 0.001500 0.016000 0.181000
v 0.001500 0.002500 0.184000
v 0.001500 0.002500 0.200000
v 0.011000 0.002500 0.181000
v 0.006250 0.002500 0.181000
v 0.006250 0.002500 0.184000
v 0.015750 0.002500 0.181000
v 0.015750 0.002500 0.184000
v 0.011000 0.002500 0.202000
v 0.006250 0.002500 0.202000
v 0.003875 0.002500 0.202000
v 0.015750 0.002500 0.202000
v 0.018125 0.002500 0.202000
v 0.011000 0.002500 0.200000
v 0.015750 0.002500 0.200000
v 0.006250 0.002500 0.200000
v 0.018500 0.021000 0.178000
v 0.003500 0.021000 0.178000
v 0.020500 0.016000 0.175000
v 0.020500 0.019500 0.162000
v 0.020500 0.019500 0.168500
v 0.020500 0.019500 0.155500
v 0.020500 0.016000 0.149000
v 0.001500 0.019500 0.162000
v 0.001500 0.019500 0.155500
v 0.001500 0.016000 0.149000
v 0.001500 0.019500 0.168500
v 0.001500 0.016000 0.175000
v 0.011000 0.002500 0.175000
v 0.011000 0.002500 0.149000
v 0.018500 0.021000 0.146000
v 0.003500 0.021000 0.146000
v 0.020500 0.016000 0.143000
v 0.020500 0.019500 0.122000
v 0.020500 0.019500 0.111500
v 0.020500 0.019500 0.106250
v 0.020500 0.016000 0.101000
v 0.020500 0.019500 0.132500
v 0.020500 0.019500 0.137750
v 0.020500 0.002500 0.122000
v 0.001500 0.019500 0.122000
v 0.001500 0.019500 0.111500
v 0.001500 0.019500 0.106250
v 0.001500 0.016000 0.101000
v 0.001500 0.019500 0.132500
v 0.001500 0.019500 0.137750
v 0.001500 0.016000 0.143000
v 0.001500 0.002500 0.122000
v 0.011000 0.002500 0.143000
v 0.011000 0.002500 0.101000
v 0.018500 0.021000 0.098250
v 0.003500 0.021000 0.098250
v -0.000500 0.019500 0.197000
v -0.000500 0.019500 0.191500
v -0.000500 0.016000 0.186000
v -0.010500 0.002500 0.189000
v -0.010500 -0.005500 0.189000
v -0.000500 0.002500 0.189000
v -0.000500 0.002500 0.206000
v -0.020500 0.019500 0.197000
v -0.020500 0.019500 0.191500
v -0.020500 0.016000 0.186000
v -0.020500 0.002500 0.189000
v -0.020500 0.002500 0.206000
v -0.010500 0.002500 0.186000
v -0.015500 0.002500 0.186000
v -0.015500 0.002500 0.189000
v -0.005500 0.002500 0.186000
v -0.005500 0.002500 0.189000
v -0.010500 0.002500 0.208000
v -0.015500 0.002500 0.208000
v -0.018000 0.002500 0.208000
v -0.005500 0.002500 0.208000
v -0.003000 0.002500 0.208000
v -0.010500 0.002500 0.206000
v -0.005500 0.002500 0.206000
v -0.015500 0.002500 0.206000
v -0.010500 -0.005500 0.206000
v -0.002500 0.021000 0.183000
v -0.018500 0.021000 0.183000
v -0.000500 0.016000 0.180000
v -0.000500 0.019500 0.166000
v -0.000500 0.019500 0.173000
v -0.000500 0.019500 0.159000
v -0.000500 0.016000 0.152000
v -0.020500 0.019500 0.166000
v -0.020500 0.019500 0.159000
v -0.020500 0.016000 0.152000
v -0.020500 0.019500 0.173000
v -0.020500 0.016000 0.180000
v -0.010500 0.002500 0.180000
v -0.010500 0.002500 0.152000
v -0.002500 0.021000 0.149000
v -0.018500 0.021000 0.149000
v -0.000500 0.016000 0.146000
v -0.000500 0.019500 0.123500
v -0.000500 0.019500 0.112250
v -0.000500 0.019500 0.106625
v -0.000500 0.016000 0.101000
v -0.000500 0.019500 0.134750
v -0.000500 0.019500 0.140375
v -0.000500 0.002500 0.123500
v -0.020500 0.019500 0.123500
v -0.020500 0.019500 0.112250
v -0.020500 0.019500 0.106625
v -0.020500 0.016000 0.101000
v -0.020500 0.019500 0.134750
v -0.020500 0.019500 0.140375
v -0.020500 0.016000 0.146000
v -0.020500 0.002500 0.123500
v -0.010500 0.002500 0.146000
v -0.010500 0.002500 0.101000
v -0.002500 0.021000 0.098250
v -0.018500 0.021000 0.098250
v -0.022500 0.019500 0.188000
v -0.022500 0.019500 0.183000
v -0.022500 0.016000 0.178000
v -0.032000 0.002500 0.181000
v -0.022500 0.002500 0.181000
v -0.022500 0.002500 0.196000
v -0.041500 0.019500 0.188000
v -0.041500 0.019500 0.183000
v -0.041500 0.016000 0.178000
v -0.041500 0.002500 0.181000
v -0.041500 0.002500 0.196000
v -0.032000 0.002500 0.178000
v -0.036750 0.002500 0.178000
v -0.036750 0.002500 0.181000
v -0.027250 0.002500 0.178000
v -0.027250 0.002500 0.181000
v -0.032000 0.002500 0.198000
v -0.036750 0.002500 0.198000
v -0.039125 0.002500 0.198000
v -0.027250 0.002500 0.198000
v -0.024875 0.002500 0.198000
v -0.032000 0.002500 0.196000
v -0.027250 0.002500 0.196000
v -0.036750 0.002500 0.196000
v -0.024500 0.021000 0.175000
v -0.039500 0.021000 0.175000
v -0.022500 0.016000 0.172000
v -0.022500 0.019500 0.159500
v -0.022500 0.019500 0.165750
v -0.022500 0.019500 0.153250
v -0.022500 0.016000 0.147000
v -0.041500 0.019500 0.159500
v -0.041500 0.019500 0.153250
v -0.041500 0.016000 0.147000
v -0.041500 0.019500 0.165750
v -0.041500 0.016000 0.172000
v -0.032000 0.002500 0.172000
v -0.032000 0.002500 0.147000
v -0.024500 0.021000 0.144000
v -0.039500 0.021000 0.144000
v -0.022500 0.016000 0.141000
v -0.022500 0.019500 0.121000
v -0.022500 0.019500 0.111000
v -0.022500 0.019500 0.106000
v -0.022500 0.016000 0.101000
v -0.022500 0.019500 0.131000
v -0.022500 0.019500 0.136000
v -0.022500 0.002500 0.121000
v -0.041500 0.019500 0.121000
v -0.041500 0.019500 0.111000
v -0.041500 0.019500 0.106000
v -0.041500 0.016000 0.101000
v -0.041500 0.019500 0.131000
v -0.041500 0.019500 0.136000
v -0.041500 0.016000 0.141000
v -0.041500 0.002500 0.121000
v -0.032000 0.002500 0.141000
v -0.032000 0.002500 0.101000
v -0.024500 0.021000 0.098250
v -0.039500 0.021000 0.098250
v -0.010500 0.000000 0.095000
v 0.011000 0.000000 0.095000
v 0.031000 0.000000 0.095000
v -0.032000 0.000000 0.095000
v 0.045000 0.011000 0.095000
v 0.045000 0.022000 0.047500
v 0.045000 0.022000 0.023750
v 0.045000 0.000000 0.020000
v 0.045000 0.000000 0.085000
v 0.038000 0.000000 0.047500
v 0.038000 -0.003000 0.047500
v 0.045000 0.000000 0.047500
v -0.045000 0.022000 0.054928
v -0.038000 0.000000 0.054928
v -0.045000 0.000000 0.054928
v -0.045000 0.016000 0.095000
v -0.045000 0.000000 0.085000
v -0.045000 0.000000 0.020000
v -0.038000 -0.003000 0.054928
v 0.025000 0.022000 0.000000
v -0.045000 0.018099 0.009808
v 0.025000 0.000000 0.000000
v -0.055872 0.009862 0.004858
v -0.053393 0.007378 0.006778
v -0.053324 0.017695 0.011702
v -0.049380 0.018486 0.007631
v -0.049610 0.021674 0.012051
v -0.050845 0.015211 0.013621
v -0.045000 0.014521 0.005178
v -0.046366 0.016578 0.001269
v -0.045000 0.015621 0.002499
v -0.045000 0.012732 0.002864
v -0.045000 0.013643 0.001674
v -0.048390 0.014191 0.009131
v -0.053191 0.014309 0.007149
v -0.052580 0.011121 0.010570
v -0.058919 0.011931 0.019806
v -0.061398 0.014414 0.017886
v -0.059942 0.008438 0.008273
v -0.057462 0.005955 0.010192
v -0.057557 0.013214 0.011372
v -0.060226 0.008231 0.016707
v -0.055849 0.011383 0.015132
v -0.062705 0.010714 0.014787
v -0.116294 -0.005135 0.063500
v -0.087037 0.002096 0.043399
v -0.091476 0.000543 0.047125
v -0.089516 0.004579 0.041480
v -0.057613 0.015630 0.022905
v -0.060277 0.018049 0.021141
v -0.088286 0.007604 0.043804
v -0.090376 0.001684 0.038845
v -0.107668 -0.008256 0.048320
v -0.102442 0.006543 0.060717
v -0.121829 -0.009329 0.065222
v -0.122016 -0.025380 0.078038
v -0.122408 -0.026490 0.077108
v -0.117057 -0.030347 0.081877
v -0.126991 -0.002368 0.080896
v -0.117443 -0.012431 0.088885
v -0.117835 -0.013541 0.087955
v -0.112876 -0.018508 0.091794
v -0.019000 0.000000 0.020000
v -0.019000 -0.003000 0.020000
v 0.019000 0.000000 0.020000
v 0.019000 -0.003000 0.020000
v -0.038000 -0.003000 0.037464
v -0.038000 0.000000 0.037464
v -0.045000 0.000000 0.037464
v 0.012500 0.002000 0.000000
v 0.038000 -0.003000 0.066250
v 0.038000 0.000000 0.066250
v 0.045000 0.022000 0.071250
v 0.045000 0.000000 0.066250
v -0.117651 -0.003469 0.067409
v -0.117205 -0.006198 0.071635
v -0.112765 -0.004645 0.067910
v -0.010500 0.021000 0.101500
v -0.010500 0.016000 0.101000
v -0.010500 0.021000 0.095000
v -0.010500 0.016000 0.095000
v -0.010500 0.019500 0.101500
v -0.010500 0.019500 0.145500
v -0.010500 0.019500 0.152500
v -0.010500 0.016000 0.152000
v -0.010500 0.016000 0.146000
v -0.010500 0.021000 0.152500
v -0.010500 0.021000 0.145500
v -0.010500 0.019500 0.179500
v -0.010500 0.019500 0.186500
v -0.010500 0.016000 0.180000
v -0.010500 0.016000 0.186000
v -0.010500 0.021000 0.186500
v -0.010500 0.021000 0.179500
v -0.002000 0.002500 0.197500
v -0.002000 -0.005500 0.197500
v -0.000500 0.002500 0.197500
v -0.013910 0.022000 0.034891
v 0.015371 0.022000 0.028404
v -0.005167 -0.003000 0.052513
v 0.020500 0.002500 0.192000
v 0.019000 0.002500 0.192000
v 0.019000 -0.005500 0.192000
v 0.003000 0.002500 0.192000
v 0.003000 -0.005500 0.192000
v 0.001500 0.002500 0.192000
v -0.019000 0.002500 0.197500
v -0.020500 0.002500 0.197500
v -0.019000 -0.005500 0.197500
v -0.049323 0.008802 0.003363
v -0.051802 0.011285 0.001443
v -0.038000 0.000000 0.069964
v -0.038000 -0.003000 0.069964
v -0.045000 0.000000 0.069964
v -0.032000 0.019500 0.101500
v -0.032000 0.021000 0.095000
v -0.032000 0.021000 0.101500
v -0.032000 0.016000 0.095000
v -0.032000 0.016000 0.101000
v -0.032000 0.021000 0.140500
v -0.032000 0.019500 0.147500
v -0.032000 0.016000 0.141000
v -0.032000 0.019500 0.140500
v -0.032000 0.016000 0.147000
v -0.032000 0.021000 0.147500
v -0.032000 0.021000 0.171500
v -0.032000 0.019500 0.178500
v -0.032000 0.016000 0.172000
v -0.032000 0.019500 0.171500
v -0.032000 0.016000 0.178000
v -0.032000 0.021000 0.178500
v -0.022500 0.002500 0.188500
v -0.024000 0.002500 0.188500
v 0.011000 0.021000 0.101500
v 0.011000 0.021000 0.095000
v 0.011000 0.016000 0.101000
v 0.011000 0.019500 0.101500
v 0.011000 0.016000 0.095000
v 0.011000 0.021000 0.142500
v 0.011000 0.019500 0.149500
v 0.011000 0.016000 0.143000
v 0.011000 0.016000 0.149000
v 0.011000 0.019500 0.142500
v 0.011000 0.021000 0.149500
v 0.011000 0.021000 0.174500
v 0.011000 0.019500 0.181500
v 0.011000 0.016000 0.175000
v 0.011000 0.016000 0.181000
v 0.011000 0.019500 0.174500
v 0.011000 0.021000 0.181500
v 0.035000 0.022000 0.000000
v -0.041500 0.002500 0.188500
v -0.040000 0.002500 0.188500
v -0.063543 0.008800 0.013393
v -0.059622 0.019904 0.022694
v 0.038000 0.000000 0.033750
v 0.038000 -0.003000 0.033750
v 0.045000 0.000000 0.033750
v -0.022500 0.011000 0.198000
v 0.039000 0.002500 0.174500
v 0.037500 0.002500 0.174500
v 0.039000 0.011000 0.183000
v 0.020500 0.011000 0.202000
v 0.023000 0.002500 0.174500
v 0.024500 0.002500 0.174500
v -0.000500 0.011000 0.208000
v 0.031000 0.019500 0.101500
v 0.031000 0.016000 0.101000
v 0.031000 0.021000 0.101500
v 0.031000 0.021000 0.132500
v 0.031000 0.016000 0.133000
v 0.031000 0.019500 0.132500
v 0.031000 0.016000 0.139000
v 0.031000 0.021000 0.139500
v 0.031000 0.019500 0.139500
v 0.031000 0.021000 0.158500
v 0.031000 0.016000 0.159000
v 0.031000 0.019500 0.158500
v 0.031000 0.019500 0.165500
v 0.031000 0.016000 0.165000
v 0.031000 0.021000 0.165500
v -0.130911 -0.010441 0.092186
v -0.050394 0.021398 0.021044
v -0.052874 0.023881 0.019124
v -0.087761 0.009089 0.045049
v -0.079351 0.015917 0.043020
v -0.090901 0.000198 0.037601
v -0.085622 -0.001841 0.028143
v -0.102118 -0.006314 0.043663
v -0.096893 0.008484 0.056060
v -0.021250 0.000000 0.085000
v -0.021250 0.000000 0.095000
v -0.021250 -0.003000 0.085000
v -0.041500 0.011000 0.198000
v 0.000250 -0.003000 0.085000
v 0.000250 0.000000 0.085000
v 0.000250 0.000000 0.095000
v 0.001500 0.011000 0.202000
v -0.122806 -0.008443 0.067631
v -0.082684 0.010214 0.039946
v -0.085299 0.002809 0.033743
v -0.041500 0.009250 0.172000
v -0.022500 0.009250 0.178000
v 0.001500 0.009250 0.175000
v 0.020500 0.009250 0.181000
v 0.023000 0.009250 0.133000
v 0.039000 0.009250 0.101000
v 0.039000 0.009250 0.139000
v 0.023000 0.009250 0.159000
v 0.039000 0.009250 0.165000
v 0.021000 -0.003000 0.085000
v 0.021000 0.000000 0.085000
v 0.021000 0.000000 0.095000
v -0.135876 -0.024500 0.080409
v 0.020500 0.009250 0.149000
v 0.020500 0.009250 0.101000
v 0.001500 0.009250 0.143000
v -0.000500 0.009250 0.186000
v -0.020500 0.011000 0.208000
v -0.000500 0.009250 0.152000
v -0.020500 0.009250 0.180000
v -0.000500 0.009250 0.101000
v -0.020500 0.009250 0.146000
v -0.022500 0.009250 0.147000
v -0.022500 0.009250 0.101000
v -0.041500 0.009250 0.141000
v -0.122286 -0.010624 0.064137
v -0.045000 0.000000 0.010000
v -0.125531 -0.026610 0.080987
v -0.125923 -0.027720 0.080057
v -0.118501 -0.024151 0.075088
v -0.118893 -0.025261 0.074159
v -0.114320 -0.012312 0.085006
v -0.113928 -0.011202 0.085936
v -0.120958 -0.013661 0.091834
v -0.121350 -0.014771 0.090904
v -0.028500 -0.003000 0.020000
v -0.028500 0.000000 0.020000
v -0.009500 -0.003000 0.020000
v -0.009500 0.000000 0.020000
v 0.028500 -0.003000 0.020000
v 0.028500 0.000000 0.020000
v 0.009500 -0.003000 0.020000
v 0.009500 0.000000 0.020000
v -0.045000 0.022000 0.074964
v 0.018750 0.002000 0.000000
v 0.038000 -0.003000 0.056875
v 0.038000 0.000000 0.056875
v 0.045000 0.000000 0.056875
v 0.000000 0.022000 0.095000
v 0.038000 -0.003000 0.075625
v 0.038000 0.000000 0.075625
v 0.045000 0.000000 0.075625
v -0.119261 -0.005022 0.067478
v -0.085144 0.004217 0.056203
v -0.113218 -0.010197 0.052977
v -0.107992 0.004602 0.065374
v -0.115244 -0.002162 0.065990
v -0.122551 -0.000815 0.077171
v -0.038000 -0.003000 0.046196
v -0.038000 0.000000 0.046196
v -0.045000 0.000000 0.046196
v -0.038000 -0.003000 0.028732
v -0.038000 0.000000 0.028732
v -0.045000 0.000000 0.028732
v -0.045000 0.022000 0.034891
v -0.028588 0.022000 0.023528
v -0.000500 0.002500 0.201750
v -0.002000 0.002500 0.201750
v -0.000500 0.002500 0.193250
v -0.002000 0.002500 0.193250
v -0.019000 0.002500 0.193250
v -0.020500 0.002500 0.193250
v -0.020500 0.002500 0.201750
v -0.019000 0.002500 0.201750
v -0.047288 0.009513 0.001655
v -0.014500 0.021000 0.101500
v -0.014500 0.019500 0.101500
v -0.014500 0.016000 0.101000
v -0.006500 0.021000 0.101500
v -0.006500 0.019500 0.101500
v -0.006500 0.016000 0.101000
v -0.014500 0.019500 0.145500
v -0.014500 0.016000 0.146000
v -0.014500 0.021000 0.145500
v -0.006500 0.021000 0.145500
v -0.006500 0.019500 0.145500
v -0.006500 0.016000 0.146000
v -0.014500 0.019500 0.152500
v -0.014500 0.016000 0.152000
v -0.014500 0.021000 0.152500
v -0.006500 0.021000 0.152500
v -0.006500 0.019500 0.152500
v -0.006500 0.016000 0.152000
v -0.014500 0.019500 0.179500
v -0.014500 0.016000 0.180000
v -0.014500 0.021000 0.179500
v -0.006500 0.021000 0.179500
v -0.006500 0.019500 0.179500
v -0.006500 0.016000 0.180000
v -0.014500 0.019500 0.186500
v -0.014500 0.016000 0.186000
v -0.014500 0.021000 0.186500
v -0.006500 0.021000 0.186500
v -0.006500 0.019500 0.186500
v -0.006500 0.016000 0.186000
v 0.020500 0.002500 0.188000
v 0.019000 0.002500 0.188000
v 0.020500 0.002500 0.196000
v 0.019000 0.002500 0.196000
v 0.001500 0.002500 0.188000
v 0.003000 0.002500 0.188000
v 0.001500 0.002500 0.196000
v 0.003000 0.002500 0.196000
v -0.067784 0.008551 0.018547
v -0.045000 0.007618 0.008665
v -0.038000 -0.003000 0.077482
v -0.038000 0.000000 0.077482
v -0.045000 0.000000 0.077482
v -0.038000 -0.003000 0.062446
v -0.038000 0.000000 0.062446
v -0.045000 0.000000 0.062446
v -0.028250 0.019500 0.101500
v -0.028250 0.016000 0.101000
v -0.028250 0.021000 0.101500
v -0.035750 0.019500 0.101500
v -0.035750 0.016000 0.101000
v -0.035750 0.021000 0.101500
v -0.035750 0.019500 0.140500
v -0.035750 0.016000 0.141000
v -0.035750 0.021000 0.140500
v -0.028250 0.021000 0.140500
v -0.028250 0.019500 0.140500
v -0.028250 0.016000 0.141000
v -0.035750 0.019500 0.147500
v -0.035750 0.016000 0.147000
v -0.035750 0.021000 0.147500
v -0.028250 0.019500 0.147500
v -0.028250 0.016000 0.147000
v -0.028250 0.021000 0.147500
v -0.035750 0.019500 0.171500
v -0.035750 0.016000 0.172000
v -0.035750 0.021000 0.171500
v -0.028250 0.021000 0.171500
v -0.028250 0.019500 0.171500
v -0.028250 0.016000 0.172000
v -0.035750 0.019500 0.178500
v -0.035750 0.016000 0.178000
v -0.035750 0.021000 0.178500
v -0.028250 0.019500 0.178500
v -0.028250 0.016000 0.178000
v -0.028250 0.021000 0.178500
v -0.022500 0.002500 0.184750
v -0.024000 0.002500 0.184750
v -0.024000 0.002500 0.192250
v -0.022500 0.002500 0.192250
v 0.014750 0.019500 0.101500
v 0.014750 0.021000 0.101500
v 0.014750 0.016000 0.101000
v 0.007250 0.021000 0.101500
v 0.007250 0.019500 0.101500
v 0.007250 0.016000 0.101000
v 0.007250 0.021000 0.142500
v 0.007250 0.019500 0.142500
v 0.007250 0.016000 0.143000
v 0.014750 0.021000 0.142500
v 0.014750 0.019500 0.142500
v 0.014750 0.016000 0.143000
v 0.007250 0.021000 0.149500
v 0.007250 0.019500 0.149500
v 0.007250 0.016000 0.149000
v 0.014750 0.019500 0.149500
v 0.014750 0.016000 0.149000
v 0.014750 0.021000 0.149500
v 0.007250 0.021000 0.174500
v 0.007250 0.019500 0.174500
v 0.007250 0.016000 0.175000
v 0.014750 0.021000 0.174500
v 0.014750 0.019500 0.174500
v 0.014750 0.016000 0.175000
v 0.007250 0.021000 0.181500
v 0.007250 0.019500 0.181500
v 0.007250 0.016000 0.181000
v 0.014750 0.019500 0.181500
v 0.014750 0.016000 0.181000
v 0.014750 0.021000 0.181500
v -0.041500 0.002500 0.184750
v -0.040000 0.002500 0.184750
v -0.040000 0.002500 0.192250
v -0.041500 0.002500 0.192250
v -0.019502 -0.003000 0.066205
v -0.112569 -0.018347 0.062432
v 0.025000 0.002000 -0.015000
v -0.124482 -0.005719 0.073320
v 0.001500 0.009250 0.181000
v 0.023000 0.009250 0.165000
v -0.020500 0.009250 0.186000
v -0.041500 0.009250 0.178000
v 0.038000 0.000000 0.026875
v 0.038000 -0.003000 0.026875
v 0.038000 -0.003000 0.040625
v 0.038000 0.000000 0.040625
v 0.021037 -0.003000 0.037187
v -0.022500 0.010952 0.186625
v 0.037500 0.002500 0.171250
v 0.039000 0.002500 0.171250
v 0.039000 0.010273 0.172875
v 0.039000 0.002500 0.177750
v 0.037500 0.002500 0.177750
v 0.023000 0.002500 0.171250
v 0.024500 0.002500 0.171250
v 0.023000 0.002500 0.177750
v 0.024500 0.002500 0.177750
v 0.023000 0.011000 0.183000
v -0.022500 0.006750 0.198000
v 0.039000 0.006750 0.183000
v 0.020500 0.006750 0.202000
v -0.000500 0.006750 0.208000
v -0.041500 0.006750 0.198000
v 0.001500 0.006750 0.202000
v -0.020500 0.006750 0.208000
v 0.020500 0.010949 0.190000
v 0.023000 0.006750 0.183000
v 0.023000 0.009375 0.176125
v -0.046493 0.011467 -0.001012
v -0.109607 -0.001493 0.059574
v -0.012500 0.019500 0.109666
v -0.008500 0.019500 0.137334
v -0.012500 0.019500 0.194607
v -0.033875 0.019500 0.109125
v -0.030125 0.019500 0.132875
v -0.033875 0.019500 0.155125
v -0.030125 0.019500 0.163875
v -0.033875 0.019500 0.186125
v 0.009125 0.019500 0.109231
v 0.012875 0.019500 0.134769
v 0.009125 0.019500 0.157052
v 0.012875 0.019500 0.166948
v 0.009125 0.019500 0.189231
v -0.116878 -0.019530 0.066467
v 0.034000 0.021000 0.101500
v 0.034000 0.019500 0.101500
v 0.028000 0.019500 0.101500
v 0.028000 0.021000 0.101500
v 0.029500 0.019500 0.107917
v 0.028000 0.021000 0.132500
v 0.028000 0.019500 0.132500
v 0.034000 0.021000 0.132500
v 0.034000 0.019500 0.132500
v 0.032500 0.019500 0.126083
v 0.034000 0.021000 0.139500
v 0.034000 0.019500 0.139500
v 0.028000 0.021000 0.139500
v 0.028000 0.019500 0.139500
v 0.029500 0.019500 0.146194
v 0.028000 0.021000 0.158500
v 0.028000 0.019500 0.158500
v 0.034000 0.021000 0.158500
v 0.034000 0.019500 0.158500
v 0.032500 0.019500 0.152073
v 0.028000 0.019500 0.165500
v 0.028000 0.021000 0.165500
v 0.029500 0.019500 0.172103
v 0.034000 0.021000 0.165500
v 0.034000 0.019500 0.165500
v -0.128432 -0.012924 0.094105
v -0.055830 0.022848 0.021604
v -0.133397 -0.026983 0.082328
v -0.000500 0.002500 0.166000
v -0.020500 0.002500 0.166000
v -0.000500 0.010945 0.195375
v -0.012500 0.019500 0.160365
v -0.008500 0.019500 0.171635
v 0.001500 0.010279 0.194000
v -0.041500 0.009963 0.190375
v 0.023000 0.019500 0.105000
v 0.039000 0.019500 0.105000
v 0.039000 0.019500 0.129000
v 0.023000 0.019500 0.129000
v -0.093423 -0.000033 0.040559
v -0.093956 0.003026 0.045205
v -0.088082 -0.000864 0.040920
v -0.092522 -0.002417 0.044645
v -0.099344 -0.005344 0.041335
v -0.094118 0.009455 0.053732
v 0.001500 0.002500 0.162000
v 0.020500 0.002500 0.162000
v -0.020500 0.010610 0.199625
v -0.041500 0.009250 0.101000
v -0.022500 0.009250 0.141000
v -0.041500 0.009250 0.147000
v -0.022500 0.009250 0.172000
v 0.001500 0.009250 0.101000
v 0.020500 0.009250 0.143000
v 0.001500 0.009250 0.149000
v 0.020500 0.009250 0.175000
v -0.020500 0.002500 0.112250
v -0.000500 0.002500 0.134750
v -0.084843 0.010461 0.043053
v -0.088265 0.000770 0.034935
v -0.041500 0.002500 0.159500
v -0.022500 0.002500 0.159500
v 0.039000 0.002500 0.149000
v 0.023000 0.002500 0.149000
v -0.015875 0.000000 0.085000
v -0.015875 -0.003000 0.085000
v -0.013188 -0.003000 0.074734
v -0.026625 0.000000 0.085000
v -0.026625 -0.003000 0.085000
v -0.005125 -0.003000 0.085000
v -0.005125 0.000000 0.085000
v -0.002438 -0.003000 0.074590
v 0.015954 -0.003000 0.061563
v 0.005625 -0.003000 0.085000
v 0.005625 0.000000 0.085000
v 0.008312 -0.003000 0.074591
v -0.120334 -0.011064 0.061046
v -0.014250 -0.003000 0.037178
v -0.020500 0.009250 0.101000
v -0.000500 0.009250 0.146000
v -0.020500 0.009250 0.152000
v -0.000500 0.009250 0.180000
v -0.030125 0.009250 0.101000
v -0.033875 0.009250 0.141000
v -0.030125 0.009250 0.147000
v -0.033875 0.009250 0.172000
v -0.030125 0.009250 0.178000
v 0.012875 0.009250 0.101000
v 0.009125 0.009250 0.143000
v 0.012875 0.009250 0.149000
v 0.009125 0.009250 0.175000
v 0.012875 0.009250 0.181000
v -0.023938 -0.003000 0.075271
v -0.097179 0.004229 0.050925
v -0.022756 -0.003000 0.050562
v -0.013000 0.002500 0.189000
v -0.014750 -0.005500 0.189000
v -0.008000 0.002500 0.186000
v -0.006750 0.008653 0.186000
v -0.107343 -0.003548 0.074829
v -0.041500 0.012625 0.172000
v -0.041500 0.010938 0.163238
v -0.022500 0.012625 0.178000
v 0.001500 0.012625 0.175000
v 0.001500 0.010938 0.166329
v 0.020500 0.012625 0.181000
v 0.023000 0.012625 0.133000
v 0.023000 0.010938 0.124596
v 0.039000 0.012625 0.101000
v 0.039000 0.010938 0.109404
v 0.039000 0.012625 0.139000
v 0.039000 0.010938 0.147417
v 0.023000 0.012625 0.159000
v 0.023000 0.010938 0.150583
v 0.039000 0.012625 0.165000
v 0.016000 0.000000 0.085000
v 0.016000 -0.003000 0.085000
v 0.018500 -0.003000 0.075110
v 0.026000 -0.003000 0.085000
v 0.026000 0.000000 0.085000
v 0.028500 -0.003000 0.075833
v 0.020500 0.012625 0.149000
v 0.020500 0.010938 0.157671
v 0.020500 0.012625 0.101000
v 0.020500 0.002500 0.111500
v 0.020500 0.010938 0.109504
v 0.001500 0.012625 0.143000
v 0.001500 0.002500 0.132500
v 0.001500 0.010938 0.134496
v -0.000500 0.012625 0.186000
v -0.000500 0.012625 0.152000
v -0.000500 0.010938 0.160533
v -0.020500 0.012625 0.180000
v -0.020500 0.010938 0.171467
v -0.000500 0.012625 0.101000
v -0.000500 0.002500 0.112250
v -0.000500 0.010938 0.109663
v -0.020500 0.012625 0.146000
v -0.020500 0.002500 0.134750
v -0.020500 0.010938 0.137337
v -0.022500 0.012625 0.147000
v -0.022500 0.010938 0.155762
v -0.022500 0.012625 0.101000
v -0.022500 0.002500 0.111000
v -0.022500 0.010938 0.109417
v -0.041500 0.012625 0.141000
v -0.041500 0.002500 0.131000
v -0.041500 0.010938 0.132583
v -0.129175 -0.022087 0.074704
v -0.120603 -0.006891 0.083603
v -0.045000 0.022000 0.084982
v -0.022500 0.022000 0.095000
v -0.008500 0.009250 0.101000
v -0.012500 0.009250 0.146000
v -0.008500 0.009250 0.152000
v -0.012500 0.009250 0.180000
v 0.001500 0.012625 0.181000
v 0.023000 0.012625 0.165000
v -0.020500 0.012625 0.186000
v -0.041500 0.012625 0.178000
v -0.041500 0.012625 0.101000
v -0.022500 0.012625 0.141000
v -0.041500 0.012625 0.147000
v -0.022500 0.012625 0.172000
v 0.001500 0.012625 0.101000
v 0.020500 0.012625 0.143000
v 0.001500 0.012625 0.149000
v 0.020500 0.012625 0.175000
v -0.020500 0.012625 0.101000
v -0.000500 0.012625 0.146000
v -0.020500 0.012625 0.152000
v -0.000500 0.012625 0.180000
v -0.020500 0.019500 0.155500
v -0.000500 0.019500 0.176500
v -0.020500 0.019500 0.176500
v -0.038500 0.000000 0.095000
v -0.055375 0.010901 0.038901
v -0.061646 -0.006858 0.024025
v 0.031000 -0.005500 0.168000
v -0.000500 0.019500 0.155500
v 0.015625 0.002000 -0.010104
v 0.000000 0.020000 -0.030000
v 0.025000 0.020000 -0.015000
v 0.000000 0.002000 -0.030000
v 0.004750 -0.003000 0.035654
v 0.037500 -0.005500 0.174500
v 0.024500 -0.005500 0.174500
v -0.090370 -0.010582 0.043806
v 0.037500 -0.001500 0.181000
v -0.113517 -0.018759 0.075626
v -0.108982 -0.024929 0.078458
v -0.111395 -0.022074 0.076773
v 0.013375 0.002500 0.184000
v 0.011000 -0.005500 0.184000
v 0.015000 -0.005500 0.184000
v 0.012188 -0.001500 0.184000
v 0.008625 0.002500 0.184000
v 0.007000 -0.005500 0.184000
v 0.007437 -0.001424 0.184000
v -0.029625 0.002500 0.181000
v -0.032000 -0.005500 0.181000
v -0.028000 -0.005500 0.181000
v -0.032000 -0.005500 0.196000
v -0.024000 -0.005500 0.188500
v -0.030813 -0.001500 0.181000
v -0.034375 0.002500 0.178000
v -0.033187 0.006465 0.178000
v -0.089646 0.009722 0.048301
v -0.127288 -0.027224 0.082461
v -0.127680 -0.028334 0.081532
v -0.129739 -0.025085 0.078520
v -0.126566 -0.030323 0.085855
v -0.123773 -0.025995 0.079512
v -0.124165 -0.027105 0.078582
v -0.120572 -0.031577 0.084826
v -0.125791 -0.024289 0.075906
v -0.121996 -0.026887 0.092734
v -0.122173 -0.028786 0.082169
v -0.120259 -0.024766 0.076563
v -0.120650 -0.025876 0.075633
v -0.122646 -0.022689 0.072670
v -0.118658 -0.027556 0.079220
v -0.116744 -0.023536 0.073614
v -0.117136 -0.024646 0.072684
v -0.112507 -0.025405 0.074059
v -0.118950 -0.021642 0.069862
v -0.116078 -0.012927 0.086480
v -0.115686 -0.011817 0.087410
v -0.109362 -0.017279 0.088845
v -0.119023 -0.009661 0.086244
v -0.112720 -0.015103 0.087663
v -0.112171 -0.010587 0.084461
v -0.112563 -0.011697 0.083531
v -0.115932 -0.008008 0.082967
v -0.108326 -0.013566 0.083976
v -0.111913 -0.005471 0.078244
v -0.119201 -0.013046 0.090359
v -0.119593 -0.014156 0.089430
v -0.122961 -0.010466 0.088865
v -0.116234 -0.016332 0.090612
v -0.122715 -0.014275 0.093309
v -0.123107 -0.015385 0.092379
v -0.122385 -0.018484 0.095773
v -0.023750 -0.003000 0.020000
v -0.023750 0.000000 0.020000
v -0.026125 -0.003000 0.032118
v -0.033250 0.000000 0.020000
v -0.033250 -0.003000 0.020000
v -0.010000 0.000000 0.000000
v -0.004750 -0.003000 0.020000
v -0.004750 0.000000 0.020000
v -0.007125 -0.003000 0.029903
v -0.014250 0.000000 0.020000
v -0.014250 -0.003000 0.020000
v -0.016625 -0.003000 0.028589
v 0.023750 -0.003000 0.020000
v 0.023750 0.000000 0.020000
v 0.026125 0.000000 0.010109
v 0.021375 -0.003000 0.028433
v 0.033250 0.000000 0.020000
v 0.033250 -0.003000 0.020000
v 0.045000 0.000000 0.010000
v 0.035625 0.000000 0.010887
v 0.004750 -0.003000 0.020000
v 0.004750 0.000000 0.020000
v 0.006250 0.002000 0.000000
v 0.002375 -0.003000 0.027827
v 0.014250 0.000000 0.020000
v 0.014250 -0.003000 0.020000
v 0.011875 -0.003000 0.029233
v 0.023000 0.013179 0.107000
v 0.039000 0.013179 0.127000
v -0.014250 -0.001418 0.189000
v -0.029289 0.022000 0.079973
v 0.028424 0.010938 0.165000
v -0.124076 -0.010682 0.066373
v -0.126758 -0.009868 0.070892
v 0.038000 -0.003000 0.052187
v 0.038000 0.000000 0.052187
v 0.024959 -0.003000 0.049844
v 0.038000 0.000000 0.061563
v 0.038000 -0.003000 0.061563
v 0.028320 -0.003000 0.059219
v 0.038000 -0.003000 0.080313
v 0.038000 0.000000 0.080313
v 0.038000 0.000000 0.070938
v 0.038000 -0.003000 0.070938
v -0.040000 -0.005500 0.188500
v -0.020500 0.014313 0.157187
v -0.000500 0.014313 0.174813
v 0.033847 0.010938 0.165000
v 0.030781 -0.003000 0.068594
v -0.010000 0.022000 0.000000
v 0.001500 0.019500 0.152250
v 0.001500 0.019500 0.171750
v 0.020500 0.019500 0.171750
v -0.049913 0.008920 0.029283
v -0.086453 -0.010509 0.038841
v -0.075705 -0.011776 0.035821
v 0.020500 0.019500 0.152250
v -0.115992 -0.011167 0.055305
v -0.113063 -0.006315 0.057799
v -0.110766 0.003632 0.067702
v -0.120331 -0.000038 0.075308
v -0.083840 -0.003110 0.045039
v -0.041500 0.014313 0.152050
v -0.022500 0.014313 0.166950
v 0.001500 0.014313 0.154101
v 0.020500 0.014313 0.169899
v 0.013000 -0.005500 0.190000
v -0.045000 0.008000 0.095000
v -0.114059 -0.011362 0.073232
v -0.029625 0.009404 0.198000
v 0.013375 0.009404 0.202000
v 0.031000 0.021000 0.095000
v 0.031000 0.016000 0.095000
v -0.038000 -0.003000 0.050562
v -0.038000 0.000000 0.050562
v -0.030378 -0.003000 0.052745
v -0.038000 0.000000 0.041830
v -0.038000 -0.003000 0.041830
v -0.029500 -0.003000 0.044013
v -0.038000 -0.003000 0.024366
v -0.038000 0.000000 0.024366
v -0.038000 0.000000 0.033098
v -0.038000 -0.003000 0.033098
v -0.066372 0.014057 0.023849
v -0.063412 0.017765 0.024822
v -0.045000 0.008498 0.004287
v -0.045000 0.011000 0.058687
v 0.023000 0.007264 0.169625
v -0.026063 0.005952 0.198000
v 0.033000 0.008390 0.183000
v 0.016938 0.005952 0.202000
v -0.037937 0.005952 0.198000
v 0.005063 0.005952 0.202000
v -0.097312 -0.009254 0.045146
v -0.120168 -0.009316 0.063094
v -0.119164 -0.011748 0.066986
v -0.041500 0.014313 0.167131
v -0.022500 0.014313 0.151869
v -0.045000 0.010997 0.081241
v 0.001500 0.014313 0.185917
v 0.023000 0.014313 0.169924
v -0.020500 0.014313 0.190938
v -0.015602 0.010938 0.186000
v -0.041500 0.014313 0.182906
v -0.041500 0.014313 0.105906
v -0.022500 0.014313 0.136094
v 0.001500 0.014313 0.105917
v 0.020500 0.014313 0.138083
v -0.020500 0.014313 0.105951
v -0.015602 0.010938 0.101000
v -0.000500 0.014313 0.141049
v -0.005398 0.010938 0.146000
v -0.015602 0.010938 0.152000
v -0.005398 0.010938 0.180000
v -0.030000 -0.005500 0.186883
v -0.105960 0.000692 0.069185
v -0.031612 -0.003000 0.026549
v -0.041500 0.019500 0.168875
v -0.041500 0.019500 0.150125
v -0.022500 0.019500 0.168875
v -0.022500 0.019500 0.150125
v -0.008000 0.009691 0.208000
v -0.138352 -0.012503 0.082458
v -0.133283 -0.019960 0.085391
v -0.002000 0.002500 0.203875
v -0.000500 0.002500 0.203875
v -0.002000 -0.005500 0.201750
v -0.002000 -0.001500 0.206000
v -0.008375 -0.005500 0.199625
v -0.000500 0.005596 0.204937
v -0.002000 -0.000629 0.202812
v -0.000500 0.002500 0.199625
v -0.002000 0.002500 0.199625
v -0.000500 0.006783 0.200687
v -0.002000 -0.001500 0.198562
v -0.000500 0.002500 0.191125
v -0.002000 0.002500 0.191125
v -0.000500 0.007257 0.192187
v -0.002000 -0.001500 0.189000
v -0.002000 -0.000629 0.192187
v -0.000500 0.002500 0.195375
v -0.002000 0.002500 0.195375
v -0.000500 0.006618 0.196437
v -0.019000 0.002500 0.191125
v -0.020500 0.002500 0.191125
v -0.019000 -0.005500 0.193250
v -0.020500 0.007014 0.190062
v -0.019000 -0.001500 0.189000
v -0.019000 -0.000629 0.192187
v -0.019000 0.002500 0.195375
v -0.020500 0.002500 0.195375
v -0.020500 0.006633 0.194312
v -0.019000 -0.001500 0.196437
v -0.019000 0.002500 0.203875
v -0.020500 0.002500 0.203875
v -0.020500 0.007112 0.202812
v -0.019000 -0.001500 0.206000
v -0.019000 -0.000629 0.202812
v -0.020500 0.002500 0.199625
v -0.019000 0.002500 0.199625
v -0.020500 0.006555 0.198562
v -0.004250 0.006096 0.208000
v -0.016750 0.006096 0.208000
v -0.128997 -0.015926 0.092180
v -0.057292 0.019906 0.019688
v -0.053374 0.016711 0.018828
v -0.054042 0.020243 0.015925
v -0.132100 -0.024713 0.084820
v -0.013000 0.002500 0.186000
v -0.011750 0.007481 0.186000
v -0.008000 0.002500 0.189000
v -0.009250 -0.001500 0.189000
v 0.001500 0.014313 0.170172
v 0.020500 0.014313 0.153828
v -0.000500 0.014313 0.105824
v -0.020500 0.014313 0.141176
v 0.006356 0.010938 0.181000
v -0.036644 0.010938 0.178000
v -0.036644 0.010938 0.101000
v -0.027356 0.010938 0.141000
v -0.036644 0.010938 0.147000
v -0.027356 0.010938 0.172000
v 0.006356 0.010938 0.101000
v 0.015644 0.010938 0.143000
v 0.006356 0.010938 0.149000
v 0.015644 0.010938 0.175000
v 0.031000 -0.005500 0.181000
v -0.111297 -0.017983 0.073763
v -0.113159 -0.014928 0.072817
v 0.013375 0.002500 0.181000
v 0.014563 0.005981 0.181000
v 0.008625 0.002500 0.181000
v 0.009813 0.006465 0.181000
v -0.029625 0.002500 0.178000
v -0.028438 0.005981 0.178000
v -0.034375 0.002500 0.181000
v -0.036000 -0.005500 0.181000
v -0.035562 -0.001424 0.181000
v -0.090133 0.007608 0.046196
v -0.090431 0.003502 0.049604
v -0.085992 0.005055 0.045879
v -0.078031 -0.000915 0.052877
v -0.069434 0.005983 0.050698
v -0.087235 -0.001703 0.051244
v -0.081853 0.002913 0.049918
v -0.117032 -0.025915 0.087579
v -0.112750 -0.024949 0.083297
v -0.113542 -0.029118 0.078927
v -0.116391 -0.019738 0.094743
v 0.030875 -0.003000 0.026719
v 0.022500 0.022000 0.095000
v -0.006500 0.021000 0.095000
v -0.033750 0.022000 0.095000
v -0.028125 0.022000 0.095000
v 0.028778 0.022000 0.017115
v -0.006031 0.021000 0.149000
v 0.012875 0.016000 0.178000
v 0.023000 0.009250 0.101000
v 0.023000 0.012625 0.101000
v 0.028424 0.010938 0.101000
v 0.033847 0.010938 0.101000
v -0.008500 0.016000 0.149000
v 0.032500 0.021000 0.136000
v -0.016500 0.019500 0.186500
v -0.016500 0.021000 0.186500
v -0.015500 0.019500 0.191047
v 0.011929 0.022000 0.062452
v -0.028250 0.016000 0.095000
v -0.026375 0.007289 0.095000
v -0.012127 0.022000 0.017426
v 0.002375 0.022000 0.029056
v -0.026625 0.000000 0.095000
v -0.015915 0.006714 0.186000
v 0.026881 0.019500 0.169226
v 0.016625 0.019500 0.181500
v 0.016625 0.021000 0.181500
v 0.017563 0.019500 0.184691
v 0.015688 0.021000 0.178746
v -0.036984 0.019500 0.105847
v -0.014500 0.008000 0.095000
v 0.020500 0.016561 0.151905
v -0.010500 0.002500 0.129125
v -0.032000 0.019500 0.198000
v -0.041500 0.008875 0.194406
v -0.063285 0.015270 0.021431
v 0.031135 0.007153 0.101000
v -0.000500 0.011776 0.190686
v -0.022500 0.008875 0.192321
v -0.026880 0.019500 0.167120
v -0.116274 -0.015274 0.068961
v -0.016500 0.021000 0.145500
v -0.016500 0.019500 0.145500
v -0.017500 0.019500 0.142157
v -0.015500 0.021000 0.148393
v 0.005532 0.006728 0.181000
v -0.067538 -0.001136 0.039038
v -0.075909 0.009339 0.030062
v 0.024650 0.022000 0.046541
v -0.012500 0.016000 0.149000
v 0.018500 0.017750 0.149000
v 0.018500 0.016000 0.146000
v -0.014380 0.019500 0.173370
v -0.034519 -0.005500 0.190670
v -0.086975 -0.001450 0.063738
v -0.112688 -0.007647 0.081169
v 0.045000 0.022000 0.035625
v -0.024000 -0.005500 0.184750
v -0.036750 0.002500 0.172000
v 0.014682 0.019500 0.155320
v 0.034416 0.019500 0.107000
v -0.029840 0.005618 0.198000
v -0.006250 -0.005500 0.206000
v 0.039000 0.010938 0.105033
v -0.004500 0.021000 0.145500
v -0.004500 0.019500 0.145500
v -0.005500 0.019500 0.140927
v 0.035360 0.006847 0.165000
v 0.030117 0.022000 0.032305
v -0.041500 0.016940 0.104067
v -0.041500 0.005418 0.194125
v 0.020500 0.002500 0.132500
v 0.017131 0.019500 0.135125
v 0.021750 0.008313 0.095000
v -0.024500 0.017750 0.141000
v -0.024500 0.016000 0.144000
v 0.014563 0.002500 0.182500
v -0.030739 -0.003000 0.077840
v 0.001500 0.002500 0.111500
v 0.039000 0.004625 0.183000
v 0.039000 0.005687 0.179742
v 0.039000 0.006765 0.175497
v -0.115018 -0.021392 0.067907
v -0.031053 0.002500 0.159500
v -0.028232 0.019500 0.107401
v -0.123562 -0.018439 0.067984
v -0.045000 0.010640 0.033098
v -0.107543 -0.018372 0.068411
v -0.008500 0.021000 0.098250
v 0.023000 0.002500 0.109000
v -0.053350 0.020364 0.023524
v -0.126930 -0.025763 0.078146
v 0.012875 0.021000 0.146000
v -0.000500 0.011000 0.133035
v -0.004245 0.019500 0.136831
v -0.007357 0.019500 0.128765
v -0.110053 -0.007333 0.079684
v -0.012500 0.019500 0.140688
v 0.026071 0.022000 0.075850
v 0.037500 -0.001500 0.168000
v 0.035166 0.019500 0.128844
v 0.023000 0.006363 0.173510
v -0.082732 -0.003208 0.055983
v -0.011750 0.004834 0.186000
v 0.008974 0.021000 0.146000
v 0.018500 0.016000 0.178000
v 0.034750 0.021000 0.137107
v 0.014911 0.019500 0.189873
v -0.094431 -0.010543 0.061604
v -0.022500 0.007365 0.182852
v -0.019000 -0.005500 0.201750
v -0.020500 0.002500 0.159000
v -0.027930 0.019500 0.185500
v -0.018500 0.016000 0.149000
v -0.036326 0.019500 0.192598
v -0.045000 0.007051 0.026695
v -0.041500 0.006031 0.190238
v -0.035671 0.019500 0.165671
v -0.005125 0.007313 0.095000
v 0.011000 0.002500 0.127250
v -0.030125 0.021000 0.098250
v -0.002500 0.016000 0.149000
v -0.020500 0.004388 0.198562
v 0.039000 0.007111 0.169282
v -0.017250 0.002500 0.189000
v -0.064852 0.011860 0.019043
v 0.012096 0.021000 0.178000
v 0.045000 0.022000 0.083125
v 0.011000 0.019500 0.202000
v 0.012419 0.019500 0.185937
v -0.032000 0.019500 0.123286
v -0.125296 -0.014097 0.063531
v -0.030125 0.021000 0.175000
v -0.039500 0.016000 0.175000
v -0.022500 0.002500 0.165750
v 0.014603 0.019500 0.161262
v 0.029500 0.021000 0.162000
v -0.018457 0.022000 0.025603
v 0.020500 0.014313 0.105755
v 0.001500 0.006988 0.197326
v -0.054831 0.014982 0.010138
v 0.045000 0.010494 0.040625
v -0.033808 0.007743 0.198000
v 0.045000 0.010680 0.080313
v -0.099289 -0.000962 0.046934
v 0.018500 0.018500 0.146552
v -0.010500 0.002500 0.115522
v -0.123452 -0.016283 0.065363
v -0.037625 0.019500 0.171500
v -0.037625 0.021000 0.171500
v -0.038563 0.019500 0.168711
v -0.036688 0.021000 0.174254
v 0.007500 0.022000 0.000000
v 0.016250 0.022000 0.000000
v -0.011812 0.021000 0.149000
v -0.022500 0.005875 0.178000
v -0.008199 0.005730 0.208000
v -0.034375 0.002500 0.196000
v -0.034375 0.002500 0.198000
v -0.033187 -0.001500 0.196000
v -0.045000 0.007023 0.087581
v -0.033097 0.019500 0.105273
v -0.041500 0.016492 0.149971
v 0.025000 0.016000 0.162000
v 0.008482 0.019500 0.185294
v 0.045000 0.022000 0.059375
v -0.041500 0.014459 0.136196
v 0.016625 0.021000 0.142500
v 0.016625 0.019500 0.142500
v 0.015688 0.019500 0.138731
v -0.008539 0.005813 0.186000
v 0.023000 0.004625 0.183000
v 0.026129 0.005688 0.183000
v 0.012875 0.019500 0.152389
v -0.022500 0.002500 0.153250
v -0.004833 -0.005500 0.199625
v -0.006604 -0.005500 0.194312
v 0.009125 0.016000 0.146000
v 0.023000 0.006409 0.178931
v 0.020500 0.015768 0.158750
v 0.020500 0.014277 0.185964
v 0.014750 0.016000 0.095000
v 0.016625 0.010677 0.095000
v -0.020500 0.010422 0.192510
v -0.123041 -0.029846 0.090254
v -0.008922 0.021000 0.148087
v 0.045000 0.011781 0.065312
v 0.039000 0.002500 0.109000
v -0.041500 0.002500 0.165750
v -0.118737 -0.017667 0.065028
v -0.113313 -0.022047 0.087779
v -0.035674 0.014047 0.198000
v 0.020500 0.008857 0.196003
v -0.036425 0.016000 0.175000
v -0.006500 0.016000 0.095000
v -0.021324 0.022000 0.057526
v 0.030807 0.007053 0.165000
v -0.037120 0.019500 0.151880
v -0.000088 0.022000 0.047825
v -0.089779 -0.000161 0.044022
v -0.103704 0.000025 0.053914
v -0.063257 0.013754 0.019434
v -0.006781 0.022000 0.074055
v -0.117503 -0.023091 0.070982
v -0.008500 0.021000 0.183000
v -0.029898 -0.003000 0.069779
v -0.038000 0.000000 0.073723
v -0.038000 -0.003000 0.073723
v -0.041500 0.008516 0.184532
v -0.013456 0.021000 0.147480
v 0.029765 0.022000 0.060982
v 0.036419 0.022000 0.077187
v 0.012061 0.004978 0.181000
v -0.041500 0.005444 0.182875
v 0.020500 0.004625 0.202000
v 0.020500 0.005688 0.198742
v 0.023000 0.011000 0.115375
v -0.098670 0.001161 0.065552
v -0.024500 0.018500 0.144625
v -0.045588 0.024311 0.010269
v -0.125461 -0.011903 0.091634
v 0.012875 0.016000 0.181000
v 0.011938 0.012625 0.181000
v -0.024500 0.016000 0.098000
v -0.004500 0.019500 0.179500
v -0.004500 0.021000 0.179500
v -0.005500 0.019500 0.175059
v -0.005500 0.021000 0.182393
v 0.023000 0.016768 0.168014
v 0.029848 0.009250 0.133000
v -0.038586 0.013179 0.147000
v -0.012500 0.019500 0.152500
v -0.012500 0.021000 0.152500
v -0.011500 0.019500 0.156433
v 0.006890 0.019500 0.135125
v -0.012500 0.019500 0.145500
v -0.012500 0.021000 0.145500
v -0.012914 -0.005500 0.195086
v -0.016595 -0.003202 0.189000
v -0.033444 0.022000 0.065862
v 0.016625 0.021000 0.174500
v 0.016625 0.019500 0.174500
v 0.015688 0.019500 0.170258
v -0.041500 0.005875 0.178000
v -0.118655 -0.004015 0.079349
v -0.020500 0.011000 0.127808
v -0.012500 0.019500 0.176473
v 0.020500 0.010004 0.105270
v -0.040000 0.002500 0.182875
v -0.041500 0.002500 0.182875
v -0.040000 -0.005500 0.184750
v -0.040000 -0.001500 0.181000
v -0.040000 -0.000379 0.183812
v 0.045000 0.011473 0.053298
v -0.045000 0.004424 0.033098
v -0.028000 -0.005500 0.196000
v 0.001500 0.013319 0.160407
v -0.118828 -0.006800 0.064618
v -0.042255 0.024245 0.014214
v 0.010910 -0.003000 0.048367
v 0.034000 0.016000 0.133000
v 0.039000 0.009250 0.133000
v 0.039000 0.012625 0.133000
v 0.023000 0.005875 0.165000
v -0.091999 -0.000937 0.045885
v -0.089161 -0.004782 0.047665
v 0.020500 0.009227 0.164723
v -0.016795 0.019500 0.176197
v -0.024000 -0.001500 0.181000
v 0.002375 -0.003000 0.023553
v -0.122934 -0.012172 0.090890
v 0.034631 0.022000 0.051132
v -0.035750 0.021000 0.095000
v 0.018500 0.017750 0.175000
v -0.032138 0.002500 0.115739
v 0.031000 0.019500 0.183000
v 0.005375 0.016000 0.181000
v 0.003500 0.016000 0.178000
v 0.004437 0.013192 0.181000
v 0.006312 0.016000 0.178328
v -0.112538 -0.021498 0.070819
v -0.114323 -0.018520 0.069933
v -0.000500 0.016477 0.176977
v -0.057422 0.016431 0.015360
v -0.031685 0.002500 0.126367
v -0.013900 0.021000 0.150179
v 0.003500 0.016000 0.146000
v -0.111912 -0.009598 0.076525
v -0.002000 -0.005500 0.193250
v -0.013957 0.019500 0.166793
v -0.037625 0.016000 0.178000
v -0.038563 0.013192 0.178000
v 0.029912 0.006154 0.183000
v 0.010924 0.021000 0.144793
v -0.131619 -0.009171 0.078073
v -0.009989 0.005256 0.095000
v -0.005500 0.021000 0.097856
v 0.039000 0.011000 0.118625
v -0.015500 0.016000 0.149167
v 0.030875 -0.003000 0.022940
v 0.003500 0.018500 0.146625
v -0.012521 0.021000 0.183000
v -0.015500 0.021000 0.183625
v 0.006850 0.019500 0.165250
v -0.020500 0.019500 0.188750
v -0.037625 0.019500 0.101500
v -0.037625 0.021000 0.101500
v -0.014297 0.004746 0.186000
v -0.040000 -0.005500 0.192250
v -0.045000 0.004856 0.081241
v 0.011990 0.022000 0.041576
v -0.039500 0.016000 0.144000
v -0.064959 -0.001315 0.018805
v -0.066498 0.007258 0.015215
v 0.010513 0.002500 0.162000
v 0.003500 0.018500 0.178625
v -0.060152 0.003525 0.035529
v 0.039000 0.005682 0.172319
v -0.117854 -0.013548 0.062965
v -0.050646 0.013459 0.011096
v -0.035314 0.019500 0.128911
v 0.019000 -0.001500 0.190000
v -0.010500 0.019500 0.208000
v -0.005500 0.016000 0.149167
v -0.041500 0.004966 0.180376
v 0.014753 0.019500 0.184332
v -0.039500 0.017750 0.178000
v -0.098078 -0.002389 0.043524
v -0.022500 0.013740 0.161020
v 0.025000 0.011000 0.000000
v 0.007008 0.021000 0.178000
v -0.105484 -0.014193 0.054487
v 0.035985 0.013119 0.101000
v -0.020500 0.014313 0.143883
v 0.045000 0.006301 0.070938
v -0.016133 0.019500 0.157250
v -0.038916 0.019500 0.150019
v -0.091313 0.005000 0.044346
v -0.027836 0.019500 0.192443
v -0.124998 -0.025883 0.089575
v -0.039125 0.002500 0.178000
v -0.037937 0.005859 0.178000
v 0.020500 0.014658 0.164473
v 0.034094 0.019500 0.144423
v -0.000500 0.009920 0.105365
v -0.033196 0.016000 0.175000
v 0.032152 0.009250 0.139000
v -0.114484 -0.024559 0.086042
v -0.008500 0.016000 0.098000
v -0.056959 0.017480 0.024455
v -0.052064 0.017085 0.030123
v -0.053799 0.013063 0.026379
v -0.059037 0.016944 0.033230
v 0.039000 0.015226 0.107000
v -0.004500 0.021000 0.101500
v -0.004500 0.019500 0.101500
v -0.003500 0.019500 0.104843
v -0.131430 -0.003921 0.084622
v -0.045000 0.011281 0.069964
v 0.016625 0.019500 0.149500
v 0.016625 0.021000 0.149500
v 0.017562 0.019500 0.152284
v 0.007250 0.016000 0.095000
v 0.009125 0.008385 0.095000
v 0.031903 0.019500 0.129327
v -0.029842 0.019500 0.104455
v -0.116587 -0.003935 0.065431
v 0.028000 0.016000 0.165000
v -0.113054 -0.017383 0.071919
v 0.025000 0.016000 0.098000
v -0.086833 0.004387 0.037766
v -0.089946 0.003132 0.040163
v 0.045000 0.005822 0.076872
v 0.045000 0.000000 0.070938
v 0.026110 0.013062 0.165000
v 0.018500 0.017750 0.181000
v 0.037000 0.016000 0.136000
v -0.033392 0.021000 0.174498
v -0.026375 0.019500 0.147500
v -0.026375 0.021000 0.147500
v -0.025437 0.019500 0.150289
v -0.027312 0.021000 0.144746
v -0.034030 -0.003000 0.044013
v -0.027406 -0.000947 0.181000
v 0.005375 0.019500 0.142500
v 0.005375 0.021000 0.142500
v 0.004437 0.019500 0.139309
v 0.037500 0.002500 0.179375
v 0.039000 0.002500 0.179375
v 0.037500 -0.000160 0.178562
v -0.002500 0.018500 0.095000
v 0.014750 0.021000 0.095000
v 0.012875 0.016000 0.098000
v 0.020500 0.016483 0.172011
v -0.010500 0.002500 0.166000
v 0.028967 0.013399 0.183000
v -0.030125 0.019500 0.101500
v -0.030125 0.021000 0.101500
v -0.008502 0.019500 0.106317
v 0.015688 0.021000 0.146746
v 0.034629 0.014901 0.183000
v -0.092201 -0.016249 0.051342
v -0.020500 0.009979 0.163702
v 0.045000 0.022000 0.089062
v -0.000500 0.005875 0.186000
v 0.002462 0.022000 0.014091
v -0.022500 0.017750 0.101000
v -0.022500 0.016875 0.104113
v 0.001500 0.008403 0.186937
v -0.119940 -0.023378 0.072353
v -0.000500 0.019500 0.143187
v -0.000500 0.009979 0.168298
v -0.020500 0.014405 0.196109
v 0.020500 0.002500 0.155500
v -0.014450 0.002500 0.161000
v -0.020500 0.015441 0.136780
v 0.025000 0.018500 0.161375
v -0.080182 0.007249 0.053717
v -0.007852 -0.003000 0.064053
v -0.010500 0.016000 0.149833
v 0.030905 0.019500 0.142994
v -0.004500 0.021000 0.152500
v -0.004500 0.019500 0.152500
v -0.003500 0.019500 0.155333
v -0.120462 -0.007775 0.065468
v 0.034000 0.016000 0.139000
v -0.028442 0.019500 0.157975
v 0.023000 0.019500 0.178500
v 0.026965 0.009758 0.183000
v -0.117729 -0.007685 0.070390
v -0.115247 -0.006165 0.069150
v -0.116156 -0.010267 0.071188
v -0.085872 0.007411 0.040437
v -0.033235 0.019500 0.151239
v 0.037500 0.002500 0.172875
v 0.039000 0.002500 0.172875
v 0.037500 -0.001480 0.172062
v -0.116031 -0.008385 0.067290
v -0.092310 0.002490 0.042386
v -0.002500 0.016000 0.098000
v 0.015871 0.022000 0.013420
v -0.058788 0.019600 0.029955
v -0.022500 0.015715 0.156494
v -0.014703 0.019500 0.177192
v -0.015464 -0.005500 0.192536
v -0.040000 0.002500 0.194125
v -0.041500 0.002500 0.194125
v -0.040000 -0.001500 0.196000
v -0.040000 -0.000379 0.193187
v -0.126329 -0.027555 0.087291
v 0.045000 0.007331 0.047244
v 0.028000 0.016000 0.133000
v 0.045000 0.010148 0.026875
v 0.023000 0.010845 0.168424
v -0.006590 0.019500 0.192708
v -0.041500 0.013740 0.157980
v -0.109619 -0.009809 0.069506
v 0.045000 0.007088 0.059422
v -0.008375 -0.001500 0.206000
v -0.059857 0.013332 0.014495
v -0.127887 -0.019164 0.070672
v -0.011727 -0.000079 0.189000
v -0.047867 0.011834 0.005406
v -0.049971 0.014922 0.003784
v -0.018500 0.016000 0.183000
v -0.029025 0.019500 0.153317
v -0.087817 0.006410 0.041654
v -0.035750 0.008203 0.095000
v 0.002066 0.006967 0.095000
v -0.039500 0.018500 0.175552
v 0.032500 0.016000 0.136000
v -0.022500 0.005667 0.194125
v 0.012875 0.019500 0.174500
v 0.012875 0.021000 0.174500
v 0.011937 0.019500 0.170825
v -0.020500 0.008383 0.157941
v 0.041500 0.000000 0.073281
v 0.003500 0.017750 0.175000
v 0.039000 0.014459 0.143804
v 0.035500 0.019500 0.141934
v -0.111948 -0.016141 0.073755
v -0.111800 -0.013401 0.075073
v 0.034750 0.016000 0.135250
v -0.098074 -0.005332 0.073052
v -0.016409 0.022000 0.083201
v -0.025833 0.019500 0.104787
v 0.037000 0.017750 0.133000
v 0.020500 0.007434 0.186003
v 0.029125 0.016000 0.136187
v -0.022500 0.012676 0.105388
v -0.008180 0.006859 0.146000
v 0.016688 0.010938 0.181000
v -0.012219 -0.005500 0.191840
v 0.037000 0.016000 0.162000
v 0.033111 0.021000 0.162000
v 0.007872 0.013437 0.202000
v -0.016160 -0.005500 0.195781
v -0.012500 0.016000 0.183000
v 0.029500 0.016000 0.162000
v -0.022500 0.019500 0.193000
v 0.026000 0.000000 0.095000
v -0.016205 0.019500 0.137322
v -0.059156 0.016892 0.018196
v 0.039000 0.014313 0.103832
v -0.025485 0.005045 0.178000
v -0.006810 0.019500 0.112398
v 0.007008 0.019500 0.196064
v -0.035895 0.002500 0.163263
v 0.020500 0.002500 0.168500
v 0.027498 0.019500 0.127896
v 0.034250 -0.005500 0.181000
v -0.041500 0.016543 0.169085
v 0.005375 0.021000 0.181500
v 0.005375 0.019500 0.181500
v 0.045000 0.022000 0.011875
v 0.018500 0.016000 0.098000
v 0.004894 0.019500 0.185063
v -0.084054 0.001070 0.046527
v 0.029477 -0.003000 0.035262
v -0.101866 -0.011372 0.049594
v -0.033187 0.005024 0.198000
v 0.035056 0.021000 0.163369
v -0.118157 -0.023632 0.091985
v -0.120115 -0.017195 0.093278
v 0.013704 -0.003000 0.068998
v 0.003966 -0.003000 0.061994
v -0.009250 0.016000 0.183000
v 0.045000 0.000000 0.040625
v 0.039000 0.009250 0.159000
v 0.039000 0.012625 0.159000
v 0.033576 0.010938 0.159000
v 0.028153 0.010938 0.159000
v 0.039000 0.014313 0.154094
v -0.020500 0.014191 0.167123
v 0.026500 0.019500 0.130334
v 0.020500 0.010858 0.186535
v 0.006024 0.019500 0.169919
v -0.036000 -0.005500 0.196000
v -0.008500 0.019500 0.179500
v -0.008500 0.021000 0.179500
v -0.009500 0.019500 0.176665
v -0.005125 0.000000 0.095000
v 0.020500 0.006955 0.191974
v 0.034000 0.016000 0.159000
v -0.011383 -0.003000 0.025688
v -0.007758 -0.003000 0.078769
v -0.110834 -0.024827 0.076293
v -0.013930 0.013403 0.208000
v 0.033299 -0.003000 0.077969
v 0.010708 0.019500 0.184039
v -0.027759 0.019500 0.103671
v -0.004500 0.021000 0.186500
v -0.004500 0.019500 0.186500
v -0.003500 0.019500 0.189800
v -0.057546 0.020572 0.025044
v -0.057023 0.022052 0.026284
v 0.007733 -0.003000 0.025377
v -0.019000 0.000142 0.194560
v -0.020500 0.005096 0.192033
v -0.102765 -0.002760 0.071958
v 0.012661 0.002500 0.182500
v -0.075571 0.010538 0.047847
v 0.039000 0.014313 0.130130
v 0.028000 0.016000 0.159000
v -0.012500 0.016000 0.186000
v -0.013500 0.013131 0.186000
v 0.039000 0.003998 0.172062
v 0.045000 0.007452 0.033822
v 0.037000 0.018500 0.136625
v -0.027483 -0.005500 0.184457
v -0.113290 -0.006132 0.066664
v -0.038000 -0.003000 0.081241
v -0.038000 0.000000 0.081241
v -0.083240 -0.006872 0.033145
v 0.028889 0.021000 0.136000
v 0.025677 -0.003000 0.025094
v -0.033875 0.019500 0.168610
v -0.017572 0.013170 0.101000
v -0.073128 0.000843 0.048820
v -0.006239 0.016000 0.183000
v 0.005375 0.021000 0.174500
v 0.005375 0.019500 0.174500
v 0.008964 0.019500 0.153083
v -0.000500 0.011000 0.124479
v -0.031920 0.022000 0.044909
v -0.006979 0.019500 0.159676
v 0.024500 0.002500 0.172875
v 0.023000 0.002500 0.172875
v 0.024500 -0.001500 0.173687
v -0.045000 0.006821 0.064433
v -0.128621 -0.026637 0.084943
v -0.000500 0.002500 0.173000
v -0.012500 0.019500 0.186500
v -0.012500 0.021000 0.186500
v -0.011500 0.019500 0.190423
v 0.039000 0.014371 0.177669
v 0.024500 -0.001500 0.168000
v 0.031000 -0.005500 0.174500
v 0.035219 0.019500 0.154827
v -0.007865 -0.003000 0.070719
v -0.059572 0.010081 0.018256
v -0.053049 0.000040 0.021845
v -0.056089 0.005340 0.020431
v -0.020500 0.004684 0.202812
v -0.052514 0.019064 0.020762
v 0.002937 0.000000 0.090000
v -0.019000 -0.000734 0.199580
v 0.020500 0.019500 0.140375
v 0.023000 0.014514 0.128168
v -0.020500 0.005472 0.200623
v -0.024000 -0.001500 0.190375
v -0.016500 0.021000 0.179500
v -0.016500 0.019500 0.179500
v 0.023000 0.013210 0.144678
v -0.036208 0.019500 0.169150
v -0.026761 0.011951 0.147000
v -0.012625 -0.005500 0.189000
v 0.001500 0.002500 0.168500
v 0.021305 -0.003000 0.023902
v -0.008500 0.021000 0.101500
v -0.008500 0.019500 0.101500
v 0.034150 0.019500 0.170437
v -0.026313 0.009148 0.178000
v 0.019000 -0.001500 0.184000
v -0.000500 0.004760 0.192187
v -0.040000 -0.001500 0.189271
v 0.030865 0.007153 0.159000
v -0.007477 0.019500 0.200703
v -0.003321 0.019500 0.142768
v -0.111774 -0.013404 0.065439
v 0.007572 0.004976 0.181000
v -0.000500 0.017750 0.101000
v -0.000500 0.019500 0.103813
v -0.000500 0.016875 0.103495
v 0.015217 0.021000 0.098250
v 0.039000 0.004553 0.169551
v -0.096485 0.000439 0.045125
v -0.055859 0.013763 0.018224
v -0.016625 -0.003000 0.023966
v -0.055728 0.016159 0.012820
v 0.003500 0.016000 0.098000
v -0.095682 -0.000819 0.042460
v -0.065060 0.001592 0.015377
v -0.110990 -0.014200 0.056816
v 0.036258 0.022000 0.067785
v 0.021263 0.022000 0.066762
v 0.010216 0.022000 0.078422
v -0.020500 0.004892 0.196111
v -0.011875 0.000000 0.020000
v -0.005500 0.016000 0.098167
v -0.024000 -0.001500 0.196000
v -0.026375 0.019500 0.178500
v -0.026375 0.021000 0.178500
v -0.025437 0.019500 0.181611
v -0.027312 0.021000 0.175746
v 0.029500 0.021000 0.132500
v -0.008500 0.016000 0.186000
v -0.009500 0.011951 0.186000
v -0.031990 0.021000 0.176253
v -0.020500 0.002500 0.173000
v -0.030125 0.016000 0.098000
v 0.012453 -0.003000 0.024460
v -0.121659 -0.003022 0.073163
v -0.120277 -0.001350 0.073540
v -0.103300 -0.020131 0.060655
v -0.036142 0.022000 0.074323
v -0.039500 0.018500 0.143375
v 0.020500 0.007421 0.153856
v 0.014716 0.021000 0.144734
v 0.038000 -0.003000 0.023437
v 0.038000 0.000000 0.023437
v 0.045000 0.000000 0.026875
v -0.018500 0.017750 0.180000
v -0.122148 -0.020667 0.070047
v 0.016625 0.012609 0.149000
v 0.020500 0.014028 0.151219
v -0.019000 -0.002794 0.193958
v -0.022816 -0.003000 0.026475
v -0.111737 -0.026338 0.080193
v -0.033875 0.013059 0.178000
v 0.001500 0.007842 0.107514
v -0.031342 0.004351 0.198000
v -0.018500 0.016000 0.098000
v -0.012500 0.016000 0.146000
v -0.011500 0.012625 0.146000
v 0.003875 0.002500 0.181000
v -0.123067 -0.024440 0.074938
v -0.054780 0.007261 0.033425
v 0.037000 0.017750 0.101000
v 0.013000 -0.005500 0.186667
v -0.034785 -0.005500 0.185762
v -0.010510 0.021000 0.181827
v -0.128432 -0.026678 0.079871
v -0.041500 0.002500 0.111000
v 0.033750 0.022000 0.095000
v 0.045000 0.005074 0.023437
v 0.045000 0.013113 0.017035
v 0.034214 -0.003000 0.037187
v 0.029043 -0.003000 0.043119
v 0.037000 0.016000 0.098000
v -0.019000 0.000595 0.196613
v -0.019000 -0.005500 0.191125
v -0.000142 0.022000 0.083476
v -0.088734 0.002799 0.046502
v -0.130904 -0.022157 0.087310
v -0.033875 0.016000 0.144000
v -0.027312 0.021000 0.098793
v 0.008046 0.002500 0.133125
v -0.120951 -0.023927 0.095213
v -0.025775 0.019500 0.162625
v -0.014861 0.019500 0.201919
v -0.035170 0.021000 0.176146
v -0.026375 0.016000 0.147000
v 0.009587 0.016000 0.178031
v -0.113935 -0.002449 0.072263
v -0.026375 0.019500 0.101500
v -0.026375 0.021000 0.101500
v -0.008500 0.019500 0.145500
v -0.008500 0.021000 0.145500
v -0.009500 0.019500 0.142263
v -0.007266 0.021000 0.181384
v -0.096309 0.002714 0.047840
v -0.035224 0.002500 0.131583
v 0.013160 0.005618 0.202000
v -0.024500 0.018500 0.095000
v -0.011644 0.019500 0.120429
v -0.116502 -0.007577 0.068944
v 0.045000 0.005074 0.028903
v -0.020500 0.004709 0.189737
v 0.011000 0.002500 0.116510
v 0.028677 0.019500 0.177768
v -0.016115 0.011850 0.180000
v -0.002500 0.016000 0.183000
v -0.045000 0.000000 0.024366
v -0.041500 0.000000 0.022183
v -0.019000 -0.000388 0.195753
v 0.014209 0.021000 0.176846
v 0.023000 0.005135 0.171179
v 0.015425 0.016000 0.146000
v 0.023000 0.009250 0.139000
v 0.023000 0.012625 0.139000
v -0.112867 -0.002633 0.062310
v -0.016648 -0.000146 0.189000
v 0.028000 0.021000 0.095000
v -0.026761 0.011951 0.101000
v -0.030250 0.012851 0.101000
v -0.011750 0.002500 0.189000
v -0.108246 -0.004653 0.053727
v -0.123465 -0.021448 0.093251
v -0.115926 -0.023350 0.089470
v 0.012875 0.012885 0.149000
v 0.034000 0.016000 0.165000
v -0.087877 0.004928 0.039815
v 0.006795 -0.003000 0.030760
v -0.007160 0.021000 0.096834
v -0.007779 0.019500 0.156019
v -0.004500 0.016000 0.146000
v -0.118414 -0.002030 0.076878
v 0.019000 -0.005500 0.188000
v 0.005375 0.019500 0.101500
v 0.005375 0.021000 0.101500
v 0.006313 0.019500 0.105820
v -0.015500 0.021000 0.181441
v -0.022309 -0.003000 0.039627
v -0.012375 0.001205 0.189000
v 0.031000 0.002500 0.120333
v 0.010739 0.019500 0.151722
v -0.028808 -0.003080 0.181000
v -0.040433 0.010751 0.095000
v 0.002827 0.022000 0.038661
v -0.008122 0.019500 0.189581
v -0.041500 0.011000 0.114468
v -0.018500 0.018500 0.148375
v -0.026955 -0.005500 0.187524
v -0.029387 -0.005500 0.191526
v -0.097934 -0.009485 0.067497
v -0.028955 -0.001375 0.196000
v -0.114725 -0.010195 0.063261
v -0.000500 0.008597 0.117081
v -0.008180 0.006859 0.180000
v 0.017894 0.013361 0.181000
v -0.012686 0.019500 0.105383
v -0.002500 0.018473 0.098656
v 0.015688 0.016000 0.177672
v 0.039000 0.002500 0.125000
v -0.104930 -0.010973 0.074609
v 0.020500 0.004390 0.200121
v -0.012500 0.012914 0.101000
v 0.029000 0.002500 0.181000
v 0.030000 -0.001500 0.181000
v -0.016500 0.016000 0.152000
v -0.120135 -0.019356 0.067633
v 0.006237 0.021000 0.145214
v 0.033365 -0.003000 0.072926
v 0.005375 0.021000 0.149500
v 0.005375 0.019500 0.149500
v -0.016875 -0.005500 0.189000
v -0.019000 -0.002945 0.191108
v -0.071589 -0.001648 0.021997
v -0.073524 0.006247 0.022982
v -0.041500 0.005601 0.186656
v 0.032500 0.019500 0.104379
v 0.034000 0.016000 0.162000
v -0.082866 0.014688 0.045969
v -0.015812 -0.005500 0.190625
v -0.093285 0.005855 0.047999
v -0.087166 0.007239 0.050221
v -0.027080 0.000000 0.090000
v 0.007250 0.021000 0.095000
v 0.002938 -0.003000 0.069397
v -0.045683 0.018513 0.002890
v -0.019000 0.000553 0.201156
v 0.029240 0.019500 0.130039
v 0.015778 -0.005500 0.188333
v -0.024826 0.013526 0.147000
v -0.116824 -0.010631 0.065409
v 0.045000 0.011000 0.000000
v 0.004971 0.019500 0.189217
v 0.045000 0.014100 0.087585
v 0.009339 0.002500 0.182500
v -0.053837 0.010574 0.003151
v 0.026867 0.019500 0.143269
v -0.024000 -0.001500 0.186140
v 0.026834 0.019500 0.105156
v 0.035500 0.019500 0.158500
v 0.015688 0.016000 0.098328
v -0.041500 0.004625 0.198000
v -0.012500 0.019500 0.179500
v -0.012500 0.021000 0.179500
v 0.001500 0.014441 0.138169
v -0.120055 -0.027505 0.089427
v -0.020500 0.005875 0.186000
v -0.085469 0.006535 0.047118
v -0.083400 0.005464 0.049138
v -0.087827 0.005062 0.048258
v 0.001500 0.014313 0.172881
v -0.080798 0.007628 0.034164
v -0.010510 0.021000 0.184173
v -0.016500 0.016000 0.146000
v -0.015500 0.012090 0.146000
v 0.031952 0.019500 0.155334
v 0.030239 0.019500 0.168799
v -0.027016 0.019500 0.136153
v -0.000500 0.019500 0.188750
v 0.033203 -0.003000 0.031486
v -0.027230 -0.003000 0.024617
v 0.039000 0.016940 0.155933
v -0.121035 -0.024386 0.074016
v 0.034250 -0.005500 0.171250
v -0.041500 0.004603 0.184804
v -0.088414 0.002314 0.037126
v -0.006439 0.022000 0.040760
v -0.038000 0.000000 0.066205
v -0.038000 -0.003000 0.066205
v -0.006250 -0.005500 0.189000
v -0.020500 0.004456 0.194045
v -0.030125 0.016000 0.174485
v 0.023000 0.002500 0.125000
v -0.000500 0.002500 0.159000
v -0.024442 -0.003000 0.059072
v -0.024875 0.002500 0.178000
v 0.036266 0.019500 0.168367
v 0.006312 0.021000 0.147459
v -0.030125 0.019500 0.171500
v -0.030125 0.021000 0.171500
v -0.031063 0.019500 0.168839
v -0.004767 -0.005500 0.191767
v -0.008255 0.022000 0.082143
v -0.022500 0.014394 0.182849
v 0.032167 0.002500 0.112667
v -0.020096 0.022000 0.070599
v -0.035434 0.019500 0.150003
v -0.132739 -0.025078 0.079776
v -0.058266 0.013780 0.021355
v -0.055558 0.009816 0.022930
v -0.035629 0.019500 0.134702
v 0.022272 -0.003000 0.067388
v -0.131153 -0.017919 0.088780
v -0.132157 -0.028225 0.083288
v -0.058335 -0.000674 0.015247
v -0.094075 0.000921 0.042634
v -0.008898 -0.005500 0.191910
v -0.026375 0.021000 0.140500
v -0.026375 0.019500 0.140500
v -0.119417 -0.003129 0.070128
v 0.020500 0.014313 0.140831
v 0.016625 0.016000 0.101000
v 0.015688 0.012104 0.101000
v 0.014837 0.002500 0.157721
v -0.030125 0.019500 0.178500
v -0.030125 0.021000 0.178500
v -0.029187 0.019500 0.182050
v -0.016730 0.019500 0.105144
v -0.089873 0.001103 0.045779
v -0.020500 0.005296 0.205574
v 0.039000 0.014400 0.169856
v -0.022500 0.009867 0.151425
v -0.013500 0.021000 0.184756
v 0.027576 0.006558 0.139000
v -0.037625 0.016000 0.172000
v -0.036688 0.012104 0.172000
v 0.035313 0.016000 0.137313
v 0.018500 0.021000 0.144250
v -0.013000 0.002500 0.206000
v -0.013000 0.002500 0.208000
v 0.020500 0.005875 0.181000
v 0.039000 0.007588 0.152844
v 0.001500 0.016949 0.172513
v -0.080062 0.011754 0.048288
v 0.004191 0.019500 0.171895
v -0.047840 0.010475 0.003613
v 0.012875 0.019500 0.142500
v 0.012875 0.021000 0.142500
v 0.011937 0.019500 0.138867
v -0.089902 0.006503 0.044468
v -0.047586 0.021353 0.009023
v -0.089137 -0.003071 0.031092
v 0.045000 0.007017 0.086476
v -0.045000 0.014978 0.087582
v -0.053202 0.012757 0.013490
v 0.009125 0.019500 0.181500
v 0.009125 0.021000 0.181500
v 0.035000 0.002500 0.159000
v -0.024000 0.000500 0.196000
v -0.018500 0.017750 0.152000
v -0.026375 0.012831 0.178000
v -0.081166 -0.009795 0.045439
v -0.094504 0.004038 0.047222
v -0.113594 -0.008969 0.083130
v -0.047642 0.023819 0.012286
v 0.023000 0.015030 0.148768
v 0.028795 0.019500 0.141794
v 0.011000 -0.005500 0.200000
v -0.016500 0.016000 0.101000
v -0.014500 0.016000 0.095000
v -0.117435 -0.007792 0.061535
v -0.018500 0.018500 0.182448
v -0.015375 0.016000 0.098000
v 0.025000 0.016000 0.136000
v -0.115299 -0.005496 0.079702
v -0.008500 0.016000 0.152000
v -0.009500 0.012625 0.152000
v -0.017459 -0.005500 0.190541
v -0.122329 -0.032191 0.086300
v -0.012500 0.012921 0.180000
v -0.008933 0.012793 0.101000
v -0.033875 0.016000 0.141000
v -0.032938 0.012625 0.141000
v -0.038154 0.019500 0.137207
v 0.009125 0.021000 0.098250
v -0.114600 -0.027752 0.082061
v -0.000500 0.005021 0.198628
v -0.035992 0.021000 0.144000
v -0.016500 0.021000 0.152500
v -0.016500 0.019500 0.152500
v -0.004728 0.012130 0.101000
v 0.033250 0.016000 0.098000
v -0.007035 0.019500 0.142987
v 0.036087 0.019500 0.151250
v 0.005761 0.011951 0.143000
v 0.033497 -0.003000 0.041781
v -0.018000 0.002500 0.186000
v -0.019000 0.000867 0.198516
v -0.033765 0.012958 0.101000
v -0.045000 0.022000 0.024873
v 0.018500 0.018473 0.098656
v 0.029500 0.021000 0.098250
v -0.055062 0.017333 0.021814
v 0.009635 0.010168 0.181000
v -0.006933 0.016000 0.096878
v -0.005286 0.005747 0.186000
v 0.030125 0.016000 0.098000
v 0.018439 0.004538 0.202000
v -0.056218 0.014690 0.011552
v -0.130945 -0.026773 0.081045
v -0.020500 0.016477 0.155023
v 0.028000 0.016000 0.139000
v 0.003500 0.017750 0.143000
v -0.020500 0.014576 0.175076
v 0.037500 -0.000722 0.175292
v -0.013851 -0.005500 0.190747
v 0.028849 -0.001714 0.168000
v -0.000500 0.004879 0.194667
v 0.035985 0.013119 0.165000
v 0.018500 0.018500 0.178552
v -0.024500 0.016000 0.096500
v -0.024500 0.018150 0.097250
v -0.060398 -0.001402 0.029473
v -0.046964 0.013879 0.006884
v -0.016935 0.022000 0.046432
v -0.008500 0.013572 0.146000
v 0.016000 0.000000 0.095000
v -0.124261 -0.007633 0.070558
v 0.039000 0.004021 0.180187
v -0.000500 0.009408 0.198458
v -0.024000 -0.000500 0.193187
v -0.091615 0.007625 0.048131
v -0.054854 0.021530 0.018639
v -0.062599 0.013387 0.038978
v -0.031024 -0.003034 0.196000
v -0.024000 -0.005500 0.192250
v 0.023000 0.016168 0.142607
v -0.019000 0.000832 0.193024
v 0.032500 0.013512 0.165000
v 0.020500 0.008975 0.199342
v 0.020500 0.014167 0.197487
v -0.114513 -0.007524 0.074290
v -0.134263 -0.012618 0.087283
v 0.005254 0.021000 0.179313
v -0.070526 0.014950 0.030369
v -0.122013 -0.005237 0.070754
v 0.026087 -0.003000 0.071093
v -0.096435 -0.013043 0.049299
v -0.020403 -0.003000 0.023535
v -0.056250 0.015296 0.020713
v 0.001500 0.010146 0.138758
v -0.091722 -0.012095 0.056096
v 0.015000 -0.005500 0.200000
v -0.024127 0.022000 0.086688
v -0.024000 -0.002848 0.183570
v 0.021384 -0.003000 0.056416
v -0.037625 0.021000 0.147500
v -0.037625 0.019500 0.147500
v -0.060879 0.006381 0.015157
v -0.058881 0.003128 0.016182
v -0.057771 0.008279 0.013598
v 0.009125 0.019500 0.149500
v 0.009125 0.021000 0.149500
v 0.045000 0.016500 0.095000
v -0.086514 0.003575 0.044639
v -0.020102 -0.003000 0.033781
v -0.024500 0.017750 0.101000
v 0.027540 0.011290 0.139000
v -0.024000 0.002500 0.194125
v -0.022500 0.002500 0.194125
v 0.024500 -0.001500 0.181000
v 0.039000 0.016830 0.167965
v -0.004500 0.016000 0.095000
v -0.003500 0.011562 0.095000
v -0.033112 0.019500 0.182270
v -0.032461 0.021000 0.144000
v -0.041500 0.011000 0.123673
v -0.033875 0.019500 0.178500
v -0.033875 0.021000 0.178500
v 0.037000 0.017750 0.165000
v 0.027250 0.016000 0.161250
v 0.036341 0.022000 0.086282
v -0.089707 -0.006391 0.060875
v -0.114835 -0.005918 0.060601
v -0.018500 0.018500 0.095000
v -0.057371 0.013283 0.019555
v -0.022500 0.006633 0.187141
v -0.091347 -0.004600 0.040303
v -0.091836 0.001492 0.040482
v 0.025000 0.017750 0.139000
v 0.026856 -0.003000 0.030447
v -0.034248 0.006760 0.101000
v -0.014450 0.002500 0.171000
v 0.033135 0.021000 0.097957
v 0.035352 0.022000 0.024189
v -0.123958 -0.018915 0.093719
v -0.040000 0.002500 0.190375
v -0.041500 0.002500 0.190375
v -0.037325 0.019500 0.182411
v 0.001500 0.002500 0.155500
v 0.037000 0.018500 0.161375
v -0.059456 0.015137 0.016312
v -0.036041 0.019500 0.160182
v 0.004898 0.011148 0.095000
v -0.000500 0.011077 0.203083
v -0.012500 0.016000 0.180000
v 0.013442 -0.003000 0.074141
v -0.012435 0.006843 0.208000
v 0.009125 0.019500 0.140079
v -0.022500 0.004625 0.198000
v 0.026906 0.006447 0.165000
v -0.024500 0.016000 0.175000
v -0.045000 0.020050 0.012332
v -0.045000 0.014902 0.018326
v -0.024000 -0.000011 0.183420
v -0.045000 0.010371 0.014166
v -0.033875 0.016000 0.147000
v -0.034813 0.013224 0.147000
v -0.029740 0.013127 0.141000
v -0.054788 0.010399 0.012489
v -0.033187 0.004305 0.178000
v -0.112275 -0.015245 0.078570
v -0.110106 -0.018607 0.079753
v -0.110056 -0.014468 0.076707
v 0.003500 0.017750 0.149000
v 0.010276 0.019500 0.105417
v -0.022500 0.005638 0.190562
v 0.030694 0.021000 0.134702
v -0.022500 0.004586 0.195912
v -0.040000 0.000089 0.186753
v -0.014733 0.019500 0.129991
v 0.030694 0.021000 0.137298
v 0.019000 -0.005500 0.196000
v -0.005625 -0.001906 0.189000
v -0.115511 -0.026456 0.076579
v -0.020500 0.011000 0.113965
v -0.016944 0.019500 0.109583
v -0.030995 -0.003000 0.037162
v 0.008516 0.022000 0.021609
v 0.029000 0.002500 0.183000
v 0.020500 0.007690 0.169865
v -0.019000 -0.001655 0.194941
v -0.110708 -0.008527 0.081384
v -0.002500 0.017750 0.101000
v 0.017245 0.005284 0.095000
v -0.012887 0.012998 0.152000
v -0.057415 0.011569 0.017395
v -0.090626 0.007704 0.051124
v -0.090103 0.009184 0.052363
v -0.091660 0.007802 0.054670
v -0.014089 0.019500 0.155297
v -0.076381 -0.005172 0.028224
v 0.039000 0.005875 0.165000
v -0.003295 0.019500 0.176803
v -0.045000 0.014533 0.025847
v -0.008500 0.016000 0.101000
v -0.012664 -0.001786 0.206000
v 0.036696 0.004548 0.165000
v -0.002000 -0.002529 0.195175
v -0.030125 0.016000 0.144000
v -0.017893 0.013360 0.146000
v -0.000500 0.017750 0.152000
v -0.000500 0.016875 0.154625
v 0.015197 0.022000 0.052024
v 0.015140 0.019500 0.108875
v -0.026179 -0.003000 0.028294
v -0.047795 0.017328 0.012420
v -0.049478 0.019017 0.016780
v -0.047438 0.022432 0.018563
v 0.006780 0.019500 0.183750
v 0.028000 0.016000 0.101000
v 0.025000 0.018473 0.098656
v -0.008743 0.012669 0.180000
v 0.037000 0.018500 0.095000
v 0.041219 0.019750 0.095000
v -0.088357 0.001877 0.044822
v -0.006628 0.019500 0.165797
v 0.001500 0.007548 0.158750
v -0.107988 -0.017652 0.059672
v -0.036763 -0.005500 0.188331
v -0.024000 -0.005500 0.182875
v 0.024500 -0.000490 0.170844
v 0.001500 0.014313 0.183169
v -0.040000 0.000202 0.190903
v -0.034227 0.021000 0.142364
v -0.009411 0.010668 0.095000
v -0.041500 0.015715 0.162506
v -0.086366 0.008568 0.042571
v -0.035969 0.022000 0.086166
v 0.035000 0.000000 0.000000
v -0.091086 0.003100 0.060040
v -0.005500 0.002500 0.180000
v 0.019339 0.022000 0.084503
v -0.030764 -0.003000 0.062594
v 0.035537 0.019500 0.104170
v -0.015916 -0.001662 0.189000
v 0.025000 0.018500 0.095000
v -0.038980 0.013412 0.172000
v -0.000500 0.014663 0.199175
v 0.014830 0.013830 0.149000
v 0.009552 0.021000 0.178852
v -0.017500 0.019500 0.154966
v -0.015500 0.016000 0.182833
v -0.119503 -0.029085 0.081400
v -0.000500 0.008383 0.174059
v -0.116874 -0.011530 0.060143
v -0.016679 0.021000 0.150281
v 0.023000 0.014459 0.154196
v -0.037346 0.010151 0.198000
v -0.006604 -0.005500 0.202576
v -0.018500 0.016000 0.099500
v -0.018500 0.018393 0.098750
v 0.014067 0.019500 0.105234
v 0.007667 -0.005500 0.189333
v -0.115270 -0.020924 0.091760
v -0.114270 -0.008907 0.064340
v -0.112060 -0.010248 0.066414
v -0.025625 0.002500 0.181000
v -0.111908 -0.009097 0.082571
v 0.037000 0.018625 0.163291
v -0.090916 -0.006780 0.044740
v -0.056100 0.008178 0.011309
v -0.000500 0.004543 0.200820
v -0.027361 0.016000 0.175268
v -0.047049 0.014643 -0.000351
v -0.026375 0.016000 0.095000
v -0.025437 0.011645 0.095000
v -0.026638 0.016000 0.097250
v 0.010500 -0.005500 0.188333
v 0.013248 0.006760 0.143000
v -0.014762 -0.005500 0.194384
v 0.038000 0.000000 0.095000
v -0.030157 0.022000 0.088905
v 0.033112 0.019500 0.113648
v 0.027250 0.021000 0.160893
v 0.034000 0.016000 0.101000
v 0.041156 0.013750 0.095000
v 0.026944 0.021000 0.134631
v -0.018500 0.018625 0.150291
v -0.119619 -0.013036 0.065907
v -0.118144 -0.015386 0.066686
v 0.024500 0.000394 0.172759
v -0.124953 -0.028969 0.083560
v 0.027750 -0.005500 0.181000
v -0.049737 0.019919 0.009945
v -0.024500 0.018500 0.175625
v 0.013248 0.006760 0.175000
v -0.005500 0.021000 0.184568
v 0.027022 0.016000 0.136978
v 0.014785 0.013111 0.181000
v 0.026110 0.013062 0.101000
v 0.025000 0.017750 0.159000
v -0.026000 -0.005500 0.181000
v 0.018500 0.017750 0.143000
v -0.037625 0.021000 0.140500
v -0.037625 0.019500 0.140500
v -0.002500 0.017750 0.180000
v -0.012820 0.006859 0.101000
v -0.028919 -0.003540 0.196000
v -0.020500 0.004101 0.204390
v -0.017029 -0.005500 0.193898
v -0.002500 0.018500 0.148375
v 0.037500 -0.005500 0.177750
v 0.012094 0.019500 0.103728
v 0.019185 0.022000 0.059000
v -0.012014 0.016000 0.098000
v -0.126409 -0.026917 0.081724
v 0.045000 0.005229 0.053458
v -0.089909 0.004982 0.050844
v -0.087897 0.001966 0.051984
v -0.019000 0.002500 0.192187
v -0.002500 0.021000 0.150750
v 0.023000 0.016750 0.130125
v -0.111107 -0.013749 0.085367
v -0.057833 0.014630 0.013561
v -0.109505 -0.026409 0.077218
v 0.037500 -0.005500 0.171250
v -0.037114 -0.005500 0.183820
v -0.061050 0.016148 0.019680
v 0.029500 0.013512 0.159000
v -0.113979 -0.004093 0.070193
v -0.004250 0.004081 0.208000
v 0.026125 0.002500 0.168000
v -0.002000 -0.005500 0.195375
v -0.121327 -0.027258 0.079988
v -0.120467 -0.004834 0.069278
v -0.034248 0.006760 0.147000
v 0.005375 0.016000 0.149000
v 0.004437 0.013192 0.149000
v 0.006312 0.016000 0.146328
v 0.015150 0.004637 0.202000
v -0.036038 0.022000 0.017760
v -0.007655 0.022000 0.026707
v -0.015500 0.013566 0.152000
v -0.015812 -0.005500 0.189000
v -0.030125 0.016000 0.172000
v -0.029187 0.013224 0.172000
v -0.030125 0.012885 0.178000
v -0.086186 0.009257 0.047398
v 0.018378 -0.003000 0.070269
v -0.029625 0.002500 0.196000
v -0.029625 0.002500 0.198000
v -0.113773 -0.003608 0.076805
v 0.016625 0.021000 0.095000
v -0.045000 0.022000 0.044909
v -0.111027 -0.011804 0.076660
v -0.017572 0.013170 0.186000
v -0.085767 -0.006189 0.041460
v -0.010257 0.016000 0.097005
v 0.015594 -0.002094 0.184000
v -0.019000 -0.000996 0.193618
v -0.117527 -0.013380 0.058593
v -0.114731 -0.013239 0.057246
v -0.002500 0.017750 0.146000
v -0.041500 0.000000 0.079361
v 0.020500 0.016805 0.139457
v -0.016500 0.016000 0.180000
v 0.034352 0.011131 0.133000
v 0.023000 0.010276 0.128834
v 0.024500 -0.001150 0.177344
v 0.024500 0.000500 0.181000
v -0.113942 -0.020566 0.069534
v -0.114562 -0.021719 0.073146
v 0.001500 0.006299 0.193353
v -0.014500 0.021000 0.095000
v -0.009566 -0.005500 0.196277
v 0.033444 -0.003000 0.059219
v -0.013687 -0.003559 0.189000
v -0.059497 0.005243 0.011900
v -0.060421 0.010518 0.011583
v -0.022500 0.008506 0.195420
v -0.061633 0.020224 0.025707
v 0.026749 -0.000084 0.168000
v -0.055296 0.018083 0.014751
v -0.003948 0.022000 0.033465
v -0.004655 0.012259 0.186000
v -0.004177 0.009925 0.208000
v -0.113745 -0.021960 0.071779
v 0.019000 -0.002500 0.187000
v -0.040000 0.000782 0.185135
v -0.032637 0.012542 0.172000
v -0.121836 -0.014563 0.062628
v -0.013764 0.019500 0.189045
v -0.094709 0.006902 0.051192
v -0.027312 0.021000 0.142519
v -0.124431 -0.025651 0.076959
v 0.013375 0.002500 0.200000
v 0.013375 0.002500 0.202000
v 0.014563 -0.001424 0.200000
v 0.006575 0.016000 0.098000
v -0.017693 0.019500 0.189231
v -0.022500 0.016871 0.185500
v -0.033697 0.022000 0.033682
v -0.053112 0.022123 0.021324
v -0.053853 0.018882 0.022256
v 0.012275 0.016000 0.145883
v 0.008277 -0.005500 0.186549
v -0.069851 0.012915 0.042598
v -0.012500 0.019500 0.101500
v -0.012500 0.021000 0.101500
v -0.013500 0.021000 0.098250
v -0.033875 0.019500 0.147500
v -0.033875 0.021000 0.147500
v -0.008500 0.019500 0.186500
v -0.008500 0.021000 0.186500
v -0.030083 0.021000 0.142578
v -0.030903 0.019500 0.136727
v -0.024000 0.002500 0.190375
v -0.022500 0.002500 0.190375
v -0.004032 0.000253 0.189000
v -0.055697 0.021218 0.023493
v 0.041500 0.000000 0.025156
v 0.019000 -0.001500 0.200000
v 0.033750 -0.001063 0.181000
v -0.020500 0.014313 0.177820
v -0.002388 -0.003000 0.080129
v -0.013536 -0.005500 0.201446
v 0.010924 0.021000 0.147207
v 0.025000 0.002500 0.165000
v 0.023000 0.005259 0.167706
v -0.055427 0.006666 0.008485
v -0.008000 0.002500 0.206000
v -0.008000 0.002500 0.208000
v 0.015000 -0.005500 0.194000
v -0.045000 0.006174 0.074523
v 0.016625 0.016000 0.143000
v 0.017562 0.013192 0.143000
v -0.051958 0.016844 0.008837
v -0.018500 0.017750 0.186000
v -0.016500 0.016000 0.186000
v 0.037500 -0.002702 0.177316
v -0.017250 0.002500 0.206000
v -0.016375 -0.000266 0.206000
v -0.057308 0.022331 0.022845
v -0.115438 -0.008774 0.057685
v -0.031227 0.019500 0.180777
v 0.034500 0.007813 0.095000
v 0.015038 -0.003000 0.079496
v 0.045000 0.000000 0.061563
v -0.037625 0.019500 0.178500
v -0.037625 0.021000 0.178500
v 0.045000 0.014066 0.073021
v -0.013990 0.000266 0.206000
v -0.117524 -0.006641 0.063140
v -0.056740 0.018540 0.017207
v -0.126334 -0.020162 0.090367
v -0.127814 -0.020680 0.091609
v -0.008375 -0.005500 0.189000
v 0.018125 0.002500 0.181000
v -0.121181 -0.029846 0.087853
v -0.090954 0.002022 0.048364
v -0.089356 -0.000580 0.049184
v -0.014421 0.000686 0.189000
v 0.034967 0.021000 0.134707
v -0.118353 -0.025421 0.089924
v 0.018500 0.000000 0.090000
v -0.114576 -0.015655 0.070825
v -0.035750 0.016000 0.095000
v -0.016479 0.010189 0.208000
v -0.036688 0.016000 0.143672
v -0.040000 -0.002682 0.185686
v -0.016981 0.019500 0.162500
v 0.033178 -0.001759 0.168000
v -0.010228 0.019500 0.104210
v -0.019000 -0.000692 0.197905
v -0.019000 -0.003179 0.198681
v -0.026607 -0.000096 0.196000
v 0.016625 0.021000 0.101500
v 0.016625 0.019500 0.101500
v 0.017563 0.019500 0.104691
v -0.113226 -0.020691 0.072751
v -0.061734 0.012676 0.016070
v -0.114069 -0.013752 0.086618
v -0.013188 -0.003000 0.080219
v -0.018702 -0.003000 0.072214
v 0.039000 0.004759 0.167143
v -0.041500 0.008328 0.181203
v -0.052369 0.013022 0.004422
v 0.037000 0.017750 0.139000
v 0.003000 -0.001500 0.190000
v -0.123594 -0.024297 0.091909
v -0.058170 0.009604 0.015828
v 0.003419 0.022000 0.069617
v 0.037000 0.018478 0.098565
v 0.034970 0.021000 0.099386
v 0.014051 0.019500 0.172121
v -0.020500 0.008875 0.205542
v -0.020500 0.009920 0.141635
v -0.002000 -0.003500 0.189000
v 0.024500 0.002500 0.169625
v 0.023000 0.002500 0.169625
v -0.006550 0.002500 0.161000
v -0.017992 0.005119 0.186000
v 0.008125 0.019500 0.103952
v -0.050867 0.010251 0.007232
v -0.039820 0.022000 0.029882
v -0.020500 0.019500 0.143187
v -0.045000 0.004878 0.058627
v -0.011000 0.021000 0.097548
v 0.014563 0.002500 0.200000
v 0.015156 0.000538 0.200000
v 0.005625 0.000000 0.095000
v -0.043048 0.022000 0.012333
v -0.036846 -0.005500 0.192894
v -0.005500 0.021000 0.150853
v -0.119973 -0.025478 0.091943
v -0.005418 0.002500 0.174773
v 0.002937 0.000000 0.085000
v 0.023000 0.004823 0.180661
v -0.038000 0.000000 0.058687
v -0.038000 -0.003000 0.058687
v 0.037500 0.001294 0.178562
v 0.025000 0.018500 0.136552
v -0.033875 0.019500 0.101500
v -0.033875 0.021000 0.101500
v -0.034813 0.021000 0.098250
v -0.019460 -0.003000 0.026769
v 0.035000 0.010045 0.000000
v 0.027958 0.022000 0.084263
v -0.090440 -0.002338 0.042059
v -0.041500 0.002500 0.186625
v -0.040000 0.002500 0.186625
v 0.029375 0.002500 0.168000
v -0.016500 0.019500 0.101500
v -0.016500 0.021000 0.101500
v -0.022500 0.017138 0.151688
v 0.025000 0.017750 0.165000
v -0.050595 0.019672 0.019069
v -0.073249 -0.006015 0.040103
v -0.041500 0.008540 0.187627
v -0.051489 0.016658 0.016325
v -0.014750 -0.005500 0.206000
v -0.028091 0.022000 0.071953
v -0.014654 -0.003000 0.056589
v -0.018500 0.017555 0.184104
v 0.031134 0.012504 0.133000
v -0.033875 0.016000 0.101000
v -0.032938 0.016000 0.098328
v 0.032750 0.002500 0.149000
v -0.118146 -0.005234 0.065763
v -0.000500 0.006009 0.189218
v -0.015528 0.014014 0.186000
v 0.039000 0.014252 0.167158
v -0.086602 -0.005405 0.050455
v 0.020500 0.011000 0.127250
v 0.009125 0.019500 0.101500
v 0.009125 0.021000 0.101500
v -0.000500 0.005875 0.180000
v 0.045000 0.005761 0.015000
v 0.032500 0.012783 0.139000
v 0.009125 0.019500 0.174500
v 0.009125 0.021000 0.174500
v 0.008188 0.019500 0.171795
v -0.047078 0.019921 0.006514
v 0.027799 -0.003000 0.027433
v 0.003500 0.018473 0.098656
v -0.035476 0.005932 0.198000
v -0.022500 0.002500 0.131000
v -0.032813 -0.005500 0.188116
v -0.016933 0.016000 0.184122
v 0.039000 0.004772 0.174403
v 0.020500 0.010608 0.118379
v -0.110484 0.000989 0.063917
v 0.034500 -0.003000 0.085000
v 0.034500 0.000000 0.085000
v -0.032000 0.016000 0.143086
v 0.013500 -0.003000 0.085000
v -0.099126 0.001371 0.049742
v -0.027312 0.016000 0.143672
v -0.000500 0.013781 0.177508
v -0.136395 -0.017980 0.072844
v -0.020500 0.019500 0.103813
v -0.124109 -0.030686 0.085254
v 0.031167 -0.003000 0.052752
v 0.007879 -0.005500 0.195121
v -0.112601 -0.012846 0.084919
v -0.022500 0.009065 0.189164
v -0.022500 0.014267 0.191061
v 0.009725 0.016000 0.097883
v -0.000500 0.015359 0.193740
v 0.026500 0.019500 0.158500
v 0.025750 0.019500 0.155472
v -0.045000 0.000000 0.033098
v 0.001490 -0.003000 0.045083
v 0.023000 0.014313 0.103870
v -0.058451 0.016449 0.016713
v 0.041500 0.000000 0.030312
v -0.118148 -0.020352 0.096218
v -0.034451 0.022000 0.090480
v 0.034250 -0.005500 0.176125
v -0.022500 0.011000 0.126000
v -0.110855 -0.013978 0.078375
v -0.128092 -0.007709 0.087737
v -0.003750 0.002500 0.189000
v -0.062210 0.017263 0.022621
v -0.116688 -0.008577 0.059554
v 0.023917 0.000000 0.090000
v 0.001500 0.008787 0.190616
v -0.002500 0.017750 0.152000
v -0.016000 0.021000 0.098952
v -0.019000 0.000317 0.197624
v -0.093174 0.007260 0.049673
v -0.123521 -0.027435 0.081125
v -0.124925 -0.027810 0.082164
v -0.112899 -0.000038 0.065707
v -0.041500 0.014430 0.187975
v -0.127576 -0.023677 0.087423
v -0.129055 -0.024195 0.088664
v -0.020500 0.010237 0.202728
v 0.038000 0.000000 0.037187
v 0.038000 -0.003000 0.037187
v 0.023000 0.014128 0.178631
v -0.119380 -0.024458 0.075826
v -0.118361 -0.026073 0.077323
v -0.117021 -0.028117 0.084716
v 0.023774 0.022000 0.088892
v -0.034212 -0.003000 0.023720
v -0.049196 0.012219 0.007621
v 0.035576 0.010697 0.139000
v -0.045000 0.000000 0.015000
v 0.012875 0.016000 0.101000
v 0.011938 0.012625 0.101000
v -0.018500 0.021000 0.184750
v -0.093044 -0.003897 0.043406
v 0.029508 0.019500 0.119703
v -0.003750 0.002500 0.206000
v -0.014325 0.004924 0.208000
v -0.007609 -0.003237 0.189000
v 0.025891 -0.003000 0.039005
v -0.091781 0.006048 0.046306
v 0.034323 -0.003000 0.024830
v -0.057956 0.020706 0.021580
v -0.022500 0.014148 0.116000
v -0.008500 0.016000 0.146000
v 0.037000 0.002500 0.165000
v 0.041500 0.000000 0.059219
v -0.052762 0.014600 0.015307
v 0.028650 0.013505 0.165000
v 0.039000 0.017096 0.103572
v -0.058051 0.006813 0.012063
v 0.045000 0.005739 0.065114
v 0.037500 0.000500 0.168000
v 0.003500 0.018500 0.095000
v 0.009766 -0.003000 0.056367
v -0.003718 -0.003000 0.038004
v -0.016123 0.004299 0.208000
v -0.002644 0.000000 0.090000
v -0.085345 -0.010608 0.049784
v 0.045000 0.005247 0.042183
v -0.016377 -0.005500 0.199625
v 0.003000 -0.001500 0.184000
v 0.020500 0.005420 0.183886
v 0.028829 0.000429 0.168000
v -0.040000 -0.002762 0.191751
v 0.029175 0.004704 0.165000
v -0.039725 0.004601 0.178000
v 0.016861 -0.003000 0.023895
v -0.028773 0.002500 0.110412
v -0.019791 0.010354 0.095000
v -0.024000 -0.005500 0.186625
v -0.024500 0.017750 0.147000
v -0.117583 -0.014981 0.089568
v 0.017949 0.019500 0.139977
v -0.015393 0.000945 0.206000
v -0.025999 0.022000 0.090905
v -0.028653 0.002500 0.131778
v -0.039500 0.017750 0.141000
v 0.019000 -0.001500 0.194333
v -0.005188 -0.000758 0.206000
v -0.040000 0.001506 0.191312
v 0.041500 0.000000 0.068594
v -0.049918 0.024915 0.016644
v -0.030694 0.004808 0.178000
v -0.016500 0.021000 0.095000
v -0.013188 0.000000 0.088000
v -0.088605 -0.002344 0.039680
v -0.115032 -0.026450 0.084303
v -0.008500 0.021000 0.152500
v -0.008500 0.019500 0.152500
v -0.117082 -0.025347 0.075918
v -0.004266 0.021000 0.147688
v -0.049767 0.011997 -0.000264
v -0.059499 0.006531 0.013569
v 0.030309 -0.003000 0.039248
v -0.125178 -0.022510 0.090766
v 0.024500 0.000500 0.168000
v -0.124894 -0.020415 0.091978
v -0.012820 0.006859 0.152000
v 0.012224 0.011660 0.095000
v 0.033127 0.021000 0.134197
v -0.018125 0.002500 0.187625
v -0.090952 -0.004294 0.045734
v -0.000500 0.008829 0.205467
v -0.000500 0.004622 0.196659
v 0.020500 0.002500 0.186000
v 0.019000 0.002500 0.186000
v 0.028056 0.006294 0.095000
v 0.033020 0.005112 0.183000
v -0.010600 -0.005500 0.193884
v -0.000500 0.015441 0.110220
v -0.045000 0.019075 0.011070
v -0.045000 0.016241 0.014268
v -0.045000 0.016746 0.011862
v 0.006257 -0.005500 0.192283
v -0.006343 -0.003000 0.024854
v -0.051347 0.022218 0.015001
v 0.006313 0.021000 0.098793
v -0.034810 0.016000 0.176213
v -0.027850 0.004637 0.198000
v 0.005375 0.021000 0.095000
v 0.011000 0.019500 0.124988
v -0.006604 -0.005500 0.197264
v -0.045000 0.005088 0.013370
v 0.001500 0.011000 0.116907
v -0.009545 -0.003000 0.044749
v 0.027281 -0.000414 0.181000
v -0.126999 -0.012298 0.068058
v 0.027250 0.021000 0.099183
v 0.001500 0.005054 0.195615
v 0.032898 0.019500 0.148165
v 0.028500 -0.003000 0.080757
v 0.020500 0.004966 0.187000
v 0.003000 0.002500 0.194000
v 0.001500 0.002500 0.194000
v 0.003000 -0.005500 0.196000
v 0.003000 -0.001500 0.195000
v -0.045000 0.016310 0.007493
v -0.110398 -0.015936 0.080520
v 0.011253 -0.005500 0.193374
v -0.002789 -0.003000 0.067396
v -0.034366 0.022000 0.055263
v 0.012875 0.019500 0.149500
v 0.012875 0.021000 0.149500
v -0.022500 0.016940 0.137933
v -0.001613 -0.003000 0.032352
v -0.116035 -0.028057 0.078711
v -0.034764 -0.005500 0.188659
v -0.031116 0.000061 0.196000
v -0.023942 -0.003000 0.045037
v -0.003428 0.013170 0.180000
v -0.045960 0.022949 0.017323
v 0.012875 0.016000 0.175000
v 0.013813 0.013224 0.175000
v -0.106892 -0.019009 0.083416
v -0.135540 -0.013770 0.077186
v -0.026375 0.016000 0.101000
v 0.031329 -0.000018 0.168000
v -0.040000 -0.003306 0.187879
v -0.121314 -0.013083 0.063868
v -0.013486 -0.005500 0.198241
v -0.003000 0.002500 0.186000
v -0.022500 0.004578 0.192352
v -0.048334 0.015042 0.001824
v -0.040000 0.000475 0.188757
v 0.024113 0.022000 0.025180
v 0.017523 0.005447 0.181000
v -0.019000 0.002500 0.194312
v -0.124626 -0.028321 0.089001
v -0.125326 -0.031564 0.086815
v 0.037500 -0.002982 0.174119
v 0.019000 -0.000333 0.197167
v 0.034250 -0.005500 0.168000
v 0.037500 -0.003163 0.170039
v -0.015761 0.019500 0.188449
v -0.024561 0.004538 0.198000
v -0.050881 0.013105 0.002607
v 0.026995 0.012097 0.133000
v 0.037500 0.002500 0.176125
v 0.039000 0.002500 0.176125
v 0.039000 0.004798 0.176937
v -0.029752 0.006760 0.141000
v -0.118773 -0.022379 0.094403
v 0.029611 0.013394 0.139000
v -0.031400 0.016000 0.099289
v -0.123095 -0.025445 0.076150
v 0.021750 0.012843 0.095000
v -0.021500 0.017250 0.095000
v 0.020133 -0.003000 0.079958
v 0.028000 0.016000 0.095000
v 0.029500 0.011155 0.095000
v -0.046994 0.016302 0.010059
v 0.029584 -0.003000 0.048050
v -0.040000 -0.001660 0.187163
v -0.089219 0.005123 0.056838
v 0.026500 0.019500 0.139500
v -0.033394 -0.003000 0.048876
v 0.033042 0.019500 0.141770
v -0.049299 0.023758 0.014347
v -0.012375 0.002500 0.187500
v -0.080756 0.003217 0.028401
v -0.012625 -0.005500 0.206000
v -0.041500 0.010209 0.136815
v -0.060161 0.015579 0.017796
v -0.018485 0.000000 0.090042
v 0.019000 -0.005500 0.194000
v -0.036594 -0.002094 0.196000
v -0.040000 0.001156 0.183636
v -0.041500 0.002500 0.153250
v -0.120178 -0.011108 0.088458
v -0.061977 0.007726 0.009980
v 0.012875 0.019500 0.181500
v 0.012875 0.021000 0.181500
v -0.032643 -0.003000 0.031933
v -0.041500 0.011133 0.182714
v -0.008800 0.002500 0.187500
v -0.112717 -0.019250 0.073958
v 0.020500 0.013728 0.132339
v -0.044734 0.026728 0.012294
v 0.019000 0.002500 0.198000
v 0.020500 0.002500 0.198000
v -0.118477 -0.012091 0.061488
v -0.002610 -0.003000 0.059190
v 0.041500 0.000000 0.063906
v -0.015875 0.000000 0.095000
v -0.115356 -0.009652 0.084687
v 0.035430 -0.003138 0.168000
v 0.001534 0.022000 0.058742
v -0.035280 0.002500 0.110328
v -0.026375 0.019500 0.171500
v -0.026375 0.021000 0.171500
v 0.003500 0.018625 0.144709
v 0.003799 -0.003000 0.078977
v -0.040000 0.001340 0.187551
v -0.038375 0.002500 0.196000
v -0.037562 0.000173 0.196000
v 0.009192 0.007743 0.202000
v -0.063294 0.004293 0.011408
v -0.062772 0.005773 0.012648
v 0.021086 0.022000 0.037005
v -0.033875 0.021000 0.171500
v -0.033875 0.019500 0.171500
v 0.025143 0.004865 0.165000
v -0.019000 -0.003881 0.192586
v -0.030606 -0.005500 0.189325
v -0.037156 0.021000 0.099064
v -0.030125 0.016000 0.141000
v 0.023000 0.004459 0.173024
v 0.001500 0.004284 0.193000
v 0.032989 0.004865 0.165000
v 0.009788 -0.002964 0.184000
v 0.029192 0.000423 0.181000
v -0.029117 0.019500 0.115699
v 0.012500 0.020000 -0.030000
v 0.031417 0.021000 0.099336
v -0.031907 -0.005500 0.184250
v -0.115199 -0.012619 0.085743
v 0.037500 -0.000981 0.177020
v 0.026015 0.013119 0.159000
v -0.129269 -0.018390 0.090829
v 0.005781 0.009952 0.202000
v 0.039000 0.014313 0.141108
v -0.118750 -0.028098 0.086973
v -0.034579 -0.003000 0.035418
v -0.000500 0.004294 0.190244
v 0.001500 0.014313 0.140878
v -0.112220 -0.017843 0.075137
v -0.012113 0.010465 0.186000
v -0.036204 0.013642 0.178000
v -0.014317 -0.005500 0.196461
v -0.123625 -0.017242 0.094813
v 0.023316 -0.003000 0.044243
v -0.011477 -0.002512 0.189000
v 0.009000 -0.005500 0.184000
v 0.027650 0.019500 0.150844
v -0.111230 -0.012285 0.081049
v -0.029339 -0.003000 0.057718
v 0.014217 0.000074 0.184000
v 0.018500 0.018625 0.144670
v -0.091019 -0.001611 0.043748
v 0.037227 0.011455 0.095000
v -0.116885 -0.010362 0.086179
v 0.033437 -0.005500 0.173687
v -0.116414 0.000035 0.070343
v 0.006197 0.004684 0.095000
v -0.118814 -0.030962 0.083351
v -0.107202 -0.011201 0.071806
v -0.109789 -0.014057 0.082028
v -0.013694 -0.003000 0.068490
v 0.035890 0.013062 0.159000
v 0.020500 0.008109 0.132076
v -0.124768 -0.013406 0.093137
v 0.012592 0.019500 0.116809
v -0.039500 0.016000 0.098000
v 0.032870 0.019500 0.168005
v 0.016625 0.016000 0.149000
v -0.009250 0.002500 0.206000
v -0.008625 0.000541 0.206000
v -0.041500 0.004708 0.192021
v -0.012067 -0.003000 0.030637
v 0.015750 0.002500 0.175000
v -0.011750 0.004545 0.208000
v 0.016956 0.000159 0.184000
v -0.065113 0.009753 0.016654
v 0.006707 0.019500 0.140143
v -0.004500 0.021000 0.095000
v 0.035875 -0.005500 0.169625
v -0.022500 0.007953 0.134597
v 0.005761 0.011951 0.175000
v 0.037000 0.002500 0.183000
v -0.109566 -0.012324 0.083016
v 0.024500 0.000833 0.176125
v 0.021276 0.018483 0.095000
v -0.086020 -0.003002 0.042487
v 0.018500 0.018500 0.095000
v 0.009250 0.012851 0.175000
v -0.114424 -0.021635 0.089747
v 0.035243 0.006880 0.159000
v -0.026375 0.016000 0.172000
v -0.025437 0.013192 0.172000
v 0.031000 -0.005500 0.171250
v 0.035781 0.006768 0.183000
v -0.046104 0.025190 0.012072
v 0.018500 0.017750 0.101000
v 0.009328 0.012872 0.149000
v 0.023000 0.009884 0.179634
v -0.034227 0.021000 0.145323
v -0.035562 0.004012 0.198000
v 0.024500 -0.005500 0.171250
v 0.038000 0.000000 0.044062
v 0.038000 -0.003000 0.044062
v -0.056147 0.012025 0.008011
v 0.001500 0.005453 0.189764
v -0.006353 0.019500 0.104386
v -0.033088 -0.003000 0.073521
v 0.024500 -0.000500 0.179251
v 0.017980 0.013412 0.101000
v -0.045000 0.010921 0.044196
v -0.020500 0.016990 0.177490
v 0.016625 0.016000 0.181000
v 0.008820 0.013238 0.181000
v -0.055773 0.017492 0.031200
v -0.047179 0.019663 0.014646
v -0.002500 0.018500 0.182448
v -0.019019 0.004966 0.095000
v 0.045000 0.005500 0.095000
v -0.058361 0.011052 0.009613
v -0.034419 -0.003000 0.064325
v -0.002000 0.000142 0.200440
v -0.027477 -0.003000 0.048626
v 0.017961 -0.003000 0.048855
v -0.041267 0.026266 0.011385
v -0.033956 -0.003000 0.069550
v -0.024167 -0.003000 0.069540
v -0.056164 0.013334 0.009728
v -0.032779 -0.005500 0.186085
v -0.127192 -0.014166 0.095065
v -0.039500 0.017750 0.147000
v -0.011687 -0.005500 0.196938
v -0.127743 -0.015668 0.093782
v -0.013680 0.013708 0.146000
v -0.045000 0.008009 0.051458
v -0.048154 0.017449 0.004706
v -0.046610 0.015324 0.008297
v -0.054541 0.017574 0.013117
v 0.033365 -0.003000 0.064262
v -0.045000 0.012197 0.009812
v -0.041500 0.004232 0.189437
v -0.051358 0.008090 0.005070
v 0.020500 0.004219 0.185301
v -0.040561 0.023512 0.011078
v -0.030033 0.021000 0.145362
v -0.033906 -0.005500 0.193640
v -0.019000 -0.005500 0.195375
v 0.001500 0.019500 0.183625
v -0.041500 0.007953 0.107403
v -0.022500 0.008430 0.166116
v -0.047597 0.016619 0.002913
v -0.030125 0.011703 0.095000
v -0.113723 -0.012942 0.063309
v 0.029872 -0.003000 0.031926
v 0.019000 -0.002914 0.196573
v 0.015817 0.004466 0.181000
v -0.054685 0.013307 0.016117
v -0.128316 -0.017667 0.092267
v -0.115672 -0.014520 0.088212
v 0.012171 0.021000 0.098659
v 0.039000 0.010824 0.168699
v -0.038018 -0.005500 0.190590
v -0.026869 -0.005500 0.193198
v 0.001500 0.005187 0.186000
v 0.019000 -0.003500 0.200000
v -0.025567 0.022000 0.064336
v 0.028853 0.019500 0.155516
v -0.006750 0.000331 0.189000
v -0.025877 -0.005500 0.185759
v -0.040000 0.002500 0.189437
v 0.010396 0.005225 0.202000
v -0.117371 -0.027147 0.078189
v -0.011058 0.022000 0.063155
v -0.041500 0.008430 0.152884
v 0.020500 0.005679 0.195040
v 0.024500 0.002500 0.176125
v 0.023000 0.002500 0.176125
v 0.037100 0.022000 0.041562
v 0.045000 0.014686 0.046676
v 0.010440 -0.005500 0.186131
v -0.034297 -0.003000 0.039797
v 0.008625 -0.001500 0.200000
v -0.015890 0.012000 0.095000
v 0.009125 0.016000 0.181000
v -0.002000 0.000009 0.194691
v 0.026701 -0.003032 0.181000
v 0.000760 0.012583 0.095000
v -0.040311 0.005170 0.095000
v -0.116231 -0.028735 0.082896
v -0.002000 0.000500 0.189000
v -0.013239 -0.000277 0.189000
v -0.024000 0.000500 0.191248
v 0.039000 0.004484 0.178580
v 0.005375 0.016000 0.143000
v 0.032625 -0.005500 0.168000
v -0.015500 0.002500 0.180000
v -0.024383 -0.003000 0.064308
v -0.054004 0.008894 0.009528
v -0.048049 0.010923 0.000293
v 0.035063 -0.005500 0.178562
v 0.010034 -0.003000 0.063829
v 0.036205 0.000000 0.090016
v 0.016688 0.008766 0.149000
v -0.006942 0.004373 0.186000
v 0.018688 0.012942 0.095000
v -0.057907 0.009150 0.006565
v 0.011582 -0.000551 0.200000
v -0.002000 -0.005500 0.203875
v -0.059195 0.007935 0.014992
v -0.034341 -0.005500 0.183113
v 0.020500 0.007205 0.188989
v -0.034274 0.012102 0.095000
v -0.021857 0.022000 0.016433
v -0.018069 0.013465 0.152000
v -0.063222 0.012429 0.017674
v 0.025000 0.002500 0.183000
v 0.037500 -0.005500 0.176125
v 0.017375 0.002500 0.184000
v -0.121492 -0.028856 0.089534
v 0.024500 0.002500 0.179375
v 0.023000 0.002500 0.179375
v -0.043479 0.024754 0.008118
v -0.042872 0.025704 0.012732
v -0.037659 0.021000 0.176266
v -0.002000 -0.000952 0.196546
v 0.030023 0.009251 0.183000
v 0.023000 0.008249 0.110189
v 0.020500 0.004717 0.190284
v -0.122895 -0.025688 0.078775
v 0.015601 0.019500 0.103585
v 0.007636 0.004907 0.202000
v 0.027562 0.016000 0.097562
v -0.028266 -0.005500 0.189467
v -0.115300 -0.029733 0.080402
v -0.040000 -0.003500 0.196000
v 0.035875 0.002500 0.168000
v 0.035063 0.000180 0.168000
v -0.084718 0.012381 0.045377
v 0.033000 0.002500 0.181000
v -0.015985 -0.005500 0.194558
v 0.033693 -0.003000 0.046259
v -0.051967 0.020052 0.012999
v -0.039439 0.004538 0.198000
v -0.059336 0.012315 0.012506
v -0.024000 -0.000053 0.188258
v 0.006672 0.019500 0.114935
v -0.034477 -0.003000 0.052831
v 0.026500 0.013769 0.139000
v 0.037500 0.002500 0.169625
v 0.039000 0.002500 0.169625
v -0.117939 -0.001529 0.070290
v 0.012584 -0.003000 0.039707
v 0.018500 0.021000 0.096625
v -0.030110 0.019500 0.150212
v -0.036425 0.016000 0.098000
v 0.007428 -0.003000 0.043202
v -0.035077 0.000115 0.196000
v -0.053615 0.008976 0.004964
v -0.002000 -0.002794 0.201042
v -0.056828 0.009831 0.014388
v -0.041500 0.000000 0.035281
v -0.002000 0.000786 0.193160
v -0.032640 -0.005500 0.182645
v -0.008811 -0.003000 0.035378
v 0.001052 -0.003000 0.081416
v -0.033875 0.016000 0.172000
v -0.033550 -0.005500 0.184594
v 0.031813 -0.003468 0.168000
v 0.026189 0.000951 0.181000
v -0.019000 -0.001329 0.190666
v 0.016394 -0.003289 0.200000
v 0.009117 -0.003000 0.079935
v -0.130362 -0.024075 0.087157
v -0.003428 0.013170 0.146000
v -0.019000 0.000580 0.199820
v -0.033777 -0.003000 0.057239
v 0.029500 0.019500 0.103992
v 0.041500 0.000000 0.035469
v 0.033157 0.000815 0.168000
v -0.090269 -0.002309 0.047375
v -0.000802 -0.003000 0.070905
v -0.046204 0.012874 0.004603
v -0.024000 -0.005500 0.190375
v 0.004625 0.002500 0.200000
v 0.003000 -0.001500 0.200000
v 0.005438 -0.000160 0.200000
v -0.039500 0.018473 0.098656
v -0.024500 0.017585 0.099086
v -0.116340 -0.003593 0.077869
v -0.122251 -0.030252 0.083952
v 0.007053 0.002500 0.166700
v -0.045000 0.006317 0.039441
v -0.009500 0.016000 0.147500
v -0.012327 -0.001370 0.189000
v 0.027750 -0.005500 0.172875
v -0.027435 0.019500 0.127371
v -0.013685 -0.005500 0.192917
v -0.115672 -0.013024 0.070616
v -0.020500 0.016771 0.142529
v -0.014394 -0.005500 0.191880
v 0.001500 0.010850 0.184258
v -0.003937 0.022000 0.066650
v -0.030125 0.019500 0.147500
v -0.030125 0.021000 0.147500
v -0.111785 -0.028503 0.077453
v 0.001500 0.005875 0.181000
v 0.037500 0.000226 0.170380
v -0.089261 -0.000912 0.042381
v 0.027033 0.021000 0.163293
v 0.003826 0.013526 0.175000
v -0.029633 -0.003000 0.029719
v -0.110290 -0.017204 0.065623
v -0.004084 -0.003000 0.046786
v -0.002963 -0.003000 0.027963
v -0.037060 0.000000 0.090060
v -0.033088 0.000726 0.196000
v -0.122519 -0.028367 0.091494
v -0.115858 -0.025956 0.086010
v 0.011479 0.013673 0.175000
v 0.006250 0.002500 0.175000
v -0.050640 0.016210 0.006314
v -0.012210 -0.005500 0.193614
v 0.031750 0.016000 0.162750
v 0.016610 -0.003000 0.028659
v -0.117681 -0.029541 0.083726
v 0.017375 0.002500 0.200000
v 0.020500 0.004732 0.192847
v 0.009125 0.019500 0.142500
v 0.009125 0.021000 0.142500
v 0.033175 0.000000 0.088248
v -0.040000 0.000500 0.181000
v 0.034771 -0.003000 0.068594
v -0.009722 0.004380 0.208000
v -0.112441 -0.014094 0.086340
v -0.035000 -0.003000 0.085000
v 0.018187 0.002500 0.182609
v -0.037528 0.000123 0.181000
v 0.007436 0.021000 0.097058
v -0.007813 0.000000 0.088000
v 0.007150 0.000000 0.089042
v 0.019000 0.000500 0.200000
v -0.019000 -0.002858 0.201336
v -0.041500 0.003959 0.193446
v -0.018500 0.016000 0.096500
v -0.055650 0.008264 0.006672
v 0.026937 0.002500 0.166609
v 0.026500 0.016000 0.133000
v 0.023000 0.013392 0.141790
v -0.111119 -0.017894 0.090320
v -0.113565 -0.016631 0.089843
v -0.045000 0.005663 0.046303
v -0.037955 -0.005500 0.186155
v -0.015831 -0.005500 0.197728
v 0.024500 -0.003067 0.170158
v -0.006652 0.013589 0.101000
v 0.017000 -0.005500 0.195000
v -0.033187 0.002500 0.196000
v -0.011187 -0.005500 0.199880
v -0.009836 -0.005500 0.202827
v -0.004125 -0.005500 0.206000
v 0.023000 0.005387 0.176229
v 0.029375 -0.005500 0.177750
v 0.012373 0.004709 0.095000
v 0.009836 -0.000022 0.184000
v -0.038375 0.002500 0.181000
v -0.005531 -0.003000 0.042327
v -0.121039 -0.012133 0.090045
v -0.093888 0.005833 0.057959
v -0.002000 0.000662 0.190851
v 0.001500 0.015768 0.165250
v -0.011576 -0.005500 0.201841
v 0.045000 0.003831 0.037338
v -0.125408 -0.026241 0.078075
v -0.026913 -0.003000 0.072520
v -0.048227 0.019920 0.007996
v -0.004500 0.016000 0.180000
v 0.009125 0.016000 0.101000
v 0.008188 0.013224 0.101000
v -0.018483 -0.003000 0.037732
v -0.090367 -0.002582 0.037481
v -0.093826 -0.002117 0.038384
v 0.003000 -0.005500 0.188000
v -0.023872 -0.003000 0.035697
v 0.005684 -0.005500 0.187440
v 0.017079 0.000599 0.200000
v 0.039000 0.009998 0.178577
v 0.000292 -0.003000 0.077336
v -0.027078 -0.003000 0.039896
v -0.004625 0.000940 0.206000
v -0.000494 -0.003000 0.063341
v 0.032625 0.002500 0.168000
v 0.001500 0.010493 0.125700
v -0.058073 0.007327 0.018895
v 0.010081 0.019500 0.103334
v 0.003000 -0.002750 0.192500
v -0.127477 -0.026969 0.086168
v -0.030858 -0.003000 0.040721
v -0.000500 0.012801 0.156468
v -0.131636 -0.026692 0.084547
v -0.061050 0.011375 0.013504
v -0.004520 -0.005500 0.195788
v -0.040519 0.022000 0.016308
v -0.045000 0.019065 0.015109
v -0.051396 0.024398 0.017884
v 0.003000 -0.005500 0.190000
v 0.007000 -0.005500 0.200000
v -0.119238 -0.029773 0.085437
v -0.037746 0.021000 0.142687
v -0.108815 -0.010953 0.079652
v -0.056125 0.021458 0.020189
v 0.001500 0.017750 0.101000
v -0.015003 0.002500 0.175497
v -0.000500 0.014313 0.143812
v 0.026000 0.003939 0.183000
v -0.024000 0.001123 0.189437
v -0.009871 -0.003000 0.028419
v 0.032750 -0.003000 0.081681
v -0.034337 -0.003000 0.076998
v -0.008993 -0.003000 0.074760
v 0.036000 0.004522 0.183000
v -0.121498 -0.009416 0.086995
v -0.054482 0.012007 0.005838
v -0.096930 -0.007229 0.042567
v 0.027750 -0.005500 0.168000
v 0.035500 0.021000 0.101500
v -0.033500 -0.003000 0.081096
v 0.032500 0.013512 0.101000
v 0.034300 -0.003000 0.055283
v 0.024066 0.022000 0.009180
v 0.019000 -0.005500 0.190000
v 0.030766 -0.001856 0.168000
v -0.024000 -0.002955 0.192476
v -0.118253 -0.011048 0.087574
v -0.027142 -0.003000 0.067042
v -0.027657 -0.003000 0.063763
v -0.055900 0.012969 0.023837
v -0.117335 -0.017802 0.092831
v -0.016180 -0.005500 0.203180
v -0.047154 0.022880 0.010440
v -0.029313 -0.003000 0.081782
v -0.004044 -0.005500 0.193741
v 0.023248 -0.003000 0.061787
v 0.003000 -0.002500 0.187000
v -0.048916 0.021915 0.019803
v 0.023000 0.010147 0.172282
v -0.030019 -0.003000 0.072907
v -0.017074 -0.005500 0.201447
v 0.009000 -0.005500 0.200000
v 0.045000 0.000000 0.052187
v -0.014724 -0.003000 0.062584
v -0.019236 -0.003000 0.079208
v 0.037500 0.000821 0.176811
v -0.032055 -0.005500 0.191710
v 0.016510 0.002500 0.182500
v -0.010307 -0.003000 0.039975
v 0.037500 0.000500 0.181000
v 0.014837 0.002500 0.166279
v -0.031303 0.005277 0.095000
v 0.023000 0.004273 0.174815
v -0.016151 0.004871 0.186000
v -0.110362 -0.010162 0.078137
v -0.045000 0.022000 0.019864
v -0.089653 -0.001593 0.033671
v -0.006577 -0.003000 0.045131
v -0.008628 -0.003000 0.049348
v -0.015826 -0.003000 0.048392
v -0.029632 -0.005500 0.183011
v 0.028929 0.013680 0.133000
v -0.024000 0.001146 0.193187
v 0.001326 -0.003000 0.039748
v -0.022500 0.004047 0.190829
v -0.089023 0.008265 0.049778
v 0.032500 0.016000 0.160500
v 0.013199 0.000551 0.200000
v -0.026063 0.002500 0.179297
v -0.113251 -0.013361 0.085808
v 0.013000 -0.005500 0.200000
v 0.014000 -0.005500 0.197000
v -0.131613 -0.014123 0.089814
v -0.055362 0.015297 0.025448
v -0.099774 -0.014695 0.063133
v 0.019000 0.002500 0.194000
v 0.020500 0.002500 0.194000
v -0.013500 0.019500 0.143094
v -0.113206 -0.017881 0.076362
v -0.111923 -0.019761 0.077108
v 0.031812 -0.005500 0.176937
v 0.037500 0.000949 0.175139
v -0.008644 -0.003000 0.057943
v -0.110682 -0.014432 0.080808
v -0.019000 0.000500 0.206000
v 0.037500 -0.002355 0.175675
v 0.022165 -0.003000 0.071316
v 0.035500 0.019500 0.165500
v 0.034363 0.004073 0.183000
v 0.027747 -0.003000 0.064380
v -0.053961 0.010022 0.010933
v 0.031813 0.001326 0.168000
v -0.059070 0.005677 0.017019
v -0.011932 -0.005500 0.198493
v -0.024025 0.022000 0.037905
v -0.013695 0.016000 0.096862
v -0.042773 0.022000 0.007812
v 0.041500 0.000000 0.054531
v -0.000500 0.015297 0.169459
v -0.038435 -0.005500 0.184663
v -0.045000 0.022000 0.064946
v -0.051580 0.009688 0.003257
v -0.022778 0.000000 0.089117
v -0.024000 -0.001380 0.184438
v -0.002000 -0.000477 0.193482
v -0.002000 -0.002543 0.193068
v -0.110034 -0.020209 0.085922
v -0.022500 0.014297 0.103175
v -0.036314 0.019500 0.116000
v -0.095329 -0.005615 0.039966
v -0.097805 -0.003622 0.041576
v 0.008625 0.005476 0.175000
v -0.037751 -0.003251 0.181000
v -0.115832 -0.022543 0.069624
v 0.020500 0.004504 0.196894
v 0.024500 -0.005500 0.177750
v 0.026937 -0.005500 0.178562
v 0.019000 -0.003500 0.189000
v -0.002000 0.000936 0.196437
v -0.049453 0.017358 0.014600
v 0.019000 0.000569 0.195000
v -0.002181 -0.003000 0.023721
v 0.027000 0.002500 0.159000
v -0.045808 0.022766 0.008554
v -0.020500 0.009266 0.196486
v -0.123500 -0.026393 0.091148
v -0.017233 -0.003000 0.068961
v -0.020500 0.016523 0.188936
v 0.020500 0.002500 0.171750
v -0.038460 0.022000 0.040190
v -0.037625 0.016000 0.147000
v -0.012659 -0.003000 0.052122
v 0.006049 -0.003000 0.066056
v 0.033147 0.008353 0.165000
v -0.087145 -0.005741 0.033440
v -0.048504 0.021645 0.010586
v -0.004027 -0.002988 0.206000
v -0.118116 -0.029003 0.084983
v 0.008583 0.020000 -0.014028
v 0.016543 -0.001311 0.200000
v -0.004076 0.019500 0.169834
v 0.035875 -0.005500 0.176937
v 0.037500 -0.000051 0.173431
v 0.016189 0.002500 0.170546
v -0.000336 -0.003000 0.026254
v -0.028557 0.000689 0.196000
v -0.053733 0.017621 0.020470
v 0.001500 0.005013 0.183429
v -0.111352 -0.015385 0.077196
v 0.033788 -0.000467 0.168000
v -0.009500 0.021000 0.150369
v 0.037500 -0.003581 0.172105
v -0.032778 -0.005500 0.189986
v -0.125986 -0.023909 0.089220
v 0.001500 0.007906 0.184026
v 0.030000 0.002500 0.181000
v -0.062054 0.009032 0.011769
v -0.022500 0.005356 0.180814
v 0.033000 0.002500 0.183000
v -0.040000 0.001190 0.189938
v -0.010936 0.001126 0.189000
v -0.114699 -0.003274 0.063847
v 0.024500 0.001031 0.178562
v -0.002000 -0.005500 0.199625
v -0.039793 0.022000 0.080299
v -0.000500 0.015572 0.189861
v -0.119908 -0.029309 0.086903
v -0.002000 0.000500 0.206000
v -0.034810 0.016000 0.173789
v 0.015583 -0.003000 0.054487
v -0.030000 -0.005500 0.196000
v -0.035463 0.005385 0.178000
v -0.119137 -0.025296 0.076723
v -0.012950 -0.005500 0.199852
v -0.002680 0.013613 0.186000
v 0.020500 0.008847 0.137520
v -0.037283 -0.001587 0.181000
v -0.005746 -0.003000 0.073488
v -0.006858 -0.005500 0.191107
v -0.010431 -0.002972 0.206000
v -0.008892 0.000584 0.189000
v -0.024500 0.018625 0.142709
v -0.115294 -0.013775 0.087163
v 0.030000 0.004191 0.183000
v -0.114416 -0.000569 0.066981
v -0.042498 0.022000 0.014775
v -0.041618 0.000000 0.075383
v -0.038599 0.008731 0.178000
v -0.118737 -0.028831 0.086009
v 0.030882 -0.003000 0.056600
v -0.120164 -0.026331 0.078391
v -0.034089 0.019500 0.137634
v -0.041500 0.004086 0.187638
v 0.021196 0.022000 0.030733
v -0.033875 0.016000 0.095000
v -0.103944 -0.003749 0.049340
v -0.040000 0.000337 0.187745
v 0.024792 -0.003000 0.034548
v 0.003000 -0.000080 0.192727
v -0.028094 -0.003000 0.075707
v 0.005288 -0.005500 0.194719
v -0.127806 -0.029081 0.084896
v -0.060568 0.009189 0.010054
v -0.027250 0.001122 0.196000
v 0.035625 0.000000 0.015753
v -0.035562 0.002500 0.179500
v -0.109142 0.001471 0.069596
v -0.022500 0.004775 0.188456
v 0.020753 -0.003000 0.032793
v -0.009907 -0.005500 0.198284
v -0.124760 -0.024331 0.090505
v 0.001500 0.009283 0.154029
v -0.015243 -0.003000 0.042757
v -0.024250 -0.003000 0.080420
v -0.013687 -0.005500 0.203845
v 0.027376 -0.003000 0.033322
v 0.010063 0.021000 0.176605
v -0.006479 -0.003057 0.206000
v -0.094807 -0.004135 0.041206
v -0.015760 -0.003000 0.033040
v 0.003000 0.002500 0.198000
v 0.001500 0.002500 0.198000
v 0.020500 0.003932 0.195000
v -0.040000 0.000244 0.182463
v -0.114198 -0.014708 0.087815
v -0.118929 -0.026692 0.078302
v -0.024000 0.002500 0.182875
v -0.022500 0.002500 0.182875
v -0.024000 0.002500 0.186625
v -0.022500 0.002500 0.186625
v -0.007384 -0.005500 0.192761
v 0.020500 0.004176 0.188591
v 0.019000 0.002500 0.193000
v 0.019000 0.000111 0.192500
v -0.011592 0.000362 0.206000
v -0.007404 -0.001399 0.189000
v -0.037746 0.021000 0.145312
v -0.006617 0.000658 0.206000
v -0.093203 -0.003574 0.039861
v -0.012178 -0.003000 0.059616
v -0.030065 -0.005500 0.184924
v 0.011340 0.016000 0.096874
v -0.120022 -0.027263 0.079444
v -0.040000 -0.002825 0.183158
v -0.047270 0.021073 0.016589
v -0.117403 -0.012898 0.068606
v 0.032625 -0.005500 0.170031
v 0.031702 0.000199 0.181000
v -0.024000 0.001301 0.187562
v -0.035562 0.002500 0.196000
v 0.023000 0.003796 0.170437
v -0.124597 -0.006900 0.085297
v -0.014689 -0.005500 0.200118
v 0.008491 0.012402 0.095000
v -0.040000 -0.001408 0.190879
v -0.011554 -0.005500 0.204124
v -0.021945 0.022000 0.077980
v -0.015385 -0.005500 0.201673
v -0.017536 -0.005500 0.195274
v -0.040000 -0.000868 0.188163
v -0.029752 0.006760 0.172000
v -0.061382 0.019008 0.023809
v -0.051529 0.018962 0.011022
v -0.119725 -0.024039 0.093484
v -0.022500 0.004937 0.183812
v -0.111822 -0.022615 0.085118
v -0.016596 -0.003204 0.206000
v -0.019000 -0.002947 0.203892
v 0.034250 -0.005500 0.169625
v -0.006750 0.002500 0.206000
v 0.027988 0.004254 0.183000
v -0.017316 -0.001672 0.206000
v -0.024000 -0.000909 0.191749
v -0.009675 -0.003577 0.189000
v -0.041500 0.004027 0.181851
v -0.030886 -0.003654 0.181000
v -0.019000 -0.005500 0.203875
v -0.037625 0.012609 0.141000
v -0.041500 0.014313 0.138892
v -0.049417 0.023415 0.018224
v -0.027250 0.002500 0.172000
v -0.123664 -0.027878 0.090333
v -0.045000 0.011257 0.006441
v -0.127265 -0.022798 0.088159
v -0.025625 0.002500 0.196000
v -0.033204 -0.002497 0.181000
v -0.016875 -0.005500 0.206000
v 0.032088 -0.003103 0.181000
v -0.011222 -0.003000 0.063011
v 0.011552 -0.005500 0.187203
v 0.015896 0.013412 0.095000
v -0.002000 -0.003962 0.194131
v 0.026125 0.000000 0.015340
v 0.002349 -0.003000 0.065730
v 0.005063 0.004022 0.202000
v 0.007430 0.002500 0.182500
v -0.014345 -0.003284 0.206000
v -0.019254 -0.003000 0.045190
v 0.000500 0.017250 0.095000
v -0.087372 0.008528 0.048768
v 0.029682 -0.003000 0.072186
v -0.037693 0.012971 0.095000
v -0.030501 -0.003000 0.047202
v 0.023000 0.003763 0.171824
v -0.004885 0.011850 0.152000
v -0.008284 -0.002231 0.189000
v -0.087559 0.000616 0.042160
v -0.085479 -0.000467 0.044188
v -0.019000 -0.003499 0.195903
v -0.036256 -0.005500 0.190091
v -0.007023 0.019500 0.177049
v -0.013292 -0.001248 0.189000
v -0.112372 -0.019993 0.089221
v -0.004500 0.016000 0.152000
v -0.015838 -0.003000 0.077476
v 0.003000 -0.000071 0.187857
v -0.120534 -0.029980 0.082903
v -0.116956 -0.013234 0.087218
v -0.117309 -0.028908 0.080264
v 0.010710 -0.003000 0.034573
v -0.002000 0.001417 0.194443
v -0.027312 0.021000 0.173519
v -0.041500 0.016940 0.181067
v 0.006077 -0.003000 0.081575
v -0.017380 -0.005500 0.204380
v -0.116964 -0.021448 0.093270
v -0.025675 -0.005500 0.183812
v -0.044682 0.025072 0.014250
v -0.125289 -0.017202 0.092846
v 0.035500 0.019500 0.101500
v -0.118852 -0.011827 0.088757
v 0.019000 -0.000071 0.187857
v 0.026937 -0.005500 0.170437
v -0.026406 -0.003132 0.181000
v 0.005254 0.021000 0.176688
v -0.028438 0.002500 0.196000
v 0.016775 0.003940 0.202000
v -0.017128 -0.005500 0.192205
v -0.024839 0.022000 0.049720
v 0.015561 0.000922 0.184000
v -0.117589 -0.008745 0.084546
v -0.030125 0.016000 0.178000
v -0.006817 -0.000974 0.206000
v 0.035875 -0.005500 0.171250
v -0.022500 0.004640 0.186296
v 0.017538 -0.003000 0.042950
v -0.030812 0.002500 0.196000
v -0.026375 0.013721 0.141000
v -0.006397 0.004494 0.208000
v -0.040000 -0.005500 0.190375
v 0.035500 0.013560 0.139000
v 0.019000 0.002500 0.190000
v 0.020500 0.002500 0.190000
v -0.111267 -0.026647 0.075018
v -0.030813 0.000676 0.181000
v -0.001997 -0.003000 0.043645
v -0.002000 -0.003500 0.206000
v -0.032469 0.021000 0.099064
v -0.030125 0.016000 0.147000
v -0.031063 0.012625 0.147000
v -0.016107 -0.003000 0.065722
v -0.113747 -0.024163 0.073099
v -0.112911 -0.022559 0.074763
v -0.030339 0.002500 0.179500
v -0.011500 0.021000 0.099619
v 0.015357 -0.005500 0.195786
v -0.023938 0.000000 0.085000
v 0.030509 -0.003000 0.062074
v -0.045000 0.015129 0.064226
v 0.029375 -0.005500 0.181000
v -0.000500 0.004524 0.203018
v 0.019000 -0.003403 0.193000
v 0.027372 -0.003000 0.067849
v -0.126544 -0.025503 0.087891
v -0.005009 -0.003000 0.076792
v 0.001500 0.009916 0.170630
v 0.037500 -0.003500 0.181000
v -0.018089 0.013476 0.180000
v 0.001500 0.010965 0.197971
v 0.023387 -0.003000 0.076163
v -0.002000 -0.003023 0.203532
v -0.004500 0.016000 0.186000
v -0.028717 0.013530 0.147000
v -0.100513 0.004332 0.055365
v -0.113044 -0.026387 0.081816
v -0.035810 -0.005500 0.191648
v -0.040000 -0.002481 0.193979
v 0.030077 -0.003561 0.181000
v 0.035351 0.000376 0.181000
v -0.041500 0.005746 0.188455
v 0.038000 0.000000 0.030312
v 0.038000 -0.003000 0.030312
v -0.008375 -0.005500 0.206000
v -0.120854 -0.030693 0.086333
v -0.017370 -0.005500 0.196987
v -0.065705 -0.003948 0.033033
v -0.016597 -0.003000 0.035690
v -0.009250 0.002500 0.189000
v 0.024500 0.000079 0.174512
v -0.127886 -0.024556 0.086686
v -0.035264 0.019500 0.180968
v -0.037562 0.001450 0.181000
v 0.026092 -0.003000 0.078295
v -0.126520 -0.022950 0.088984
v -0.004345 -0.005500 0.201925
v 0.011751 -0.003000 0.052569
v 0.005385 -0.003000 0.051659
v 0.031306 0.021000 0.163298
v -0.010257 -0.001043 0.206000
v 0.045000 0.015496 0.023120
v -0.019000 -0.004211 0.194545
v -0.038000 -0.005500 0.196000
v -0.035486 0.000695 0.181000
v -0.112111 -0.013531 0.085530
v -0.002911 0.013476 0.152000
v -0.013000 0.005431 0.180000
v -0.046264 0.011141 0.002438
v 0.008625 0.002500 0.200000
v 0.008625 0.002500 0.202000
v -0.112689 -0.018993 0.076514
v 0.035063 0.001482 0.168000
v 0.032625 -0.005500 0.175312
v 0.007745 -0.003518 0.184000
v -0.019000 -0.005500 0.199625
v -0.115056 -0.015728 0.089394
v -0.048821 0.020651 0.018044
v -0.020500 0.010278 0.175770
v 0.045000 0.011494 0.008587
v 0.037500 -0.001470 0.173971
v 0.011799 -0.003561 0.184000
v -0.019000 -0.003767 0.193613
v 0.015688 0.021000 0.099976
v -0.121837 -0.013968 0.092571
v -0.037000 -0.003919 0.196000
v 0.024727 -0.003000 0.068678
v -0.029111 -0.005500 0.193843
v 0.002415 -0.003000 0.056516
v 0.008986 -0.003000 0.069845
v -0.031573 -0.005500 0.187121
v 0.001500 0.004776 0.197878
v -0.123564 -0.031326 0.089015
v -0.018304 -0.003000 0.031225
v -0.122550 -0.026626 0.079750
v -0.026000 -0.005500 0.196000
v 0.003000 0.002500 0.190000
v 0.001500 0.002500 0.190000
v -0.129449 -0.027749 0.081579
v -0.022500 0.016492 0.169029
v -0.002940 0.007563 0.186000
v 0.007437 0.000718 0.184000
v 0.005200 -0.000353 0.184000
v 0.028911 -0.005500 0.171134
v -0.109920 -0.013286 0.084314
v 0.011871 0.021000 0.176149
v 0.014607 -0.003000 0.046127
v -0.000500 0.014793 0.136159
v -0.017455 0.000914 0.206000
v -0.028430 0.002500 0.179500
v 0.005161 0.019500 0.153303
v -0.033875 0.019500 0.140500
v -0.033875 0.021000 0.140500
v -0.022500 0.003978 0.184957
v -0.026335 -0.005500 0.190871
v 0.024249 -0.003000 0.073368
v -0.008500 0.013631 0.095000
v -0.014827 0.019500 0.115267
v -0.017793 -0.005500 0.202854
v 0.030243 0.001120 0.168000
v 0.003000 0.000625 0.195000
v -0.024000 -0.003500 0.181000
v -0.052908 0.022272 0.017086
v -0.122376 -0.031141 0.087720
v 0.035604 -0.005500 0.173417
v 0.010427 -0.003000 0.026636
v -0.113692 -0.020080 0.090815
v 0.037500 0.001500 0.177567
v -0.077189 0.013318 0.036863
v 0.031988 -0.002208 0.168000
v 0.030187 -0.005500 0.176125
v -0.052597 0.020747 0.014711
v -0.024000 0.001126 0.194663
v 0.013354 -0.005500 0.192323
v -0.116958 -0.014357 0.088559
v 0.003000 0.000500 0.189786
v 0.024500 0.000784 0.169693
v 0.030517 0.001095 0.181000
v -0.001624 -0.003000 0.054984
v -0.034383 -0.005500 0.192190
v 0.021271 -0.003000 0.074119
v -0.021523 -0.003000 0.042815
v 0.001500 0.004162 0.191127
v 0.003783 -0.003000 0.074445
v -0.121451 -0.031884 0.085563
v 0.019000 -0.000752 0.185916
v -0.118800 -0.009477 0.061119
v -0.019000 -0.004017 0.202575
v -0.087464 0.004175 0.046643
v -0.019000 0.000662 0.204149
v -0.018500 0.019390 0.096902
v 0.031812 -0.005500 0.172875
v 0.031136 0.022000 0.089479
v 0.003000 -0.000199 0.197601
v 0.026558 0.006798 0.159000
v 0.012500 0.002000 -0.030000
v -0.039500 0.018500 0.095000
v 0.003000 -0.003500 0.184000
v -0.045000 0.022000 0.089991
v -0.020138 -0.003000 0.055503
v -0.119822 -0.028299 0.088097
v 0.003000 0.001269 0.197000
v 0.016441 -0.005500 0.191000
v -0.006604 -0.005500 0.199109
v 0.032000 0.003814 0.183000
v 0.019000 -0.003796 0.194874
v 0.000388 -0.003000 0.050177
v 0.029826 -0.005500 0.172897
v -0.019000 0.000500 0.189000
v -0.039187 0.002500 0.179609
v -0.002000 0.002500 0.200687
v -0.012500 0.016000 0.152000
v -0.011336 0.019500 0.143469
v 0.010834 0.021000 0.097070
v -0.034591 -0.003502 0.196000
v -0.119354 -0.028204 0.080286
v -0.007758 -0.005500 0.195788
v 0.013919 -0.001637 0.184000
v 0.024500 0.001286 0.173824
v 0.014873 -0.005500 0.189974
v 0.032000 0.002500 0.181000
v -0.037625 0.016000 0.101000
v -0.038563 0.013192 0.101000
v -0.002000 -0.000969 0.190568
v -0.008500 0.016000 0.095000
v -0.034969 0.001379 0.196000
v -0.018563 -0.003000 0.085000
v 0.023000 0.010209 0.154815
v -0.019000 -0.001331 0.204333
v 0.032721 -0.005500 0.171597
v -0.121137 -0.025073 0.077300
v 0.021375 0.000000 0.015854
v 0.009125 0.016000 0.175000
v -0.004970 -0.005500 0.204002
v -0.036215 0.019500 0.138316
v -0.019000 -0.001122 0.201210
v -0.026438 0.000736 0.181000
v -0.003234 0.001185 0.206000
v -0.100728 -0.003642 0.045325
v -0.111310 -0.012554 0.084026
v -0.002500 0.017750 0.186000
v -0.119228 -0.030021 0.082402
v 0.012875 0.021000 0.095000
v -0.051019 0.022855 0.019568
v 0.013551 -0.003000 0.058141
v -0.016375 0.001307 0.189000
v 0.019000 -0.005500 0.198000
v 0.045000 0.014971 0.032744
v -0.019000 -0.002782 0.197228
v -0.116364 -0.001486 0.068310
v 0.001882 -0.003000 0.072169
v 0.019000 0.000862 0.186440
v 0.012188 0.000729 0.184000
v -0.130889 -0.025354 0.085996
v -0.018500 0.017750 0.146000
v 0.019946 -0.003000 0.045745
v -0.045000 0.017736 0.090982
v 0.005375 0.016000 0.101000
v 0.004437 0.013192 0.101000
v 0.026280 -0.003000 0.054660
v 0.019000 -0.000202 0.193849
v -0.025938 0.009645 0.198000
v -0.040000 -0.000988 0.185417
v -0.026329 -0.002836 0.196000
v 0.026125 -0.005500 0.172062
v 0.011247 -0.000386 0.184000
v -0.125422 -0.029859 0.084819
v -0.002500 0.017555 0.184104
v 0.037500 -0.000156 0.176260
v 0.035052 -0.003163 0.181000
v -0.002000 -0.003641 0.198562
v -0.040000 -0.005500 0.186625
v -0.111523 -0.018065 0.078291
v 0.019000 -0.002000 0.188500
v -0.013526 0.001448 0.189000
v -0.027904 -0.005500 0.190999
v -0.037625 0.021000 0.095000
v -0.036404 0.001074 0.196000
v -0.013047 -0.005500 0.196952
v -0.005192 -0.003000 0.056325
v 0.013000 -0.005500 0.184000
v 0.019000 0.001155 0.189000
v -0.012822 0.001085 0.206000
v 0.003000 0.000500 0.200000
v -0.009196 -0.003000 0.023256
v -0.119667 -0.026283 0.090506
v 0.019375 -0.003000 0.052770
v -0.110995 -0.026952 0.078439
v -0.002000 -0.004011 0.200073
v 0.015732 -0.003000 0.033682
v 0.008197 0.016000 0.099205
v -0.019000 0.000662 0.190851
v -0.019000 0.001291 0.194153
v 0.037500 0.000917 0.171981
v 0.006958 0.021000 0.179762
v -0.012500 0.016000 0.095000
v -0.011500 0.013127 0.095000
v -0.008123 -0.005500 0.203961
v -0.025000 0.020000 -0.015000
v -0.110333 -0.012498 0.079614
v -0.032482 -0.003950 0.181000
v -0.002000 -0.002571 0.199581
v -0.004148 -0.003000 0.063950
v -0.110585 -0.013315 0.081389
v -0.119663 -0.012819 0.062858
v 0.017191 0.019500 0.165250
v -0.019000 -0.001877 0.191840
v -0.028487 0.000795 0.181000
v -0.016422 0.000776 0.206000
v -0.010565 -0.005500 0.192193
v -0.033187 0.000524 0.181000
v 0.016503 -0.005500 0.198005
v -0.028438 0.002500 0.181000
v -0.113050 -0.010895 0.085198
v -0.040000 -0.003500 0.181000
v -0.008958 -0.003000 0.053184
v -0.048231 0.018524 0.006196
v -0.019513 -0.003000 0.060635
v -0.027342 -0.003000 0.079018
v -0.006750 0.002500 0.189000
v -0.113864 -0.009892 0.084344
v 0.016219 0.002000 -0.020391
v -0.038888 -0.000500 0.181000
v 0.003000 0.002500 0.195000
v 0.003000 -0.005500 0.194000
v 0.005443 -0.003057 0.200000
v -0.019000 -0.004113 0.197646
v -0.000500 0.007542 0.203190
v -0.117976 -0.012312 0.064722
v -0.002000 -0.003936 0.196437
v -0.059719 0.006841 0.010086
v 0.004441 0.000990 0.200000
v 0.003000 0.002500 0.186000
v 0.001500 0.002500 0.186000
v 0.031687 0.016000 0.099172
v -0.008334 -0.005500 0.197518
v 0.026500 0.019500 0.165500
v -0.004729 -0.005500 0.197702
v -0.035934 -0.005500 0.182656
v -0.048663 0.013605 0.000389
v -0.008374 -0.000578 0.189000
v -0.040000 -0.001358 0.182573
v -0.002000 0.001435 0.191967
v 0.011455 -0.003000 0.043592
v -0.014250 0.002500 0.206000
v -0.109977 -0.012995 0.082247
v -0.052002 0.018205 0.018990
v 0.001500 0.004625 0.202000
v 0.037500 0.001299 0.173787
v -0.045000 0.000000 0.041830
v -0.040000 -0.000322 0.189746
v -0.033600 -0.005500 0.189066
v -0.005371 0.000981 0.189000
v 0.022120 0.015714 0.095000
v -0.113228 -0.027023 0.076294
v 0.026564 0.016000 0.099436
v 0.037500 -0.001423 0.169760
v -0.110547 -0.019137 0.087972
v -0.122662 -0.031096 0.085133
v 0.014006 0.013760 0.101000
v -0.002872 0.005019 0.186000
v 0.029322 0.022000 0.040167
v -0.002000 0.000536 0.198438
v 0.003000 0.001041 0.198541
v -0.031358 -0.005500 0.193847
v -0.014817 -0.005500 0.198711
v 0.019000 -0.002500 0.198407
v -0.030004 0.001057 0.196000
v -0.123986 -0.015693 0.093116
v -0.122490 -0.016598 0.093566
v -0.108912 -0.021013 0.083433
v -0.110190 -0.015512 0.087085
v -0.125346 -0.024783 0.089619
v -0.093786 -0.011456 0.046289
v -0.124348 -0.021920 0.092002
v -0.035553 -0.005500 0.187216
v -0.029172 -0.000836 0.181000
v -0.112528 -0.019174 0.090482
v -0.004369 0.016000 0.182080
v -0.011563 -0.004206 0.206000
v -0.127301 -0.025838 0.086849
v -0.124805 -0.030079 0.088056
v -0.019000 0.001167 0.202632
v 0.027564 0.001086 0.168000
v 0.040099 0.016761 0.095000
v -0.049500 0.010129 0.005309
v -0.012768 -0.005500 0.202699
v -0.006420 -0.003000 0.067389
v -0.111140 -0.014656 0.086463
v -0.123680 -0.028664 0.082659
v -0.116294 -0.015230 0.089322
v 0.023000 0.004387 0.178562
v -0.025818 -0.005500 0.189044
v 0.024500 -0.001028 0.172254
v -0.008430 -0.003500 0.206000
v 0.035756 -0.001423 0.168000
v -0.032740 -0.003781 0.196000
v -0.123800 -0.028981 0.089711
v -0.009717 -0.005500 0.204508
v -0.022500 0.004167 0.182177
v -0.119135 -0.015912 0.091333
v 0.017830 -0.000642 0.200000
v -0.121211 -0.016004 0.092319
v 0.019000 0.000256 0.190638
v 0.030841 0.009748 0.165000
v -0.053119 0.015616 0.017082
v 0.033293 0.022000 0.009068
v -0.008185 0.020000 -0.015309
v -0.025000 0.002000 -0.015000
v 0.019000 0.001179 0.191646
v -0.034000 -0.005500 0.181000
v 0.037500 0.000049 0.174519
v -0.110347 -0.023882 0.081575
v -0.031248 -0.003000 0.066297
v -0.008709 -0.005500 0.194134
v -0.029628 0.000315 0.181000
v -0.024000 -0.000277 0.189657
v -0.002000 -0.002069 0.202364
v 0.010524 -0.004170 0.184000
v -0.001710 0.013490 0.095000
v -0.008500 0.021000 0.095000
v -0.040000 -0.005500 0.185687
v -0.040000 -0.004091 0.185219
v 0.003798 0.004969 0.181000
v -0.116955 -0.024760 0.088975
v -0.126645 -0.021041 0.089631
v -0.111720 -0.025101 0.081772
v 0.024500 0.000647 0.179755
v -0.024000 -0.003357 0.187562
v -0.004125 -0.005500 0.189000
v -0.124050 -0.020173 0.093084
v -0.019000 -0.000500 0.189000
v -0.041500 0.000000 0.030915
v -0.007210 -0.004358 0.206000
v 0.032741 -0.005500 0.179143
v 0.010926 -0.003000 0.067084
v 0.029893 -0.000633 0.168000
v 0.019000 -0.001673 0.192556
v -0.025477 0.000960 0.196000
v 0.012912 -0.005500 0.194971
v -0.122457 -0.023416 0.093631
v -0.009301 -0.002571 0.189000
v -0.121085 -0.027364 0.090940
v -0.123071 -0.028189 0.081835
v 0.033561 0.000758 0.181000
v -0.107604 -0.016664 0.087370
v -0.108179 -0.016365 0.082986
v -0.114421 -0.029425 0.079665
v -0.034000 -0.005500 0.196000
v -0.006552 -0.005500 0.204398
v -0.078123 0.009064 0.050683
v -0.037625 0.016000 0.141000
v -0.019000 -0.002515 0.196227
v -0.035000 -0.003628 0.181000
v -0.035850 -0.005500 0.189021
v 0.037500 -0.002015 0.179130
v 0.039000 0.014313 0.156837
v -0.111965 -0.014366 0.079306
v -0.015215 -0.003984 0.189000
v 0.037500 -0.003995 0.175432
v 0.019000 -0.003500 0.184000
v 0.013951 -0.005500 0.191043
v 0.016676 0.021000 0.145027
v 0.014278 -0.003619 0.184000
v -0.006085 -0.005500 0.195788
v 0.033844 -0.005500 0.174906
v 0.012492 -0.002968 0.200000
v 0.025970 0.009265 0.165000
v 0.006070 -0.003000 0.055414
v 0.003000 0.001181 0.188535
v -0.118112 -0.029509 0.081321
v 0.003500 0.017598 0.176922
v 0.024500 -0.001543 0.169617
v 0.039375 0.022000 0.095000
v 0.003000 -0.004261 0.193000
v -0.019000 0.002500 0.196437
v -0.035521 -0.005500 0.184277
v 0.025315 0.010578 0.095000
v 0.037500 -0.002514 0.172884
v -0.050784 0.011945 0.009317
v 0.027761 0.001089 0.181000
v -0.010727 -0.001205 0.189000
v -0.019000 -0.001804 0.198715
v -0.019000 -0.003500 0.189000
v 0.033000 0.002500 0.165000
v 0.003000 0.001390 0.193000
v 0.028500 -0.002588 0.181000
v -0.040735 0.022000 0.087486
v -0.017974 -0.005500 0.191508
v -0.013953 0.013568 0.095000
v -0.109131 -0.017505 0.081376
v -0.120817 -0.029038 0.081899
v -0.115723 -0.022190 0.090707
v -0.024000 -0.003575 0.185506
v 0.000539 -0.003000 0.042442
v -0.057685 0.007552 0.008379
v -0.126674 -0.028436 0.083648
v 0.004625 0.002500 0.184000
v 0.031406 -0.005500 0.175719
v 0.032391 0.001280 0.181000
v 0.017158 -0.005500 0.192939
v -0.000500 0.004625 0.208000
v 0.024500 -0.003175 0.175693
v -0.040000 -0.001792 0.184194
v -0.007477 0.021000 0.150417
v 0.019000 -0.003248 0.190995
v -0.009801 0.019500 0.154771
v -0.000500 0.015271 0.160060
v 0.009813 0.002500 0.200000
v 0.010406 0.000806 0.200000
v -0.011750 0.002500 0.206000
v -0.040000 -0.005500 0.194125
v -0.002000 -0.002471 0.197216
v -0.089155 0.003668 0.048170
v -0.024000 -0.000500 0.194772
v 0.016295 -0.005500 0.193909
v -0.014861 -0.001440 0.206000
v 0.034815 0.004380 0.165000
v 0.027125 -0.005500 0.175687
v -0.032054 0.013419 0.095000
v -0.033187 0.002500 0.181000
v -0.123468 -0.022975 0.092611
v 0.003000 0.000500 0.184000
v -0.019000 -0.002073 0.200130
v -0.025084 0.019500 0.168981
v -0.111685 -0.021247 0.086712
v 0.001500 0.014420 0.191018
v -0.007352 -0.005500 0.198186
v 0.034409 -0.005500 0.172657
v 0.010598 -0.005500 0.190895
v -0.032577 -0.005500 0.193062
v -0.006149 -0.005500 0.200842
v -0.024000 0.000547 0.185579
v -0.021714 0.013538 0.095000
v -0.017452 -0.001469 0.189000
v -0.012500 0.002000 -0.030000
v -0.114684 -0.017523 0.091380
v -0.017858 -0.005500 0.193097
v 0.012693 0.021000 0.096862
v -0.040000 -0.005500 0.182875
v -0.110352 -0.025587 0.079375
v 0.009375 -0.005500 0.189659
v -0.040000 -0.004094 0.182370
v 0.010451 -0.005500 0.196913
v -0.038000 -0.005500 0.181000
v -0.129959 -0.020416 0.089163
v -0.024000 0.000500 0.181000
v 0.022729 -0.003000 0.047457
v -0.007313 -0.005500 0.189000
v -0.005298 -0.000480 0.189000
v -0.028551 0.019500 0.169002
v -0.018874 -0.003000 0.075718
v -0.116154 -0.026998 0.085043
v 0.024745 -0.003000 0.058083
v -0.002000 -0.003939 0.202192
v -0.003126 0.001281 0.189000
v -0.027397 -0.004022 0.196000
v -0.036409 -0.005500 0.185642
v 0.019652 -0.003000 0.060026
v -0.123825 -0.032066 0.088395
v 0.023000 0.014179 0.167218
v 0.017695 -0.002392 0.200000
v -0.041500 0.000000 0.039647
v -0.008513 -0.004192 0.189000
v -0.114461 -0.027707 0.077630
v 0.001500 0.016483 0.151989
v -0.109322 -0.022391 0.082179
v 0.029664 -0.003716 0.168000
v -0.107415 -0.020489 0.082177
v 0.008435 -0.003000 0.053042
v -0.013600 -0.005500 0.194108
v -0.037510 0.002500 0.179500
v -0.048958 0.015340 0.011350
v 0.037500 -0.005500 0.172875
v 0.035861 -0.005500 0.175168
v -0.019000 -0.004448 0.198887
v -0.116925 -0.026330 0.077026
v 0.019000 0.001334 0.190164
v -0.002000 0.001320 0.197554
v 0.019000 0.001225 0.187695
v -0.120781 -0.028916 0.088539
v 0.012222 -0.003000 0.081663
v 0.001380 0.002000 -0.015000
v -0.134366 -0.022505 0.083040
v -0.041500 0.000000 0.083267
v -0.008500 0.016000 0.180000
v -0.041500 0.000000 0.026549
v 0.037500 0.001268 0.179902
v -0.121533 -0.028115 0.081098
v 0.024500 -0.001938 0.171099
v -0.020500 0.007266 0.192227
v 0.014423 0.021000 0.096706
v -0.108111 -0.018510 0.085637
v 0.010662 0.013562 0.095000
v -0.002000 -0.005500 0.191125
v 0.003000 0.000525 0.185975
v -0.039684 0.022000 0.022369
v -0.005220 -0.004171 0.206000
v 0.009812 0.002500 0.184000
v -0.014328 0.001359 0.206000
v -0.046577 0.018890 0.012868
v 0.017042 -0.003000 0.065950
v -0.112033 -0.024076 0.075178
v -0.019000 -0.000277 0.190150
v 0.012000 -0.005500 0.185333
v 0.028629 0.022000 0.005007
v -0.017219 -0.003000 0.081909
v -0.008266 -0.005500 0.190521
v -0.120471 -0.014463 0.090167
v -0.003211 -0.005500 0.192187
v -0.019000 0.002500 0.200687
v -0.024500 0.017750 0.172000
v -0.128167 -0.027532 0.083199
v -0.121702 -0.021210 0.095451
v 0.014406 -0.003580 0.200000
v -0.005188 -0.003834 0.189000
v -0.032376 -0.000421 0.196000
v -0.029372 -0.005500 0.188336
v -0.029631 -0.002062 0.181000
v 0.007437 0.002500 0.184000
v 0.003000 -0.001332 0.191646
v -0.113201 -0.027706 0.080312
v -0.009786 -0.005500 0.199692
v -0.115439 -0.028914 0.081642
v -0.027335 -0.001554 0.196000
v -0.008306 -0.005500 0.201591
v 0.005396 -0.003000 0.039674
v -0.019000 0.001309 0.191894
v -0.035895 0.002500 0.155737
v -0.045000 0.018532 0.018721
v 0.045000 0.000000 0.080313
v -0.025617 -0.001379 0.196000
v 0.013660 0.021000 0.179489
v -0.036285 -0.002782 0.181000
v -0.036328 -0.000219 0.196000
v 0.036341 -0.005500 0.172409
v -0.115478 -0.024238 0.087741
v -0.038329 -0.005500 0.182653
v -0.122292 -0.030135 0.088913
v -0.034293 0.001205 0.181000
v -0.017937 -0.005500 0.189000
v 0.003000 -0.003500 0.189000
v -0.011306 -0.005500 0.195353
v -0.015449 -0.002788 0.189000
v 0.008856 0.001059 0.184000
v -0.011562 -0.005500 0.190297
v -0.109826 -0.021291 0.078969
v 0.033642 -0.003529 0.168000
v -0.017689 -0.005500 0.198613
v -0.002000 -0.003857 0.201129
v 0.020061 -0.003000 0.063743
v 0.007438 0.002500 0.200000
v 0.008031 0.000500 0.200000
v -0.113372 -0.017565 0.090877
v -0.002000 -0.001260 0.201061
v -0.041500 0.000000 0.068084
v -0.038413 -0.005500 0.187820
v -0.011800 -0.002853 0.206000
v -0.019000 -0.003603 0.200079
v -0.129680 -0.022230 0.088739
v -0.121447 -0.026339 0.078943
v -0.034078 -0.005500 0.187347
v -0.112818 -0.020766 0.075621
v -0.045000 0.015114 0.052751
v -0.111318 -0.018923 0.089244
v -0.113754 -0.015676 0.088783
v 0.037500 -0.001400 0.176074
v 0.027579 -0.003398 0.168000
v 0.019000 0.002500 0.187000
v 0.009126 0.004112 0.202000
v -0.035620 -0.005500 0.194228
v -0.022500 0.019500 0.180500
v -0.015437 -0.005500 0.196660
v -0.116917 -0.022462 0.091897
v 0.006250 0.002000 -0.023011
v 0.025847 0.001066 0.168000
v -0.038237 -0.001456 0.196000
v -0.110186 -0.011703 0.082537
v -0.118545 -0.026719 0.088493
v -0.002000 0.000038 0.197299
v -0.106370 -0.017529 0.084656
v 0.024500 -0.003748 0.172875
v 0.000675 -0.003000 0.035725
v -0.027114 -0.005500 0.182635
v -0.067926 0.002851 0.044698
v -0.019000 -0.004253 0.201254
v -0.032703 -0.005500 0.194618
v -0.016424 -0.005500 0.193013
v -0.033792 -0.004186 0.181000
v -0.117103 -0.023603 0.090661
v -0.124522 -0.027136 0.089620
v 0.036250 0.002500 0.181000
v 0.010229 0.013968 0.101000
v 0.026856 0.021000 0.096953
v -0.017689 -0.005500 0.200168
v -0.030664 -0.005500 0.192439
v -0.009966 -0.005500 0.190668
v -0.114343 -0.028486 0.080779
v -0.011181 -0.004069 0.189000
v 0.024500 0.001500 0.181000
v -0.016097 -0.001470 0.206000
v -0.014785 -0.005500 0.202953
v -0.118395 -0.028750 0.080533
v 0.008868 -0.005500 0.188089
v 0.032625 -0.005500 0.181000
v 0.005189 0.021000 0.097058
v -0.005474 -0.005500 0.190365
v -0.040000 -0.003540 0.189886
v 0.017419 -0.002500 0.184000
v 0.045000 0.004156 0.082656
v 0.019000 0.000856 0.198356
v -0.030174 -0.004126 0.196000
v -0.115089 -0.025079 0.074757
v 0.017000 -0.005500 0.184000
v 0.009921 -0.005500 0.194933
v 0.001500 0.005688 0.199975
v 0.041500 0.000000 0.082656
v -0.019000 0.001197 0.195455
v -0.011556 0.005858 0.146000
v -0.002000 0.001116 0.202812
v 0.039763 0.006715 0.095000
v -0.116680 -0.004712 0.072880
v 0.015272 -0.002559 0.200000
v -0.002000 0.002500 0.198562
v 0.019000 -0.005500 0.186000
v 0.031004 -0.005500 0.178576
v -0.040000 0.000511 0.192197
v 0.019000 -0.000664 0.198687
v -0.026750 -0.005500 0.183657
v -0.118755 -0.018733 0.094540
v -0.024589 -0.003000 0.041904
v 0.009183 -0.005500 0.185429
v -0.007583 -0.000052 0.206000
v -0.003417 -0.005500 0.198738
v -0.126132 -0.027793 0.082653
v 0.025727 -0.000538 0.181000
v 0.028562 -0.005500 0.179375
v -0.029795 -0.000295 0.196000
v 0.028562 -0.004157 0.181000
v 0.012233 -0.005500 0.196641
v 0.030677 -0.003059 0.168000
v -0.114740 -0.005117 0.075023
v -0.046461 0.024449 0.015743
v 0.004809 0.019500 0.158750
v -0.031546 -0.005500 0.188423
v -0.019000 -0.004223 0.203836
v 0.024500 0.000250 0.177399
v 0.017442 -0.005500 0.196617
v 0.030010 -0.005500 0.179667
v 0.013714 -0.002446 0.200000
v 0.016681 -0.003000 0.038013
v -0.008513 -0.005500 0.192997
v -0.027000 -0.005500 0.194774
v -0.024000 -0.005500 0.194125
v -0.036508 -0.000604 0.181000
v -0.118147 -0.024467 0.090892
v 0.026944 0.021000 0.137369
v -0.052326 0.009986 0.008774
v -0.031149 -0.005500 0.182934
v -0.023037 -0.003000 0.032673
v -0.118984 -0.026351 0.089535
v -0.116760 -0.023994 0.089713
v 0.035360 -0.003000 0.071179
v -0.019000 0.002500 0.198562
v -0.019000 0.002500 0.202812
v -0.019000 -0.002761 0.195071
v -0.015800 -0.005500 0.204760
v 0.019000 -0.001286 0.187429
v -0.024923 -0.003000 0.077795
v -0.005188 -0.005500 0.206000
v 0.025000 0.017750 0.133000
v 0.003000 -0.003087 0.197587
v 0.016000 -0.005500 0.186057
v -0.040000 -0.004032 0.193187
v -0.118847 -0.015078 0.090216
v 0.028577 -0.001116 0.181000
v -0.117622 -0.023844 0.074351
v -0.025641 -0.000843 0.181000
v -0.024000 0.002500 0.185687
v 0.026125 -0.005500 0.168000
v 0.034317 -0.000084 0.181000
v 0.035531 -0.001421 0.181000
v -0.117709 -0.015944 0.090770
v 0.002810 -0.003000 0.031969
v -0.009786 -0.000336 0.189000
v -0.040000 -0.004062 0.186656
v 0.028717 -0.002935 0.168000
v 0.027352 -0.001803 0.181000
v 0.036382 0.001192 0.181000
v -0.040000 0.001078 0.193602
v -0.010140 0.000968 0.206000
v -0.012763 -0.000395 0.206000
v -0.024000 -0.002500 0.182114
v -0.003564 -0.005500 0.190564
v 0.026937 -0.004508 0.168000
v 0.024500 -0.003500 0.168000
v -0.035284 0.013529 0.141000
v 0.008752 0.006760 0.101000
v -0.014297 0.002500 0.187500
v -0.013687 -0.005500 0.206000
v -0.114634 -0.019123 0.093269
v 0.024500 -0.000071 0.171812
v -0.030773 -0.005500 0.190856
v -0.110166 -0.023454 0.077662
v -0.037630 0.001455 0.196000
v -0.110954 -0.025242 0.080599
v 0.027007 0.019500 0.113000
v -0.004471 -0.005500 0.190007
v -0.054643 0.013077 0.007430
v 0.012000 -0.005500 0.198461
v -0.015812 -0.005500 0.206000
v 0.024500 -0.003974 0.174388
v 0.017000 -0.005500 0.200000
v -0.024000 -0.001062 0.182399
v 0.023000 0.017094 0.103574
v -0.026375 0.016000 0.178000
v -0.045000 0.017971 0.023091
v -0.031491 -0.004275 0.196000
v -0.028264 -0.005500 0.192568
v -0.016360 -0.004397 0.189000
v -0.037262 -0.005500 0.194507
v -0.019000 -0.003500 0.206000
v -0.117732 -0.021079 0.094740
v -0.114924 -0.021359 0.090750
v 0.014476 -0.003000 0.030874
v 0.034000 0.002500 0.181000
v 0.034086 -0.005500 0.179591
v -0.015014 0.013476 0.101000
v -0.039500 0.016000 0.142500
v 0.006208 -0.005500 0.197339
v 0.012125 -0.005500 0.191322
v 0.034740 -0.004269 0.168000
v 0.003000 0.000481 0.193799
v -0.018097 0.022000 0.063817
v -0.057387 0.009575 0.020650
v -0.015244 -0.000440 0.189000
v -0.040000 -0.002355 0.190126
v -0.110744 -0.019780 0.078505
v 0.026500 0.013367 0.095000
v -0.028260 -0.005500 0.186170
v 0.016625 0.016000 0.095000
v 0.008000 -0.005500 0.198254
v -0.106246 0.002658 0.060603
v -0.040000 -0.004124 0.194661
v -0.123208 -0.032499 0.087038
v -0.111998 -0.018201 0.091057
v -0.112313 -0.017227 0.090027
v 0.037500 -0.004183 0.173381
v 0.019000 0.002500 0.191000
v -0.038892 0.001260 0.181000
v -0.035477 -0.005500 0.192921
v 0.017753 -0.005500 0.198753
v -0.112584 -0.025517 0.082348
v -0.117391 -0.027326 0.086217
v 0.035875 -0.005500 0.168000
v -0.126024 -0.019283 0.091103
v -0.025391 -0.005500 0.182355
v -0.108460 -0.023449 0.079697
v -0.002000 0.001143 0.201415
v 0.037500 -0.000500 0.179963
v 0.017281 -0.005500 0.189375
v -0.002000 -0.002860 0.194124
v -0.015062 -0.003000 0.071743
v -0.122745 -0.029396 0.083138
v -0.035000 -0.005500 0.181000
v 0.011914 -0.003000 0.077512
v 0.013889 -0.005500 0.188333
v 0.013623 -0.003000 0.036419
v 0.012331 -0.005500 0.188573
v -0.041500 0.000000 0.064179
v 0.031306 0.021000 0.160702
v -0.025786 -0.003000 0.054380
v 0.033553 -0.003955 0.181000
v -0.040000 -0.004376 0.183795
v 0.023000 0.003978 0.168777
v 0.019000 -0.004177 0.196150
v -0.108711 -0.014818 0.082996
v -0.045000 0.022000 0.017360
v 0.024500 -0.002379 0.172604
v -0.124293 -0.023194 0.091536
v 0.032701 -0.004291 0.168000
v -0.109320 -0.015882 0.081826
v -0.123985 -0.025197 0.091068
v 0.037500 -0.005500 0.169625
v 0.037500 -0.005500 0.179375
v -0.018500 0.021000 0.099875
v 0.005437 0.001179 0.184000
v -0.024000 -0.004165 0.184180
v -0.110467 -0.026222 0.076150
v -0.011419 -0.003000 0.071543
v -0.113431 -0.020719 0.089650
v -0.125913 -0.029111 0.084134
v 0.012607 -0.001545 0.200000
v -0.068385 0.000787 0.017740
v 0.010000 -0.003389 0.200000
v -0.012500 0.020000 -0.030000
v 0.012948 -0.000386 0.184000
v -0.003854 -0.005500 0.191477
v -0.012594 -0.005500 0.203780
v -0.009438 -0.005500 0.189000
v -0.108841 -0.020062 0.080655
v 0.003000 0.001538 0.189540
v 0.036388 0.001257 0.168000
v -0.122257 -0.027627 0.092114
v 0.031813 -0.004423 0.181000
v -0.020500 0.002500 0.176500
v -0.028295 -0.005500 0.183344
v -0.033869 -0.005500 0.194824
v -0.019000 -0.004228 0.190319
v 0.034000 0.016000 0.095000
v -0.011071 -0.005500 0.202978
v -0.002000 -0.003379 0.191118
v -0.045000 0.019000 0.095000
v 0.036688 -0.005500 0.170437
v -0.031000 -0.005500 0.196000
v -0.022500 0.014313 0.138837
v -0.125754 -0.028456 0.083284
v -0.005788 0.019500 0.154751
v -0.006419 -0.000783 0.189000
v 0.012188 0.002500 0.200000
v -0.116198 -0.017357 0.091820
v 0.024500 -0.005500 0.176125
v -0.017689 -0.004236 0.206000
v 0.007587 -0.003408 0.200000
v -0.000500 0.004303 0.206213
v -0.113827 -0.019638 0.074890
v -0.119693 -0.031269 0.084088
v 0.034000 0.002500 0.166344
v -0.034923 -0.005500 0.182135
v 0.017303 -0.005500 0.187333
v -0.005856 -0.005500 0.199839
v 0.003000 -0.002000 0.188500
v 0.017816 0.019500 0.171900
v 0.024500 -0.003190 0.178994
v -0.037635 0.004126 0.198000
v 0.010783 0.001071 0.184000
v -0.028258 -0.005500 0.194768
v -0.017871 -0.002755 0.189000
v -0.020500 0.005875 0.180000
v -0.007173 -0.003000 0.038453
v -0.000375 -0.003000 0.066086
v -0.009394 -0.005500 0.197338
v -0.002000 -0.005500 0.194312
v -0.000500 0.003990 0.204575
v -0.013119 -0.003000 0.045824
v -0.125573 -0.026858 0.088482
v 0.011510 0.007305 0.202000
v 0.036475 -0.000419 0.181000
v -0.111409 -0.023859 0.082976
v 0.005375 0.016000 0.095000
v 0.024500 -0.003790 0.177340
v 0.004554 -0.005500 0.193000
v -0.036886 -0.005500 0.186984
v -0.125480 -0.028067 0.088090
v -0.111308 -0.016570 0.079170
v -0.026964 -0.005500 0.189707
v -0.016637 0.007563 0.180000
v 0.004728 -0.005500 0.191000
v 0.003000 -0.003898 0.191000
v 0.009125 0.016000 0.143000
v 0.010062 0.012625 0.143000
v -0.125920 -0.029315 0.087045
v 0.002247 -0.003000 0.053076
v -0.027840 -0.002776 0.196000
v 0.020986 -0.003000 0.041100
v -0.040000 -0.003258 0.184311
v -0.025041 -0.000240 0.196000
v -0.027762 0.013230 0.095000
v -0.038547 -0.004047 0.196000
v -0.029434 -0.003000 0.033796
v 0.014036 0.002500 0.110755
v -0.107087 -0.014808 0.084936
v 0.023000 0.019500 0.141500
v 0.032219 -0.005500 0.174094
v 0.003335 0.013325 0.095000
v 0.016473 0.008096 0.181000
v 0.004293 0.000572 0.184000
v -0.111354 -0.016304 0.088521
v 0.017635 -0.001092 0.184000
v 0.003500 0.017750 0.181000
v -0.109191 -0.023206 0.080956
v -0.112959 -0.023814 0.074183
v 0.006100 0.013479 0.095000
v 0.019000 0.001173 0.193500
v -0.034922 -0.001616 0.196000
v -0.037131 -0.005500 0.182032
v 0.035329 0.001464 0.181000
v 0.017761 -0.005500 0.194022
v 0.024500 -0.002471 0.177797
v -0.113092 -0.027959 0.077353
v 0.026295 -0.005500 0.174027
v -0.035504 -0.000796 0.196000
v -0.036642 -0.004193 0.181000
v -0.005276 -0.002221 0.206000
v -0.027627 -0.004030 0.181000
v -0.042342 0.022000 0.018612
v -0.016375 0.002500 0.187500
v -0.003417 -0.005500 0.200526
v 0.033853 0.019500 0.175924
v -0.108214 -0.018937 0.081872
v 0.034531 -0.002078 0.168000
v -0.024000 -0.004301 0.193187
v 0.024057 0.013719 0.095000
v 0.024500 -0.005500 0.172875
v -0.024000 -0.005500 0.185687
v -0.012508 -0.004174 0.189000
v 0.005375 -0.002818 0.184000
v 0.007005 -0.000893 0.200000
v -0.040000 -0.004257 0.191312
v 0.006412 -0.005500 0.190545
v -0.033997 -0.002426 0.196000
v -0.024000 -0.003500 0.189676
v -0.024000 -0.003992 0.182527
v 0.003000 0.001500 0.187000
v 0.005766 -0.005500 0.193499
v -0.002000 -0.001994 0.191628
v -0.006250 0.011000 -0.030000
v -0.113069 -0.024020 0.084911
v -0.000500 0.007001 0.194322
v -0.015448 -0.002598 0.206000
v -0.039500 0.017750 0.101000
v 0.019077 -0.003000 0.030329
v -0.026831 -0.005500 0.188616
v -0.024000 -0.001847 0.188585
v -0.107186 -0.016230 0.084225
v 0.009828 -0.005500 0.187250
v -0.107351 -0.017553 0.083476
v -0.003562 -0.003969 0.189000
v 0.019000 -0.005500 0.199000
v 0.008771 -0.005500 0.192664
v -0.038972 -0.002500 0.181000
v -0.040000 -0.000742 0.191966
v -0.045000 0.003763 0.022183
v -0.114929 -0.016619 0.090404
v 0.004721 -0.005500 0.196390
v 0.013266 -0.005500 0.196087
v 0.014233 -0.005500 0.195082
v -0.027921 -0.005500 0.193667
v -0.033938 -0.000982 0.181000
v 0.026008 -0.002500 0.168000
v -0.009130 -0.005500 0.203621
v 0.026083 -0.005500 0.177063
v -0.011810 0.002000 -0.016717
v -0.027446 0.001341 0.181000
v 0.003500 0.017636 0.096822
v -0.040000 -0.000177 0.184807
v 0.014531 0.000000 0.088859
v -0.028302 -0.005500 0.187517
v 0.037500 -0.003500 0.168000
v -0.038689 -0.005500 0.194731
v 0.033379 -0.005500 0.177576
v -0.025000 0.011000 -0.030000
v 0.019000 -0.003750 0.185750
v 0.019000 -0.004040 0.198500
v 0.024500 -0.001382 0.175561
v -0.111442 -0.015435 0.087520
v -0.015502 -0.004112 0.206000
v 0.005000 -0.005500 0.200000
v -0.016500 0.008030 0.146000
v 0.011267 -0.005500 0.189587
v -0.110240 -0.017586 0.089582
v 0.019000 -0.004062 0.187313
v -0.024000 -0.001129 0.187440
v -0.115865 -0.023229 0.072876
v -0.024000 0.000117 0.186877
v -0.035000 -0.005500 0.196000
v -0.109750 -0.024392 0.080143
v -0.013058 -0.004061 0.206000
v 0.037500 0.000367 0.179432
v -0.003828 -0.001568 0.189000
v -0.018500 0.017750 0.101000
v 0.019000 0.001500 0.200000
v -0.120482 -0.026418 0.091385
v -0.112586 -0.016123 0.077834
v 0.026289 -0.003000 0.046412
v -0.022500 0.016583 0.180884
v -0.027767 0.019500 0.149825
v 0.016321 -0.000995 0.184000
v -0.030000 -0.005500 0.181000
v 0.013628 -0.003000 0.064594
v 0.006668 -0.002296 0.200000
v -0.007157 0.013351 0.186000
v -0.118713 -0.017009 0.092464
v 0.014343 -0.005500 0.185591
v -0.024000 -0.002731 0.186456
v -0.114744 -0.028505 0.078703
v -0.006547 -0.004139 0.189000
v 0.009695 -0.005500 0.198442
v 0.028199 -0.003000 0.056537
v 0.001500 0.003961 0.194516
v 0.025720 -0.005500 0.175352
v -0.006083 -0.003024 0.189000
v 0.017916 -0.005500 0.191000
v -0.045000 0.013697 0.007665
v -0.124015 -0.031606 0.086312
v -0.030938 0.022000 0.095000
v -0.037762 -0.004388 0.181000
v 0.006729 -0.002598 0.184000
v -0.038827 -0.003808 0.181000
v 0.007829 -0.003000 0.060172
v 0.029375 -0.005500 0.168000
v -0.045000 0.015605 0.038525
v 0.036419 -0.005500 0.174192
v 0.032113 -0.001426 0.181000
v 0.023034 -0.003000 0.052961
v -0.025333 -0.004167 0.181000
v 0.014000 -0.005500 0.198667
v 0.019000 -0.005500 0.189000
v 0.027280 -0.001568 0.168000
v -0.045000 0.000000 0.050562
v -0.121146 -0.019725 0.096733
v 0.006575 -0.000353 0.184000
v 0.024500 -0.002211 0.176540
v 0.033718 -0.004585 0.168000
v -0.040000 0.000500 0.196000
v 0.012663 -0.005500 0.193568
v -0.009574 -0.005500 0.193401
v -0.110906 -0.028196 0.076715
v -0.005771 0.019500 0.188851
v 0.000609 0.020000 -0.020035
v -0.024500 0.017750 0.178000
v 0.009125 0.016000 0.095000
v 0.016138 -0.005500 0.187219
v -0.121291 -0.016786 0.093285
v -0.019000 -0.005500 0.196437
v -0.032311 -0.000853 0.181000
v -0.116239 -0.021498 0.092270
v -0.109045 -0.014662 0.085587
v 0.027747 -0.003403 0.181000
v 0.025834 -0.001125 0.168000
v -0.008854 -0.005500 0.195319
v 0.037500 -0.000500 0.168000
v 0.004686 -0.005500 0.189080
v 0.001500 0.004089 0.199423
v -0.111265 -0.015387 0.079716
v 0.037500 0.000000 0.169148
v -0.113755 -0.018816 0.092531
v 0.019000 0.000500 0.184000
v 0.003000 -0.003500 0.200000
v -0.024000 -0.003500 0.196000
v 0.036312 -0.004195 0.168000
v -0.012376 -0.005500 0.196062
v 0.037500 0.001500 0.168000
v -0.113799 -0.022832 0.073592
v -0.019000 0.000213 0.202163
v 0.027344 -0.005500 0.179781
v -0.045000 0.014826 0.010050
v 0.011417 -0.005500 0.194863
v -0.110198 -0.014409 0.085772
v -0.022500 0.003720 0.187438
v 0.015369 -0.000264 0.184000
v -0.110393 -0.016839 0.088755
v -0.109776 -0.019990 0.079570
v 0.019000 -0.001413 0.195954
v 0.031569 -0.005500 0.179789
v -0.025346 -0.005500 0.187506
v -0.031063 0.016000 0.176243
v 0.005887 0.000325 0.184000
v 0.014654 -0.005500 0.187051
v 0.030279 -0.003000 0.078295
v 0.037500 -0.004196 0.170906
v -0.117327 -0.018785 0.094001
v -0.024000 -0.002348 0.194288
v -0.014219 -0.005500 0.204922
v -0.031837 0.001179 0.196000
v -0.006686 0.002500 0.110261
v 0.003000 0.002500 0.185000
v -0.116020 -0.027171 0.077648
v 0.004037 -0.000500 0.200000
v -0.108244 -0.019659 0.084322
v 0.015347 -0.005500 0.198698
v 0.003000 -0.005500 0.186000
v 0.013075 -0.005500 0.197833
v -0.005207 -0.005500 0.194549
v -0.017858 -0.002862 0.206000
v -0.037870 -0.002814 0.196000
v 0.041500 0.000000 0.049844
v -0.120549 -0.018679 0.095233
v -0.019000 -0.004500 0.206000
v -0.019000 -0.005500 0.204937
v 0.028770 -0.005500 0.174577
v 0.001304 0.014954 0.095000
v -0.003274 -0.004275 0.206000
v 0.035875 -0.005500 0.181000
v 0.037500 -0.002134 0.170895
v -0.007450 -0.005500 0.200577
v -0.019000 -0.002119 0.202641
v -0.123967 -0.030089 0.089050
v -0.007313 -0.005500 0.206000
v 0.015218 -0.005500 0.192259
v -0.034809 -0.003000 0.060718
v 0.045000 0.015074 0.059217
v -0.002000 -0.001597 0.192604
v 0.004127 -0.005500 0.191955
v -0.013824 -0.000894 0.206000
v -0.024000 -0.004119 0.194656
v -0.012384 -0.005500 0.204893
v -0.117600 -0.024636 0.089967
v -0.110382 -0.017244 0.079993
v 0.037500 -0.003756 0.179272
v 0.017831 0.001211 0.184000
v -0.029187 0.016000 0.145500
v 0.025750 0.002500 0.181000
v -0.024000 0.001079 0.182386
v 0.012188 0.002500 0.184000
v -0.019000 -0.002500 0.206000
v 0.011057 -0.002118 0.200000
v -0.002000 -0.004075 0.192546
v -0.041500 0.000000 0.052745
v 0.013056 -0.002817 0.184000
v -0.005327 -0.005500 0.202762
v -0.022145 -0.003000 0.072329
v 0.019000 -0.002226 0.185388
v -0.112356 -0.020906 0.088020
v -0.003651 -0.001375 0.206000
v 0.014976 -0.003000 0.050913
v -0.114077 -0.025225 0.084654
v 0.008100 -0.005500 0.191038
v 0.005000 -0.005500 0.184000
v 0.008420 -0.000353 0.184000
v -0.110476 -0.022335 0.083743
v -0.126967 -0.028496 0.086139
v 0.019000 0.001187 0.196836
v 0.007252 -0.005500 0.187783
v 0.014173 -0.000235 0.200000
v -0.112539 -0.016353 0.089078
v 0.004823 -0.005500 0.185823
v -0.007693 -0.005500 0.194650
v 0.006533 0.000959 0.200000
v 0.019000 -0.005500 0.193000
v -0.110368 -0.023079 0.082641
v -0.038522 -0.005500 0.193055
v 0.019000 -0.004199 0.190102
v 0.035500 0.021000 0.139500
v 0.030720 -0.004444 0.181000
v -0.003091 -0.002702 0.189000
v -0.024998 -0.002584 0.196000
v -0.114308 -0.026099 0.075647
v 0.034402 -0.003000 0.050273
v -0.010094 -0.005500 0.201255
v -0.002365 0.004286 0.208000
v 0.003000 -0.001639 0.196695
v 0.030861 0.000000 0.015861
v -0.109771 -0.005632 0.071066
v 0.003000 -0.001236 0.185755
v 0.041500 0.000000 0.045781
v 0.019000 -0.000786 0.188929
v 0.005048 -0.001609 0.200000
v -0.117503 -0.016871 0.091789
v 0.009346 -0.005500 0.190911
v -0.038727 -0.005500 0.189278
v 0.006643 -0.003000 0.047487
v -0.113072 -0.022951 0.086298
v -0.034556 -0.002341 0.181000
v -0.031737 -0.001747 0.196000
v -0.038947 0.001304 0.196000
v -0.124652 -0.026302 0.080249
v 0.008000 -0.005500 0.200000
v 0.019000 -0.004451 0.191324
v 0.024500 -0.003984 0.171372
v -0.121782 -0.017660 0.094536
v -0.021475 -0.003000 0.058270
v -0.018643 -0.003000 0.051547
v -0.027591 -0.002353 0.181000
v -0.017777 0.001196 0.189000
v 0.035125 0.016000 0.096875
v 0.009003 -0.004110 0.184000
v -0.117979 -0.022591 0.093103
v -0.002000 -0.002500 0.204913
v 0.037500 -0.002819 0.180016
v 0.012089 -0.005500 0.192518
v -0.002000 -0.002331 0.190155
v -0.122799 -0.025597 0.092314
v -0.055322 0.012004 0.006919
v -0.002000 0.000969 0.204437
v 0.006636 -0.005500 0.185777
v 0.019000 0.000350 0.185269
v -0.112075 -0.027619 0.076520
v -0.109067 -0.018225 0.087239
v -0.040000 0.000003 0.194612
v -0.039500 0.021000 0.096625
v -0.116477 -0.024627 0.074803
v -0.109917 -0.024831 0.077385
v -0.010194 -0.003000 0.067033
v -0.007432 -0.003377 0.206000
v -0.033044 0.021000 0.096938
v 0.010716 -0.001787 0.184000
v -0.124378 -0.017627 0.093755
v 0.017178 -0.005500 0.191829
v 0.024500 -0.005500 0.169625
v -0.007839 -0.005500 0.202747
v -0.041500 0.007296 0.192429
v -0.123635 -0.029918 0.084137
v 0.014000 -0.005500 0.200000
v 0.003000 -0.001166 0.187090
v -0.026558 -0.000315 0.181000
v -0.119352 -0.019518 0.095729
v -0.115512 -0.019430 0.094006
v -0.128962 -0.020045 0.090506
v 0.032846 -0.000236 0.181000
v -0.040000 -0.001683 0.192911
v 0.010636 -0.005500 0.194196
v -0.119846 -0.023258 0.094651
v 0.004437 0.019500 0.103965
v 0.003000 -0.003620 0.195021
v -0.116005 -0.025255 0.087106
v 0.009329 -0.000203 0.200000
v -0.069850 0.010085 0.023202
v -0.024000 -0.004194 0.188568
v -0.040000 -0.002908 0.192902
v 0.013866 0.019500 0.140279
v -0.110666 -0.021469 0.085108
v -0.108891 -0.021363 0.080054
v 0.011840 0.001082 0.200000
v -0.111277 -0.020213 0.087522
v 0.024500 0.002500 0.178562
v -0.092507 -0.000526 0.038738
v -0.042364 0.017500 0.095000
v -0.045000 0.010425 0.023033
v 0.008719 -0.005500 0.196657
v 0.023808 -0.003000 0.081617
v -0.115180 -0.011483 0.062182
v -0.002000 -0.001201 0.195241
v -0.121474 -0.025407 0.093973
v -0.115391 -0.027556 0.083336
v 0.012509 -0.005500 0.187565
v 0.007840 -0.005500 0.185098
v 0.013049 -0.004159 0.184000
v 0.006279 -0.004104 0.184000
v -0.112026 -0.023563 0.084157
v 0.003000 0.000113 0.191237
v 0.011960 0.004142 0.202000
v -0.033695 -0.005500 0.182133
v 0.000147 0.000000 0.088278
v -0.005672 -0.005500 0.193050
v 0.003000 -0.000786 0.188929
v -0.002000 -0.000500 0.189000
v 0.019000 -0.001943 0.191254
v 0.016000 -0.005500 0.200000
v 0.003000 0.002500 0.191000
v 0.005375 0.016000 0.175000
v 0.030440 -0.000239 0.181000
v -0.112955 -0.000431 0.069440
v 0.007368 -0.005500 0.193438
v 0.003000 -0.001647 0.198368
v -0.011161 0.013689 0.186000
v -0.108216 -0.017659 0.082402
v 0.007526 -0.005500 0.192174
v -0.127981 -0.027787 0.085226
v 0.003000 -0.002517 0.190935
v -0.110829 -0.021143 0.077835
v -0.003459 -0.005500 0.204541
v -0.033736 -0.005500 0.185634
v 0.006449 -0.005500 0.195783
v -0.019000 -0.000264 0.205000
v 0.008752 0.006760 0.149000
v 0.005496 0.001565 0.200000
v 0.027344 -0.005500 0.171656
v 0.028183 0.000126 0.181000
v -0.112240 -0.003159 0.069155
v -0.003359 -0.005500 0.194979
v -0.118932 -0.017827 0.093534
v 0.008890 -0.001771 0.184000
v 0.013169 -0.004149 0.200000
v -0.111435 -0.007916 0.068131
v 0.001500 0.004001 0.184789
v 0.003000 -0.005500 0.198000
v 0.029500 0.013577 0.101000
v 0.041500 0.000000 0.077969
v 0.016114 -0.003873 0.184000
v 0.003000 -0.004167 0.187000
v -0.031000 -0.005500 0.181000
v 0.008799 -0.004112 0.200000
v -0.038755 -0.005500 0.191724
v -0.113866 -0.026136 0.083204
v -0.028727 0.019500 0.138016
v -0.108483 -0.016972 0.088108
v -0.003418 -0.005500 0.196877
v 0.005998 -0.003000 0.069128
v -0.019000 -0.004553 0.199856
v 0.017490 -0.005500 0.185510
v 0.012813 0.001568 0.200000
v -0.110521 -0.024116 0.076963
v -0.053578 0.011778 0.004374
v 0.025796 -0.003817 0.168000
v 0.026125 -0.005500 0.181000
v -0.040000 -0.002500 0.196000
v 0.016963 -0.005500 0.186377
v 0.025719 -0.005500 0.170844
v -0.115923 -0.018378 0.092923
v 0.018000 -0.005500 0.184000
v -0.002000 0.002500 0.196437
v 0.017969 -0.003000 0.056998
v -0.109174 -0.022407 0.079281
v 0.003812 0.002500 0.182609
v -0.031780 -0.002546 0.181000
v -0.041500 0.015241 0.131911
v -0.002000 -0.005500 0.202812
v -0.007539 0.002500 0.135563
v -0.002000 -0.004301 0.203422
v 0.003000 -0.003000 0.188000
v 0.007500 -0.004512 0.200000
v 0.024500 -0.002619 0.174455
v 0.017930 -0.005500 0.197636
v 0.028358 -0.005500 0.169557
v 0.039000 0.017094 0.130426
v 0.036231 0.013264 0.133000
v -0.002000 -0.005500 0.190062
v 0.019000 0.002500 0.199000
v 0.001500 0.016875 0.104048
v 0.036322 -0.000015 0.168000
v 0.003000 -0.000861 0.193819
v -0.112962 -0.026178 0.075173
v -0.116290 -0.028071 0.083831
v 0.030892 -0.002499 0.181000
v 0.007725 0.002500 0.110406
v 0.001500 0.004541 0.187937
v -0.114398 -0.019889 0.091973
v -0.010975 -0.005500 0.197847
v -0.002000 0.001173 0.199603
v 0.034824 -0.005500 0.175257
v 0.028496 -0.004381 0.168000
v 0.005728 -0.005500 0.191360
v 0.037500 -0.003291 0.176334
v 0.003000 -0.003333 0.185611
v 0.030173 -0.005500 0.169632
v -0.115712 -0.020406 0.093001
v -0.014797 -0.005500 0.190129
v -0.007063 0.016000 0.099208
v -0.121329 -0.026881 0.091879
v -0.042993 0.026131 0.009272
v 0.001500 0.003843 0.186629
v -0.025478 -0.005500 0.194553
v 0.003000 -0.002933 0.196217
v 0.003500 0.017750 0.101000
v -0.004416 -0.002756 0.189000
v 0.006668 -0.005500 0.198650
v 0.007397 -0.005500 0.190310
v 0.016475 -0.005500 0.196012
v -0.028797 -0.005500 0.184563
v 0.011389 -0.004023 0.200000
v 0.003000 -0.002238 0.185009
v 0.006000 -0.004420 0.200000
v 0.003000 -0.004333 0.188167
v 0.015523 -0.004274 0.200000
v -0.002000 -0.005500 0.204937
v -0.038409 -0.001522 0.181000
v 0.003000 -0.000286 0.196142
v -0.111962 -0.020934 0.076572
v -0.120428 -0.022447 0.096453
v 0.013260 0.013127 0.143000
v 0.035500 0.016000 0.163500
v 0.030756 -0.004291 0.168000
v 0.004375 -0.004125 0.200000
v -0.053414 0.016410 0.010156
v -0.017720 -0.004132 0.189000
v -0.106960 -0.007496 0.073640
v 0.033332 0.012108 0.095000
v 0.010851 -0.005500 0.198062
v 0.016625 0.000000 0.015886
v -0.121212 -0.024667 0.094593
v 0.017604 -0.004052 0.184000
v -0.006972 -0.005500 0.201553
v -0.119200 -0.024429 0.092302
v 0.013201 -0.005500 0.185193
v -0.122779 -0.019924 0.094703
v 0.019000 -0.003125 0.187938
v 0.034475 -0.002067 0.181000
v 0.004348 -0.005500 0.187751
v 0.019000 -0.002777 0.192040
v -0.112293 0.001764 0.067258
v -0.030314 -0.001800 0.196000
v 0.003000 -0.003733 0.192063
v 0.039000 0.016650 0.126983
v 0.007717 0.013530 0.143000
v 0.014311 -0.005500 0.193030
v -0.085577 -0.008298 0.035831
v -0.020500 0.004625 0.208000
v 0.010211 -0.005500 0.192323
v -0.003163 -0.000140 0.206000
v -0.108977 -0.019524 0.085444
v 0.017386 -0.003000 0.081922
v 0.008998 -0.003000 0.038107
v -0.126717 -0.024255 0.088205
v -0.014100 0.002500 0.136444
v -0.117270 -0.020045 0.095481
v 0.030989 0.013349 0.095000
v -0.034571 0.016000 0.096992
v 0.037500 -0.004108 0.177491
v 0.035593 0.013652 0.095000
v 0.010710 -0.005500 0.195783
v -0.003183 -0.000574 0.189000
v 0.005490 0.002500 0.182500
v -0.017929 -0.000408 0.206000
v 0.004728 -0.005500 0.198272
v -0.111684 -0.011390 0.082794
v -0.122410 -0.021987 0.094283
v -0.120488 -0.025083 0.093119
v 0.006203 -0.005500 0.188895
v -0.123005 -0.017863 0.095293
v 0.001500 0.014280 0.103180
v -0.041208 0.000000 0.071739
v -0.116510 -0.020531 0.093870
v -0.016500 0.016000 0.095000
v -0.002000 -0.002874 0.196206
v -0.109816 -0.019270 0.086855
v 0.003000 -0.000437 0.195087
v -0.005394 -0.003000 0.033433
v 0.017586 0.013179 0.175000
v 0.003000 -0.002215 0.186024
v -0.007554 -0.005500 0.196817
v -0.031552 -0.004511 0.181000
v 0.033319 -0.002671 0.181000
v 0.029870 -0.005500 0.174097
v 0.019000 -0.000500 0.184000
v 0.020500 0.019500 0.127250
v 0.009763 -0.002117 0.200000
v 0.001500 0.003899 0.196622
v -0.002000 0.001508 0.198664
v 0.024500 -0.004340 0.170150
v -0.122350 -0.024701 0.093223
v -0.026499 -0.004417 0.181000
v 0.007555 -0.005500 0.196296
v -0.024000 0.001389 0.183812
v -0.110186 -0.022239 0.078144
v -0.107676 -0.021229 0.081557
v -0.121932 -0.019943 0.095705
v -0.108675 -0.015721 0.086696
v -0.009700 -0.004257 0.206000
v -0.019000 -0.003628 0.204840
v -0.004462 -0.005500 0.204965
v 0.014000 -0.005500 0.184000
v -0.013687 -0.005500 0.189000
v 0.023000 0.015264 0.123841
v -0.117791 -0.025724 0.088806
v 0.036000 0.002500 0.166336
v 0.014563 0.002500 0.184000
v 0.004445 -0.004055 0.184000
v -0.112297 -0.027883 0.078917
v -0.035882 -0.003210 0.196000
v -0.107832 -0.015136 0.083911
v 0.036474 -0.002500 0.181000
v -0.109200 -0.018741 0.080778
v -0.002000 0.000853 0.195362
v -0.033844 -0.000355 0.196000
v 0.001228 0.019728 0.095000
v -0.107171 -0.017296 0.085993
v -0.009230 -0.002477 0.206000
v 0.019000 -0.001698 0.197295
v -0.002000 -0.002571 0.198311
v -0.019000 0.002500 0.204937
v -0.108120 -0.017765 0.086611
v -0.025251 -0.002245 0.181000
v -0.002000 -0.005500 0.196437
v -0.018635 0.013060 0.095000
v -0.035464 -0.004364 0.196000
v -0.119993 -0.018049 0.094246
v -0.118975 -0.030327 0.084381
v -0.111983 -0.022818 0.075761
v 0.004842 -0.005500 0.186850
v -0.121735 -0.026147 0.093354
v -0.003440 -0.005500 0.203077
v 0.019000 -0.000604 0.195098
v 0.028594 -0.005500 0.176344
v 0.026500 0.019500 0.132500
v -0.025585 -0.005500 0.192268
v 0.018000 -0.005500 0.200000
v 0.037500 -0.004443 0.176440
v 0.003000 -0.000405 0.198963
v 0.010000 -0.005500 0.200000
v 0.032118 -0.005500 0.178107
v 0.007911 -0.003000 0.050145
v -0.005708 0.013302 0.095000
v -0.002000 -0.004308 0.197572
v -0.044775 0.024027 0.008852
v 0.003000 -0.004271 0.196760
v 0.019000 -0.003780 0.192070
v -0.115597 -0.028894 0.079526
v -0.108721 -0.024189 0.079077
v 0.037209 0.022000 0.058533
v -0.107240 -0.018018 0.085149
v 0.024500 -0.000409 0.176341
v 0.007053 0.002500 0.157300
v -0.028696 -0.005500 0.182103
v -0.013213 -0.002862 0.206000
v 0.024500 -0.001833 0.178995
v 0.008811 -0.005500 0.194069
v 0.009141 0.001259 0.200000
v -0.019000 0.002500 0.190062
v -0.000500 0.007929 0.156695
v -0.008690 -0.004508 0.206000
v 0.032500 0.013577 0.159000
v 0.003000 -0.002570 0.193973
v -0.119095 -0.025292 0.091049
v -0.115535 -0.024153 0.073841
v -0.025260 -0.005500 0.190189
v 0.013449 0.001167 0.184000
v -0.004925 -0.005500 0.200846
v -0.026375 0.016000 0.141000
v -0.002000 -0.000721 0.204500
v 0.010539 -0.005500 0.199061
v 0.011691 -0.005500 0.197497
v 0.012875 0.016000 0.095000
v -0.002000 -0.000087 0.201677
v -0.009766 0.001412 0.189000
v -0.047140 0.024946 0.013095
v -0.115906 -0.008139 0.072373
v 0.003000 -0.004148 0.198648
v 0.020500 0.010992 0.171630
v 0.003000 -0.005500 0.191000
v -0.042020 0.024224 0.009636
v 0.006629 -0.005500 0.186877
v 0.003000 -0.002500 0.200000
v 0.026818 -0.004361 0.181000
v -0.117894 -0.021855 0.093945
v -0.012210 -0.003000 0.034224
v 0.024500 0.001111 0.171057
v 0.004474 -0.001643 0.184000
v -0.114637 -0.022790 0.088528
v 0.024500 -0.004624 0.173517
v -0.011303 -0.003000 0.055729
v 0.003000 -0.000500 0.184000
v -0.021401 -0.003000 0.029628
v -0.011392 -0.001639 0.206000
v -0.038892 -0.002362 0.196000
v 0.004198 -0.002880 0.200000
v 0.019000 -0.002508 0.195200
v -0.002332 -0.003000 0.035302
v -0.002000 -0.004298 0.195288
v -0.045000 0.011000 0.090831
v -0.034973 -0.000384 0.181000
v -0.027122 -0.005500 0.185653
v 0.004111 -0.000590 0.184000
v -0.035000 0.000000 0.085000
v 0.036417 -0.005500 0.178562
v -0.120917 -0.003654 0.071387
v 0.015267 -0.005500 0.191083
v 0.008724 -0.002846 0.200000
v -0.012621 -0.002953 0.189000
v 0.016000 -0.005500 0.184000
v -0.040000 -0.001334 0.194671
v -0.022509 0.015446 0.095000
v -0.042432 0.020500 0.095000
v -0.109841 -0.021361 0.084183
v 0.036173 -0.004082 0.181000
v -0.015801 -0.003000 0.053398
v 0.014994 0.019500 0.129292
v 0.035500 0.019500 0.139500
v -0.016870 -0.005500 0.202439
v -0.117244 -0.022153 0.092720
v -0.024000 -0.002991 0.188649
v -0.106726 -0.016357 0.086633
v -0.027756 -0.005500 0.181925
v -0.123000 -0.023952 0.092761
v 0.010723 -0.003000 0.059249
v -0.002000 -0.003833 0.204690
v 0.028156 -0.005500 0.178156
v -0.121704 -0.023673 0.094421
v -0.002981 -0.005500 0.197807
v -0.112185 -0.022173 0.086159
v -0.024000 -0.004075 0.191241
v -0.049741 0.010331 0.001714
v -0.009444 0.005858 0.152000
v -0.024000 -0.005500 0.189437
v 0.005055 0.016000 0.176886
v 0.015381 -0.005500 0.197178
v 0.003510 -0.003000 0.048818
v -0.002000 0.000095 0.203698
v -0.040000 -0.002685 0.188942
v -0.113683 -0.021711 0.074197
v 0.033286 -0.005500 0.172571
v 0.019000 -0.004550 0.186403
v 0.036320 -0.005500 0.179820
v -0.045000 0.010368 0.002841
v -0.045000 0.007349 0.000867
v 0.016625 0.016000 0.175000
v -0.029621 -0.004183 0.181000
v -0.107926 -0.015230 0.085793
v -0.019000 -0.002500 0.189000
v -0.119130 -0.021629 0.095834
v 0.026558 -0.001147 0.181000
v -0.025437 0.019500 0.138141
v -0.030346 -0.005500 0.182103
v -0.116926 -0.028853 0.083640
v -0.115945 -0.025425 0.075531
v 0.017642 -0.004071 0.200000
v 0.024500 -0.003500 0.181000
v 0.037500 -0.004213 0.169165
v -0.114558 -0.000991 0.070786
v -0.002000 0.000145 0.205042
v -0.024826 0.013526 0.101000
v 0.024500 -0.005500 0.179375
v -0.026378 -0.005500 0.184735
v 0.037000 0.017750 0.159000
v 0.024500 -0.002500 0.168000
v -0.002000 -0.001710 0.203631
v 0.016468 -0.005500 0.185028
v 0.038000 -0.003000 0.063906
v -0.000275 -0.003000 0.057519
v 0.006506 0.019500 0.129068
v 0.037000 0.016000 0.160500
v -0.124600 -0.031286 0.087796
v 0.024500 -0.004448 0.178562
v 0.024500 -0.004500 0.168000
v 0.025922 -0.005500 0.169422
v -0.002000 -0.000991 0.199774
v 0.037500 -0.002500 0.168000
v 0.003000 -0.002812 0.198798
v -0.113117 -0.028297 0.079440
v -0.008682 -0.005500 0.204927
v 0.005863 -0.001545 0.184000
v -0.030605 -0.003000 0.023014
v 0.025673 -0.002162 0.181000
v 0.025712 -0.003789 0.181000
v -0.035005 -0.003000 0.027058
v -0.109337 -0.016242 0.087597
v -0.013905 -0.001998 0.206000
v 0.027160 -0.005500 0.169127
v -0.110436 -0.027231 0.077356
v 0.028500 0.000000 0.085000
v -0.031521 0.022000 0.091828
v 0.007317 -0.005500 0.197380
v -0.120820 -0.021091 0.096551
v -0.037462 -0.005500 0.191757
v 0.031933 0.004272 0.095000
v -0.026443 -0.001821 0.181000
v -0.114460 -0.024591 0.073910
v -0.016838 0.021000 0.182533
v -0.041500 0.000000 0.044013
v -0.039497 0.022000 0.012943
v 0.018500 0.017555 0.176896
v 0.035500 0.021000 0.132500
v -0.032851 0.016000 0.096556
v -0.120526 -0.020346 0.097213
v -0.019000 -0.002343 0.190134
v -0.030434 -0.005500 0.183835
v 0.019000 0.002500 0.185000
v -0.121310 -0.022566 0.095353
v 0.003000 -0.004397 0.185918
v -0.024000 -0.002781 0.190829
v 0.011596 0.000000 0.088000
v 0.020500 0.014874 0.192748
v -0.012547 0.000313 0.189000
v 0.037500 -0.002413 0.169156
v 0.025922 -0.005500 0.179578
v 0.035500 0.019500 0.132500
v 0.025164 0.013623 0.133000
v -0.025161 0.001217 0.181000
v -0.027716 -0.003000 0.036638
v -0.123361 -0.013138 0.092223
v -0.120929 -0.025987 0.092520
v 0.010323 0.021000 0.146000
v -0.111887 -0.026026 0.074539
v 0.025674 -0.005500 0.178289
v 0.034947 -0.004433 0.181000
v -0.024000 -0.004566 0.187407
v 0.017851 0.001452 0.200000
v 0.026500 0.019500 0.101500
v -0.039500 0.017750 0.172000
v 0.033968 -0.005500 0.178501
v -0.007375 0.001415 0.189000
v -0.026057 -0.004155 0.196000
v -0.109422 -0.023352 0.078592
v -0.030125 0.019500 0.140500
v -0.030125 0.021000 0.140500
v 0.006606 -0.005500 0.194492
v 0.038067 0.022000 0.031687
v 0.017062 0.009645 0.202000
v -0.035562 0.002500 0.181000
v -0.118714 -0.013849 0.088692
v 0.027496 -0.005500 0.174464
v -0.031359 -0.005500 0.185651
v -0.124806 -0.019097 0.092632
v -0.041500 0.000000 0.056807
v -0.113649 -0.021571 0.088830
v -0.031747 -0.001606 0.181000
v 0.019000 -0.000688 0.191501
v 0.035056 0.021000 0.160631
v 0.025000 0.017750 0.101000
v -0.019000 -0.002679 0.192750
v -0.117394 -0.001984 0.073166
v 0.029000 0.002500 0.165000
v -0.007505 0.021000 0.184750
v 0.019000 -0.001226 0.188242
v -0.014314 0.002500 0.110261
v -0.010256 0.006517 0.208000
v -0.031860 -0.005500 0.190614
v 0.024500 -0.002500 0.181000
v -0.030233 -0.005500 0.194642
v -0.009189 0.001440 0.206000
v -0.056493 0.017708 0.015812
v 0.032500 0.021000 0.139500
v -0.028037 -0.000482 0.196000
v -0.027000 -0.005500 0.181000
v 0.027430 -0.005500 0.177022
v 0.037000 0.021000 0.160250
v -0.110066 -0.026136 0.078295
v -0.131557 -0.019874 0.087484
v -0.029014 0.022000 0.016383
v 0.024500 -0.004260 0.179893
v 0.003000 -0.004463 0.195696
v -0.039500 0.021000 0.173250
v -0.009000 0.022000 0.053038
v 0.028571 0.002500 0.166577
v -0.021230 -0.003000 0.063424
v 0.020500 0.009510 0.183926
v -0.029481 -0.005500 0.190141
v 0.004077 -0.005500 0.195240
v -0.022500 0.014025 0.180237
v -0.040000 -0.001228 0.183477
v -0.018340 0.004633 0.208000
v 0.020500 0.005875 0.175000
v 0.030598 -0.005500 0.177357
v -0.126606 -0.026492 0.087405
v 0.006000 -0.005500 0.184000
v -0.109331 -0.014943 0.082205
v -0.028250 -0.000264 0.181000
v -0.114256 -0.023457 0.087174
v -0.004250 0.003826 0.186000
v -0.056734 0.015144 0.012805
v -0.113124 -0.019748 0.075682
v -0.020500 0.006259 0.174750
v -0.039500 0.019236 0.173842
v -0.012500 0.021000 0.095000
v -0.006068 -0.003000 0.060701
v 0.020500 0.016925 0.154607
v -0.002500 0.021000 0.096625
v 0.036687 -0.005500 0.168812
v -0.004625 0.002500 0.187500
v -0.111356 -0.023770 0.076112
v -0.037138 -0.001060 0.196000
v 0.011835 0.021000 0.179840
v 0.020500 0.005524 0.171987
v -0.111979 -0.024664 0.082671
v -0.002000 -0.004197 0.190102
v 0.015401 0.013839 0.143000
v 0.038494 0.013797 0.095000
v 0.036563 0.022000 0.091092
v 0.040975 0.022000 0.090883
v 0.035125 0.016000 0.099125
v -0.024000 -0.005500 0.191312
v -0.024000 -0.001875 0.191350
v 0.016659 0.021000 0.176734
v 0.037000 0.017582 0.096777
v -0.051762 0.014583 0.005659
v -0.012375 0.001860 0.206000
v -0.025000 0.011000 -0.019800
v -0.025000 0.011000 0.000000
v -0.016814 0.021000 0.097047
v 0.024500 -0.003000 0.169022
v 0.028604 0.008375 0.165000
v -0.041225 0.000000 0.060493
v 0.018045 -0.005500 0.186531
v -0.020911 0.019854 0.095000
v -0.006255 0.002500 0.187446
v -0.019000 0.001518 0.203592
v 0.027690 0.000000 0.088858
v -0.024500 0.021000 0.145750
v 0.008843 0.022000 0.028134
v 0.005312 0.007835 0.175000
v -0.125946 -0.030944 0.086335
v 0.034644 -0.005500 0.177348
v 0.003990 -0.005500 0.197334
v 0.011938 0.016000 0.099500
v -0.108548 -0.021473 0.082368
v 0.014278 -0.005500 0.192073
v -0.025000 0.011500 -0.009900
v 0.024500 -0.001323 0.179941
v 0.003000 0.001272 0.190769
v 0.033404 0.022000 0.091785
v 0.014394 -0.005500 0.196075
v 0.023000 0.016749 0.145900
v -0.026699 0.022000 0.030841
v -0.029385 0.000460 0.196000
v 0.031490 -0.005500 0.169274
v 0.039000 0.010209 0.143185
v -0.033346 -0.005500 0.191331
v -0.038859 -0.000244 0.196000
v -0.108973 -0.014362 0.068378
v 0.005589 -0.005500 0.199022
v -0.111809 -0.020831 0.087411
v 0.028156 -0.000649 0.168000
v 0.005951 0.022000 0.044700
v -0.012571 0.021000 0.096757
v 0.006984 0.019500 0.151829
v -0.004500 0.016000 0.101000
v 0.020500 0.003940 0.191570
v 0.010904 -0.002890 0.184000
v 0.003000 -0.005500 0.193000
v 0.020500 0.002500 0.165250
v 0.007976 0.021000 0.144317
v -0.120393 -0.015526 0.091403
v -0.002000 -0.001638 0.193915
v 0.016052 0.002500 0.162000
v 0.037500 -0.000787 0.174457
v -0.005717 -0.003000 0.036144
v -0.003166 -0.005500 0.201930
v 0.020500 0.015250 0.124625
v -0.097664 0.004302 0.061378
v -0.020500 0.019500 0.169500
v 0.036446 -0.005500 0.176048
v -0.110937 -0.012003 0.083211
v -0.019000 -0.002507 0.199314
v -0.004036 0.022000 0.019245
v 0.024500 -0.004119 0.169053
v -0.020500 0.006112 0.188124
v 0.037500 -0.001011 0.179097
v 0.013770 0.022000 0.070726
v -0.038884 -0.005500 0.186795
v -0.014628 0.019500 0.103925
v -0.002875 0.002500 0.187625
v -0.116759 -0.026421 0.086572
v -0.020500 0.015482 0.162170
v -0.041500 0.000000 0.048379
v 0.020500 0.005757 0.163625
v 0.020500 0.006163 0.158747
v 0.020500 0.009957 0.193020
v -0.045000 0.000000 0.005000
v 0.032146 0.022000 0.085288
v -0.034591 -0.005500 0.193062
v -0.000177 0.020000 -0.009748
v -0.110019 -0.015203 0.081276
v -0.010568 -0.005500 0.196795
v -0.022500 0.010879 0.183102
v -0.045000 0.004181 0.003835
v 0.015630 -0.003000 0.076404
v 0.015711 0.014114 0.175000
v -0.037625 0.016000 0.095000
v -0.045000 0.006128 0.006088
v -0.025101 -0.005500 0.191279
v -0.119471 -0.006275 0.066128
v -0.022500 0.015447 0.108973
v -0.002438 0.000000 0.085000
v -0.006994 0.013419 0.152000
v -0.033315 -0.005500 0.183516
v 0.035398 0.006962 0.101000
v -0.020500 0.017332 0.174735
v -0.029313 0.000000 0.085000
v -0.020500 0.015476 0.171047
v -0.013500 0.016000 0.147500
v -0.042071 0.022000 0.011072
v 0.003000 -0.001581 0.192838
v -0.035273 0.019500 0.103984
v 0.019000 -0.003864 0.197311
v 0.003125 0.002000 -0.007276
v -0.031765 -0.003000 0.045054
v -0.084250 0.003627 0.047359
v -0.007813 -0.003000 0.085000
v -0.114131 -0.020868 0.090362
v 0.010363 -0.000975 0.200000
v -0.019000 -0.001963 0.193428
v 0.014913 -0.003000 0.026181
v -0.114367 -0.023542 0.072619
v -0.030125 0.016000 0.095000
v -0.020500 0.002500 0.187500
v 0.025000 0.018625 0.137929
v -0.061979 -0.000444 0.016508
v -0.020500 0.004282 0.187949
v -0.000500 0.002500 0.198562
v -0.125507 -0.021150 0.090941
v -0.036156 0.001571 0.181000
v -0.132205 -0.022795 0.076827
v -0.019000 -0.002345 0.204866
v -0.008546 -0.005500 0.196497
v -0.000500 0.003982 0.193467
v 0.013738 0.021000 0.099827
v 0.001872 0.022000 0.022385
v 0.014183 0.001314 0.200000
v 0.003000 -0.005500 0.189000
v 0.022216 0.022000 0.015645
v 0.009620 -0.005500 0.196004
v -0.112899 -0.007117 0.076383
v 0.006334 0.022000 0.033683
v -0.033000 -0.005500 0.196000
v 0.014315 0.002500 0.133653
v 0.018033 0.000000 0.184000
v -0.116073 -0.007209 0.060531
v -0.126884 -0.029035 0.084452
v -0.030465 -0.005500 0.188237
v -0.116085 -0.024122 0.088675
v -0.032598 -0.005500 0.185046
v -0.005925 -0.001448 0.206000
v -0.032132 -0.005500 0.185663
v -0.041500 0.014313 0.148806
v 0.023000 0.010705 0.104333
v -0.004500 0.007921 0.101000
v -0.024500 0.021000 0.096625
v -0.022500 0.016372 0.188657
v 0.037000 0.021000 0.096625
v 0.039000 0.008249 0.123811
v -0.123886 -0.003381 0.075576
v 0.001500 0.017750 0.143000
v -0.020500 0.010938 0.104338
v 0.039000 0.010705 0.129667
v -0.041500 0.014202 0.193682
v 0.003394 0.004987 0.202000
v 0.019000 0.002500 0.197000
v -0.022500 0.012213 0.194332
v -0.028121 0.016000 0.098834
v -0.028954 0.021000 0.099740
v 0.020500 0.014313 0.173194
v -0.004500 0.007502 0.152000
v 0.020500 0.003513 0.199000
v -0.111192 -0.008138 0.077992
v 0.016688 0.008306 0.101000
v -0.046945 0.017883 0.003706
v 0.020500 0.015322 0.110057
v 0.018500 0.000000 0.085000
v 0.023000 0.016650 0.107017
v 0.033625 0.016000 0.096500
v -0.025000 0.002000 -0.007500
v 0.023000 0.007457 0.145854
v -0.025000 0.020000 -0.007500
v -0.072213 -0.001987 0.043977
v -0.028536 0.016000 0.096907
v -0.088257 0.004330 0.052540
v -0.041500 0.009867 0.167575
v -0.031063 0.016000 0.096500
v 0.041016 0.000000 0.021719
v -0.006311 0.022000 0.009293
v -0.077510 0.013220 0.045464
v -0.113306 -0.001604 0.064209
v -0.120140 -0.019792 0.096389
v -0.046438 0.019282 0.004861
v 0.039000 0.017041 0.142312
v -0.121042 -0.021851 0.095970
v -0.024500 0.019435 0.096298
v -0.045000 0.015415 0.006336
v -0.029732 0.016000 0.096289
v 0.011875 0.000000 0.020000
v 0.009125 0.021000 0.095000
v 0.037000 0.019284 0.096530
g wrist
f 5114 4480 80
f 4480 5918 80
f 5114 80 4607
f 5123 4607 80
f 5918 5123 80
f 5114 438 83
f 83 6082 5114
f 5919 6082 83
f 4967 88 4370
f 88 5918 4370
f 5123 88 4967
f 5123 5918 88
f 4479 97 439
f 4479 6084 97
f 6084 5919 97
f 103 1347 98
f 3384 103 98
f 1117 98 1347
f 1117 4393 98
f 4267 3384 98
f 4393 4267 98
f 1345 99 970
f 1345 1117 99
f 1117 1946 99
f 3384 1347 103
f 439 104 3902
f 1946 1347 104
f 1347 3902 104
f 6016 1430 438
f 5114 6016 438
f 5992 439 3902
f 5992 4479 439
f 1345 970 794
f 794 6016 1345
f 1430 6016 794
f 4393 1117 1345
f 1946 1117 1347
f 4746 4393 1345
f 4654 4746 1345
f 6016 4654 1345
f 1348 1346 4267
f 1348 5088 1346
f 3384 4267 1346
f 1346 5191 3384
f 5088 4967 1346
f 4967 5191 1346
f 3902 1347 3384
f 4746 1348 4267
f 5088 1348 4607
f 1348 5114 4607
f 4746 4654 1348
f 4654 5114 1348
f 3384 5191 3902
f 5191 5992 3902
f 4393 4746 4267
f 4967 4370 4479
f 4370 6084 4479
f 5918 5938 4370
f 5938 6084 4370
f 4479 5191 4967
f 5992 5191 4479
f 5114 6082 4480
f 5938 5918 4480
f 6082 5938 4480
f 5123 5088 4607
f 4654 6016 5114
f 5123 4967 5088
f 5938 6082 5919
f 6084 5938 5919
g palm
f 83 1413 81
f 81 5919 83
f 85 90 81
f 5746 85 81
f 90 5919 81
f 1413 962 81
f 962 5989 81
f 5746 81 5996
f 5996 81 5989
f 2351 742 82
f 3161 82 742
f 952 1411 82
f 3161 952 82
f 2351 82 1488
f 83 438 1413
f 757 90 85
f 5745 756 85
f 5746 5745 85
f 3672 741 86
f 86 741 4656
f 86 4656 2189
f 86 5705 3672
f 90 89 92
f 755 89 90
f 91 90 92
f 3860 90 91
f 93 1457 90
f 90 3860 93
f 1457 97 90
f 5919 90 97
f 757 755 90
f 5870 1457 93
f 5801 5870 93
f 6012 5801 93
f 2694 3760 94
f 3949 3044 94
f 3760 4949 94
f 4949 3949 94
f 439 97 1457
f 970 99 746
f 99 2771 746
f 1946 3059 99
f 99 3059 2771
f 2771 100 1426
f 100 4191 1426
f 3059 2433 100
f 2433 4191 100
f 2771 3059 100
f 3968 732 101
f 6090 101 732
f 3968 101 1424
f 6090 2287 101
f 3559 102 733
f 4788 733 102
f 4788 102 1449
f 3559 3106 102
f 1770 104 439
f 875 104 744
f 1770 744 104
f 3059 104 875
f 3059 1946 104
f 2433 875 105
f 875 4478 105
f 4191 105 2131
f 105 4478 2131
f 4191 2433 105
f 1777 741 106
f 741 3672 106
f 3545 106 1340
f 106 3672 1340
f 1777 106 1475
f 106 3545 1475
f 2385 133 740
f 133 5389 740
f 133 2385 4065
f 4065 5999 133
f 5389 133 4268
f 1620 146 147
f 146 5714 147
f 1620 3130 146
f 3130 4559 146
f 4559 4270 146
f 4984 146 4270
f 4984 5714 146
f 147 4348 1620
f 147 5714 4268
f 3318 2341 151
f 2808 151 2807
f 2808 4605 151
f 5713 3318 151
f 4605 5713 151
f 3318 153 2666
f 3318 5713 153
f 4605 5626 153
f 153 5713 4605
f 5626 5575 153
f 4062 2007 161
f 4491 161 2654
f 5253 4062 161
f 4491 5253 161
f 1621 180 1316
f 5925 1316 180
f 5925 180 2341
f 182 3215 1316
f 1316 5925 182
f 182 5925 2666
f 974 3436 184
f 184 5617 974
f 2007 5617 184
f 2534 247 733
f 3559 733 247
f 3476 247 2534
f 3559 247 2813
f 4792 2813 247
f 4792 247 3476
f 4062 279 3184
f 4062 5253 279
f 5046 5021 279
f 279 5253 5046
f 285 3443 3445
f 285 4425 3443
f 3562 4425 285
f 285 4912 3562
f 3251 974 299
f 5617 299 974
f 5617 3184 299
f 2885 301 1618
f 3443 1618 301
f 3445 3443 301
f 4425 305 2778
f 305 4910 3320
f 4425 5074 305
f 5074 4910 305
f 4456 2755 310
f 310 5908 4456
f 5561 310 4981
f 5561 5908 310
f 2360 1618 331
f 3443 331 1618
f 3443 2778 331
f 4545 2311 333
f 2755 2756 333
f 2756 4545 333
f 2645 2020 335
f 2020 5910 335
f 2756 2645 335
f 4545 2756 335
f 5910 4545 335
f 5705 429 398
f 429 6009 398
f 1639 728 398
f 3672 398 728
f 2424 1639 398
f 398 6009 2424
f 5705 398 3672
f 404 2158 725
f 3355 404 725
f 3696 2158 404
f 3355 3216 404
f 3216 3696 404
f 2608 726 410
f 3043 410 726
f 5118 2608 410
f 3697 410 3043
f 3697 5812 410
f 5812 5118 410
f 2117 416 727
f 3559 727 416
f 2117 5928 416
f 3687 3559 416
f 416 5928 3687
f 3161 742 422
f 742 5104 422
f 2697 422 2695
f 422 5390 2695
f 3254 422 2697
f 3254 3161 422
f 5390 422 5104
f 3216 1229 428
f 3696 428 1235
f 428 3696 3216
f 3697 1239 430
f 1280 5812 430
f 430 5812 3697
f 3687 431 3106
f 3687 5928 431
f 5928 5791 431
f 1415 1413 432
f 1413 1429 432
f 1413 438 1430
f 1769 439 1457
f 1769 1770 439
f 2158 1912 725
f 3355 725 1912
f 2608 3720 726
f 3415 3043 726
f 3720 3415 726
f 3238 2117 727
f 3559 2813 727
f 5796 727 2813
f 727 5796 3238
f 3672 728 1340
f 3815 1340 728
f 1639 3815 728
f 2534 2435 729
f 2645 729 2435
f 3476 2534 729
f 2645 2818 729
f 729 2818 4792
f 4792 3476 729
f 3535 730 1673
f 730 3536 1673
f 1782 5263 730
f 730 5651 1782
f 3536 730 1870
f 730 5263 1870
f 3535 1888 730
f 1888 5651 730
f 4319 731 1673
f 731 5838 1673
f 2313 2131 731
f 731 2131 2676
f 2313 731 4173
f 731 2676 5838
f 4319 4173 731
f 3090 732 1426
f 732 3968 1426
f 2312 2288 732
f 2288 2953 732
f 732 3090 2312
f 2953 6090 732
f 4781 2534 733
f 4781 733 4702
f 733 4788 4702
f 5248 1443 734
f 3460 5317 734
f 5317 5248 734
f 2849 736 2067
f 3190 2067 736
f 3190 736 2144
f 736 5317 2144
f 2849 3806 736
f 3806 5248 736
f 5248 5317 736
f 3272 2886 737
f 2886 4735 737
f 3864 3272 737
f 4132 3864 737
f 737 4735 4132
f 5280 1482 738
f 3051 5845 738
f 738 5845 5280
f 3039 739 1046
f 739 5845 1046
f 3492 739 3039
f 3492 5181 739
f 5181 5280 739
f 5280 5845 739
f 2385 740 1475
f 740 5701 1475
f 4984 4328 740
f 4328 5701 740
f 5389 4984 740
f 1926 1043 741
f 1043 2896 741
f 1926 741 1777
f 2896 4656 741
f 2351 2350 742
f 2350 5104 742
f 4677 875 744
f 1770 3786 744
f 3786 4677 744
f 3244 3242 745
f 5218 3244 745
f 5218 745 3268
f 970 746 794
f 1430 794 746
f 1430 746 1413
f 746 5531 1413
f 2771 1422 746
f 1422 5531 746
f 4046 753 756
f 5165 753 4046
f 5165 6099 753
f 5745 4046 756
f 1409 1413 787
f 787 1413 1417
f 4303 1421 789
f 1432 5531 789
f 789 5531 4303
f 4634 792 1484
f 3618 1489 792
f 792 4634 3618
f 3124 793 1871
f 3649 1871 793
f 3124 3618 793
f 3618 4634 793
f 4421 3649 793
f 4634 4421 793
f 3354 796 1445
f 796 3212 1450
f 3354 3212 796
f 1828 1744 797
f 1744 2983 797
f 1803 1782 797
f 1782 2261 797
f 797 2983 1803
f 2261 1828 797
f 1990 798 1951
f 3182 1951 798
f 1990 3212 798
f 3182 798 2980
f 798 3354 2980
f 3354 798 3212
f 1316 804 974
f 804 4492 974
f 1316 5895 804
f 4296 805 4228
f 4368 4228 805
f 4368 805 4367
f 2874 1754 822
f 1754 5944 822
f 2606 2468 822
f 2916 822 2468
f 3858 2606 822
f 2916 2874 822
f 5944 3858 822
f 3370 823 1927
f 823 6044 1927
f 2720 823 2057
f 823 6041 2057
f 5930 823 2720
f 3957 3296 823
f 3296 6041 823
f 3957 823 3370
f 5930 6044 823
f 1823 5573 836
f 836 4727 2469
f 836 5573 4727
f 2966 838 1043
f 838 3950 1043
f 2206 1046 838
f 1046 4727 838
f 2966 2206 838
f 5573 3950 838
f 4727 5573 838
f 5167 1620 840
f 4591 842 3958
f 4591 6025 842
f 1618 974 859
f 974 6102 859
f 859 4314 1618
f 862 5193 4665
f 862 4665 5674
f 3059 875 2433
f 4677 4478 875
f 3635 880 3128
f 4154 3128 880
f 3635 3151 880
f 3635 882 2144
f 882 3729 2144
f 2344 2184 882
f 3729 882 2184
f 2344 882 2288
f 882 3128 2288
f 3635 3128 882
f 3335 915 1229
f 3335 3866 915
f 4130 915 3866
f 1636 1639 916
f 3475 1636 916
f 1639 3866 916
f 3355 916 3335
f 916 3866 3335
f 3355 3475 916
f 3049 5405 920
f 5405 6004 920
f 2085 1735 921
f 2158 921 1735
f 921 3415 2085
f 2158 3188 921
f 3043 921 2222
f 3188 2222 921
f 3043 3415 921
f 3138 936 1284
f 3138 2997 936
f 6079 936 2997
f 1690 937 2117
f 2726 937 1690
f 937 3138 2117
f 2726 2608 937
f 2608 2997 937
f 3138 937 2997
f 3254 1040 952
f 6000 952 1040
f 952 5989 1411
f 3254 952 3161
f 6000 5989 952
f 1413 1409 962
f 1411 5989 962
f 1413 1415 964
f 964 2265 1413
f 4056 966 1421
f 966 5314 1424
f 5314 966 4056
f 5531 968 1429
f 5531 6101 968
f 1506 1315 969
f 1315 3928 969
f 1975 1506 969
f 969 4132 1975
f 2282 3864 969
f 969 3928 2282
f 3864 4132 969
f 3861 972 1443
f 3177 1445 972
f 972 3861 3177
f 2849 2074 973
f 973 2074 2980
f 3806 2849 973
f 3177 973 2980
f 3177 3861 973
f 3861 3806 973
f 2101 1316 974
f 1618 2774 974
f 1619 3436 974
f 974 4492 1619
f 2484 2101 974
f 2319 974 2263
f 2774 2263 974
f 2484 974 2319
f 2425 974 3251
f 2425 6102 974
f 976 5440 1449
f 2093 976 1450
f 2093 5440 976
f 977 1951 1989
f 1990 1951 977
f 977 1989 4702
f 2093 1990 977
f 977 5440 2093
f 5440 977 4702
f 1482 5985 985
f 5800 1484 985
f 5985 5800 985
f 4421 986 3708
f 5181 3708 986
f 4421 5800 986
f 5985 5181 986
f 5800 5985 986
f 988 4658 1488
f 4504 988 1489
f 4658 988 4504
f 1871 1732 989
f 2350 989 1732
f 3124 1871 989
f 2350 4658 989
f 4504 3124 989
f 4658 4504 989
f 2736 1703 990
f 1703 5173 990
f 2736 990 2581
f 990 3037 2581
f 3893 990 2886
f 990 5173 2886
f 3893 3037 990
f 1754 3570 991
f 991 5944 1754
f 2873 4668 991
f 991 5870 2873
f 3037 2934 991
f 2934 5944 991
f 991 4668 3037
f 991 3570 5870
f 1040 4046 1493
f 6000 1040 1493
f 3254 2697 1040
f 3497 1040 2697
f 4046 1040 3497
f 3950 1823 1042
f 2189 2896 1042
f 3950 1042 2896
f 2966 1043 1926
f 3950 2896 1043
f 2469 4941 1045
f 1045 5923 3051
f 4941 5923 1045
f 3039 1046 2206
f 4941 4727 1046
f 5923 4941 1046
f 5845 5923 1046
f 2953 1123 2287
f 3128 1123 2953
f 3128 4154 1123
f 1126 3635 2144
f 2144 5317 1126
f 3635 1126 3151
f 1126 5317 3460
f 3335 1229 3216
f 1232 3866 2424
f 2424 6009 1232
f 4130 3866 1232
f 3696 1235 3188
f 1235 6004 3188
f 3049 1239 2222
f 3697 2222 1239
f 5118 1280 2997
f 6079 2997 1280
f 5118 5812 1280
f 1284 5928 3138
f 5791 5928 1284
f 2535 1315 1506
f 4328 1315 2535
f 4559 3928 1315
f 4328 4270 1315
f 4559 1315 4270
f 3206 1621 1316
f 2101 2635 1316
f 2635 3206 1316
f 3215 2906 1316
f 2906 5895 1316
f 3545 1340 2084
f 3815 2084 1340
f 2265 1417 1413
f 1413 5531 1429
f 4303 4056 1421
f 1422 2771 1427
f 1427 5314 1422
f 4303 1422 4056
f 5314 4056 1422
f 5531 1422 4303
f 1424 5314 3968
f 2771 1426 1427
f 3968 1427 1426
f 4191 3090 1426
f 3968 5314 1427
f 5531 1432 6101
f 3074 2282 1438
f 3928 1438 2282
f 2814 2635 1438
f 2635 4020 1438
f 2814 1438 2770
f 3928 2770 1438
f 4020 3074 1438
f 5248 3861 1443
f 3354 1445 3177
f 1449 5440 4788
f 1450 3212 2093
f 6091 1769 1457
f 5870 3570 1457
f 3570 6091 1457
f 1475 5701 1777
f 3545 2385 1475
f 2360 1479 2311
f 3320 5558 1480
f 1480 5558 4981
f 5280 5985 1482
f 5800 4634 1484
f 1488 4658 2351
f 4504 1489 3618
f 5745 1493 4046
f 5746 1493 5745
f 5996 1493 5746
f 6000 1493 5996
f 3039 2206 1494
f 4132 1494 2206
f 3492 3039 1494
f 1494 4735 3492
f 4132 4735 1494
f 1926 1777 1506
f 2535 1506 1777
f 2966 1926 1506
f 2966 1506 1975
f 2008 2885 1618
f 1618 4314 2008
f 2360 2311 1618
f 2311 4264 1618
f 1618 3157 2774
f 4264 3157 1618
f 1620 4348 1889
f 1620 5792 3130
f 5167 5792 1620
f 3206 5792 1621
f 1621 5792 5167
f 1622 3296 2676
f 2676 4478 1622
f 6041 3296 1622
f 4478 3786 1622
f 3786 6041 1622
f 2846 1634 2262
f 1634 5979 2262
f 2846 2745 1634
f 3358 1634 2745
f 3358 3024 1634
f 3024 5979 1634
f 5039 2807 1635
f 1635 6025 5039
f 3815 1639 1636
f 3200 2808 1636
f 1636 2808 3509
f 3475 3200 1636
f 3815 1636 3509
f 2874 1637 1754
f 3570 1754 1637
f 5975 1637 2874
f 1637 6091 3570
f 6091 1637 5975
f 1638 2916 2386
f 2386 6044 1638
f 1638 2874 2916
f 6038 2874 1638
f 5930 6038 1638
f 6044 5930 1638
f 2424 3866 1639
f 2767 1647 1912
f 3355 1912 1647
f 4368 1647 2767
f 3475 1647 3200
f 3540 3200 1647
f 3475 3355 1647
f 4561 3540 1647
f 4561 1647 4368
f 1888 1665 1827
f 1827 1665 2846
f 4433 1665 1888
f 2745 1665 1927
f 3370 1927 1665
f 2846 1665 2745
f 4433 3370 1665
f 1673 3536 1758
f 1758 4319 1673
f 1673 5838 3535
f 3296 1685 2676
f 1685 5838 2676
f 3957 1685 3296
f 3957 3370 1685
f 4433 1685 3370
f 1685 4433 3535
f 3535 5838 1685
f 1799 2726 1690
f 1690 3562 1799
f 3238 1690 2117
f 4549 1690 3238
f 3562 1690 3317
f 4549 3317 1690
f 1871 1703 1732
f 2736 1732 1703
f 3649 1703 1871
f 5173 1703 3649
f 2261 1715 1828
f 3060 1828 1715
f 2262 1715 2261
f 2262 5979 1715
f 3060 1715 2774
f 5979 2774 1715
f 1732 5104 2350
f 2736 5390 1732
f 5390 5104 1732
f 1912 2158 1735
f 1735 2767 1912
f 2655 1735 2085
f 2767 1735 2655
f 2435 1760 1744
f 2983 1744 1760
f 2663 1744 1828
f 2435 1744 2020
f 1744 5910 2020
f 2663 5910 1744
f 1758 2067 3190
f 1758 3536 2067
f 3729 2184 1758
f 2184 4319 1758
f 3729 1758 3190
f 2983 1760 1989
f 1760 4781 1989
f 2534 1760 2435
f 2534 4781 1760
f 1769 2057 1770
f 2022 2057 1769
f 6091 2022 1769
f 2057 3786 1770
f 1777 5701 2535
f 1803 5263 1782
f 1782 5651 2261
f 4054 4912 1798
f 5674 4054 1798
f 3720 2726 1799
f 3720 1799 3230
f 1799 4054 3230
f 3562 4054 1799
f 1803 2983 1951
f 1803 1951 3182
f 1803 3182 2074
f 2074 5263 1803
f 1811 5644 2654
f 4296 4228 1811
f 4228 5644 1811
f 2606 4102 1812
f 1812 5874 2606
f 3272 3523 1812
f 1812 4102 3272
f 3523 4905 1812
f 1812 4905 3530
f 3530 5874 1812
f 2386 2468 1815
f 1815 5954 2386
f 2468 5874 1815
f 1815 5874 3358
f 3358 5954 1815
f 2101 2484 1819
f 2487 2101 1819
f 1819 2484 2319
f 2319 3024 1819
f 3530 2487 1819
f 3659 1819 3024
f 3659 3530 1819
f 3950 5573 1823
f 1827 5651 1888
f 2262 2261 1827
f 2261 5651 1827
f 1827 2846 2262
f 1828 5990 2663
f 3060 5990 1828
f 1856 2282 3074
f 1856 3864 2282
f 3523 1856 3074
f 3523 3272 1856
f 3864 1856 3272
f 2849 2067 1870
f 3536 1870 2067
f 2849 1870 2074
f 1870 5263 2074
f 4433 1888 3535
f 2386 5954 1927
f 1927 6044 2386
f 5954 2745 1927
f 2983 1989 1951
f 2966 1975 2206
f 4132 2206 1975
f 1979 5054 4017
f 5193 1979 4017
f 5021 5054 1979
f 2685 3415 1980
f 1980 4017 2685
f 3720 3230 1980
f 4017 1980 3230
f 3720 1980 3415
f 1989 4781 4702
f 2093 3212 1990
f 4062 5617 2007
f 2645 2435 2020
f 2720 2057 2022
f 2022 6038 2720
f 5975 6038 2022
f 6091 5975 2022
f 2057 6041 3786
f 2344 2069 2184
f 4319 2184 2069
f 2313 2069 2312
f 2344 2312 2069
f 2313 4173 2069
f 4319 2069 4173
f 3182 2980 2074
f 2385 3545 2084
f 2385 2084 4065
f 3569 2084 3509
f 3815 3509 2084
f 3569 4065 2084
f 3544 2655 2085
f 3415 2685 2085
f 3544 2085 2685
f 4020 2101 2487
f 2101 4020 2635
f 3138 5928 2117
f 4191 2131 2313
f 4478 2676 2131
f 3729 3190 2144
f 3696 3188 2158
f 2189 4656 2896
f 3272 2201 2886
f 3893 2886 2201
f 3858 2934 2201
f 3893 2201 2934
f 4102 2201 3272
f 4102 3858 2201
f 2222 3697 3043
f 5405 3049 2222
f 5405 2222 3188
f 2263 3024 2319
f 2774 5979 2263
f 2263 5979 3024
f 2287 6090 2953
f 2344 2288 2312
f 3128 2953 2288
f 5941 4264 2311
f 4545 5909 2311
f 5909 5941 2311
f 2312 3090 2313
f 4191 2313 3090
f 5925 2341 3318
f 2351 4658 2350
f 2386 2916 2468
f 2606 5874 2468
f 2469 4727 4941
f 3074 2487 3523
f 4020 2487 3074
f 2487 4905 3523
f 3530 4905 2487
f 2535 5701 4328
f 4561 4367 2551
f 5575 4561 2551
f 2581 4888 2736
f 4668 2581 3037
f 4668 3819 2581
f 3819 4888 2581
f 4102 2606 3858
f 2726 3720 2608
f 5118 2997 2608
f 3206 2635 2814
f 2756 4456 2645
f 2645 4456 2818
f 2654 5644 4491
f 2655 5644 2767
f 3544 4491 2655
f 4491 5644 2655
f 4264 5941 2663
f 2663 5990 4264
f 5909 5910 2663
f 2663 5941 5909
f 2666 5925 3318
f 5046 3544 2685
f 4017 5054 2685
f 5054 5046 2685
f 3244 2694 3242
f 3244 3760 2694
f 3243 2697 2695
f 2736 4888 2695
f 2695 5390 2736
f 2695 4701 3243
f 4888 4701 2695
f 3243 5218 2697
f 2697 5218 3497
f 6038 5930 2720
f 5954 3358 2745
f 2755 4456 2756
f 4228 4368 2767
f 5644 4228 2767
f 3130 2814 2770
f 4559 3130 2770
f 4559 2770 3928
f 3060 2774 3157
f 4425 2778 3443
f 5039 2808 2807
f 2808 3200 4605
f 2808 5039 3509
f 4792 2978 2813
f 5796 2813 2978
f 3130 5792 2814
f 2814 5792 3206
f 4792 2818 3411
f 3411 2818 5908
f 4456 5908 2818
f 3759 4668 2873
f 5801 3759 2873
f 5870 5801 2873
f 6038 5975 2874
f 3468 4735 2886
f 2886 5173 3468
f 3037 3893 2934
f 3858 5944 2934
f 3321 3238 2978
f 2978 3238 5796
f 2978 5529 3321
f 4792 3411 2978
f 5529 2978 3411
f 3354 3177 2980
f 3958 2999 3569
f 4065 3569 2999
f 2999 5999 4065
f 3659 3024 3358
f 3949 5801 3044
f 5801 6012 3044
f 5923 5845 3051
f 4264 3060 3157
f 4264 5990 3060
f 3687 3106 3559
f 4504 3618 3124
f 3184 5617 4062
f 6004 5405 3188
f 3540 5626 3200
f 3200 5626 4605
f 3355 3335 3216
f 3230 4665 4017
f 4054 5674 3230
f 5674 4665 3230
f 4549 3238 3321
f 3243 3760 3244
f 3244 5218 3243
f 3243 4701 3760
f 5218 3268 5165
f 6099 5165 3268
f 3317 4425 3562
f 5074 4425 3317
f 5074 3317 4549
f 4910 5558 3320
f 4549 3321 4910
f 3321 5558 4910
f 5529 5558 3321
f 3659 3358 3530
f 3358 5874 3530
f 5529 3411 5561
f 5908 5561 3411
f 3708 3492 3468
f 3492 4735 3468
f 3708 3468 3649
f 5173 3649 3468
f 3708 5181 3492
f 5165 4046 3497
f 5218 5165 3497
f 3509 4591 3569
f 3509 6025 4591
f 5039 6025 3509
f 5575 3540 4561
f 5626 3540 5575
f 5253 4491 3544
f 5253 3544 5046
f 3562 4912 4054
f 4591 3958 3569
f 4421 3708 3649
f 3949 5067 3759
f 3759 5801 3949
f 5067 4668 3759
f 4949 3760 4701
f 4478 4677 3786
f 3861 5248 3806
f 4668 5067 3819
f 4888 3819 4701
f 4949 4701 3819
f 5067 4949 3819
f 4949 5067 3949
f 4665 5193 4017
f 4268 5714 5389
f 4984 4270 4328
f 4367 4561 4368
f 5800 4421 4634
f 4545 5910 5909
f 5074 4549 4910
f 5440 4702 4788
f 4981 5558 5529
f 5529 5561 4981
f 5389 5714 4984
f 5046 5054 5021
f 5985 5280 5181
f 6000 5996 5989
g index_flex0
f 3424 4268 133
f 5999 3424 133
f 4293 134 3424
f 5092 3424 134
f 148 136 137
f 724 136 148
f 724 3644 136
f 5092 136 3644
f 1923 148 137
f 1922 1923 137
f 4268 5352 147
f 5352 4348 147
f 3376 724 148
f 3376 148 1923
f 2602 151 2341
f 2602 2807 151
f 3287 1840 152
f 1840 3645 152
f 152 3645 2648
f 155 181 156
f 723 181 155
f 3645 723 155
f 3645 155 2648
f 181 2333 156
f 2333 2332 156
f 180 1621 840
f 1737 180 840
f 180 1737 2323
f 6058 180 2323
f 2341 180 6098
f 6058 6098 180
f 723 2333 181
f 2323 2333 723
f 6058 2323 723
f 3645 2603 723
f 2603 6098 723
f 6098 6058 723
f 3376 5352 724
f 724 5352 3644
f 841 839 2014
f 841 3056 839
f 2013 2014 839
f 3055 839 3056
f 1620 1889 840
f 1621 5167 840
f 840 5357 1737
f 5357 840 1889
f 4121 841 2014
f 4121 3056 841
f 5804 3958 842
f 6089 5804 842
f 6089 842 6025
f 843 3315 1048
f 3079 843 3078
f 3315 843 3079
f 1049 2014 1047
f 2333 1049 1047
f 2013 1047 2014
f 2332 2333 1047
f 1048 6070 3287
f 3315 6070 1048
f 1049 6071 2014
f 2323 1049 2333
f 6071 1049 2323
f 1052 1923 1050
f 1050 3056 1052
f 1922 1050 1923
f 1050 3055 3056
f 3612 3078 1051
f 4293 3612 1051
f 1052 3376 1923
f 3056 3057 1052
f 3057 3376 1052
f 1635 2807 2809
f 6086 1635 2809
f 6100 6025 1635
f 6100 1635 6086
f 4121 2014 1737
f 2014 6071 1737
f 1737 6071 2323
f 1737 5357 4121
f 2603 1840 2602
f 1840 2809 2602
f 2603 3645 1840
f 3287 2809 1840
f 3376 3057 1889
f 5357 1889 3057
f 4348 3376 1889
f 6070 3315 2277
f 3315 6089 2277
f 6086 6070 2277
f 6100 6086 2277
f 6100 2277 6089
f 2603 2602 2341
f 2341 6098 2603
f 2809 2807 2602
f 6070 2809 3287
f 6070 6086 2809
f 2999 5559 3612
f 3612 5999 2999
f 5559 2999 3958
f 4121 3057 3056
f 4121 5357 3057
f 3612 3079 3078
f 3079 6089 3315
f 3612 5559 3079
f 5804 3079 5559
f 5804 6089 3079
f 4348 5352 3376
f 4293 3424 3612
f 3424 5999 3612
f 4268 3424 3644
f 5092 3644 3424
f 3644 5352 4268
f 5804 5559 3958
f 6100 6089 6025
g index_ph0
f 722 399 107
f 3359 107 399
f 2673 722 107
f 2673 107 1213
f 107 3506 1213
f 3359 2310 107
f 2310 3506 107
f 721 108 400
f 2339 400 108
f 1248 108 721
f 1248 950 108
f 3333 108 950
f 2339 108 1311
f 108 3333 1311
f 722 110 399
f 110 3199 399
f 1247 110 722
f 110 1247 949
f 1308 110 949
f 3199 110 1308
f 721 400 112
f 3207 112 400
f 3312 721 112
f 3312 112 1214
f 3438 1214 112
f 3207 3099 112
f 3099 3438 112
f 134 1325 716
f 716 5092 134
f 134 4294 1325
f 4293 4294 134
f 136 135 137
f 136 5092 135
f 715 137 135
f 1686 715 135
f 1686 135 716
f 135 5092 716
f 1646 137 715
f 1922 137 1646
f 1310 138 719
f 138 3208 719
f 4041 138 1310
f 4041 4523 138
f 140 142 141
f 141 718 140
f 140 3208 142
f 140 718 719
f 3208 140 719
f 2565 718 141
f 2837 2565 141
f 2023 709 152
f 709 5762 152
f 152 2648 2023
f 5762 3287 152
f 155 156 157
f 2023 155 157
f 2023 2648 155
f 708 157 156
f 156 2102 708
f 2332 2102 156
f 708 2024 157
f 2024 2023 157
f 1326 705 165
f 1691 165 705
f 4111 1326 165
f 165 5670 4111
f 169 170 168
f 170 5753 168
f 5753 2500 168
f 169 1691 170
f 1691 705 170
f 705 3275 170
f 3275 711 170
f 711 5753 170
f 3199 3359 399
f 3207 400 2339
f 1326 4987 705
f 4987 3275 705
f 3174 707 706
f 707 3383 706
f 3132 706 710
f 706 3653 710
f 706 3383 1747
f 1747 3653 706
f 3132 3174 706
f 1701 707 708
f 707 6003 708
f 3383 707 1701
f 6003 707 3174
f 2102 1701 708
f 708 6003 2024
f 3871 1307 709
f 1307 5762 709
f 2023 2024 709
f 2024 3871 709
f 1513 710 711
f 2459 711 710
f 2459 710 1155
f 3653 1155 710
f 3132 710 1513
f 3275 1513 711
f 5753 711 2459
f 1891 1308 712
f 3174 712 1308
f 1901 1891 712
f 1901 712 3099
f 712 3132 3099
f 3174 3132 712
f 2388 713 714
f 713 3872 714
f 1937 713 717
f 713 2658 717
f 1747 713 1937
f 3872 713 1747
f 2658 713 2388
f 1512 714 715
f 1646 715 714
f 1646 714 1154
f 3872 1154 714
f 2388 714 1512
f 1686 1512 715
f 1325 1512 716
f 1512 1686 716
f 2492 717 718
f 5468 718 717
f 2492 1937 717
f 2658 5468 717
f 718 4042 719
f 4042 718 1783
f 5468 1783 718
f 2565 2492 718
f 4042 1310 719
f 2339 1311 720
f 1311 2658 720
f 1901 720 1891
f 720 2310 1891
f 2339 720 1901
f 2310 720 2388
f 2658 2388 720
f 3312 1248 721
f 2673 1247 722
f 1982 839 1778
f 3055 1778 839
f 2013 839 1982
f 1048 2362 843
f 2580 843 2362
f 3078 843 2580
f 2564 846 2563
f 2700 846 2564
f 3377 846 2700
f 3955 847 2948
f 847 5835 2948
f 4223 847 3955
f 2361 949 1247
f 2106 949 1307
f 949 2361 1307
f 1309 1308 949
f 2106 1309 949
f 4041 950 1248
f 3333 950 1310
f 950 4041 1310
f 2013 2167 1047
f 2332 1047 2167
f 2362 1048 2361
f 3287 2361 1048
f 1922 6014 1050
f 1050 6014 3055
f 3078 2580 1051
f 4294 1051 2580
f 4294 4293 1051
f 4306 2837 1053
f 4306 1053 4223
f 4868 2563 1054
f 4523 4868 1054
f 2500 5447 1057
f 5447 5835 1057
f 3377 2700 1058
f 2700 4111 1058
f 1058 4111 5670
f 1778 1646 1154
f 1778 1154 1701
f 3383 1701 1154
f 3872 3383 1154
f 2492 1155 1937
f 3653 1937 1155
f 2948 2459 1155
f 2948 1155 2492
f 1512 1325 1213
f 1325 4294 1213
f 1512 1213 3506
f 2673 1213 1586
f 1213 4294 1586
f 1587 1214 1326
f 1214 4987 1326
f 1214 3438 1513
f 1513 4987 1214
f 3312 1214 1587
f 2362 2361 1247
f 2580 2362 1247
f 2673 2580 1247
f 1248 2700 2564
f 4868 1248 2564
f 3312 2700 1248
f 4868 4041 1248
f 3871 2106 1307
f 2361 5762 1307
f 3174 1308 1309
f 3199 1308 1891
f 2106 6003 1309
f 6003 3174 1309
f 1310 4042 3333
f 2658 1311 1312
f 1311 3333 1312
f 3333 1783 1312
f 1783 5468 1312
f 1312 5468 2658
f 1326 4111 1587
f 3506 2388 1512
f 3438 3132 1513
f 1513 3275 4987
f 2673 1586 2580
f 4294 2580 1586
f 3312 1587 2700
f 1587 4111 2700
f 1778 6014 1646
f 1646 6014 1922
f 1982 1778 1701
f 1982 1701 2167
f 2167 1701 2102
f 1937 3653 1747
f 3872 1747 3383
f 3055 6014 1778
f 3333 4042 1783
f 2310 3359 1891
f 3359 3199 1891
f 3207 2339 1901
f 3207 1901 3099
f 1982 2167 2013
f 2106 3871 2024
f 2024 6003 2106
f 2332 2167 2102
f 2388 3506 2310
f 3287 5762 2361
f 2948 5447 2459
f 5447 5753 2459
f 4306 2492 2565
f 2492 3955 2948
f 4306 3955 2492
f 5753 5447 2500
f 4868 2564 2563
f 4306 2565 2837
f 5835 5447 2948
f 3438 3099 3132
f 4306 4223 3955
f 4868 4523 4041
g index_flex1
f 138 4900 3208
f 4523 4900 138
f 3488 1928 139
f 1928 3894 139
f 141 142 149
f 2836 141 149
f 2836 2837 141
f 704 149 142
f 2283 704 142
f 3208 2283 142
f 145 150 144
f 704 144 150
f 2283 144 704
f 2283 3488 144
f 145 2638 150
f 2639 2638 145
f 704 3765 149
f 3765 2836 149
f 4000 704 150
f 2638 4000 150
f 1692 165 1691
f 5670 165 1692
f 2329 1692 166
f 1692 3202 166
f 168 186 169
f 168 2499 186
f 2500 2499 168
f 703 169 186
f 3945 169 703
f 3945 1691 169
f 171 187 172
f 171 5929 187
f 3202 1835 171
f 1835 5929 171
f 187 1996 172
f 1996 1995 172
f 2926 703 186
f 2499 2926 186
f 187 5929 1996
f 3945 703 1835
f 703 5929 1835
f 2926 1998 703
f 1998 5929 703
f 4000 3765 704
f 847 4223 844
f 844 5835 847
f 2766 2657 844
f 2947 844 2657
f 844 4224 2766
f 2947 5836 844
f 4223 4224 844
f 5836 5835 844
f 845 849 2944
f 849 845 3661
f 2943 845 2944
f 3660 3661 845
f 3107 2563 846
f 3377 3107 846
f 2322 848 2698
f 2322 3107 848
f 848 3107 2741
f 2741 4122 848
f 3457 849 2657
f 3502 2657 849
f 849 3457 2944
f 3661 3502 849
f 2836 1055 1053
f 1055 4224 1053
f 2837 2836 1053
f 4224 4223 1053
f 2563 2322 1054
f 3001 1054 2322
f 4523 1054 3001
f 2569 2766 1055
f 3765 2569 1055
f 1055 2766 4224
f 2836 3765 1055
f 1057 1056 2500
f 1057 5835 1056
f 2499 2500 1056
f 2926 2499 1056
f 2947 2926 1056
f 1056 5836 2947
f 5835 5836 1056
f 3110 2741 1058
f 3377 1058 2741
f 5670 3110 1058
f 2638 1059 1061
f 1061 1059 2944
f 2639 1059 2638
f 2943 2944 1059
f 2698 1060 2322
f 2322 1060 3001
f 1060 3894 3001
f 3457 2569 1061
f 2569 4000 1061
f 4000 2638 1061
f 3457 1061 2944
f 1064 1062 1996
f 1064 3661 1062
f 1995 1996 1062
f 3661 3660 1062
f 3110 2329 1063
f 1063 5273 3110
f 5273 1063 4122
f 1998 1064 1996
f 1998 3502 1064
f 1064 3502 3661
f 3945 1692 1691
f 1835 3202 1692
f 3945 1835 1692
f 3110 1692 2329
f 5670 1692 3110
f 1928 3488 2283
f 2283 4900 1928
f 3001 3894 1928
f 1928 4900 3001
f 5929 1998 1996
f 2947 1998 2926
f 3502 1998 2947
f 3208 4900 2283
f 3107 2322 2563
f 3457 2766 2569
f 4000 2569 3765
f 3457 2657 2766
f 3502 2947 2657
f 3377 2741 3107
f 3110 5273 2741
f 5273 4122 2741
f 3001 4900 4523
g index_ph1
f 702 401 109
f 401 3339 109
f 2868 702 109
f 2868 109 1215
f 3531 1215 109
f 3339 3531 109
f 702 113 401
f 1791 401 113
f 1249 113 702
f 1249 948 113
f 2513 113 948
f 2513 1791 113
f 1675 926 115
f 926 6088 115
f 1805 1675 115
f 115 6088 1805
f 3507 1216 121
f 4044 121 1216
f 3507 121 1751
f 4044 1751 121
f 1327 698 139
f 698 3488 139
f 1847 1327 139
f 139 3894 1847
f 143 145 144
f 3488 143 144
f 1526 145 143
f 1779 143 698
f 143 3488 698
f 1779 1526 143
f 1953 145 1526
f 1953 2639 145
f 2431 166 695
f 166 3202 695
f 2431 2329 166
f 171 172 173
f 3202 171 173
f 1528 173 172
f 1997 1528 172
f 1997 172 1995
f 1528 695 173
f 695 3202 173
f 700 2779 190
f 190 5830 700
f 2779 2516 190
f 193 192 194
f 1525 192 193
f 192 5830 194
f 2128 700 192
f 700 5830 192
f 2128 192 1525
f 193 1767 1525
f 1767 193 1765
f 1328 691 202
f 691 4683 202
f 3450 1328 202
f 3449 3450 202
f 207 208 209
f 1527 207 209
f 4596 207 1527
f 4596 3360 207
f 208 4683 209
f 4211 209 691
f 209 4683 691
f 4211 1527 209
f 1791 1700 401
f 1700 4700 401
f 4700 3339 401
f 1675 402 701
f 402 4044 701
f 2124 402 1675
f 1751 402 1700
f 2124 1700 402
f 4044 402 1751
f 1328 4211 691
f 1945 692 693
f 692 2326 693
f 2043 692 694
f 692 2059 694
f 2059 692 1945
f 2326 692 2043
f 1945 693 1471
f 693 4211 1471
f 4211 693 1527
f 693 4596 1527
f 2326 1656 693
f 1656 4596 693
f 1997 694 1528
f 694 3067 1528
f 2082 694 1997
f 2082 2043 694
f 2059 3067 694
f 1505 1305 695
f 2431 695 1305
f 695 3067 1505
f 1528 3067 695
f 2072 696 697
f 2684 697 696
f 2684 696 699
f 696 2768 699
f 2072 2768 696
f 1814 697 1156
f 2684 1156 697
f 1779 1470 697
f 2072 697 1470
f 1779 697 1526
f 697 1953 1526
f 697 1814 1953
f 1327 6055 698
f 6055 1779 698
f 2128 699 1504
f 2768 1504 699
f 1767 699 1525
f 699 2128 1525
f 1767 1734 699
f 2684 699 1734
f 2128 1265 700
f 1265 2779 700
f 1675 701 1250
f 4024 1250 701
f 4044 4024 701
f 2868 1249 702
f 2943 2050 845
f 3611 845 2050
f 3660 845 3611
f 2699 2698 848
f 848 4123 2699
f 4123 848 4122
f 2878 2877 852
f 2922 2878 852
f 3623 2922 852
f 2482 2193 853
f 2193 3372 853
f 2482 853 2480
f 1675 1250 926
f 2517 926 1250
f 2779 1265 926
f 1265 6088 926
f 2779 926 2517
f 2232 948 1249
f 948 2232 1305
f 2513 948 1305
f 2639 2488 1059
f 2488 2943 1059
f 2699 1060 2698
f 2699 3894 1060
f 1062 5148 1995
f 3660 3611 1062
f 3611 5148 1062
f 2329 4146 1063
f 4146 4122 1063
f 2231 1765 1065
f 3372 2231 1065
f 2517 1066 2516
f 2922 1066 2517
f 3623 1066 2922
f 4622 2480 1069
f 4622 1069 3360
f 2878 1070 2877
f 2878 3449 1070
f 2050 1814 1156
f 2043 2082 1156
f 1156 2684 2043
f 2082 2050 1156
f 2326 1157 1656
f 1157 4622 1656
f 1157 1734 2193
f 2684 1734 1157
f 2326 2043 1157
f 2043 2684 1157
f 1157 2193 2482
f 2482 4622 1157
f 1847 1215 1327
f 3531 1327 1215
f 1847 1588 1215
f 2868 1215 1588
f 3450 1216 1328
f 3507 1328 1216
f 3450 1589 1216
f 4024 1216 1589
f 4044 1216 4024
f 1805 1266 1225
f 3531 1225 1266
f 2124 1805 1225
f 4700 2124 1225
f 3531 3339 1225
f 3339 4700 1225
f 1226 1791 1306
f 1306 3507 1226
f 1751 1700 1226
f 1700 1791 1226
f 1226 3507 1751
f 2868 1588 1249
f 1588 4123 1249
f 4146 2232 1249
f 4146 1249 4123
f 2922 2517 1250
f 4024 2922 1250
f 2128 1504 1265
f 1504 6088 1265
f 2768 1266 1504
f 1266 6088 1504
f 1805 6088 1266
f 2768 2072 1266
f 3531 1266 2072
f 2513 1305 1505
f 2232 2431 1305
f 2059 1306 1505
f 2513 1505 1306
f 1306 1791 2513
f 2059 1945 1306
f 1945 3507 1306
f 3531 6055 1327
f 3507 1471 1328
f 1471 4211 1328
f 1779 6055 1470
f 3531 2072 1470
f 1470 6055 3531
f 1471 3507 1945
f 1505 3067 2059
f 1847 2699 1588
f 2699 4123 1588
f 2878 2922 1589
f 1589 3450 2878
f 2922 4024 1589
f 4622 4596 1656
f 2124 1675 1805
f 4700 1700 2124
f 2231 1734 1767
f 2231 2193 1734
f 2231 1767 1765
f 1814 2488 1953
f 2488 1814 2050
f 3894 2699 1847
f 2488 2639 1953
f 1995 5148 1997
f 1997 5148 2082
f 2082 3611 2050
f 2050 2943 2488
f 2082 5148 3611
f 3372 2193 2231
f 2232 4146 2431
f 2431 4146 2329
f 4622 2482 2480
f 2779 2517 2516
f 3450 3449 2878
f 4622 3360 4596
f 4146 4123 4122
g index_flex2
f 2516 1750 190
f 1750 5830 190
f 1907 191 1750
f 1943 1750 191
f 194 199 193
f 199 1766 193
f 1766 1765 193
f 194 5873 199
f 5830 5894 194
f 5894 5873 194
f 200 196 197
f 690 196 200
f 2086 196 690
f 2086 1943 196
f 2982 200 197
f 2981 2982 197
f 199 5873 1766
f 3581 690 200
f 3581 200 2982
f 3449 202 2693
f 4683 2693 202
f 4887 2693 203
f 2693 5192 203
f 233 208 207
f 3361 233 207
f 3360 3361 207
f 689 208 233
f 2827 208 689
f 4683 208 2827
f 210 235 217
f 689 235 210
f 210 2827 689
f 210 5192 2827
f 235 2269 217
f 2269 2268 217
f 4085 689 233
f 4085 233 3361
f 689 2269 235
f 2271 2269 689
f 4085 2271 689
f 3581 1768 690
f 5873 690 1768
f 690 5894 2086
f 5873 5894 690
f 850 2480 853
f 853 3372 850
f 1994 1749 850
f 1749 2481 850
f 3371 1994 850
f 2481 2480 850
f 3372 3371 850
f 2507 855 851
f 855 2660 851
f 2506 2507 851
f 2660 2659 851
f 2473 1962 852
f 1962 3623 852
f 2877 2473 852
f 1072 3249 854
f 854 3249 1962
f 1962 5228 854
f 5228 4105 854
f 2275 855 2507
f 855 2275 2660
f 1067 1065 1766
f 1067 3371 1065
f 1765 1766 1065
f 3371 3372 1065
f 2516 1066 1810
f 3932 1810 1066
f 3623 3932 1066
f 1768 1067 1766
f 1768 1994 1067
f 1994 3371 1067
f 2480 1068 1069
f 3360 1069 1068
f 2481 1068 2480
f 2481 4085 1068
f 3361 3360 1068
f 4085 3361 1068
f 1070 2805 2473
f 2473 2877 1070
f 3449 2805 1070
f 2660 1073 1071
f 1073 2982 1071
f 2659 2660 1071
f 2981 1071 2982
f 1907 1810 1072
f 1810 3249 1072
f 2328 1073 2660
f 3581 1073 2328
f 1073 3581 2982
f 1076 1074 2269
f 1076 2507 1074
f 2268 2269 1074
f 2506 1074 2507
f 2805 4887 1075
f 1075 5228 2805
f 4105 5228 1075
f 2271 1749 1076
f 2507 1076 1749
f 2271 1076 2269
f 2275 1749 1994
f 2271 4085 1749
f 2507 1749 2275
f 1749 4085 2481
f 1907 1750 1810
f 2516 1810 1750
f 2086 1750 1943
f 2086 5894 1750
f 5894 5830 1750
f 5873 1768 1766
f 2328 1994 1768
f 1768 3581 2328
f 3932 3249 1810
f 2473 5228 1962
f 3249 3932 1962
f 3932 3623 1962
f 2328 2275 1994
f 2328 2660 2275
f 2805 5228 2473
f 3449 2693 2805
f 2693 4887 2805
f 4683 2827 2693
f 2693 2827 5192
g index_ph2
f 1941 116 674
f 116 4281 674
f 1941 1860 116
f 1860 3197 116
f 3197 1957 116
f 1957 4281 116
f 674 117 1866
f 674 4281 117
f 1865 1866 117
f 117 4281 3722
f 675 118 119
f 683 119 118
f 675 2063 118
f 3365 683 118
f 2062 118 2063
f 2443 675 119
f 683 3600 119
f 3600 2443 119
f 669 123 122
f 2477 122 123
f 3921 669 122
f 2121 1772 122
f 1772 3921 122
f 2477 2121 122
f 669 3991 123
f 3832 2477 123
f 3832 123 2799
f 3990 123 3991
f 670 128 127
f 685 127 128
f 670 127 2651
f 4048 127 685
f 2650 2651 127
f 670 2691 128
f 3306 685 128
f 2691 3306 128
f 1324 673 191
f 1943 191 673
f 1908 1324 191
f 1908 191 1907
f 197 196 195
f 196 1943 195
f 672 197 195
f 4086 672 195
f 1943 673 195
f 673 4086 195
f 2680 197 672
f 2981 197 2680
f 1731 671 198
f 671 6066 198
f 1808 198 918
f 198 6066 918
f 1731 198 1650
f 198 1808 1650
f 1267 203 667
f 203 5192 667
f 2542 203 1267
f 203 2542 4887
f 210 217 211
f 5192 210 211
f 4743 211 217
f 5147 667 211
f 667 5192 211
f 5147 211 4743
f 2270 217 2268
f 4743 217 2270
f 4333 883 224
f 883 6069 224
f 1955 1650 224
f 1650 4333 224
f 2116 1955 224
f 6069 2116 224
f 403 4127 668
f 668 4592 403
f 1370 676 403
f 676 4127 403
f 403 4592 1370
f 1729 665 666
f 665 2933 666
f 1955 665 1729
f 2116 665 1955
f 2116 6059 665
f 6059 2933 665
f 1729 666 2270
f 4743 2270 666
f 2933 5147 666
f 5147 4743 666
f 5880 1267 667
f 5147 5880 667
f 4127 1364 668
f 3921 4471 669
f 669 4471 3991
f 2710 670 2651
f 2710 2691 670
f 671 2680 672
f 3147 671 672
f 1731 1158 671
f 2680 671 1158
f 3147 6066 671
f 1511 3147 672
f 4086 1511 672
f 1511 673 1324
f 1511 4086 673
f 4038 674 1866
f 4038 1941 674
f 2443 1687 675
f 1687 3700 675
f 675 3700 2063
f 1370 2702 676
f 3214 1601 676
f 1601 4127 676
f 2702 3214 676
f 3935 1370 677
f 1370 3969 677
f 1958 677 1957
f 677 4643 1957
f 3935 677 1958
f 3969 4643 677
f 3722 4643 678
f 4643 3969 678
f 3969 5840 678
f 1602 679 1601
f 679 4221 1601
f 2121 679 1602
f 2477 679 2121
f 2477 3832 679
f 3832 4221 679
f 3832 2799 680
f 680 4221 3832
f 4221 680 4384
f 681 3714 686
f 686 4110 681
f 2137 1775 681
f 1775 3714 681
f 2298 2137 681
f 2883 2298 681
f 4110 2883 681
f 3365 682 683
f 682 5006 683
f 3365 688 682
f 4013 682 688
f 3458 682 1775
f 682 4013 1775
f 3458 5006 682
f 5006 3600 683
f 3306 684 685
f 4048 685 684
f 4048 684 687
f 684 4099 687
f 3250 2883 684
f 2883 4099 684
f 3306 3250 684
f 2977 2506 851
f 2977 851 2659
f 2296 1072 854
f 854 2879 2296
f 4105 2879 854
f 2949 857 856
f 3992 856 857
f 2950 2949 856
f 3828 2950 856
f 3971 3828 856
f 5221 3971 856
f 3993 856 3992
f 3993 5221 856
f 877 876 3063
f 877 3527 876
f 3498 876 2679
f 876 3527 2679
f 3062 3063 876
f 3956 3062 876
f 3498 3956 876
f 2912 883 1139
f 883 4333 1139
f 2912 6069 883
f 1651 1143 918
f 1143 2790 918
f 6066 1651 918
f 2790 1808 918
f 2239 1267 927
f 1267 5995 927
f 3921 927 1726
f 927 5995 1726
f 2239 927 1772
f 3921 1772 927
f 4164 2659 1071
f 4164 1071 2981
f 1072 3399 1907
f 2296 3399 1072
f 2268 1074 2270
f 2270 1074 2508
f 2508 1074 2506
f 2879 1075 2542
f 1075 4887 2542
f 4105 1075 2879
f 3990 1077 1078
f 1077 4850 1078
f 3991 1077 3990
f 4225 1077 3991
f 4225 3993 1077
f 3993 4850 1077
f 1080 2651 1079
f 1080 1079 2950
f 2650 1079 2651
f 2949 2950 1079
f 3293 2651 1080
f 3828 1080 2950
f 3828 3293 1080
f 1865 1112 1111
f 1112 3063 1111
f 1866 1865 1111
f 2466 1866 1111
f 3062 2466 1111
f 3062 1111 3063
f 1114 1113 2063
f 1114 2679 1113
f 2062 2063 1113
f 2678 1113 2679
f 3700 1114 2063
f 1114 3429 2679
f 3700 3429 1114
f 3345 1324 1122
f 1324 3951 1122
f 3018 1122 1860
f 3951 1860 1122
f 3345 1122 3018
f 2668 1726 1128
f 1726 5995 1128
f 2933 1128 2485
f 2485 1128 5995
f 3118 2668 1128
f 2933 6059 1128
f 3119 3118 1128
f 1128 6059 3119
f 3306 1139 1496
f 4333 1496 1139
f 2710 1139 2691
f 3306 2691 1139
f 2912 1139 2710
f 1499 2790 1143
f 1143 3600 1499
f 1687 1143 1651
f 2443 1143 1687
f 2443 3600 1143
f 1955 1729 1158
f 2656 1158 1729
f 1955 1158 1731
f 2680 1158 2656
f 1199 5363 1651
f 6066 1199 1651
f 1199 3071 1733
f 1733 5363 1199
f 3147 3071 1199
f 6066 3147 1199
f 2296 1251 1371
f 1251 3214 1371
f 2239 1602 1251
f 3214 1251 1602
f 1251 2542 2239
f 2879 1251 2296
f 2879 2542 1251
f 2542 1267 2239
f 5880 5995 1267
f 1324 3345 1511
f 1908 3951 1324
f 4127 4221 1364
f 1364 4221 4384
f 1603 3969 1370
f 1370 4592 1603
f 3935 2702 1370
f 2296 1371 1585
f 1371 3935 1585
f 1371 3214 2702
f 2702 3935 1371
f 1678 1496 1477
f 1496 4333 1477
f 1477 1650 1808
f 1650 1477 4333
f 1759 1678 1477
f 1808 1759 1477
f 3250 1496 1678
f 3306 1496 3250
f 3098 2790 1499
f 5006 3098 1499
f 3600 5006 1499
f 3345 3147 1511
f 1908 3399 1585
f 3951 1908 1585
f 1585 3399 2296
f 3935 3951 1585
f 1601 3214 1602
f 4221 4127 1601
f 2239 2121 1602
f 5840 3969 1603
f 1955 1731 1650
f 1651 5363 1687
f 2708 1655 2088
f 2912 2088 1655
f 3118 1655 2708
f 6069 2912 1655
f 3119 1655 3118
f 3119 6069 1655
f 2137 1678 1759
f 2298 1678 2137
f 2883 1678 2298
f 3250 1678 2883
f 3700 1687 3429
f 1687 5363 3429
f 2668 4028 1726
f 4471 3921 1726
f 4471 1726 4028
f 2270 2508 1729
f 2656 1729 2508
f 4153 1733 3071
f 3498 3429 1733
f 3429 5363 1733
f 1733 4153 3498
f 2790 1759 1808
f 1759 3098 2137
f 3098 1759 2790
f 2239 1772 2121
f 1774 3714 1775
f 4013 1774 1775
f 2137 3458 1775
f 2466 1825 1830
f 3018 1830 1825
f 2466 2417 1825
f 3071 1825 2417
f 3345 3018 1825
f 3071 3345 1825
f 3018 1941 1830
f 4038 1830 1941
f 1830 4038 2466
f 3018 1860 1941
f 3197 1860 1958
f 3951 1958 1860
f 2466 4038 1866
f 1907 3399 1908
f 3197 1958 1957
f 4643 4281 1957
f 3951 3935 1958
f 2710 2651 2088
f 3293 2088 2651
f 2088 3293 2708
f 2912 2710 2088
f 3119 6059 2116
f 6069 3119 2116
f 3458 2137 3098
f 3956 2417 2466
f 4153 3071 2417
f 3956 4153 2417
f 3956 2466 3062
f 2485 5147 2933
f 5880 5147 2485
f 5995 5880 2485
f 2977 2508 2506
f 2977 2656 2508
f 2977 2659 2656
f 2659 4164 2656
f 4164 2680 2656
f 3118 2708 2668
f 3971 2668 2708
f 3971 4108 2668
f 4028 2668 4108
f 3527 2678 2679
f 3498 2679 3429
f 4164 2981 2680
f 3828 2708 3293
f 3971 2708 3828
f 4099 2883 2882
f 4110 2882 2883
f 3147 3345 3071
f 3098 5006 3458
f 3498 4153 3956
f 4281 4643 3722
f 5221 4108 3971
f 4225 3991 4028
f 4471 4028 3991
f 3992 4850 3993
f 4225 4108 3993
f 4108 5221 3993
f 4225 4028 4108
g index_pad
f 4614 4386 64
f 4386 5170 64
f 4614 64 4611
f 64 4709 4611
f 4709 64 4616
f 64 5170 4616
f 4915 65 3592
f 65 5040 3592
f 5040 65 4175
f 65 5121 4175
f 4915 4583 65
f 4583 5121 65
f 4928 66 2762
f 66 5084 2762
f 4928 2834 66
f 2834 5177 66
f 5084 66 4233
f 66 5177 4233
f 5504 68 4207
f 68 5833 4207
f 5267 68 4825
f 68 5504 4825
f 5267 5211 68
f 5211 5833 68
f 3987 1865 117
f 3987 117 3688
f 117 4921 3688
f 3722 4921 117
f 5186 118 2062
f 118 5327 3365
f 5186 5327 118
f 5819 2799 123
f 5275 123 3990
f 5275 4618 123
f 4618 5819 123
f 4244 127 2540
f 127 4510 2540
f 4244 2650 127
f 127 4048 4510
f 4118 668 1364
f 4382 668 4118
f 4382 4592 668
f 4165 3722 678
f 678 6032 4165
f 678 5840 6032
f 4308 680 2799
f 5115 680 4308
f 680 5115 4384
f 3714 5236 686
f 5236 4110 686
f 4048 687 3967
f 3967 687 4099
f 4876 688 3365
f 688 4349 4013
f 4876 4349 688
f 3772 857 2949
f 4012 857 3772
f 4012 3992 857
f 3364 877 3063
f 3364 3295 877
f 3923 877 3295
f 3923 3527 877
f 1078 5595 3990
f 4850 4604 1078
f 4604 5595 1078
f 2650 3826 1079
f 3549 2949 1079
f 1079 3826 3549
f 3338 1112 1865
f 3063 1112 2921
f 3338 2921 1112
f 4861 2062 1113
f 3211 1113 2678
f 3211 4798 1113
f 4798 4861 1113
f 4487 4118 1364
f 4384 4379 1364
f 4487 1364 4379
f 4830 3620 1365
f 3620 5404 1365
f 4760 4372 1365
f 4372 5583 1365
f 4760 1365 4482
f 1365 5404 4482
f 5443 4830 1365
f 5583 5443 1365
f 5748 5066 1366
f 5066 5865 1366
f 5655 5150 1366
f 5150 5748 1366
f 5724 5655 1366
f 5865 5724 1366
f 4758 4436 1367
f 4436 4986 1367
f 4889 4468 1367
f 4468 6045 1367
f 1367 6045 4758
f 4986 4889 1367
f 5227 3201 1368
f 3201 5827 1368
f 5227 1368 4464
f 5735 4464 1368
f 5735 1368 5380
f 5827 5380 1368
f 4690 4039 1369
f 4039 5467 1369
f 4487 1369 4118
f 1369 5197 4118
f 4487 4448 1369
f 1369 4448 4690
f 5847 5197 1369
f 5467 5847 1369
f 4779 3289 1452
f 4857 1452 3289
f 4779 1452 4113
f 1452 5322 4113
f 4857 4343 1452
f 4343 5980 1452
f 4728 5322 1452
f 1452 5980 4728
f 4911 1522 4004
f 1522 5843 4004
f 4202 5843 1522
f 1522 6050 4202
f 5119 4689 1522
f 4689 6050 1522
f 5119 1522 4911
f 4711 1603 4592
f 4711 5840 1603
f 5000 4410 1604
f 5057 1604 4410
f 4936 1604 4525
f 5064 4525 1604
f 5057 4616 1604
f 4616 5064 1604
f 5000 1604 4936
f 4705 3940 1605
f 3940 4826 1605
f 5325 4705 1605
f 4826 5702 1605
f 5110 5325 1605
f 5702 5110 1605
f 3278 4423 1670
f 1670 4526 3278
f 4423 3916 1670
f 3916 5948 1670
f 4149 4073 1670
f 4073 4526 1670
f 4251 4149 1670
f 1670 5948 4251
f 4090 2762 1674
f 2762 4959 1674
f 4090 1674 3526
f 5076 3526 1674
f 1674 4959 4565
f 5076 1674 4565
f 3714 1774 3673
f 4297 3673 1774
f 4297 1774 4013
f 1776 5082 4468
f 4468 5326 1776
f 5326 4688 1776
f 5616 1776 4688
f 5082 1776 5056
f 5616 5056 1776
f 3987 3338 1865
f 4493 1867 3863
f 4611 3863 1867
f 4494 1867 4493
f 4945 1867 4494
f 4945 4611 1867
f 3987 3688 1868
f 3688 4394 1868
f 1868 4413 3987
f 4386 4007 1868
f 4413 1868 4007
f 5102 4386 1868
f 4394 5518 1868
f 5518 5102 1868
f 3987 1869 3338
f 1869 5117 3338
f 3987 5881 1869
f 5117 1869 4575
f 1869 5881 4575
f 3934 1872 2840
f 4628 2840 1872
f 5008 1872 3934
f 4628 1872 4207
f 1872 4824 4207
f 5008 4824 1872
f 4864 4233 1885
f 4233 5624 1885
f 4618 1885 4849
f 4885 1885 4618
f 5624 4849 1885
f 1885 4885 4864
f 5080 4113 1925
f 4113 5445 1925
f 4845 1925 4583
f 1925 5303 4583
f 5080 1925 4845
f 1925 5445 5303
f 5335 4448 2000
f 4448 5888 2000
f 2000 5797 5335
f 5367 5797 2000
f 5888 5367 2000
f 5186 2062 4861
f 5696 4748 2064
f 4748 5949 2064
f 5351 2064 5186
f 2064 5949 5186
f 5712 2064 5351
f 5696 2064 5458
f 2064 5712 5458
f 4861 4798 2065
f 5103 2065 4798
f 2065 5351 4861
f 5372 2065 5103
f 5712 5351 2065
f 2065 5372 5712
f 4197 4175 2154
f 4175 4892 2154
f 2154 5627 4197
f 4892 4742 2154
f 5137 2154 4742
f 5137 5627 2154
f 4978 4800 2186
f 5764 2186 4800
f 4911 5511 2186
f 2186 5703 4911
f 2186 5511 4978
f 5764 5703 2186
f 3549 4036 2227
f 4488 3549 2227
f 4036 5913 2227
f 2227 5095 4488
f 5095 2227 5083
f 2227 5811 5083
f 5913 5811 2227
f 4422 2242 4018
f 4908 4018 2242
f 4422 4023 2242
f 4023 5740 2242
f 5740 4908 2242
f 4586 2540 2267
f 2540 5038 2267
f 5234 4586 2267
f 5038 4703 2267
f 5308 2267 4703
f 5234 2267 5211
f 2267 5308 5211
f 4548 3624 2307
f 5424 2307 3624
f 4629 2307 4447
f 4733 4447 2307
f 4629 4548 2307
f 5424 4733 2307
f 5335 2384 4690
f 2384 5748 4690
f 5335 5066 2384
f 5066 5748 2384
f 3526 5227 2390
f 2390 5703 3526
f 5119 4911 2390
f 4911 5703 2390
f 5119 2390 5094
f 2390 5227 5094
f 4767 2391 4199
f 4890 4199 2391
f 4890 2391 4347
f 2391 5878 4347
f 4874 2391 4767
f 4874 5878 2391
f 5035 2393 2840
f 2393 5543 2840
f 5035 4696 2393
f 4696 5864 2393
f 5543 2393 4809
f 5864 4809 2393
f 4565 3867 2439
f 4604 2439 3867
f 2439 5156 4565
f 4604 5136 2439
f 5136 5134 2439
f 5156 2439 5134
f 4586 4244 2540
f 4510 5038 2540
f 3826 2612 3549
f 4036 3549 2612
f 4036 2612 3789
f 2612 5234 3789
f 4244 2612 3826
f 4586 2612 4244
f 5234 2612 4586
f 2616 4783 2840
f 2840 5543 2616
f 4889 2616 4468
f 5326 4468 2616
f 4889 4783 2616
f 2616 5543 5326
f 5073 4825 2617
f 4825 5637 2617
f 5732 5073 2617
f 5637 6001 2617
f 5912 5732 2617
f 6001 5912 2617
f 4565 2636 3867
f 4885 3867 2636
f 4959 2636 4565
f 4885 2636 4864
f 5084 4864 2636
f 5084 2636 4959
f 4244 3826 2650
f 3211 2678 3923
f 3923 2678 3527
f 4604 3867 2696
f 4885 2696 3867
f 5595 4604 2696
f 5275 2696 4885
f 5595 2696 5275
f 2711 3364 2921
f 2921 5117 2711
f 4023 2711 3324
f 2711 4334 3324
f 3960 3364 2711
f 4023 3960 2711
f 5117 4334 2711
f 4073 3519 2761
f 3519 5322 2761
f 2761 4526 4073
f 4526 2761 4447
f 2761 5024 4447
f 5024 2761 4728
f 5322 4728 2761
f 4928 2762 4090
f 5084 4959 2762
f 3923 2765 3211
f 2765 4798 3211
f 3923 4422 2765
f 4422 4018 2765
f 4018 5103 2765
f 5103 4798 2765
f 2799 5819 4308
f 4928 4755 2834
f 4755 5865 2834
f 5593 5177 2834
f 2834 5865 5593
f 4783 3934 2840
f 2840 4628 5035
f 4629 3863 2859
f 4709 2859 3863
f 4548 2859 4410
f 5057 4410 2859
f 4629 2859 4548
f 5057 2859 4709
f 4099 2882 3909
f 4439 3909 2882
f 4439 2882 4110
f 2921 3364 3063
f 3338 5117 2921
f 3549 3772 2949
f 3324 3002 3289
f 3002 4857 3289
f 3324 4334 3002
f 4334 4575 3002
f 4857 3002 4494
f 3002 5037 4494
f 4575 5037 3002
f 3008 4510 3967
f 3967 5864 3008
f 5038 4510 3008
f 4703 3008 4696
f 3008 5864 4696
f 5038 3008 4703
f 4922 3045 4149
f 3045 5795 4149
f 4892 3045 4742
f 4922 4742 3045
f 5303 3045 4892
f 5303 5795 3045
f 4202 3100 3486
f 3100 4733 3486
f 3100 3916 4423
f 3100 4816 3916
f 4816 3100 4202
f 3100 4423 4733
f 4908 3195 4018
f 5103 4018 3195
f 4908 4779 3195
f 5080 3195 4779
f 5080 4845 3195
f 4845 5381 3195
f 5372 5103 3195
f 5381 5372 3195
f 5076 3201 3526
f 3201 5227 3526
f 5076 4565 3201
f 4565 5827 3201
f 4733 4423 3278
f 4526 4447 3278
f 4733 3278 4447
f 4809 4439 3279
f 5236 3279 4439
f 5236 4688 3279
f 4688 5326 3279
f 5543 4809 3279
f 5326 5543 3279
f 3289 5740 3324
f 4779 5740 3289
f 3295 3364 3960
f 4422 3923 3295
f 3960 4023 3295
f 4023 4422 3295
f 3324 5740 4023
f 5247 4197 3337
f 5611 3337 4197
f 5247 3337 4748
f 3337 5902 4748
f 5056 5063 3337
f 5611 5056 3337
f 5063 5902 3337
f 3365 5327 4876
f 4706 4349 3366
f 4349 4876 3366
f 3366 5902 4706
f 4748 5902 3366
f 3366 5949 4748
f 5327 3366 4876
f 5327 5949 3366
f 4689 5878 3375
f 3375 6050 4689
f 5858 4816 3375
f 6050 3375 4816
f 4874 5858 3375
f 5878 4874 3375
f 4830 3386 3620
f 3386 6006 3620
f 3386 5807 4004
f 4004 5843 3386
f 4830 5807 3386
f 5843 6054 3386
f 6052 6006 3386
f 6054 6052 3386
f 6054 4202 3486
f 3486 4733 5424
f 6052 3486 5424
f 6052 6054 3486
f 4602 3503 4251
f 3503 5991 4251
f 4758 3503 4602
f 4979 4742 3503
f 4742 5991 3503
f 4758 4979 3503
f 4073 5795 3519
f 4113 5322 3519
f 4113 3519 5445
f 5795 5445 3519
f 4347 4226 3520
f 4226 5637 3520
f 3520 4890 4347
f 5109 3520 4824
f 3520 5504 4824
f 5109 4890 3520
f 5637 5504 3520
f 3526 5764 4090
f 5703 5764 3526
f 4488 3772 3549
f 4548 3567 3624
f 6006 3624 3567
f 4548 4410 3567
f 5000 3567 4410
f 5000 5404 3567
f 6006 3567 5404
f 5027 4347 3590
f 4347 5878 3590
f 4689 5119 3590
f 3590 5878 4689
f 5094 5027 3590
f 5119 5094 3590
f 4915 3592 4150
f 5458 4150 3592
f 5696 3592 5040
f 5696 5458 3592
f 4012 3772 3602
f 4488 3602 3772
f 3602 5136 4012
f 4488 5095 3602
f 5134 3602 5095
f 5136 3602 5134
f 4297 3614 3673
f 3614 5616 3673
f 4349 3614 4297
f 4706 3614 4349
f 4706 5063 3614
f 5616 3614 5063
f 6006 5404 3620
f 3624 6052 5424
f 6052 3624 6006
f 5732 3640 5083
f 5735 5083 3640
f 5735 3640 5667
f 6001 5667 3640
f 5912 3640 5732
f 5912 6001 3640
f 3673 5236 3714
f 4688 5236 3673
f 3673 5616 4688
f 4921 4394 3688
f 4826 3940 3694
f 3940 5518 3694
f 3694 4921 4165
f 4165 6032 3694
f 4826 3694 4176
f 3694 6032 4176
f 4394 4921 3694
f 5518 4394 3694
f 4493 3863 3709
f 4629 3709 3863
f 3709 5980 4493
f 5024 3709 4629
f 5024 4728 3709
f 4728 5980 3709
f 4165 4921 3722
f 3789 5913 4036
f 5234 5073 3789
f 5073 5732 3789
f 5732 5811 3789
f 5811 5913 3789
f 4767 4602 3810
f 4602 5948 3810
f 4874 4767 3810
f 3810 5858 4874
f 5948 5858 3810
f 5754 3824 4830
f 5807 4830 3824
f 5511 3824 4978
f 5655 4978 3824
f 5511 5807 3824
f 3824 5754 5655
f 4709 3863 4611
f 4705 3876 3940
f 3876 5518 3940
f 4705 5064 3876
f 5064 5168 3876
f 5170 5102 3876
f 5102 5518 3876
f 5168 5170 3876
f 4099 3909 3967
f 5864 3967 3909
f 4439 5945 3909
f 3909 5945 5864
f 4816 5858 3916
f 5858 5948 3916
f 4783 4986 3934
f 4986 5860 3934
f 3934 5860 5008
f 3967 4510 4048
f 4413 5881 3987
f 5595 5275 3990
f 4604 3992 4012
f 4850 3992 4604
f 5511 4911 4004
f 4004 5807 5511
f 4614 4007 4386
f 4007 5881 4413
f 5037 4575 4007
f 4575 5881 4007
f 4945 4007 4614
f 5037 4007 4945
f 4012 5136 4604
f 4349 4297 4013
f 5467 4039 4372
f 5583 4372 4039
f 4690 5748 4039
f 5583 4039 5443
f 5748 5443 4039
f 4760 4049 4372
f 5467 4372 4049
f 4760 5325 4049
f 5197 4049 5110
f 4049 5325 5110
f 5197 5847 4049
f 5847 5467 4049
f 4149 5795 4073
f 4928 4090 4800
f 5764 4800 4090
f 5335 4097 5066
f 5593 5066 4097
f 5593 4097 5177
f 5624 5177 4097
f 5797 4097 5335
f 5797 5624 4097
f 5236 4439 4110
f 4113 5080 4779
f 4118 5197 4382
f 4922 4149 4251
f 4915 4150 4845
f 4150 5381 4845
f 5381 4150 5372
f 5712 5372 4150
f 5712 4150 5458
f 5040 4175 4197
f 5121 4892 4175
f 4711 5702 4176
f 4176 5840 4711
f 4176 5702 4826
f 6032 5840 4176
f 4197 5247 5040
f 5627 5611 4197
f 5860 4767 4199
f 5109 4199 4890
f 5109 5008 4199
f 5008 5860 4199
f 4202 6050 4816
f 6054 5843 4202
f 4207 5833 4628
f 5504 4207 4824
f 5027 4226 4347
f 5027 5667 4226
f 6001 5637 4226
f 5667 6001 4226
f 5084 4233 4864
f 5624 4233 5177
f 4251 5948 4602
f 4251 5991 4922
f 4520 4468 4286
f 4468 5082 4286
f 4286 5627 4520
f 5082 5056 4286
f 5056 5611 4286
f 5611 5627 4286
f 5367 4308 4849
f 4308 5819 4849
f 5367 5115 4308
f 5117 4575 4334
f 4335 5035 4628
f 5833 4335 4628
f 4703 4696 4335
f 4696 5035 4335
f 5308 4703 4335
f 5833 5308 4335
f 4857 4493 4343
f 4493 5980 4343
f 4384 5115 4379
f 4379 5888 4487
f 5115 5888 4379
f 4711 4592 4382
f 4382 5702 4711
f 5197 5110 4382
f 5110 5702 4382
f 5102 5170 4386
f 4758 4602 4436
f 4767 4436 4602
f 5860 4436 4767
f 5860 4986 4436
f 4809 5945 4439
f 5024 4629 4447
f 4487 5888 4448
f 5335 4690 4448
f 5094 4464 5027
f 4464 5667 5027
f 5094 5227 4464
f 5735 5667 4464
f 4520 6045 4468
f 4936 4760 4482
f 5000 4936 4482
f 4482 5404 5000
f 4857 4494 4493
f 5037 4945 4494
f 5156 4500 4565
f 4500 5827 4565
f 5134 5095 4500
f 5722 4500 5095
f 5156 5134 4500
f 5722 5380 4500
f 5827 4500 5380
f 4520 5137 4979
f 4979 6045 4520
f 5627 5137 4520
f 5064 4705 4525
f 5325 4525 4705
f 4936 4525 4760
f 4525 5325 4760
f 4915 4845 4583
f 5303 5121 4583
f 4611 4945 4614
f 5057 4709 4616
f 5168 5064 4616
f 5170 5168 4616
f 4849 5819 4618
f 5275 4885 4618
f 5902 5063 4706
f 4922 5991 4742
f 4979 5137 4742
f 5696 5247 4748
f 4928 4800 4755
f 4978 4755 4800
f 4978 5724 4755
f 5724 5865 4755
f 6045 4979 4758
f 4908 5740 4779
f 4986 4783 4889
f 5864 5945 4809
f 5109 4824 5008
f 5267 4825 5073
f 5637 4825 5504
f 5754 4830 5443
f 4849 5797 5367
f 5624 5797 4849
f 4861 5351 5186
f 5121 5303 4892
f 5655 5724 4978
f 5696 5040 5247
f 5616 5063 5056
f 5593 5865 5066
f 5267 5073 5234
f 5083 5722 5095
f 5380 5722 5083
f 5735 5380 5083
f 5811 5732 5083
f 5367 5888 5115
f 5748 5150 5443
f 5754 5443 5150
f 5655 5754 5150
f 5186 5949 5327
f 5267 5234 5211
f 5833 5211 5308
f 5445 5795 5303
g middle_flex0
f 3701 2666 153
f 5575 3701 153
f 2792 2550 154
f 5142 2792 154
f 183 159 160
f 183 4957 159
f 2793 159 4957
f 159 2793 5142
f 3066 183 160
f 3065 3066 160
f 2007 2056 161
f 2056 2654 161
f 2725 162 2056
f 162 5957 2056
f 163 185 164
f 663 185 163
f 2399 663 163
f 2725 2399 163
f 185 1971 164
f 1971 1972 164
f 4262 664 182
f 664 5920 182
f 2666 4262 182
f 182 5920 3215
f 4957 183 3066
f 184 5898 2007
f 3436 5898 184
f 663 1971 185
f 1971 663 1913
f 663 5898 1913
f 2399 5898 663
f 664 4262 2793
f 664 2793 4957
f 3141 664 4957
f 3141 5920 664
f 806 2237 802
f 2940 806 802
f 2236 1705 802
f 1705 4128 802
f 2237 2236 802
f 2941 2940 802
f 4128 2941 802
f 2847 803 1003
f 1965 2737 803
f 2890 1965 803
f 2890 803 2847
f 3040 4492 804
f 5955 3040 804
f 5895 5955 804
f 4296 2890 805
f 2890 4367 805
f 2940 1001 1002
f 3065 1002 1001
f 2941 1001 2940
f 2941 2942 1001
f 2942 3141 1001
f 3066 3065 1001
f 3141 3066 1001
f 2554 1003 2550
f 2847 1003 2554
f 1005 1972 1004
f 2237 1005 1004
f 1705 1004 1913
f 1705 2236 1004
f 1971 1913 1004
f 1971 1004 1972
f 2236 2237 1004
f 1006 5500 2266
f 2266 5957 1006
f 2737 5500 1006
f 2371 1913 1619
f 1913 3436 1619
f 2371 1619 4492
f 2371 1705 1913
f 2371 4492 1705
f 3040 4128 1705
f 4492 3040 1705
f 2654 2586 1811
f 1811 2586 4296
f 5898 3436 1913
f 4296 2586 1965
f 2586 5500 1965
f 5500 2737 1965
f 2890 4296 1965
f 2399 2056 2007
f 2007 5898 2399
f 2654 2056 2266
f 2056 5957 2266
f 2725 2056 2399
f 2654 2266 2586
f 2266 5500 2586
f 2792 2299 2554
f 3701 2554 2299
f 2793 2299 2792
f 3701 2299 2793
f 2792 2554 2550
f 2551 3859 2554
f 2554 5575 2551
f 4367 3859 2551
f 2554 3859 2847
f 3701 5575 2554
f 3701 4262 2666
f 2792 5142 2793
f 2793 4262 3701
f 2847 4367 2890
f 3859 4367 2847
f 2906 5920 2942
f 2942 5955 2906
f 5920 2906 3215
f 5955 5895 2906
f 4128 2942 2941
f 4128 3040 2942
f 5955 2942 3040
f 2942 5920 3141
f 3141 4957 3066
g middle_ph0
f 662 405 111
f 405 5856 111
f 2839 662 111
f 5856 1221 111
f 6064 111 1221
f 2839 111 1243
f 6064 1243 111
f 661 114 406
f 5556 406 114
f 661 4790 114
f 3029 114 947
f 114 5130 947
f 114 3029 1303
f 5556 114 1303
f 4790 5130 114
f 1333 656 154
f 154 656 5142
f 2194 1333 154
f 2550 2194 154
f 160 159 158
f 159 5142 158
f 3113 160 158
f 3113 158 656
f 158 5142 656
f 3065 160 2509
f 3113 2509 160
f 1299 162 649
f 2248 649 162
f 2572 162 1299
f 162 2725 2248
f 2572 5957 162
f 164 281 163
f 281 2248 163
f 2248 2725 163
f 164 2249 281
f 1973 164 1972
f 2249 164 1973
f 659 2742 167
f 659 167 4326
f 2742 2455 167
f 175 174 176
f 3038 174 175
f 174 4326 176
f 3038 659 174
f 659 4326 174
f 1660 175 1659
f 1660 3038 175
f 1334 645 177
f 2895 177 645
f 3631 1334 177
f 2373 3631 177
f 179 291 178
f 2027 178 291
f 2245 1682 178
f 2245 178 2027
f 179 2895 291
f 662 240 405
f 5237 405 240
f 662 6057 240
f 1961 240 946
f 240 6057 946
f 1961 1300 240
f 1300 5237 240
f 661 406 243
f 406 5470 243
f 2107 661 243
f 1244 243 1222
f 243 5470 1222
f 1244 2107 243
f 2249 2248 281
f 2027 291 645
f 291 2895 645
f 5237 5856 405
f 5556 5470 406
f 1334 3770 645
f 645 3770 2027
f 2122 646 647
f 2395 647 646
f 1710 646 650
f 646 1712 650
f 1710 2200 646
f 2342 1712 646
f 2342 646 2122
f 2395 646 2200
f 2122 647 648
f 3241 648 647
f 3241 647 2395
f 2250 648 1582
f 3241 1582 648
f 2122 648 1973
f 2249 1973 648
f 2250 2249 648
f 2250 1299 649
f 2248 2250 649
f 1711 651 650
f 651 4219 650
f 650 4219 1710
f 1712 1711 650
f 2027 1518 651
f 1518 4219 651
f 1711 1683 651
f 2245 651 1683
f 2245 2027 651
f 1649 652 1222
f 652 1710 1222
f 1763 1300 652
f 1300 2395 652
f 1763 652 1649
f 2200 1710 652
f 2395 2200 652
f 2717 653 654
f 653 4229 654
f 1862 657 653
f 657 2712 653
f 2717 1862 653
f 2712 2342 653
f 4229 653 2342
f 1516 654 655
f 654 2718 655
f 2717 654 1516
f 4229 2718 654
f 1516 655 3113
f 2718 2509 655
f 3113 655 2509
f 1516 656 1333
f 656 1516 3113
f 2032 658 657
f 658 2118 657
f 2032 657 1862
f 2118 2712 657
f 2032 1583 658
f 1583 3656 658
f 2118 658 1660
f 3038 1660 658
f 3656 3038 658
f 1950 1302 659
f 1302 2742 659
f 3656 1950 659
f 3656 659 3038
f 1763 660 1221
f 2717 1221 660
f 1649 1303 660
f 1303 1862 660
f 660 1763 1649
f 2717 660 1862
f 2107 4790 661
f 2839 1317 662
f 662 1317 6057
f 2404 1003 803
f 2562 2404 803
f 2737 2562 803
f 3005 2237 806
f 3005 806 2940
f 807 4284 1852
f 2336 807 2334
f 2336 4284 807
f 2301 810 2300
f 2607 810 2301
f 3175 810 2607
f 1961 946 1299
f 2572 1299 946
f 6057 2572 946
f 947 2742 1302
f 3029 947 1302
f 947 5130 2742
f 1002 5981 2940
f 3065 5981 1002
f 2404 4899 1003
f 1003 4899 2550
f 3464 1972 1005
f 2237 3464 1005
f 3712 2737 1006
f 5957 3712 1006
f 1007 3841 1659
f 3841 1007 1852
f 3491 2300 1008
f 3491 1008 2455
f 2574 1011 1682
f 2574 2334 1011
f 1012 3631 2373
f 2607 1012 3175
f 2607 3631 1012
f 2122 2015 1151
f 2398 1151 2015
f 1151 4229 2122
f 2718 1151 2398
f 2718 4229 1151
f 1711 1152 1683
f 2336 1683 1152
f 1712 1152 1711
f 2712 1152 1712
f 1152 2118 1714
f 1152 1714 2336
f 2712 2118 1152
f 1221 5856 1763
f 6064 1221 2717
f 1518 1244 1222
f 1710 1518 1222
f 1222 5470 1649
f 2194 1243 1333
f 1243 6064 1333
f 2194 1517 1243
f 2839 1243 1517
f 3631 1244 1334
f 1244 3770 1334
f 3770 1244 1518
f 1519 2107 1244
f 1519 1244 3631
f 1299 1582 1961
f 1582 1299 2250
f 1961 1301 1300
f 2395 1300 1301
f 1763 5237 1300
f 1961 1582 1301
f 3241 1301 1582
f 3241 2395 1301
f 3029 1302 1950
f 1862 1303 1304
f 3029 1304 1303
f 5556 1303 1649
f 2032 1304 1583
f 3029 1583 1304
f 2032 1862 1304
f 2404 2562 1317
f 2839 2404 1317
f 2562 3712 1317
f 3712 2572 1317
f 6057 1317 2572
f 2107 2301 1318
f 4790 2107 1318
f 2301 2456 1318
f 5130 1318 2456
f 5130 4790 1318
f 1333 6064 1516
f 6064 2717 1516
f 4899 1517 2194
f 2404 2839 1517
f 4899 2404 1517
f 1710 4219 1518
f 2027 3770 1518
f 2607 2107 1519
f 3631 2607 1519
f 3029 1950 1583
f 3656 1583 1950
f 5470 5556 1649
f 1659 3841 1660
f 2118 1660 1714
f 1660 3841 1714
f 2574 1682 2245
f 2574 2245 1683
f 2336 2574 1683
f 2712 1712 2342
f 4284 2336 1714
f 4284 1714 3841
f 5856 5237 1763
f 1852 4284 3841
f 3464 1973 1972
f 2122 1973 2015
f 3464 2015 1973
f 2015 3005 2398
f 3464 3005 2015
f 2607 2301 2107
f 2342 2122 4229
f 2550 4899 2194
f 3464 2237 3005
f 2249 2250 2248
f 3491 2301 2300
f 3491 2456 2301
f 2574 2336 2334
f 2718 2398 2509
f 2398 5981 2509
f 3005 2940 2398
f 2940 5981 2398
f 2742 2456 2455
f 3491 2455 2456
f 2742 5130 2456
f 2509 5981 3065
f 2737 3712 2562
f 3712 5957 2572
g middle_flex1
f 2455 1730 167
f 1730 4326 167
f 176 188 175
f 188 1658 175
f 1658 1659 175
f 644 188 176
f 176 2389 644
f 176 4326 2389
f 2373 177 1738
f 177 2895 1738
f 178 189 179
f 178 1681 189
f 1682 1681 178
f 643 179 189
f 2843 179 643
f 2843 2895 179
f 644 1658 188
f 3222 643 189
f 1681 3222 189
f 2407 201 1730
f 2541 1730 201
f 205 206 232
f 644 205 232
f 644 2820 205
f 2820 2541 205
f 206 2570 232
f 2571 2570 206
f 3140 212 1738
f 212 4077 1738
f 234 214 213
f 213 2853 234
f 2843 2853 213
f 3140 2843 213
f 234 2038 214
f 2038 2039 214
f 2788 644 232
f 2570 2788 232
f 2853 2038 234
f 2853 2843 643
f 3046 2853 643
f 3222 3046 643
f 1661 1658 644
f 644 2788 1661
f 2389 2820 644
f 812 807 1853
f 812 2335 807
f 1852 1853 807
f 2335 2334 807
f 811 1849 808
f 3219 811 808
f 1848 808 1849
f 3220 3219 808
f 2557 809 2036
f 809 4283 2036
f 2300 810 1666
f 810 3650 1666
f 3175 3650 810
f 1849 811 1771
f 811 3914 1771
f 3219 3914 811
f 1802 812 1771
f 1853 1771 812
f 812 1802 2335
f 1658 1009 1007
f 1009 1853 1007
f 1659 1658 1007
f 1853 1852 1007
f 2455 1008 1915
f 1008 6011 1915
f 2300 6011 1008
f 1658 1661 1009
f 1661 1826 1009
f 1009 1826 1853
f 1011 1010 1682
f 1011 2334 1010
f 1010 1802 1623
f 1623 3222 1010
f 1681 1682 1010
f 3222 1681 1010
f 1010 2335 1802
f 2334 2335 1010
f 1940 1629 1012
f 3175 1012 1629
f 2373 1940 1012
f 1015 1013 1849
f 2570 1013 1015
f 1848 1849 1013
f 2571 1013 2570
f 1915 1666 1014
f 1666 4283 1014
f 2407 1915 1014
f 1902 1015 1849
f 1902 2788 1015
f 2788 2570 1015
f 1017 2039 1016
f 1017 1016 3220
f 2038 1016 2039
f 2038 3046 1016
f 3046 4576 1016
f 3219 3220 1016
f 4576 3219 1016
f 1629 1940 1018
f 2557 1629 1018
f 1940 4077 1018
f 4576 1623 1802
f 3046 3222 1623
f 1623 4576 3046
f 2557 2036 1629
f 2036 3650 1629
f 1629 3650 3175
f 1902 1826 1661
f 1661 2788 1902
f 1915 6011 1666
f 1666 3650 2036
f 2036 4283 1666
f 6011 2300 1666
f 2407 1730 1915
f 2455 1915 1730
f 2820 2389 1730
f 1730 2389 4326
f 2820 1730 2541
f 2373 1738 1940
f 1738 4077 1940
f 2895 2843 1738
f 2843 3140 1738
f 1771 3914 1802
f 1853 1826 1771
f 1902 1771 1826
f 1902 1849 1771
f 4576 1802 3914
f 2853 3046 2038
f 4576 3914 3219
g middle_ph1
f 642 407 120
f 1728 120 407
f 3229 642 120
f 2092 1245 120
f 1245 3229 120
f 2092 120 1728
f 4977 3553 124
f 3553 5010 124
f 5010 4977 124
f 2541 201 638
f 201 3571 638
f 3571 201 2407
f 204 206 205
f 2541 204 205
f 1337 206 204
f 204 2541 638
f 2592 204 638
f 2592 1337 204
f 2783 206 1337
f 2783 2571 206
f 2743 635 212
f 4178 212 635
f 212 3140 2743
f 4178 4077 212
f 213 214 342
f 2743 213 342
f 2743 3140 213
f 1344 342 214
f 2040 1344 214
f 2040 214 2039
f 2289 640 215
f 640 4141 215
f 4141 2898 215
f 218 221 220
f 1339 218 220
f 218 2289 221
f 2289 218 640
f 3469 640 218
f 3469 218 1339
f 1884 1339 220
f 2229 1884 220
f 1336 631 226
f 631 2838 226
f 226 3281 1336
f 3733 3281 226
f 228 229 358
f 1338 228 358
f 1338 2735 228
f 2735 1841 228
f 229 2838 358
f 642 253 407
f 2475 407 253
f 642 6073 253
f 5661 253 944
f 253 6073 944
f 5661 2475 253
f 3048 2208 258
f 2208 3089 258
f 3048 258 2773
f 258 3089 2773
f 1344 2744 342
f 2744 2743 342
f 1899 358 631
f 358 2838 631
f 1899 1338 358
f 2031 1728 407
f 3033 2031 407
f 407 2475 3033
f 408 2773 641
f 3553 408 641
f 2674 2011 408
f 3048 408 2011
f 3769 2674 408
f 3048 2773 408
f 3769 408 3553
f 1336 3111 631
f 3111 1899 631
f 3862 632 633
f 632 3904 633
f 2202 632 634
f 632 4579 634
f 2758 632 2202
f 2758 3904 632
f 3862 4579 632
f 1899 633 1338
f 633 2735 1338
f 1899 1454 633
f 1454 3862 633
f 1843 2735 633
f 633 3904 1843
f 2040 634 1344
f 634 2744 1344
f 2202 634 2040
f 4579 2744 634
f 2744 1295 635
f 4178 635 1295
f 2743 2744 635
f 3003 637 636
f 637 5984 636
f 1906 3003 636
f 636 5971 1906
f 2150 5971 636
f 5984 2150 636
f 637 1952 1337
f 2592 637 1337
f 637 2592 1453
f 5984 637 1453
f 3003 1952 637
f 1335 2592 638
f 3571 1335 638
f 1884 639 1339
f 639 6008 1339
f 1884 1669 639
f 5971 639 1669
f 5971 6010 639
f 6010 6008 639
f 2956 1297 640
f 1297 4141 640
f 3469 2956 640
f 2773 2396 641
f 4179 641 2396
f 4179 3553 641
f 3229 5734 642
f 5734 6073 642
f 4578 808 1848
f 4578 3220 808
f 2558 809 2557
f 2727 809 2558
f 2727 4283 809
f 2157 1863 813
f 2444 813 1863
f 813 2155 2157
f 2687 2561 815
f 2754 815 2561
f 4657 815 2754
f 3755 944 1295
f 4178 1295 944
f 3755 5661 944
f 4178 944 4068
f 944 6073 4068
f 4141 1297 945
f 4190 945 1297
f 4141 945 2348
f 5028 2348 945
f 4190 5893 945
f 5028 945 5010
f 945 5893 5010
f 2732 1848 1013
f 2732 1013 2571
f 2875 2407 1014
f 2875 1014 2727
f 4283 2727 1014
f 1017 4989 2039
f 3220 4989 1017
f 1018 6005 2557
f 4077 6005 1018
f 1019 2060 2229
f 2444 2060 1019
f 1020 2348 2561
f 2898 2348 1020
f 2687 1020 2561
f 4074 1023 1841
f 1023 4074 2155
f 2754 1521 1024
f 1024 1521 3281
f 1024 4657 2754
f 1024 3281 3733
f 2028 1193 1296
f 2475 1296 1193
f 3033 1193 2011
f 3048 2011 1193
f 2208 1193 2028
f 3048 1193 2208
f 3033 2475 1193
f 2019 1194 1298
f 2276 1298 1194
f 2019 1728 1194
f 1728 2031 1194
f 2031 2011 1194
f 2011 2674 1194
f 2674 2276 1194
f 1952 1196 1850
f 2202 1850 1196
f 2758 1196 1906
f 3003 1906 1196
f 3003 1196 1952
f 1196 2758 2202
f 1863 1197 1669
f 1906 1669 1197
f 2157 1843 1197
f 1843 3904 1197
f 2157 1197 1863
f 2758 1906 1197
f 1197 3904 2758
f 2092 1335 1245
f 3571 1245 1335
f 1520 3229 1245
f 3571 1520 1245
f 1246 3111 1336
f 3281 1246 1336
f 1521 3089 1246
f 1246 3281 1521
f 1246 3089 2786
f 2786 3111 1246
f 3755 1295 2744
f 1296 3862 2028
f 2475 5661 1296
f 4579 1296 3755
f 1296 5661 3755
f 4579 3862 1296
f 4190 1297 2956
f 2150 2019 1298
f 1298 6010 2150
f 2276 5893 1298
f 4190 2595 1298
f 2595 6010 1298
f 1298 5893 4190
f 2727 2558 1319
f 2558 6005 1319
f 3229 2727 1319
f 5734 3229 1319
f 1319 6005 4068
f 4068 6073 1319
f 6073 5734 1319
f 2561 2348 1320
f 2348 5028 1320
f 2754 1320 2396
f 4179 2396 1320
f 2754 2561 1320
f 5028 4179 1320
f 2092 1453 1335
f 2592 1335 1453
f 1337 1952 2783
f 6008 3469 1339
f 2092 2019 1453
f 2019 5984 1453
f 1899 3111 1454
f 2028 1454 2786
f 3862 1454 2028
f 1454 3111 2786
f 2875 2727 1520
f 3229 1520 2727
f 3571 2875 1520
f 2754 2396 1521
f 2396 3089 1521
f 2060 1863 1669
f 2060 1669 1884
f 1906 5971 1669
f 2019 2092 1728
f 4074 1841 2735
f 4074 1843 2157
f 4074 2735 1843
f 1848 2732 1850
f 1848 1850 4578
f 2732 1952 1850
f 2372 1850 2202
f 2372 4578 1850
f 2444 1863 2060
f 1884 2229 2060
f 2783 1952 2732
f 2031 3033 2011
f 5984 2019 2150
f 2786 2208 2028
f 2039 4989 2040
f 2040 4989 2202
f 6010 5971 2150
f 2155 4074 2157
f 2202 4989 2372
f 2786 3089 2208
f 3769 2276 2674
f 4977 2276 3769
f 4977 5893 2276
f 4141 2348 2898
f 3220 4578 2372
f 2372 4989 3220
f 2773 3089 2396
f 3571 2407 2875
f 2557 6005 2558
f 2783 2732 2571
f 2956 3469 2595
f 4190 2956 2595
f 3469 6008 2595
f 6008 6010 2595
f 4579 3755 2744
f 4977 3769 3553
f 4179 5028 3553
f 5028 5010 3553
f 4178 4068 4077
f 4068 6005 4077
f 5010 5893 4977
g middle_flex2
f 2289 215 2081
f 2898 2081 215
f 3076 2081 216
f 2081 3101 216
f 3076 216 2970
f 3101 2971 216
f 220 221 236
f 2228 220 236
f 2228 2229 220
f 630 236 221
f 2553 630 221
f 2553 221 2289
f 237 222 223
f 237 3164 222
f 3076 2970 222
f 3164 3076 222
f 1632 237 223
f 1631 1632 223
f 2838 2349 226
f 2349 4450 226
f 4450 3733 226
f 4145 2349 227
f 2349 4339 227
f 4339 4312 227
f 238 229 228
f 1842 238 228
f 1841 1842 228
f 629 229 238
f 3474 229 629
f 3474 2838 229
f 239 231 230
f 629 239 230
f 230 4339 629
f 4312 4339 230
f 239 2168 231
f 2168 2169 231
f 630 5799 236
f 5799 2228 236
f 3164 237 1632
f 1842 629 238
f 629 2829 239
f 2829 2168 239
f 1844 629 1842
f 1844 2829 629
f 4339 3474 629
f 3164 630 2553
f 3164 5799 630
f 818 2156 813
f 2445 818 813
f 2155 813 2156
f 2444 2445 813
f 817 2210 814
f 817 814 2946
f 2209 814 2210
f 2945 2946 814
f 2143 2114 815
f 2114 2687 815
f 4657 2143 815
f 2143 816 2114
f 2181 2114 816
f 2273 816 2143
f 817 2454 2210
f 2946 2454 817
f 2308 2156 818
f 2308 818 2445
f 2228 1021 1019
f 1021 2445 1019
f 2229 2228 1019
f 2445 2444 1019
f 1020 2687 2114
f 2114 2784 1020
f 2898 1020 2784
f 2228 2379 1021
f 2379 2445 1021
f 1841 1023 1022
f 2155 1022 1023
f 1842 1841 1022
f 1844 1842 1022
f 1844 1022 2337
f 2156 1022 2155
f 2156 2337 1022
f 1024 4450 2196
f 2196 4657 1024
f 3733 4450 1024
f 1027 1632 1025
f 1027 1025 2210
f 1631 1025 1632
f 2209 2210 1025
f 2181 1026 2114
f 1026 2784 2114
f 2784 1026 3101
f 3101 1026 2971
f 1027 1919 1632
f 1027 2514 1919
f 2514 1027 2210
f 1029 2169 1028
f 2945 1029 1028
f 2168 1028 2169
f 2168 2829 1028
f 2829 5854 1028
f 2946 2945 1028
f 5854 2946 1028
f 2273 2196 1030
f 2196 4145 1030
f 1919 3164 1632
f 1821 1844 2337
f 1821 5854 1844
f 2337 2308 1821
f 2454 1821 2308
f 2454 5854 1821
f 1844 5854 2829
f 1918 2379 1919
f 1918 1919 2514
f 2308 2445 1918
f 1918 2454 2308
f 2445 2379 1918
f 2514 2454 1918
f 2379 5799 1919
f 1919 5799 3164
f 2553 2289 2081
f 3076 2553 2081
f 2898 2784 2081
f 2784 3101 2081
f 2273 2143 2196
f 2143 4657 2196
f 2337 2156 2308
f 4450 4145 2196
f 2454 2514 2210
f 5799 2379 2228
f 3474 2349 2838
f 4339 2349 3474
f 4145 4450 2349
f 2946 5854 2454
f 3164 2553 3076
g middle_ph2
f 3034 125 2448
f 125 6029 2448
f 3034 2578 125
f 3232 125 2578
f 6026 125 3232
f 6026 6029 125
f 126 5660 613
f 6026 126 613
f 3232 1741 126
f 6026 3232 126
f 614 130 129
f 622 129 130
f 5549 614 129
f 622 5882 129
f 5882 5549 129
f 614 5622 130
f 2973 622 130
f 1543 131 608
f 131 5982 608
f 1544 131 1543
f 3135 5982 131
f 609 263 132
f 624 132 263
f 609 132 1533
f 3167 132 624
f 1532 1533 132
f 1323 612 216
f 2970 216 612
f 2888 1323 216
f 2971 2888 216
f 222 219 223
f 222 2970 219
f 1921 223 219
f 2970 612 219
f 612 3891 219
f 219 3891 1921
f 2932 1631 223
f 2932 223 1921
f 2327 610 225
f 610 3150 225
f 2164 225 943
f 225 3150 943
f 2164 1939 225
f 1939 2327 225
f 605 3938 227
f 227 4312 605
f 3938 4145 227
f 230 231 362
f 4312 230 362
f 2460 362 231
f 2169 2170 231
f 2170 2460 231
f 2021 608 261
f 608 5982 261
f 4432 2021 261
f 4432 261 3292
f 261 5982 3292
f 609 4996 263
f 5312 624 263
f 4996 4573 263
f 4573 5312 263
f 2460 605 362
f 605 4312 362
f 2244 363 603
f 363 2780 603
f 2686 363 890
f 2918 890 363
f 2244 1939 363
f 2918 363 1939
f 2780 363 2686
f 409 606 2363
f 606 409 4161
f 409 3330 615
f 3346 409 615
f 3330 409 2363
f 4161 409 3346
f 2071 603 604
f 603 3121 604
f 2244 603 2071
f 3121 603 2780
f 2170 2071 604
f 2460 2170 604
f 3929 2460 604
f 3121 3929 604
f 3929 1294 605
f 1294 3938 605
f 3929 605 2460
f 3395 1543 608
f 3082 608 2021
f 3395 608 3082
f 5015 609 1533
f 5015 4996 609
f 1633 611 610
f 2029 610 611
f 1633 610 1153
f 2327 1153 610
f 1212 610 2029
f 3150 610 1212
f 2029 611 1509
f 1509 611 3891
f 611 1633 2932
f 2932 1921 611
f 1921 3891 611
f 1323 3891 612
f 2345 613 1552
f 613 5660 1552
f 2345 6029 613
f 6029 6026 613
f 2841 1562 614
f 1562 5622 614
f 2511 2841 614
f 5549 2511 614
f 1787 1262 615
f 1262 3346 615
f 1720 615 1576
f 615 3330 1576
f 1787 615 1720
f 1924 1576 616
f 1576 4870 616
f 3817 1924 616
f 3817 616 2578
f 616 5068 2578
f 5068 616 4870
f 617 4870 1260
f 1741 5068 617
f 5068 4870 617
f 3561 618 1262
f 618 5926 1262
f 5890 3292 618
f 3292 5900 618
f 5890 618 3561
f 5900 5926 618
f 619 5900 3135
f 5926 619 4391
f 5926 5900 619
f 3427 620 625
f 4582 625 620
f 3432 2521 620
f 4582 620 2521
f 3427 2964 620
f 2964 3690 620
f 3690 3432 620
f 2973 621 622
f 621 3187 622
f 2973 627 621
f 627 4416 621
f 3168 621 2521
f 621 4416 2521
f 3168 3187 621
f 3187 5882 622
f 2863 623 624
f 623 3167 624
f 3167 623 626
f 626 623 4033
f 4112 623 2863
f 2964 4033 623
f 4112 2964 623
f 624 5312 2863
f 2211 814 2209
f 2387 814 2211
f 814 2387 2945
f 816 5417 2181
f 2273 5417 816
f 5463 821 819
f 821 6030 819
f 6030 4795 819
f 821 1548 3235
f 1548 821 5463
f 3235 2568 821
f 2568 6030 821
f 832 4547 831
f 831 4835 832
f 2264 1558 832
f 1558 4547 832
f 1739 832 1566
f 832 4835 1566
f 2264 832 1739
f 2918 1142 890
f 1142 3234 890
f 890 3234 2686
f 1654 942 1294
f 2917 1294 942
f 3082 942 1654
f 3082 2021 942
f 2021 4212 942
f 4212 2917 942
f 3000 943 1145
f 943 3028 1145
f 3000 2164 943
f 943 3150 3028
f 1532 993 992
f 993 4282 992
f 1533 1532 992
f 4134 1533 992
f 2804 992 1539
f 992 4282 1539
f 2804 4134 992
f 995 1544 994
f 1549 995 994
f 1543 994 1544
f 2241 994 1543
f 1548 1549 994
f 6036 1548 994
f 2241 6036 994
f 2852 996 997
f 996 3298 997
f 2175 1552 997
f 2852 997 1552
f 2472 997 1558
f 997 3298 1558
f 2472 2175 997
f 998 4682 999
f 4836 998 999
f 2220 998 1562
f 4836 1562 998
f 2226 1566 998
f 1566 4682 998
f 2226 998 2220
f 1631 3305 1025
f 2209 1025 2924
f 3305 2924 1025
f 2182 1026 2181
f 3083 1026 2182
f 2971 1026 3083
f 5190 2169 1029
f 2945 2387 1029
f 5190 1029 2387
f 5153 2273 1030
f 5153 1030 4145
f 1800 1323 1121
f 2888 1121 1323
f 1640 1121 1510
f 2888 1510 1121
f 1800 1121 1554
f 1121 5977 1554
f 1121 1640 3034
f 1121 3034 2448
f 5977 1121 2448
f 3234 1142 1537
f 4996 1537 1142
f 2918 1569 1142
f 1569 5312 1142
f 4996 1142 4573
f 1142 5312 4573
f 3000 1145 1570
f 1145 5882 1570
f 3028 2511 1145
f 5549 1145 2511
f 5549 5882 1145
f 1633 1153 2211
f 1153 2071 2211
f 2244 2071 1153
f 2327 2244 1153
f 1654 1195 1545
f 1195 5090 1545
f 2611 1550 1195
f 1550 5090 1195
f 1654 3121 1195
f 2780 2611 1195
f 3121 2780 1195
f 1568 1563 1212
f 1563 3150 1212
f 3888 1568 1212
f 1212 2029 3888
f 1260 3330 2363
f 1260 4870 3330
f 3561 1262 1787
f 5926 3346 1262
f 1787 1577 1263
f 2274 1263 1577
f 2587 1787 1263
f 2274 5153 1263
f 4212 2587 1263
f 4212 1263 2917
f 1263 5153 2917
f 3929 1654 1294
f 3938 1294 2917
f 1800 1509 1323
f 1509 3891 1323
f 2029 1509 1800
f 1640 1510 1577
f 3398 1577 1510
f 3083 2182 1510
f 2182 3398 1510
f 3083 1510 2888
f 1773 1569 1529
f 2918 1529 1569
f 1529 5857 1773
f 2164 1529 1939
f 2918 1939 1529
f 2164 2689 1529
f 2689 5857 1529
f 4134 5015 1533
f 1537 4399 3234
f 4399 1537 4134
f 5015 4134 1537
f 5015 1537 4996
f 1539 4282 1540
f 1540 4795 1539
f 1539 2568 2804
f 2568 1539 6030
f 1539 4795 6030
f 2568 1550 1541
f 2611 1541 1550
f 2804 2568 1541
f 2686 1541 2611
f 2686 4399 1541
f 4134 2804 1541
f 4399 4134 1541
f 3395 2241 1543
f 3082 1654 1545
f 3082 1545 2241
f 1545 5090 2241
f 5463 1549 1548
f 2599 3235 1548
f 1548 6036 2599
f 3235 1550 2568
f 3235 2599 1550
f 5090 1550 2599
f 2852 1552 1551
f 1552 5660 1551
f 2345 1552 2175
f 1554 4662 1800
f 2345 2175 1554
f 2175 4662 1554
f 5977 2345 1554
f 3298 1557 1558
f 1557 4547 1558
f 1558 2264 2472
f 1559 2264 1568
f 1568 3888 1559
f 3888 1800 1559
f 4662 1559 1800
f 2472 1559 2175
f 4662 2175 1559
f 2472 2264 1559
f 4836 1561 1562
f 1561 5622 1562
f 2841 2220 1562
f 2226 1563 1568
f 2226 2220 1563
f 2511 1563 2220
f 3028 1563 2511
f 3150 1563 3028
f 1567 4682 1566
f 1566 4835 1567
f 2226 1739 1566
f 1739 2226 1568
f 1739 1568 2264
f 1773 4112 1569
f 4112 2863 1569
f 5312 1569 2863
f 3000 1570 2689
f 3168 2689 1570
f 3187 3168 1570
f 5882 3187 1570
f 1924 1720 1576
f 3330 4870 1576
f 1924 1640 1577
f 1787 1720 1577
f 1924 1577 1720
f 3398 2274 1577
f 4161 3346 1578
f 3346 5926 1578
f 1578 5926 4391
f 3305 1631 2932
f 2924 1633 2211
f 2924 3305 1633
f 3305 2932 1633
f 3817 1640 1924
f 3034 1640 3817
f 3929 3121 1654
f 5068 1741 3232
f 3690 2964 1773
f 4112 1773 2964
f 1773 5857 3690
f 3561 1787 2587
f 3888 2029 1800
f 2327 1939 2244
f 4432 4212 2021
f 5190 2071 2170
f 2387 2211 2071
f 5190 2387 2071
f 3000 2689 2164
f 2169 5190 2170
f 2181 5417 2182
f 5417 3398 2182
f 2924 2211 2209
f 2841 2511 2220
f 2241 5090 2599
f 6036 2241 2599
f 3395 3082 2241
f 5153 5417 2273
f 3398 5417 2274
f 5417 5153 2274
f 5977 6029 2345
f 6029 5977 2448
f 4416 2520 2521
f 2521 2520 4582
f 3432 3168 2521
f 3817 2578 3034
f 5068 3232 2578
f 5890 3561 2587
f 4432 2587 4212
f 4432 5890 2587
f 2780 2686 2611
f 3234 4399 2686
f 3432 2689 3168
f 3432 5857 2689
f 2971 3083 2888
f 2917 4145 3938
f 5153 4145 2917
f 3427 2963 2964
f 4033 2964 2963
f 5900 5982 3135
f 5890 4432 3292
f 5982 5900 3292
f 3690 5857 3432
g middle_pad
f 2559 2318 67
f 2318 4980 67
f 4712 2559 67
f 4980 4555 67
f 4555 5527 67
f 67 5527 4712
f 4994 69 4050
f 69 5251 4050
f 5250 69 4994
f 5250 5251 69
f 5099 3030 70
f 3030 5906 70
f 4865 4501 70
f 4501 5099 70
f 70 5479 4865
f 5906 5479 70
f 5254 3717 71
f 3717 5423 71
f 5254 71 4120
f 71 5727 4120
f 5423 5517 71
f 5517 5727 71
f 5336 126 1741
f 5336 4280 126
f 4280 5660 126
f 4220 2973 130
f 4220 130 3848
f 130 5622 3848
f 3726 131 1544
f 131 4627 3135
f 3726 3547 131
f 3547 4627 131
f 5346 1532 132
f 4309 132 3167
f 4309 3931 132
f 3931 5346 132
f 606 3924 2363
f 606 5676 3924
f 4161 5676 606
f 4717 2233 607
f 2233 4770 607
f 4770 4037 607
f 4971 607 4037
f 4768 4717 607
f 4971 4768 607
f 1260 4346 617
f 617 4317 1741
f 2994 4317 617
f 617 4346 2994
f 4424 619 3135
f 4424 4391 619
f 625 5861 3427
f 4582 4862 625
f 4862 5861 625
f 3746 3167 626
f 4001 3746 626
f 626 4033 4001
f 4380 627 2973
f 627 4380 3205
f 4671 627 3205
f 4671 4416 627
f 4451 3332 628
f 3332 5268 628
f 4470 628 4019
f 4019 628 5268
f 5600 628 4156
f 628 5781 4156
f 628 5600 4451
f 4470 5781 628
f 5463 819 4650
f 5590 4650 819
f 5590 819 4795
f 5645 3927 820
f 3927 5730 820
f 5625 820 5449
f 820 5730 5449
f 5625 5645 820
f 3142 831 2317
f 831 4547 2317
f 3142 2579 831
f 4835 831 2579
f 4158 4720 833
f 833 5196 4158
f 4647 833 4187
f 833 4720 4187
f 4647 4398 833
f 4398 5196 833
f 4791 993 1532
f 4930 4282 993
f 4930 993 4791
f 4414 1544 995
f 4084 995 1549
f 4084 3619 995
f 4414 995 3619
f 4364 996 2619
f 4699 2619 996
f 4699 996 2852
f 996 4364 3298
f 4454 999 2428
f 4682 2428 999
f 4836 999 4454
f 2381 1260 2363
f 4346 1260 2381
f 4530 1261 2876
f 1261 5499 2876
f 4530 2909 1261
f 2909 5604 1261
f 5604 5499 1261
f 4715 2777 1437
f 4907 1437 2777
f 2909 4715 1437
f 1437 5710 2909
f 3548 4075 1437
f 1437 4907 3548
f 4075 5710 1437
f 5346 4791 1532
f 4360 1534 3927
f 1534 5069 3927
f 4721 1534 4360
f 4721 4626 1534
f 5469 1534 4626
f 5968 5069 1534
f 5469 5968 1534
f 4120 1535 3900
f 5286 3900 1535
f 5551 1535 3931
f 1535 5761 3931
f 4120 5340 1535
f 5551 5286 1535
f 5671 1535 5340
f 5671 5761 1535
f 3973 4407 1536
f 4694 3973 1536
f 4599 4275 1536
f 5257 1536 4275
f 4599 1536 4407
f 4697 4694 1536
f 5257 4697 1536
f 4726 1538 4489
f 1538 5767 4489
f 4726 5675 1538
f 5675 4791 1538
f 5739 1538 4791
f 5739 5671 1538
f 5671 5767 1538
f 4282 5491 1540
f 5590 4795 1540
f 5491 5590 1540
f 4584 3582 1542
f 4751 1542 3582
f 4373 5621 1542
f 1542 5777 4373
f 4751 4434 1542
f 4434 5777 1542
f 1542 5621 4584
f 1544 4414 3726
f 5307 1546 3030
f 1546 5343 3030
f 5343 1546 4295
f 5408 4295 1546
f 5141 1546 5307
f 5563 1546 5141
f 5563 5408 1546
f 3868 1547 3619
f 1547 4414 3619
f 3726 1547 4295
f 3726 4414 1547
f 3868 5264 1547
f 5087 4295 1547
f 5264 5087 1547
f 5463 3882 1549
f 5615 1549 3882
f 5615 4084 1549
f 1551 4699 2852
f 1551 4363 4699
f 5660 4363 1551
f 3374 2318 1553
f 2318 4560 1553
f 4194 3374 1553
f 4022 3504 1553
f 3504 4174 1553
f 1553 4609 4022
f 4194 1553 4174
f 4560 4609 1553
f 4675 1555 3627
f 1555 5806 3627
f 4606 1555 4503
f 4675 4503 1555
f 5009 1555 4606
f 5750 1555 5009
f 5750 5806 1555
f 2892 2619 1556
f 4699 1556 2619
f 6022 2892 1556
f 4378 1556 3627
f 4675 3627 1556
f 4675 1556 4363
f 4699 4363 1556
f 4378 6022 1556
f 4364 1557 3298
f 4789 1557 4364
f 4789 4547 1557
f 2723 1560 2352
f 3006 2352 1560
f 4524 1560 2723
f 4320 3006 1560
f 4320 1560 4524
f 4836 5927 1561
f 5927 5622 1561
f 5426 1564 3848
f 1564 5565 3848
f 4035 1564 5246
f 5565 1564 4035
f 5426 4300 1564
f 4300 6034 1564
f 5246 1564 5277
f 1564 6034 5277
f 4300 4261 1565
f 4454 1565 4261
f 1565 5258 4300
f 5216 4307 1565
f 5258 1565 4307
f 4454 5216 1565
f 3632 1567 2579
f 4835 2579 1567
f 4682 1567 3632
f 4161 1578 3944
f 1578 5832 3944
f 4391 5832 1578
f 4412 4069 1579
f 4069 4513 1579
f 1579 4856 4412
f 4553 1579 4513
f 4553 4856 1579
f 4669 4505 1679
f 4505 5260 1679
f 4841 1679 4521
f 5260 4521 1679
f 4841 4669 1679
f 4230 1727 3804
f 4766 3804 1727
f 4230 4040 1727
f 4040 4259 1727
f 4766 1727 4187
f 1727 5451 4187
f 4757 1727 4259
f 4757 5451 1727
f 5336 1741 4317
f 4275 4409 1792
f 1792 5002 4275
f 4805 1792 4409
f 5069 1792 4805
f 5002 1792 5669
f 5669 1792 5069
f 1793 5299 3994
f 5406 1793 3994
f 5245 4536 1793
f 4536 5299 1793
f 5406 5245 1793
f 3400 2812 1854
f 4642 1854 2812
f 4350 3400 1854
f 4642 3679 1854
f 4714 1854 3679
f 1854 5213 4350
f 4714 5213 1854
f 1855 4606 2777
f 4715 1855 2777
f 4715 4530 1855
f 4891 1855 4530
f 5009 4606 1855
f 5527 1855 4891
f 5527 5009 1855
f 4681 1905 3798
f 1905 5014 3798
f 4055 5014 1905
f 1905 5279 4055
f 4681 4666 1905
f 4666 5279 1905
f 3657 2061 2421
f 4101 2421 2061
f 3597 2061 2812
f 3654 2812 2061
f 3597 4759 2061
f 3657 3654 2061
f 4759 4101 2061
f 4172 2075 3428
f 4804 3428 2075
f 4106 2075 3981
f 5356 3981 2075
f 4804 2075 4106
f 4172 5619 2075
f 5356 2075 4466
f 5619 4466 2075
f 3924 2078 2381
f 2078 5814 2381
f 3651 3548 2078
f 3548 5814 2078
f 2078 4553 3651
f 4856 2078 3924
f 4856 4553 2078
f 2109 3657 2597
f 4717 2109 2597
f 3654 3657 2109
f 3679 3654 2109
f 2109 4381 3679
f 4717 4381 2109
f 3400 2113 2812
f 3597 2812 2113
f 3400 4744 2113
f 4022 3597 2113
f 4158 4022 2113
f 4158 2113 4744
f 2723 2352 2174
f 2352 4789 2174
f 2892 2174 2619
f 4364 2619 2174
f 2892 2723 2174
f 2174 4789 4364
f 3632 2223 2428
f 4307 2428 2223
f 3006 2223 2579
f 3632 2579 2223
f 3006 4554 2223
f 4595 4307 2223
f 4595 2223 4554
f 4717 2597 2233
f 2597 5604 2233
f 5077 4770 2233
f 5604 5077 2233
f 2293 4837 2723
f 2723 6022 2293
f 4194 4174 2293
f 4174 4837 2293
f 5851 4194 2293
f 6022 5851 2293
f 3006 2317 2352
f 2317 4789 2352
f 3142 2317 3006
f 4789 2317 4547
f 4560 2318 2559
f 3374 4980 2318
f 2777 4606 2359
f 2359 4907 2777
f 4317 4907 2359
f 5336 4317 2359
f 4606 4503 2359
f 4503 5336 2359
f 2363 3924 2381
f 5814 4346 2381
f 2559 2413 2421
f 2876 2421 2413
f 4712 2413 2559
f 4891 2876 2413
f 4712 5527 2413
f 4891 2413 5527
f 2414 4980 3374
f 3374 5851 2414
f 4378 3627 2414
f 3627 5806 2414
f 5851 4378 2414
f 5806 4980 2414
f 4101 2559 2421
f 5499 2421 2876
f 2421 5499 3657
f 4682 3632 2428
f 5216 2428 4307
f 5216 4454 2428
f 4620 2471 3942
f 4778 3942 2471
f 4687 4501 2471
f 4501 4879 2471
f 4620 5158 2471
f 5158 4687 2471
f 4879 4778 2471
f 2483 4681 3798
f 3798 5406 2483
f 4778 2483 3942
f 2483 5406 3942
f 4969 4681 2483
f 4879 2483 4778
f 4879 4969 2483
f 3994 2498 3942
f 2498 4679 3942
f 3994 4823 2498
f 4768 2498 4381
f 2498 5188 4381
f 4768 4679 2498
f 5188 2498 4823
f 4671 4354 2520
f 4354 5917 2520
f 4671 2520 4416
f 2520 5917 4582
f 4560 2559 4101
f 3142 3006 2579
f 3657 5499 2597
f 5499 5604 2597
f 3999 4990 2715
f 2715 5163 3999
f 4990 4621 2715
f 4621 5141 2715
f 5141 5507 2715
f 5507 5163 2715
f 2892 6022 2723
f 4837 4524 2723
f 5656 4729 2738
f 4729 5695 2738
f 4863 5266 2738
f 5695 4863 2738
f 5266 5788 2738
f 5788 5656 2738
f 4933 2740 4055
f 2740 5700 4055
f 4933 5964 2740
f 5576 2740 5394
f 5964 5394 2740
f 5576 5700 2740
f 2791 5282 4521
f 4521 5362 2791
f 5282 2791 4603
f 5534 4603 2791
f 2791 5362 5534
f 3654 4642 2812
f 3597 4022 2842
f 2842 4759 3597
f 4022 4609 2842
f 4609 4759 2842
f 5432 5014 2865
f 5014 5700 2865
f 5625 5432 2865
f 5700 5625 2865
f 4891 4530 2876
f 5202 2907 4714
f 2907 5994 4714
f 5994 2907 5013
f 2907 6035 5013
f 5202 6035 2907
f 2909 4530 4715
f 5077 5604 2909
f 5710 5077 2909
f 2951 4621 4424
f 4424 4627 2951
f 2951 5141 4621
f 5563 2951 4627
f 5563 5141 2951
f 3937 3728 2958
f 3728 4458 2958
f 4016 3937 2958
f 4021 4016 2958
f 2958 4773 4021
f 4773 2958 4458
f 5861 2963 3427
f 4001 2963 3428
f 2963 5861 3428
f 4033 2963 4001
f 4380 2973 4220
f 4380 2974 3205
f 4588 3205 2974
f 2974 4035 4772
f 5565 4035 2974
f 4380 4220 2974
f 4220 5565 2974
f 4772 4588 2974
f 3205 4588 2984
f 4671 3205 2984
f 4671 2984 4354
f 2984 4863 4354
f 4588 5266 2984
f 5266 4863 2984
f 4635 4620 2989
f 4679 2989 4620
f 4971 4635 2989
f 4971 2989 4679
f 2994 4346 3548
f 3548 4907 2994
f 4907 4317 2994
f 4554 3006 4320
f 4398 3007 4320
f 4554 4320 3007
f 4398 4647 3007
f 3007 5974 4554
f 4730 3007 4647
f 4730 5974 3007
f 5307 3030 5099
f 5343 5906 3030
f 4871 4060 3073
f 4060 5128 3073
f 4882 4838 3073
f 4838 5235 3073
f 5235 4871 3073
f 5128 4882 3073
f 3135 4627 4424
f 4309 3167 3746
f 4069 3999 3169
f 3999 5163 3169
f 4513 4069 3169
f 4635 4513 3169
f 3169 5158 4635
f 5163 5158 3169
f 4437 3191 3710
f 3191 4720 3710
f 4021 3804 3191
f 3191 3804 4766
f 4021 3191 4016
f 4437 4016 3191
f 4766 4720 3191
f 4001 3210 3746
f 3210 5551 3746
f 4106 3210 4001
f 4106 6053 3210
f 5065 5286 3210
f 3210 6053 5065
f 3210 5286 5551
f 4381 3240 3679
f 3240 4714 3679
f 4381 5188 3240
f 5188 4486 3240
f 5202 3240 4486
f 5202 4714 3240
f 3253 4409 4275
f 4275 4599 3253
f 4536 4409 3253
f 5582 4536 3253
f 4599 5582 3253
f 4350 3291 3400
f 3291 4437 3400
f 3937 3291 3857
f 4350 3857 3291
f 4437 3291 3937
f 5139 3332 4451
f 5139 4871 3332
f 4871 5268 3332
f 5851 3374 4194
f 3400 4437 3710
f 3710 4744 3400
f 3651 4553 3403
f 3403 5710 3651
f 4513 4037 3403
f 4037 4770 3403
f 4553 4513 3403
f 5710 3403 4770
f 3428 4804 4001
f 3428 4862 4172
f 5861 4862 3428
f 4434 5491 3479
f 3479 5777 4434
f 3479 5675 4726
f 4726 5777 3479
f 3479 5491 4930
f 4930 5675 3479
f 4350 3489 3857
f 5490 3857 3489
f 3489 4350 5213
f 5213 4714 3489
f 4714 5994 3489
f 3489 5994 5490
f 4022 5196 3504
f 3504 4072 4174
f 3504 5196 4072
f 3525 4412 3944
f 3944 5832 3525
f 3999 4412 3525
f 3525 4990 3999
f 4621 3525 4424
f 3525 5832 4424
f 4621 4990 3525
f 3582 5394 3542
f 3542 5615 3582
f 3868 3619 3542
f 4084 3542 3619
f 3542 5964 3868
f 4084 5615 3542
f 5394 5964 3542
f 5408 3547 3726
f 5563 4627 3547
f 5563 3547 5408
f 4075 3548 3651
f 4346 5814 3548
f 5423 3565 5517
f 5633 3565 5423
f 5471 3565 5469
f 3565 5633 5469
f 5471 5727 3565
f 3565 5727 5517
f 4751 3582 3882
f 3582 5615 3882
f 4584 5576 3582
f 5576 5394 3582
f 4373 3616 4360
f 4721 4360 3616
f 4726 3616 4373
f 3616 4489 4626
f 4726 4489 3616
f 4721 3616 4626
f 3651 5710 4075
f 3679 4642 3654
f 3699 4757 4259
f 4259 5258 3699
f 4595 3699 4307
f 5258 4307 3699
f 4730 3699 4595
f 4730 4757 3699
f 3710 4720 4158
f 4158 4744 3710
f 3937 3715 3728
f 5311 3728 3715
f 3937 3857 3715
f 3857 5490 3715
f 3973 4694 3715
f 3715 5490 3973
f 5311 3715 4694
f 4982 3716 4470
f 3716 5112 4470
f 3716 5311 4697
f 4697 5362 3716
f 5311 3716 4982
f 5362 5112 3716
f 4841 3717 4669
f 4669 3717 5254
f 4841 5602 3717
f 5602 5423 3717
f 5408 3726 4295
f 3728 4982 4458
f 5311 4982 3728
f 4309 3746 5551
f 4536 3758 4409
f 4409 3758 5449
f 4536 5245 3758
f 5432 3758 5245
f 5449 3758 5432
f 4773 3795 4021
f 3795 5720 4021
f 4230 3795 4088
f 4838 4088 3795
f 4230 5720 3795
f 4838 3795 4773
f 5014 5432 3798
f 5406 3798 5245
f 5432 5245 3798
f 5720 3804 4021
f 4230 3804 5720
f 3848 5565 4220
f 5426 3848 4261
f 3848 5622 4261
f 5964 5264 3868
f 3869 4933 4055
f 4055 5279 3869
f 5964 4933 3869
f 5087 3869 4983
f 5279 4983 3869
f 5264 3869 5087
f 5264 5964 3869
f 4751 3882 4650
f 5463 4650 3882
f 5254 4120 3900
f 5065 4669 3900
f 5254 3900 4669
f 3900 5286 5065
f 5676 4856 3924
f 4360 3927 4342
f 5645 4342 3927
f 5069 4805 3927
f 4805 5730 3927
f 5551 3931 4309
f 5761 5346 3931
f 4437 3937 4016
f 5406 3994 3942
f 4679 4620 3942
f 3943 5619 4172
f 4172 5695 3943
f 3943 4729 4451
f 4451 5600 3943
f 5695 4729 3943
f 5619 3943 5600
f 3944 5676 4161
f 4412 4856 3944
f 5676 3944 4856
f 5013 4407 3973
f 3973 5994 5013
f 5490 5994 3973
f 4773 4458 3978
f 4458 4970 3978
f 5235 4773 3978
f 4970 5268 3978
f 5268 5235 3978
f 3981 6053 4106
f 4669 3981 4505
f 3981 5356 4505
f 4669 5065 3981
f 5065 6053 3981
f 3994 5299 4823
f 4862 3998 4172
f 3998 5695 4172
f 4354 4863 3998
f 3998 5917 4354
f 4862 4582 3998
f 4582 5917 3998
f 4863 5695 3998
f 4412 3999 4069
f 4804 4106 4001
f 4982 4470 4019
f 4970 4982 4019
f 5268 4970 4019
f 4158 5196 4022
f 4772 4035 4030
f 5246 4030 4035
f 5091 4772 4030
f 4994 5128 4030
f 4030 5246 4994
f 5128 5091 4030
f 4817 4031 4259
f 4031 5258 4259
f 4300 5258 4031
f 4031 6034 4300
f 5601 4031 4817
f 5601 6034 4031
f 4513 4635 4037
f 4971 4037 4635
f 4230 4088 4040
f 4088 5251 4040
f 4817 4259 4040
f 5251 4817 4040
f 4838 4050 4088
f 4050 5251 4088
f 4882 4050 4838
f 4882 5128 4050
f 4050 5128 4994
f 4055 5700 5014
f 5139 4060 4871
f 5128 4060 5091
f 4060 5788 5091
f 5139 5656 4060
f 5656 5788 4060
f 4072 4837 4174
f 4072 4398 4320
f 4524 4072 4320
f 4072 5196 4398
f 4837 4072 4524
f 4609 4560 4101
f 4759 4609 4101
f 4120 5727 5340
f 4626 4489 4144
f 4489 5767 4144
f 5471 4626 4144
f 5340 5727 4144
f 4144 5767 5340
f 5727 5471 4144
f 5260 4505 4156
f 4505 5662 4156
f 5781 5260 4156
f 5662 5600 4156
f 5669 5069 4168
f 5069 5968 4168
f 5633 5282 4168
f 5282 5669 4168
f 5968 5633 4168
f 4187 5451 4647
f 4766 4187 4720
f 4300 5426 4261
f 4261 5927 4454
f 5622 5927 4261
f 5257 4275 5002
f 4675 4363 4280
f 4363 5660 4280
f 4675 4280 4503
f 4280 5336 4503
f 4930 5491 4282
f 4288 5299 4536
f 4536 5582 4288
f 5299 4288 5202
f 6035 5202 4288
f 5582 6035 4288
f 5343 4295 5087
f 4521 5282 4305
f 4305 5602 4521
f 5282 5633 4305
f 5602 4305 5423
f 5633 5423 4305
f 4373 4360 4342
f 4342 5621 4373
f 5621 4342 4584
f 5645 4584 4342
f 4521 5260 4369
f 4369 5362 4521
f 5112 5362 4369
f 5781 5112 4369
f 5260 5781 4369
f 4373 5777 4726
f 5851 6022 4378
f 4768 4381 4717
f 4424 5832 4391
f 4401 5576 4584
f 5645 4401 4584
f 5700 5576 4401
f 5625 4401 5645
f 5700 4401 5625
f 4407 5582 4599
f 5013 6035 4407
f 6035 5582 4407
f 4409 5730 4805
f 5449 5730 4409
f 4650 4434 4751
f 5590 4434 4650
f 5590 5491 4434
f 4729 5139 4451
f 5927 4836 4454
f 4982 4970 4458
f 4505 5356 4466
f 4505 4466 5662
f 5619 5600 4466
f 5662 4466 5600
f 5112 5781 4470
f 5188 4823 4486
f 4823 5299 4486
f 5299 5202 4486
f 4687 5099 4501
f 4879 4501 4865
f 4521 5602 4841
f 4554 5974 4595
f 4980 5806 4555
f 5009 5527 4555
f 5750 5009 4555
f 5806 5750 4555
f 5091 4588 4772
f 5091 5788 4588
f 5788 5266 4588
f 4595 5974 4730
f 5257 5002 4603
f 5002 5669 4603
f 5257 4603 5534
f 5669 5282 4603
f 4635 5158 4620
f 4626 5471 5469
f 4647 5451 4730
f 4969 4666 4681
f 4969 4865 4666
f 5479 4666 4865
f 5279 4666 4983
f 4666 5906 4983
f 5479 5906 4666
f 4971 4679 4768
f 5507 5099 4687
f 5158 5163 4687
f 5163 5507 4687
f 4697 5311 4694
f 5534 4697 5257
f 5534 5362 4697
f 5656 5139 4729
f 4730 5451 4757
f 5710 4770 5077
f 5235 4838 4773
f 4791 5675 4930
f 5346 5739 4791
f 5601 4817 5251
f 4865 4969 4879
f 4871 5235 5268
f 5246 4893 4994
f 5250 4994 4893
f 5277 4893 5246
f 5601 5250 4893
f 5277 5601 4893
f 5087 4983 5343
f 4983 5906 5343
f 5507 5307 5099
f 5507 5141 5307
f 5601 5251 5250
f 6034 5601 5277
f 5340 5767 5671
f 5761 5739 5346
f 5625 5449 5432
f 5633 5968 5469
f 5739 5761 5671
g ring_flex0
f 5021 2257 279
f 2257 5116 279
f 279 5116 3184
f 2257 4329 280
f 5506 2257 280
f 300 283 284
f 602 283 300
f 3097 283 602
f 3097 5506 283
f 2377 300 284
f 2376 2377 284
f 3445 2132 285
f 2132 4912 285
f 2503 2132 286
f 2132 3454 286
f 302 288 287
f 601 302 287
f 2582 601 287
f 287 3454 2582
f 302 3009 288
f 3009 3010 288
f 3184 602 299
f 602 4777 299
f 4777 3251 299
f 2377 602 300
f 2885 3610 301
f 3610 3445 301
f 601 3009 302
f 601 3610 2251
f 2251 4195 601
f 2582 3610 601
f 4195 3009 601
f 2377 3248 602
f 602 5116 3097
f 3184 5116 602
f 3248 4777 602
f 1081 858 861
f 858 3087 861
f 1082 858 1081
f 1082 6037 858
f 2566 3088 858
f 3517 2566 858
f 3088 3087 858
f 6037 3517 858
f 4610 859 4285
f 6102 4285 859
f 4610 4314 859
f 3734 3120 860
f 3120 5935 860
f 860 5935 3162
f 4005 5193 862
f 862 5674 4005
f 3009 1082 1081
f 3010 3009 1081
f 3009 4195 1082
f 4195 6037 1082
f 2442 1083 2009
f 3162 2009 1083
f 2503 1083 2442
f 2376 1085 1084
f 3087 1084 1085
f 2377 2376 1084
f 3248 2377 1084
f 3088 2566 1084
f 3248 1084 2566
f 3088 1084 3087
f 1086 4329 2931
f 2931 4362 1086
f 4362 3734 1086
f 2442 2009 1798
f 2009 5674 1798
f 1798 4912 2442
f 3120 2931 1979
f 2931 5021 1979
f 3120 1979 5193
f 4663 2885 2008
f 4314 4663 2008
f 3162 5935 2009
f 2009 4005 5674
f 5935 4005 2009
f 2503 2442 2132
f 2442 4912 2132
f 2132 3445 2582
f 2582 3454 2132
f 3610 2885 2251
f 2885 4663 2251
f 2251 4610 3517
f 3517 6037 2251
f 6037 4195 2251
f 4663 4610 2251
f 2931 4329 2257
f 5021 2931 2257
f 2257 3097 5116
f 3097 2257 5506
f 3251 4777 2425
f 4777 3695 2425
f 3695 6102 2425
f 3695 3248 2566
f 3517 4285 2566
f 6102 3695 2566
f 4285 6102 2566
f 3445 3610 2582
f 3120 4362 2931
f 3734 4362 3120
f 5193 4005 3120
f 4005 5935 3120
f 3695 4777 3248
f 4610 4285 3517
f 4610 4663 4314
g ring_ph0
f 600 411 241
f 411 5487 241
f 4869 600 241
f 2297 1217 241
f 1217 4869 241
f 2297 241 1695
f 241 5487 1695
f 411 600 242
f 5042 411 242
f 600 6076 242
f 1864 242 940
f 242 6076 940
f 1864 1289 242
f 5042 242 1289
f 599 244 412
f 2324 412 244
f 1253 244 599
f 1253 941 244
f 2632 244 941
f 2324 244 1292
f 2632 1292 244
f 599 412 245
f 412 6046 245
f 2811 599 245
f 2811 245 1218
f 245 3939 1218
f 3939 245 1688
f 245 6046 1688
f 1329 594 280
f 3768 280 594
f 4330 1329 280
f 3768 5506 280
f 4330 280 4329
f 284 283 282
f 283 5506 282
f 5375 284 282
f 5375 282 593
f 282 5481 593
f 3768 5481 282
f 5506 3768 282
f 5375 2376 284
f 3454 587 286
f 587 3467 286
f 286 3467 2503
f 287 288 289
f 3454 287 289
f 288 586 289
f 288 3011 586
f 3011 288 3010
f 289 586 587
f 3454 289 587
f 1291 290 597
f 6063 597 290
f 2576 290 1291
f 2576 3551 290
f 2594 6063 290
f 294 293 292
f 293 596 292
f 2594 294 292
f 596 6063 292
f 6063 2594 292
f 293 2003 596
f 2003 293 2001
f 1330 583 295
f 2835 295 583
f 295 2968 1330
f 2968 295 2967
f 298 296 297
f 2224 296 298
f 3204 1785 296
f 2224 3204 296
f 2835 298 297
f 2224 298 583
f 298 2835 583
f 5487 411 5042
f 2324 6046 412
f 1330 2502 583
f 583 2897 2224
f 2897 583 2502
f 3103 585 584
f 585 3423 584
f 5969 3103 584
f 3423 3252 584
f 5718 584 3252
f 5718 5587 584
f 5587 5969 584
f 2746 585 586
f 585 6078 586
f 3423 585 2746
f 3103 6078 585
f 1755 587 586
f 586 6078 1755
f 3011 2746 586
f 1755 1288 587
f 1288 3467 587
f 1515 588 589
f 588 1689 589
f 1515 3348 588
f 5718 1689 588
f 5587 588 3348
f 5718 588 5587
f 2897 1515 589
f 1689 3204 589
f 2897 589 2224
f 589 3204 2224
f 2346 1289 590
f 1289 3103 590
f 1736 590 1688
f 590 3421 1688
f 2346 590 1736
f 3103 3086 590
f 3086 3421 590
f 3255 591 592
f 591 3603 592
f 3749 595 591
f 595 5771 591
f 3603 591 3252
f 591 5771 3252
f 3255 3749 591
f 1514 592 593
f 2378 593 592
f 2378 592 1159
f 3603 1159 592
f 3255 592 1514
f 593 5481 1514
f 2378 5375 593
f 1329 5572 594
f 5481 3768 594
f 5572 5481 594
f 1851 595 596
f 2446 596 595
f 595 1293 2446
f 3749 1293 595
f 1851 5771 595
f 2003 1851 596
f 3396 596 2446
f 3396 6063 596
f 3396 1291 597
f 597 6063 3396
f 1736 1292 598
f 1292 3749 598
f 2346 598 1695
f 598 3255 1695
f 2346 1736 598
f 598 3749 3255
f 2811 1253 599
f 4869 1252 600
f 1252 6076 600
f 3162 4764 860
f 4764 3734 860
f 1081 861 2845
f 3751 2845 861
f 3087 3751 861
f 865 5522 1092
f 5032 865 5031
f 5522 865 5032
f 2530 867 2528
f 2690 867 2530
f 3685 867 2690
f 1864 940 1288
f 940 3467 1288
f 6076 3467 940
f 2576 941 1253
f 2576 1291 941
f 1291 2632 941
f 3587 1081 2845
f 3587 3010 1081
f 2503 4431 1083
f 1083 4431 3162
f 3035 1085 2376
f 3035 3087 1085
f 3735 1086 3734
f 4329 1086 3735
f 1088 3435 2001
f 3435 1088 2690
f 3685 2690 1088
f 3551 5546 1089
f 5546 5031 1089
f 1785 5382 1091
f 1091 5382 2528
f 5907 2967 1092
f 5907 1092 5522
f 2378 1159 2707
f 2746 2707 1159
f 3423 2746 1159
f 1159 3603 3423
f 1786 1689 1160
f 5718 1160 1689
f 2530 1786 1160
f 2530 1160 1851
f 5771 1851 1160
f 5771 1160 5718
f 4330 1217 1329
f 5572 1329 1217
f 2297 1514 1217
f 5572 1217 1514
f 4330 1590 1217
f 1590 4869 1217
f 1330 2968 1218
f 1218 3939 1330
f 1591 2811 1218
f 1218 2968 1591
f 3163 1252 1590
f 4869 1590 1252
f 3163 2504 1252
f 2504 6076 1252
f 1253 5546 2576
f 2811 5522 1253
f 5522 5032 1253
f 5032 5546 1253
f 1288 1755 1864
f 1289 1864 1290
f 3103 1289 1290
f 2346 5042 1289
f 1755 1290 1864
f 1755 6078 1290
f 1290 6078 3103
f 1291 3396 2632
f 2632 1293 1292
f 1293 3749 1292
f 2324 1292 1736
f 2446 1293 2632
f 1330 3939 2502
f 3255 1514 2297
f 5572 1514 5481
f 2897 2502 1515
f 2502 3939 1515
f 3939 3348 1515
f 3735 3163 1590
f 4330 3735 1590
f 1591 5522 2811
f 2968 5907 1591
f 5907 5522 1591
f 1688 6046 1736
f 3939 1688 3421
f 1786 3204 1689
f 3255 2297 1695
f 1695 5487 2346
f 1736 6046 2324
f 1785 3204 1786
f 1786 5382 1785
f 2530 5382 1786
f 3435 1851 2003
f 2690 2530 1851
f 3435 2690 1851
f 3435 2003 2001
f 5487 5042 2346
f 5375 3035 2376
f 2378 2707 3035
f 5375 2378 3035
f 2632 3396 2446
f 2503 3467 2504
f 2504 4431 2503
f 3163 4431 2504
f 3467 6076 2504
f 2528 5382 2530
f 5546 3551 2576
f 2707 2746 2794
f 2845 2707 2794
f 2845 3751 2707
f 2707 3751 3035
f 3011 2794 2746
f 3587 2845 2794
f 2794 3011 3587
f 5907 2968 2967
f 3587 3011 3010
f 3035 3751 3087
f 3103 5969 3086
f 3421 3086 3348
f 5969 3348 3086
f 3162 4431 3163
f 3163 4764 3162
f 4764 3163 3735
f 3603 3252 3423
f 5771 5718 3252
f 3939 3421 3348
f 5969 5587 3348
f 3735 3734 4764
f 4330 4329 3735
f 5546 5032 5031
g ring_flex1
f 2594 290 1903
f 3551 1903 290
f 294 303 293
f 303 2002 293
f 2002 2001 293
f 582 303 294
f 294 3362 582
f 3362 294 2594
f 2835 1668 295
f 2967 295 1668
f 296 304 297
f 296 1784 304
f 1785 1784 296
f 304 2519 297
f 3409 297 2519
f 3409 2835 297
f 582 2002 303
f 1784 2519 304
f 2706 1903 340
f 2869 340 1903
f 344 345 370
f 582 344 370
f 1917 344 582
f 2706 344 1917
f 345 2411 370
f 2412 2411 345
f 1668 1667 349
f 3426 1668 349
f 351 372 352
f 581 372 351
f 1762 581 351
f 1762 351 1667
f 372 1977 352
f 1977 1976 352
f 2479 582 370
f 2411 2479 370
f 581 1977 372
f 3409 581 1762
f 2016 1977 581
f 4534 2016 581
f 3409 2519 581
f 2519 4534 581
f 3362 1917 582
f 2409 2002 582
f 2479 2409 582
f 2528 867 863
f 867 3685 863
f 1910 2529 863
f 863 3686 1910
f 2529 2528 863
f 3685 3686 863
f 868 2644 864
f 3274 868 864
f 2643 864 2644
f 3273 3274 864
f 2937 865 1092
f 865 2937 1794
f 1794 5031 865
f 1794 866 1095
f 2937 1097 866
f 2937 866 1794
f 868 2959 2644
f 2959 868 3274
f 2001 1087 1088
f 3685 1088 1087
f 2002 1087 2001
f 2002 2409 1087
f 2409 5962 1087
f 3686 3685 1087
f 5962 3686 1087
f 1794 2871 1089
f 1089 5031 1794
f 3551 1089 2871
f 1091 1090 1785
f 1091 2528 1090
f 1784 1785 1090
f 2285 1784 1090
f 1090 2529 2285
f 2528 2529 1090
f 2937 1092 2355
f 2967 2355 1092
f 1094 1093 2412
f 1094 2643 1093
f 2411 2412 1093
f 2479 2411 1093
f 2644 2479 1093
f 2643 2644 1093
f 2871 1794 1095
f 2871 1095 2869
f 1098 1096 1977
f 1098 3274 1096
f 1976 1977 1096
f 3274 3273 1096
f 2937 2355 1097
f 3426 1097 2355
f 2016 1709 1098
f 1709 3274 1098
f 2016 1098 1977
f 1762 1667 1668
f 3409 1762 1668
f 2967 1668 2355
f 3426 2355 1668
f 3409 1668 2835
f 1910 1709 2529
f 1910 5823 1709
f 2285 1709 2016
f 1709 2285 2529
f 2959 3274 1709
f 1709 5823 2959
f 5823 1910 1721
f 1910 5962 1721
f 2479 1721 2409
f 1721 5962 2409
f 1721 2479 2644
f 2644 2959 1721
f 2959 5823 1721
f 2285 4534 1784
f 4534 2519 1784
f 2706 1917 1903
f 3362 1903 1917
f 3362 2594 1903
f 2871 2869 1903
f 3551 2871 1903
f 3686 5962 1910
f 2016 4534 2285
g ring_ph1
f 580 413 254
f 413 5654 254
f 5427 580 254
f 3975 1219 254
f 1219 5427 254
f 2681 3975 254
f 254 5654 2681
f 4139 255 928
f 255 5931 928
f 3677 255 2234
f 4139 2234 255
f 3677 5931 255
f 580 256 413
f 2030 413 256
f 3560 256 580
f 2284 256 939
f 256 3560 939
f 2284 2030 256
f 3892 257 3431
f 5883 3431 257
f 3892 5904 257
f 5904 5883 257
f 1331 576 340
f 2706 340 576
f 2870 1331 340
f 2870 340 2869
f 2094 578 341
f 578 3667 341
f 3667 5412 341
f 343 345 344
f 2706 343 344
f 1458 345 343
f 2706 576 343
f 576 4637 343
f 343 4637 1458
f 4222 345 1458
f 4222 2412 345
f 347 348 346
f 1459 347 346
f 346 2526 1459
f 2526 346 2198
f 347 2094 348
f 2094 347 578
f 347 2524 578
f 1459 2524 347
f 1286 349 573
f 1667 573 349
f 2291 349 1286
f 2291 3426 349
f 1332 569 350
f 1890 350 569
f 5580 1332 350
f 5747 5580 350
f 351 352 353
f 1667 351 353
f 352 1464 353
f 1978 1464 352
f 1978 352 1976
f 353 1648 573
f 1667 353 573
f 1464 1648 353
f 355 356 354
f 1460 354 356
f 1460 5004 354
f 354 5004 1858
f 355 1890 356
f 1890 569 356
f 569 2010 356
f 356 2010 1460
f 2505 413 2030
f 2505 5654 413
f 414 3431 579
f 3677 414 579
f 3907 3431 414
f 3677 3648 414
f 3648 3814 414
f 3907 414 3814
f 1332 6072 569
f 6072 2010 569
f 1959 570 571
f 570 4377 571
f 1752 570 572
f 1796 572 570
f 1752 4377 570
f 1959 1796 570
f 2010 571 1460
f 571 5004 1460
f 1959 571 1473
f 2010 1473 571
f 4377 1859 571
f 5004 571 1859
f 1978 572 1464
f 572 5897 1464
f 1752 572 1676
f 1978 1676 572
f 1796 5897 572
f 2292 1286 573
f 1648 2292 573
f 1873 574 575
f 574 4815 575
f 1920 574 577
f 574 3727 577
f 1873 3727 574
f 1920 4815 574
f 4222 1458 575
f 1458 4637 575
f 1873 575 1472
f 4637 1472 575
f 575 4815 4222
f 1331 4637 576
f 2524 1459 577
f 1459 2526 577
f 2524 577 1580
f 3727 1580 577
f 2153 1920 577
f 2526 2153 577
f 2452 1268 578
f 1268 3667 578
f 2524 2452 578
f 3431 2828 579
f 3875 579 2828
f 3875 3677 579
f 3560 580 1254
f 5427 1254 580
f 864 2643 2383
f 3273 864 2383
f 3455 1095 866
f 2367 866 1097
f 3455 866 2367
f 871 3676 3283
f 4304 3676 871
f 2091 873 2089
f 2091 3094 873
f 3094 3092 873
f 3439 1268 928
f 1268 4139 928
f 928 5931 3439
f 939 2291 1286
f 2292 939 1286
f 2292 2284 939
f 3560 2291 939
f 2412 5956 1094
f 5956 2643 1094
f 2870 2869 1095
f 3455 2870 1095
f 1978 1096 1790
f 3273 1790 1096
f 1978 1976 1096
f 1097 2781 2367
f 3426 2781 1097
f 1100 3094 2198
f 3094 1100 3092
f 3446 1101 3439
f 1101 5412 3439
f 3446 4304 1101
f 3027 1103 1858
f 1103 3027 2089
f 3284 1104 3283
f 3284 5998 1104
f 1104 5998 5747
f 1752 1676 1161
f 1790 1161 1676
f 1920 1752 1161
f 2199 1161 1790
f 1161 4815 1920
f 4222 1161 2199
f 4222 4815 1161
f 1920 1162 1752
f 1752 1162 4377
f 2091 1859 1162
f 4377 1162 1859
f 2153 1162 1920
f 2153 2091 1162
f 2234 1269 1210
f 2759 1210 1269
f 1931 3648 1210
f 5654 1931 1210
f 3648 2234 1210
f 2759 2681 1210
f 2681 5654 1210
f 2505 2030 1211
f 2030 5987 1211
f 5965 2505 1211
f 5965 1211 5961
f 1211 5986 5961
f 5987 5986 1211
f 2870 1219 1331
f 3975 1331 1219
f 2870 1592 1219
f 5427 1219 1592
f 5580 1220 1332
f 1220 5680 1332
f 5580 1593 1220
f 1220 1593 5883
f 2722 5680 1220
f 1220 5904 2722
f 5904 1220 5883
f 2367 2291 1254
f 3560 1254 2291
f 3455 2367 1254
f 1254 5427 3455
f 2828 1593 1255
f 3284 1255 1593
f 3875 2828 1255
f 3284 3676 1255
f 3446 3439 1255
f 3439 5931 1255
f 1255 3676 3446
f 1255 5931 3875
f 2452 4139 1268
f 3667 1268 3439
f 3727 1269 1580
f 4139 1580 1269
f 2759 1269 1873
f 1269 3727 1873
f 4139 1269 2234
f 1796 1287 1581
f 2284 1581 1287
f 1959 1287 1796
f 1959 1883 1287
f 1883 5987 1287
f 1287 5987 2284
f 1472 1331 3975
f 1472 4637 1331
f 5680 6072 1332
f 1464 5897 1648
f 1873 1472 3975
f 1959 1473 1883
f 1473 5680 1883
f 2010 6072 1473
f 6072 5680 1473
f 2524 1580 2452
f 1580 4139 2452
f 1581 2292 1648
f 1648 5897 1581
f 1581 5897 1796
f 2284 2292 1581
f 3455 1592 2870
f 3455 5427 1592
f 5883 1593 2828
f 1593 5998 3284
f 5580 5998 1593
f 1978 1790 1676
f 2383 2199 1790
f 3273 2383 1790
f 1858 5004 3027
f 3027 1859 2091
f 3027 5004 1859
f 2759 1873 3975
f 1883 5680 2722
f 5986 1883 2722
f 5986 5987 1883
f 1931 5654 2505
f 2505 5965 1931
f 3814 3648 1931
f 3814 1931 5965
f 2284 5987 2030
f 2089 3027 2091
f 2153 3094 2091
f 2125 2722 5904
f 5986 2722 2125
f 3907 3814 2125
f 5961 2125 3814
f 3907 2125 3892
f 2125 5904 3892
f 5986 2125 5961
f 2526 3094 2153
f 2198 3094 2526
f 2383 2643 2199
f 2643 5956 2199
f 2199 5956 4222
f 2234 3648 3677
f 2781 2291 2367
f 2781 3426 2291
f 4222 5956 2412
f 2759 3975 2681
f 5883 2828 3431
f 3283 3676 3284
f 3907 3892 3431
f 5412 3667 3439
f 4304 3446 3676
f 3875 5931 3677
f 5965 5961 3814
f 5747 5998 5580
g ring_flex2
f 4543 341 1894
f 341 5736 1894
f 4543 2094 341
f 5412 5736 341
f 346 348 371
f 2197 346 371
f 2197 2198 346
f 568 371 348
f 4543 568 348
f 4543 348 2094
f 5747 350 1722
f 350 5802 1722
f 1890 5802 350
f 373 355 354
f 1857 373 354
f 1858 1857 354
f 567 355 373
f 5802 355 567
f 355 5802 1890
f 1894 1893 357
f 5051 1894 357
f 374 360 361
f 568 360 374
f 1932 360 568
f 1932 5051 360
f 2129 374 361
f 2130 2129 361
f 1992 365 1722
f 3470 1722 365
f 366 375 367
f 567 375 366
f 366 2601 567
f 2601 366 1992
f 375 1643 367
f 1643 1642 367
f 568 4098 371
f 4098 2197 371
f 5914 567 373
f 1857 5914 373
f 2625 568 374
f 2129 2625 374
f 567 1643 375
f 1645 1643 567
f 567 5914 1645
f 5802 567 2601
f 4543 1932 568
f 4098 568 2625
f 2089 873 869
f 3092 869 873
f 2090 2089 869
f 4217 2090 869
f 3093 869 3092
f 3093 3980 869
f 3980 4217 869
f 874 2538 870
f 874 870 3343
f 2537 870 2538
f 3342 3343 870
f 2330 871 1624
f 3283 1624 871
f 4304 871 2330
f 1838 872 1624
f 2330 1624 872
f 3541 2330 872
f 2782 2538 874
f 874 5903 2782
f 5903 874 3343
f 1100 2198 1099
f 1100 1099 3092
f 1947 3980 1099
f 1947 1099 4098
f 2197 1099 2198
f 2197 4098 1099
f 3092 1099 3093
f 1099 3980 3093
f 2330 1896 1101
f 1896 5736 1101
f 1101 4304 2330
f 5736 5412 1101
f 1103 1102 1858
f 2089 1102 1103
f 1857 1858 1102
f 5914 1857 1102
f 2090 1102 2089
f 2090 2353 1102
f 5914 1102 2353
f 2400 1624 1104
f 3283 1104 1624
f 1104 5747 2400
f 1106 1105 2130
f 2537 1105 1106
f 2129 2130 1105
f 4366 2129 1105
f 2538 1105 2537
f 2538 4366 1105
f 1896 1107 1893
f 2330 1107 1896
f 3541 1107 2330
f 1110 1108 1643
f 1110 3343 1108
f 1642 1643 1108
f 3342 1108 3343
f 1838 1624 1109
f 2400 1109 1624
f 3470 1109 2400
f 1645 1110 1643
f 1645 4704 1110
f 1110 4704 3343
f 2353 4704 1645
f 1645 5914 2353
f 2601 1992 1722
f 3470 2400 1722
f 5747 1722 2400
f 1722 5802 2601
f 2353 4217 1743
f 4704 2353 1743
f 3980 2782 1743
f 2782 5903 1743
f 4217 3980 1743
f 5903 4704 1743
f 1896 1893 1894
f 5736 1896 1894
f 4543 1894 1932
f 5051 1932 1894
f 1947 4098 2625
f 2625 4366 1947
f 2782 3980 1947
f 4366 2782 1947
f 4217 2353 2090
f 4366 2625 2129
f 2782 4366 2538
f 4704 5903 3343
g ring_ph2
f 3911 259 552
f 5466 552 259
f 4495 2302 259
f 5466 259 2302
f 3911 3663 259
f 4495 259 3663
f 5238 552 260
f 5466 260 552
f 5466 4569 260
f 553 262 264
f 561 264 262
f 553 3985 262
f 3641 561 262
f 3984 262 3985
f 4419 553 264
f 561 6067 264
f 264 6067 4419
f 3193 547 265
f 547 3693 265
f 2990 2522 265
f 3193 265 2522
f 3693 2990 265
f 266 3693 547
f 547 5808 266
f 3693 266 3575
f 548 268 267
f 563 267 268
f 5480 548 267
f 3683 267 563
f 2403 268 548
f 2589 563 268
f 2403 1831 268
f 2589 268 1831
f 1321 551 357
f 551 5051 357
f 1895 1321 357
f 1895 357 1893
f 361 360 359
f 360 5051 359
f 3505 361 359
f 3505 359 551
f 359 5051 551
f 2133 2130 361
f 3505 2133 361
f 2123 549 364
f 549 4142 364
f 2112 364 922
f 364 4142 922
f 2112 1745 364
f 1745 2123 364
f 1992 545 365
f 2397 365 545
f 3470 365 2397
f 366 367 368
f 1992 366 368
f 544 368 367
f 1644 544 367
f 1644 367 1642
f 545 368 544
f 545 1992 368
f 1724 369 543
f 369 2622 543
f 2622 369 887
f 369 5839 887
f 1745 369 1724
f 1745 5839 369
f 546 4670 415
f 415 5276 546
f 554 2177 415
f 2436 554 415
f 2177 5276 415
f 415 4670 2436
f 1724 543 544
f 1797 544 543
f 543 5813 1797
f 2622 5813 543
f 1797 545 544
f 1724 544 1644
f 1797 1270 545
f 2397 545 1270
f 3193 3500 547
f 3500 3236 547
f 3236 5808 547
f 548 6074 2403
f 5480 3351 548
f 3351 6074 548
f 2434 550 549
f 550 4598 549
f 2434 549 2123
f 4598 4142 549
f 3505 1507 550
f 4598 550 1507
f 2434 2133 550
f 3505 550 2133
f 1321 2764 551
f 3505 551 2764
f 5437 3911 552
f 5238 4405 552
f 4405 5437 552
f 553 5205 3985
f 4419 5205 553
f 1829 1597 554
f 1597 2177 554
f 1600 554 1599
f 2436 1599 554
f 1829 554 1600
f 2247 1599 555
f 1599 4059 555
f 4495 2247 555
f 4495 555 2302
f 555 5564 2302
f 4059 5564 555
f 4059 4691 556
f 5564 4059 556
f 4569 5564 556
f 1693 1597 557
f 1597 3513 557
f 557 3811 1693
f 3513 2990 557
f 2990 3811 557
f 1693 3811 558
f 558 5608 1693
f 3811 3575 558
f 4580 564 559
f 4991 559 564
f 4991 2929 559
f 5403 559 2929
f 4741 559 3528
f 5403 3528 559
f 4580 559 4182
f 4741 4182 559
f 3641 560 561
f 560 4058 561
f 3641 566 560
f 566 4723 560
f 4058 560 3588
f 4182 3588 560
f 560 4723 4182
f 4058 6067 561
f 562 3683 563
f 4100 562 563
f 3041 565 562
f 3683 562 565
f 2929 562 2872
f 4100 2872 562
f 3041 562 2929
f 4100 563 2589
f 3996 826 825
f 4920 825 826
f 3840 825 3684
f 825 5958 3684
f 3840 3996 825
f 4920 4116 825
f 4116 5958 825
f 830 828 3265
f 5411 828 830
f 3264 3265 828
f 3379 830 3265
f 4254 830 3379
f 4254 4209 830
f 4209 5411 830
f 870 2537 2166
f 2166 3342 870
f 1839 872 1838
f 1839 3471 872
f 3471 3541 872
f 2621 887 1141
f 887 5839 1141
f 2622 887 2621
f 3391 922 1144
f 4142 1144 922
f 2112 922 3391
f 2108 1270 929
f 1270 5877 929
f 5047 2108 929
f 2522 5047 929
f 5877 2522 929
f 4115 1032 1031
f 4740 1031 1032
f 3263 1031 3236
f 1031 4740 3236
f 3995 1031 3263
f 4116 1031 3995
f 4116 4115 1031
f 3839 1033 1034
f 1033 6068 1034
f 1033 3878 3351
f 6068 1033 3351
f 3840 1033 3839
f 3840 3986 1033
f 3986 3878 1033
f 1036 4208 1035
f 4404 1036 1035
f 4208 4209 1035
f 4209 5488 1035
f 4405 4404 1035
f 5503 4405 1035
f 5488 5503 1035
f 3984 1037 1038
f 4395 1038 1037
f 4395 1037 3265
f 1037 5161 3265
f 3985 1037 3984
f 3985 5589 1037
f 5589 5161 1037
f 2751 1106 2130
f 2751 2537 1106
f 1895 1893 1107
f 1107 3471 1895
f 1107 3541 3471
f 1942 1642 1108
f 3342 1942 1108
f 2831 1838 1109
f 1109 3470 2831
f 1895 1119 1321
f 1119 3658 1321
f 1119 1584 1662
f 1895 1584 1119
f 3663 1119 1662
f 1119 3918 3658
f 3918 1119 3663
f 2589 1141 1498
f 1141 5839 1498
f 2403 1141 1831
f 1141 2589 1831
f 2403 1832 1141
f 2621 1141 1832
f 3391 1144 1500
f 6067 1500 1144
f 4142 1756 1144
f 4787 1144 1756
f 4787 4419 1144
f 4419 6067 1144
f 2152 1797 1146
f 1797 5813 1146
f 3568 2152 1146
f 3568 1146 2159
f 1146 5988 2159
f 5813 5988 1146
f 1746 1163 1724
f 1724 1163 2123
f 1781 1163 1746
f 2434 1163 1781
f 2434 2123 1163
f 2905 1756 1198
f 1756 4142 1198
f 3139 2905 1198
f 1198 4598 3139
f 4142 4598 1198
f 1829 1256 1598
f 1256 5047 1598
f 1256 1829 1600
f 2585 1256 1600
f 2585 1839 1256
f 2831 1256 1839
f 2831 2108 1256
f 2108 5047 1256
f 1797 5877 1270
f 2397 1270 2108
f 3658 2764 1321
f 1357 2177 1693
f 1693 5608 1357
f 1357 5276 2177
f 1361 4059 2436
f 2436 4670 1361
f 1361 4691 4059
f 2340 1498 1478
f 1498 5839 1478
f 2112 1478 1745
f 1478 5839 1745
f 3367 1478 2112
f 2340 1478 5018
f 3367 5018 1478
f 1498 2340 2872
f 4100 2589 1498
f 4100 1498 2872
f 3391 1500 3367
f 3588 3367 1500
f 4058 3588 1500
f 1500 6067 4058
f 3139 1507 2025
f 2025 1507 3658
f 3505 2764 1507
f 3658 1507 2764
f 3139 4598 1507
f 1584 2585 1662
f 1895 3471 1584
f 3471 2585 1584
f 1829 1598 1597
f 1598 3513 1597
f 1693 2177 1597
f 3513 1598 3297
f 1598 5047 3297
f 2247 1600 1599
f 2436 4059 1599
f 2247 1662 1600
f 1662 2585 1600
f 1942 1644 1642
f 1942 1724 1644
f 4495 1662 2247
f 4495 3663 1662
f 2123 1745 1724
f 1942 1746 1724
f 2166 1781 1746
f 2166 1746 1942
f 2905 3260 1756
f 3260 4203 1756
f 4787 1756 4203
f 2434 1781 2133
f 2751 2133 1781
f 2166 2537 1781
f 2537 2751 1781
f 2152 5877 1797
f 2621 1832 1809
f 3532 1809 1832
f 3532 2159 1809
f 2159 5988 1809
f 2622 2621 1809
f 5988 2622 1809
f 2403 6074 1832
f 3878 3532 1832
f 1832 6074 3878
f 2831 1839 1838
f 2585 3471 1839
f 1942 3342 2166
f 3463 3139 2025
f 2025 5488 3463
f 3918 3521 2025
f 3521 5488 2025
f 3658 3918 2025
f 3568 2104 2152
f 2104 5877 2152
f 3500 3193 2104
f 3193 5877 2104
f 3500 2104 3263
f 3568 3263 2104
f 2831 2397 2108
f 3367 2112 3391
f 2751 2130 2133
f 3684 2159 3532
f 3585 3568 2159
f 3684 3585 2159
f 5564 5466 2302
f 2929 2872 2340
f 2929 2340 5403
f 5018 3528 2340
f 3528 5403 2340
f 3470 2397 2831
f 3297 2522 2990
f 2522 5877 3193
f 3297 5047 2522
f 5988 5813 2622
f 3463 2905 3139
f 2905 5161 3260
f 4254 3379 2905
f 5161 2905 3379
f 4254 2905 3463
f 3041 2929 2928
f 2929 4991 2928
f 3513 3297 2990
f 3811 2990 3693
f 3236 4740 3237
f 3237 5808 3236
f 3500 3263 3236
f 4203 3260 5589
f 5589 3260 5161
f 3568 3995 3263
f 4395 3265 3264
f 5161 3379 3265
f 5480 3350 3351
f 3350 6068 3351
f 3878 6074 3351
f 3588 3528 3367
f 5018 3367 3528
f 4254 3463 4209
f 3463 5488 4209
f 3918 3911 3521
f 5437 3521 3911
f 5437 5503 3521
f 5503 5488 3521
f 4741 3528 3588
f 3986 3684 3532
f 3986 3532 3878
f 3568 3585 3995
f 3811 3693 3575
f 3684 5958 3585
f 4116 3995 3585
f 3585 5958 4116
f 4182 4741 3588
f 3918 3663 3911
f 3986 3840 3684
f 3996 3840 3839
f 5205 4203 3985
f 4203 5589 3985
f 4116 4920 4115
f 4580 4182 4181
f 4723 4181 4182
f 4203 5205 4787
f 4208 5411 4209
f 5238 4404 4405
f 5503 5437 4405
f 4787 5205 4419
f 5564 4569 5466
g ring_pad
f 5609 72 4269
f 5810 4269 72
f 5298 5243 72
f 5810 72 5243
f 5298 72 5290
f 5609 5290 72
f 5525 73 5129
f 5566 5129 73
f 5525 5210 73
f 5210 5679 73
f 5566 73 5438
f 5679 5438 73
f 5124 74 4532
f 74 5533 4532
f 5124 4796 74
f 4796 5462 74
f 5462 5533 74
f 5125 3522 75
f 3522 5757 75
f 5125 75 5100
f 5638 5100 75
f 5757 5638 75
f 4569 5048 260
f 5048 4594 260
f 4594 5238 260
f 4403 3641 262
f 4435 262 3984
f 4403 262 4355
f 262 4435 4355
f 5272 3575 266
f 5272 266 5209
f 266 5808 5209
f 3683 5828 267
f 5480 267 5143
f 267 5828 5143
f 5007 4670 546
f 5007 546 5276
f 556 4691 4213
f 4958 556 4213
f 4958 4569 556
f 4103 558 3575
f 5608 558 4103
f 564 4580 4581
f 4581 5385 564
f 564 5385 4991
f 3041 6039 565
f 3742 565 3042
f 565 6039 3042
f 3742 3683 565
f 5428 566 3641
f 5300 4723 566
f 566 5428 5300
f 4481 826 3996
f 4920 826 4481
f 5164 3787 827
f 3787 5330 827
f 5301 4572 827
f 5360 827 4572
f 5360 5164 827
f 5648 5301 827
f 5648 827 5330
f 4557 3264 828
f 828 5940 4557
f 5411 5940 828
f 4546 5544 829
f 829 5960 4546
f 829 5544 5030
f 5030 5681 829
f 829 5681 5265
f 5265 5960 829
f 4353 1032 4115
f 4353 4651 1032
f 4740 1032 4651
f 3884 3839 1034
f 5294 3884 1034
f 1034 6068 5294
f 4973 4208 1036
f 5085 1036 4404
f 4973 1036 4541
f 4541 1036 5085
f 4273 3984 1038
f 4273 1038 4232
f 4395 4232 1038
f 1357 5668 5276
f 1357 5608 5668
f 4490 1358 3404
f 1358 4803 3404
f 1358 4676 3537
f 3537 4803 1358
f 4490 4193 1358
f 4193 5399 1358
f 4676 1358 4352
f 1358 5399 4352
f 5441 1359 4535
f 1359 5603 4535
f 5155 5603 1359
f 1359 5768 5155
f 5441 5711 1359
f 5711 5768 1359
f 1360 5281 4193
f 4193 5959 1360
f 1360 4968 4289
f 5281 1360 4289
f 4968 1360 4337
f 1360 5358 4337
f 5959 5358 1360
f 4670 4716 1361
f 4716 4691 1361
f 5338 3404 1362
f 3404 5398 1362
f 5338 1362 4186
f 5400 4186 1362
f 5398 5347 1362
f 5347 5886 1362
f 1362 5886 5400
f 5169 1363 4186
f 5434 4186 1363
f 5782 1363 5169
f 5291 1363 5183
f 1363 5782 5183
f 5434 1363 5291
f 4533 1474 4291
f 1474 4938 4291
f 4902 1474 4533
f 4902 5131 1474
f 4940 4938 1474
f 5131 4940 1474
f 4345 1938 3881
f 4577 3881 1938
f 4345 5318 1938
f 1938 5318 4475
f 4475 5848 1938
f 1938 5409 4577
f 5848 5409 1938
f 5284 2240 4257
f 5586 4257 2240
f 4780 2240 4532
f 2240 5284 4532
f 5050 2240 4780
f 5586 2240 5050
f 4053 4676 2306
f 5397 4053 2306
f 4676 5536 2306
f 5230 4938 2306
f 5397 2306 4938
f 5155 5230 2306
f 5536 5155 2306
f 2375 5133 3881
f 3881 5179 2375
f 5743 2375 4796
f 2375 5924 4796
f 5001 2375 4932
f 2375 5179 4932
f 5001 5924 2375
f 5743 5133 2375
f 4932 4291 2430
f 4938 2430 4291
f 5001 4932 2430
f 5230 2430 4938
f 5194 5001 2430
f 5230 5194 2430
f 4881 3834 2549
f 3834 5512 2549
f 5672 4881 2549
f 5512 5641 2549
f 5641 5672 2549
f 5365 2634 4686
f 5516 4686 2634
f 5242 2634 5178
f 5365 5178 2634
f 5410 2634 5242
f 5410 5516 2634
f 4277 2714 3336
f 5059 3336 2714
f 4819 3713 2714
f 5059 2714 3713
f 4947 2714 4277
f 5475 2714 4318
f 2714 6015 4318
f 2714 5475 4819
f 4947 6015 2714
f 4775 4613 2795
f 5289 2795 4613
f 5295 4775 2795
f 5289 5509 2795
f 5570 5295 2795
f 5570 2795 5509
f 4940 2810 4053
f 5097 4053 2810
f 4775 2810 4613
f 5131 4613 2810
f 5097 2810 4775
f 5131 2810 4940
f 4535 4289 2891
f 5222 2891 4289
f 5441 4535 2891
f 5149 4780 2891
f 5441 2891 4780
f 5222 5149 2891
f 4839 2920 4257
f 5284 4257 2920
f 4345 2920 4839
f 4345 5538 2920
f 5133 5124 2920
f 5284 2920 5124
f 2920 5538 5133
f 2928 6039 3041
f 5453 2928 4991
f 5453 6039 2928
f 3903 3042 2930
f 3042 5296 2930
f 2930 4794 3903
f 4821 4794 2930
f 4964 4821 2930
f 5296 4964 2930
f 5097 4775 2938
f 4775 5295 2938
f 5097 2938 4803
f 2938 5398 4803
f 5295 5683 2938
f 5398 2938 5347
f 5683 5347 2938
f 4438 2954 3522
f 2954 4633 3522
f 4473 2954 3698
f 2954 4799 3698
f 4438 4799 2954
f 4473 4633 2954
f 4587 4129 2965
f 5108 2965 4129
f 5261 4587 2965
f 5108 5547 2965
f 5547 5261 2965
f 3021 5402 4247
f 4247 5407 3021
f 4692 5402 3021
f 3021 5421 4692
f 5003 4713 3021
f 4713 5421 3021
f 5407 5003 3021
f 3903 3742 3042
f 3042 6039 5296
f 3116 5658 4786
f 4786 6042 3116
f 5594 3116 5391
f 3116 6042 5391
f 5415 5658 3116
f 3116 5837 5415
f 5594 5425 3116
f 5425 5837 3116
f 5513 3192 4269
f 3192 5689 4269
f 5513 5316 3192
f 5693 3192 5316
f 5704 5689 3192
f 5693 5704 3192
f 4509 3209 4135
f 3209 5698 4135
f 4509 4332 3209
f 4332 5634 3209
f 3209 5634 5225
f 5225 5698 3209
f 4740 4323 3237
f 4323 5808 3237
f 5086 5023 3245
f 5023 5494 3245
f 5081 5419 3245
f 3245 5494 5081
f 5415 5086 3245
f 5419 5415 3245
f 4395 3264 4232
f 3264 4904 4232
f 4557 4904 3264
f 5872 4396 3266
f 4396 5879 3266
f 5879 5106 3266
f 5106 5934 3266
f 5647 3266 5438
f 3266 5934 5438
f 5872 3266 5647
f 5505 5313 3267
f 5519 3267 5313
f 5505 3267 5376
f 5664 5376 3267
f 5578 5483 3267
f 5483 5664 3267
f 5578 3267 5519
f 5219 3270 5187
f 5342 5187 3270
f 3270 5219 5373
f 5550 5342 3270
f 5373 5550 3270
f 5294 3302 3884
f 5634 3884 3302
f 4782 4799 3302
f 5294 4782 3302
f 4799 5620 3302
f 3302 5620 5225
f 5225 5634 3302
f 4277 3336 4135
f 5301 4135 3336
f 5301 3336 5059
f 5294 3350 4782
f 5480 4782 3350
f 5294 6068 3350
f 5338 4186 3381
f 5434 3381 4186
f 5338 3381 4490
f 5959 4490 3381
f 5358 3381 5434
f 5358 5959 3381
f 3404 5338 4490
f 4803 5398 3404
f 5222 3408 4103
f 3408 5668 4103
f 4968 3408 4289
f 3408 5222 4289
f 4968 5668 3408
f 3433 5222 4103
f 3433 4103 5272
f 5050 5149 3433
f 3433 6047 5050
f 5149 5222 3433
f 5272 6047 3433
f 4947 4277 3512
f 4277 5698 3512
f 5620 4438 3512
f 4438 6015 3512
f 3512 6015 4947
f 5225 5620 3512
f 3512 5698 5225
f 3522 5125 4438
f 4633 5757 3522
f 3537 4676 4053
f 4053 5097 3537
f 5097 4803 3537
f 5079 3539 4724
f 3539 5378 4724
f 5152 3539 5079
f 5152 5709 3539
f 3539 6021 5378
f 3539 5709 5588
f 5588 6021 3539
f 4964 3831 3564
f 3831 5385 3564
f 3564 5385 4581
f 4581 6021 3564
f 5278 4964 3564
f 3564 6021 5278
f 4103 3575 5272
f 3628 4633 3903
f 3903 4794 3628
f 3628 5757 4633
f 4794 5516 3628
f 5516 5757 3628
f 4403 5428 3641
f 5240 4355 3642
f 4355 5640 3642
f 5319 5240 3642
f 5697 5319 3642
f 5640 5416 3642
f 5416 5779 3642
f 5684 5697 3642
f 5779 5684 3642
f 4403 5240 3643
f 3643 5428 4403
f 5300 3643 5079
f 3643 5319 5079
f 5240 5319 3643
f 5300 5428 3643
f 3742 5828 3683
f 4473 3698 3742
f 5828 3742 3698
f 4782 3698 4799
f 5143 3698 4782
f 5828 3698 5143
f 4587 3713 4129
f 5510 4129 3713
f 4587 5059 3713
f 4819 5510 3713
f 5007 4337 3721
f 5358 3721 4337
f 4716 5007 3721
f 3721 5291 4716
f 5434 5291 3721
f 5358 5434 3721
f 5442 5243 3739
f 5243 5540 3739
f 5515 5442 3739
f 3739 6040 5515
f 5540 6040 3739
f 5540 3741 5204
f 3741 5570 5204
f 5570 3741 5295
f 5683 5295 3741
f 5631 3741 5540
f 5683 3741 5631
f 4473 3742 3903
f 5544 4546 3752
f 4546 5664 3752
f 4692 5421 3752
f 3752 6013 4692
f 5421 5544 3752
f 5664 6013 3752
f 5030 4713 3762
f 4713 6040 3762
f 5204 5029 3762
f 3762 5029 5681
f 5030 3762 5681
f 3762 6040 5204
f 5514 5129 3763
f 5129 5951 3763
f 5473 3763 5329
f 3763 5508 5329
f 5473 5514 3763
f 3763 5951 5508
f 5164 4932 3787
f 5179 3787 4932
f 5179 5304 3787
f 5304 5330 3787
f 3800 5003 5366
f 3800 5472 5003
f 5366 5581 3800
f 5472 3800 5442
f 5496 5442 3800
f 3800 5581 5496
f 5159 3805 4913
f 5329 4913 3805
f 5641 3805 5159
f 5444 5329 3805
f 5641 5444 3805
f 4964 5296 3831
f 5296 6039 3831
f 5453 5385 3831
f 5453 3831 6039
f 5178 3834 4881
f 5365 3834 5178
f 5435 3834 5365
f 5512 3834 5435
f 5244 5107 3835
f 5107 5942 3835
f 5244 3835 5178
f 3835 5737 5178
f 5942 5737 3835
f 5055 3839 3884
f 3839 5055 3996
f 3881 5538 4345
f 5304 3881 4577
f 5133 5538 3881
f 5304 5179 3881
f 4332 5055 3884
f 3884 5634 4332
f 3903 4633 4473
f 4904 4557 3962
f 5402 3962 4557
f 3962 5402 4692
f 4692 6013 3962
f 5483 4904 3962
f 6013 5483 3962
f 5086 3964 5023
f 3964 5879 5023
f 5086 5837 3964
f 5425 5106 3964
f 5106 5879 3964
f 3964 5837 5425
f 4435 3984 4273
f 3996 5055 4481
f 4332 4509 3997
f 3997 5055 4332
f 4481 3997 4475
f 3997 5848 4475
f 4481 5055 3997
f 4509 5848 3997
f 4053 5397 4940
f 4247 4541 4079
f 4079 5407 4247
f 5085 4079 4541
f 5085 4667 4079
f 5366 4079 4667
f 5407 4079 5366
f 4323 4095 4257
f 4095 4839 4257
f 4651 4095 4323
f 4651 4353 4095
f 4353 5318 4095
f 4095 5855 4839
f 5318 5855 4095
f 5668 5608 4103
f 4115 4649 4353
f 4920 4649 4115
f 4129 5942 5108
f 5510 5737 4129
f 5737 5942 4129
f 4135 5698 4277
f 5541 4509 4135
f 5648 4135 5301
f 5648 5541 4135
f 4181 5659 4580
f 4724 4181 4723
f 4724 5659 4181
f 5400 5169 4186
f 4490 5959 4193
f 5281 5399 4193
f 4973 5940 4208
f 5940 5411 4208
f 4716 4213 4691
f 5291 4213 4716
f 5229 4958 4213
f 5229 4213 5183
f 5291 5183 4213
f 5229 4214 5048
f 4214 5704 5048
f 5229 5183 4214
f 5183 5782 4214
f 5689 5704 4214
f 5782 5689 4214
f 4232 5519 4273
f 4904 5578 4232
f 5519 4232 5578
f 4902 4533 4245
f 4533 5937 4245
f 5342 4902 4245
f 5342 4245 5187
f 5547 5187 4245
f 5937 5547 4245
f 4973 4541 4247
f 4247 5940 4973
f 5402 5940 4247
f 4257 5348 4323
f 5586 5348 4257
f 4435 4273 4265
f 4273 5519 4265
f 4265 5640 4435
f 5416 4265 5313
f 5519 5313 4265
f 5640 4265 5416
f 5513 4269 5496
f 5810 5496 4269
f 5689 5609 4269
f 4932 4274 4291
f 4291 4274 5708
f 4274 4932 5164
f 5164 5360 4274
f 5360 5261 4274
f 5708 4274 5261
f 4535 5281 4289
f 5708 4533 4291
f 5100 4923 4318
f 4923 5475 4318
f 5125 5100 4318
f 4318 6015 5125
f 4740 4651 4323
f 5348 5808 4323
f 4968 4337 4324
f 5007 4324 4337
f 4324 5668 4968
f 5276 4324 5007
f 5276 5668 4324
f 5855 4345 4839
f 5855 5318 4345
f 4352 5536 4676
f 5603 4352 5399
f 5603 5536 4352
f 4649 4475 4353
f 4475 5318 4353
f 4355 5240 4403
f 4435 5640 4355
f 5475 4383 4819
f 4383 5510 4819
f 4923 4884 4383
f 5410 4383 4884
f 5475 4923 4383
f 5410 5242 4383
f 5737 4383 5242
f 5737 5510 4383
f 5376 4546 4396
f 4546 5960 4396
f 5023 5879 4396
f 4396 5960 5023
f 5872 5376 4396
f 4995 5152 4397
f 4397 5514 4995
f 5319 4397 5152
f 5319 5697 4397
f 5525 5514 4397
f 5697 5525 4397
f 4404 4667 5085
f 5238 4667 4404
f 5620 4799 4438
f 6015 4438 5125
f 4649 4481 4475
f 4920 4481 4649
f 5541 5409 4509
f 5409 5848 4509
f 5107 4811 4511
f 5219 4511 4811
f 5108 5107 4511
f 4511 5187 5108
f 5219 5187 4511
f 5533 4780 4532
f 5284 5124 4532
f 5708 5937 4533
f 5399 5281 4535
f 5603 5399 4535
f 4964 4538 4821
f 5435 4821 4538
f 4964 5278 4538
f 5512 4538 5278
f 5512 5435 4538
f 5376 5664 4546
f 4557 5940 5402
f 5048 4569 4958
f 5059 4587 4572
f 5261 4572 4587
f 5301 5059 4572
f 5360 4572 5261
f 5330 5304 4577
f 4577 5648 5330
f 5541 4577 5409
f 5648 4577 5541
f 4581 4580 5659
f 4581 5659 5378
f 5378 6021 4581
f 5238 4594 4667
f 4594 5693 4667
f 5048 5704 4594
f 5704 5693 4594
f 5131 4601 4613
f 4601 5321 4613
f 4601 5131 4902
f 4902 5550 4601
f 5550 5321 4601
f 5321 5289 4613
f 5562 4811 4615
f 5673 4615 4811
f 5159 5391 4615
f 4615 5530 5159
f 5391 6042 4615
f 5673 5530 4615
f 4615 6042 5562
f 5366 4667 5316
f 4667 5693 5316
f 5007 4716 4670
f 4821 4686 4794
f 4686 5516 4794
f 5435 4686 4821
f 5435 5365 4686
f 5003 5472 4713
f 5421 4713 5030
f 5515 4713 5472
f 5515 6040 4713
f 5300 4724 4723
f 5300 5079 4724
f 5378 5659 4724
f 5149 5050 4780
f 5533 5441 4780
f 5480 5143 4782
f 5533 4785 5441
f 5711 5441 4785
f 5462 5452 4785
f 5452 5768 4785
f 5533 5462 4785
f 5768 5711 4785
f 5373 5219 4786
f 5219 5562 4786
f 5658 5373 4786
f 5562 6042 4786
f 5124 5743 4796
f 5452 5462 4796
f 4796 5924 5452
f 5244 4811 5107
f 4811 5562 5219
f 5244 5673 4811
f 5416 5313 4843
f 5505 4843 5313
f 4843 5779 5416
f 5647 4843 5505
f 5679 4843 5647
f 5779 4843 5679
f 4844 5230 5155
f 5155 5768 4844
f 5230 4844 5194
f 5459 5194 4844
f 4844 5768 5459
f 5244 5178 4881
f 4881 5673 5244
f 5672 5530 4881
f 5673 4881 5530
f 5638 4884 4923
f 5516 5410 4884
f 4884 5757 5516
f 5638 5757 4884
f 5425 4901 5106
f 5566 5106 4901
f 5594 4901 5425
f 5793 5508 4901
f 5951 4901 5508
f 4901 5951 5566
f 5594 5793 4901
f 5342 5550 4902
f 5483 5578 4904
f 4913 5391 5159
f 5508 4913 5329
f 4913 5793 5391
f 5508 5793 4913
f 5638 4923 5100
f 4940 5397 4938
f 5229 5048 4958
f 5512 5278 4966
f 5588 4966 5278
f 5641 4966 5444
f 4966 5709 5444
f 5641 5512 4966
f 5709 4966 5588
f 5453 4991 5385
f 4995 5709 5152
f 5473 5444 4995
f 5444 5709 4995
f 5514 5473 4995
f 5459 5001 5194
f 5459 5924 5001
f 5407 5366 5003
f 5265 5494 5023
f 5023 5960 5265
f 5204 5081 5029
f 5494 5029 5081
f 5494 5265 5029
f 5265 5681 5029
f 5421 5030 5544
f 5050 6047 5586
f 5400 5078 5169
f 5782 5169 5078
f 5400 5609 5078
f 5609 5689 5078
f 5782 5078 5689
f 5319 5152 5079
f 5570 5081 5204
f 5509 5419 5081
f 5570 5509 5081
f 5415 5837 5086
f 5321 5101 5289
f 5101 5419 5289
f 5321 5550 5101
f 5419 5101 5415
f 5101 5658 5415
f 5550 5658 5101
f 5566 5934 5106
f 5108 5942 5107
f 5187 5547 5108
f 5133 5743 5124
f 5525 5129 5514
f 5566 5951 5129
f 5603 5155 5536
f 5672 5159 5530
f 5159 5672 5641
f 5178 5737 5242
f 5204 6040 5540
f 5209 6047 5272
f 5586 5209 5348
f 5808 5348 5209
f 5586 6047 5209
f 5697 5210 5525
f 5210 5779 5679
f 5697 5684 5210
f 5684 5779 5210
f 5631 5243 5298
f 5810 5243 5442
f 5631 5540 5243
f 5547 5937 5261
f 5261 5937 5708
f 5278 6021 5588
f 5419 5509 5289
f 5290 5886 5298
f 5609 5400 5290
f 5400 5886 5290
f 5631 5298 5347
f 5298 5886 5347
f 5316 5581 5366
f 5581 5316 5513
f 5473 5329 5444
f 5683 5631 5347
f 5658 5550 5373
f 5872 5505 5376
f 5793 5594 5391
f 5438 5934 5566
f 5679 5647 5438
f 5515 5472 5442
f 5496 5810 5442
f 5459 5768 5452
f 5459 5452 5924
f 6013 5664 5483
f 5581 5513 5496
f 5872 5647 5505
g little_flex0
f 2778 305 1986
f 3589 1986 305
f 3589 305 3320
f 4427 306 1986
f 306 5850 1986
f 4427 2752 306
f 309 332 308
f 542 308 332
f 2753 308 542
f 2753 5850 308
f 309 5829 332
f 5337 310 2316
f 310 5915 2316
f 2755 5915 310
f 5337 4981 310
f 2316 2305 311
f 5911 2316 311
f 2817 5911 311
f 313 312 334
f 541 334 312
f 3025 541 312
f 3025 312 2305
f 3782 313 334
f 3782 4093 313
f 2778 542 331
f 542 4765 331
f 4765 2360 331
f 3259 542 332
f 3259 332 1168
f 332 5829 1168
f 2311 1479 333
f 1479 2675 333
f 333 2675 6060
f 6103 2755 333
f 6103 333 6060
f 541 3026 334
f 3026 3782 334
f 3025 6103 541
f 541 6060 3026
f 6103 6060 541
f 2778 2753 542
f 3259 4765 542
f 1165 893 891
f 893 1168 891
f 1166 1165 891
f 1167 891 1168
f 2752 2588 892
f 2588 4406 892
f 4406 2817 892
f 1165 3385 893
f 893 2583 1168
f 3385 2583 893
f 1166 4093 1165
f 3026 3385 1165
f 3782 3026 1165
f 4093 3782 1165
f 1168 5829 1167
f 2583 3259 1168
f 2583 1479 2360
f 2675 1479 2583
f 2588 1480 2573
f 1480 6081 2573
f 3320 1480 2588
f 4981 6081 1480
f 2778 1986 2753
f 1986 5850 2753
f 3589 4427 1986
f 3025 2305 2316
f 5915 3025 2316
f 5911 5337 2316
f 2360 4765 2583
f 2573 4406 2588
f 4406 2573 2817
f 2573 5911 2817
f 5337 5911 2573
f 6081 5337 2573
f 3385 2675 2583
f 2583 4765 3259
f 2752 3589 2588
f 3589 3320 2588
f 3026 2675 3385
f 3026 6060 2675
f 4427 3589 2752
f 6103 5915 2755
f 5915 6103 3025
f 5337 6081 4981
g little_ph0
f 417 246 540
f 1706 246 417
f 246 1653 540
f 1653 246 1625
f 246 6056 1625
f 1706 6056 246
f 540 248 417
f 1804 417 248
f 540 6007 248
f 1680 248 931
f 248 6007 931
f 1804 248 1680
f 539 249 418
f 2474 418 249
f 1846 249 539
f 1846 930 249
f 2900 249 930
f 2900 2474 249
f 539 418 251
f 418 2401 251
f 1878 539 251
f 6065 1878 251
f 2401 6065 251
f 1626 535 306
f 535 5850 306
f 2832 1626 306
f 2832 306 2752
f 307 309 308
f 5850 307 308
f 1200 309 307
f 4886 307 535
f 307 5850 535
f 4886 1200 307
f 2440 309 1200
f 5829 309 2440
f 1273 311 530
f 2305 530 311
f 1949 311 1273
f 1949 2817 311
f 314 312 313
f 314 2305 312
f 1201 314 313
f 2776 1201 313
f 313 4093 2776
f 2305 314 530
f 314 3180 530
f 1201 3180 314
f 315 4842 537
f 537 5818 315
f 5818 3704 315
f 319 318 317
f 1203 317 318
f 4842 319 317
f 2854 537 317
f 537 4842 317
f 1203 2854 317
f 2151 1203 318
f 318 5636 2151
f 1879 527 323
f 2103 323 527
f 1877 5478 323
f 323 5478 1879
f 326 327 325
f 1202 325 327
f 1717 325 1202
f 1717 5817 325
f 326 2103 327
f 2103 527 327
f 527 5477 327
f 5477 1202 327
f 2486 1706 417
f 1804 2486 417
f 2401 418 2382
f 2474 2382 418
f 1879 2179 527
f 2179 5477 527
f 1274 529 528
f 529 2815 528
f 1914 528 531
f 528 3166 531
f 1914 1274 528
f 3166 528 2815
f 1677 529 1201
f 529 1970 1201
f 1970 529 1274
f 2815 529 1677
f 2120 1273 530
f 3180 2120 530
f 1717 531 1174
f 531 3166 1174
f 1717 1202 531
f 1202 5545 531
f 531 5545 1914
f 1804 1274 532
f 1914 532 1274
f 2486 1804 532
f 1914 6061 532
f 2401 2382 532
f 2486 532 2382
f 6061 2401 532
f 1833 533 534
f 533 4878 534
f 3166 533 536
f 533 5605 536
f 1833 5605 533
f 3166 4878 533
f 2440 534 1169
f 4878 1169 534
f 2440 1200 534
f 1200 6080 534
f 534 6080 1833
f 1626 3126 535
f 3126 4886 535
f 2126 536 1203
f 2225 1203 536
f 3166 536 2126
f 5605 2225 536
f 2854 1271 537
f 1271 5818 537
f 1833 538 1272
f 2474 1272 538
f 2486 538 1706
f 538 3584 1706
f 538 1833 3584
f 2474 538 2382
f 2486 2382 538
f 2899 1846 539
f 1878 2899 539
f 1653 6007 540
f 2418 1166 891
f 3634 891 1167
f 3634 2418 891
f 5439 2752 892
f 3784 892 2817
f 3784 5439 892
f 3077 1877 895
f 3825 895 2068
f 3825 3077 895
f 2429 1171 896
f 1981 896 1173
f 2429 896 1981
f 2900 930 1271
f 930 3308 1271
f 3308 930 1846
f 1680 931 1273
f 931 1949 1273
f 1949 931 1628
f 931 6007 1628
f 2776 1166 2418
f 2776 4093 1166
f 1167 2440 3634
f 5829 2440 1167
f 2418 1169 1677
f 2815 1677 1169
f 3634 1169 2418
f 3634 2440 1169
f 4878 2815 1169
f 2429 2151 1171
f 2151 5636 1171
f 1981 1173 1717
f 1173 5817 1717
f 1981 1717 1174
f 2126 1981 1174
f 1174 3166 2126
f 4886 6080 1200
f 1201 2776 1677
f 1970 3180 1201
f 1202 5477 5545
f 2151 2126 1203
f 2854 1203 2225
f 2854 2225 1271
f 2900 1271 2225
f 3308 5818 1271
f 1272 5605 1833
f 2900 2225 1272
f 5605 1272 2225
f 1272 2474 2900
f 2120 1680 1273
f 1804 1680 1274
f 1970 1274 1680
f 3584 1833 1435
f 1833 6080 1435
f 6056 1435 3126
f 1435 6080 3126
f 1435 6056 3584
f 1914 5545 1436
f 1436 6061 1914
f 1436 5545 2179
f 2179 6065 1436
f 6065 6061 1436
f 2832 1625 1626
f 1625 6056 1626
f 1653 1625 1627
f 2832 1627 1625
f 6056 3126 1626
f 1653 1627 1628
f 3784 1628 1627
f 5439 1627 2832
f 1627 5439 3784
f 6007 1653 1628
f 3784 1949 1628
f 2776 2418 1677
f 1680 2120 1970
f 3584 6056 1706
f 1846 2899 3077
f 3308 1846 3077
f 3077 2899 1877
f 2899 5478 1877
f 5478 1878 1879
f 1878 6065 1879
f 5478 2899 1878
f 1879 6065 2179
f 3784 2817 1949
f 2120 3180 1970
f 2126 2429 1981
f 3825 2068 3704
f 2429 2126 2151
f 5545 5477 2179
f 6065 2401 6061
f 5439 2832 2752
f 4878 3166 2815
f 3077 3825 3308
f 6080 4886 3126
f 5818 3308 3825
f 5818 3825 3704
g little_flex1
f 3704 2555 315
f 2555 4842 315
f 2671 2555 316
f 2555 2830 316
f 2830 2593 316
f 336 318 319
f 336 5636 318
f 526 336 319
f 319 3054 526
f 4842 3054 319
f 337 321 322
f 526 321 337
f 526 6027 321
f 321 6027 2671
f 3326 337 322
f 2099 1877 323
f 2099 323 1993
f 2103 1993 323
f 2518 1993 324
f 1993 3020 324
f 2518 324 2042
f 325 338 326
f 325 5803 338
f 5817 5803 325
f 525 326 338
f 2185 326 525
f 2185 2103 326
f 328 339 329
f 525 339 328
f 328 2185 525
f 3020 2185 328
f 339 5305 329
f 5305 5719 329
f 526 2819 336
f 2819 1170 336
f 1170 5636 336
f 4828 526 337
f 3326 1177 337
f 1177 4828 337
f 2995 525 338
f 5803 2995 338
f 525 1723 339
f 1723 5305 339
f 525 2995 1723
f 526 4828 2819
f 3054 6027 526
f 896 894 1173
f 2272 894 896
f 1172 1173 894
f 3231 1172 894
f 2272 2709 894
f 2709 3231 894
f 2087 895 1877
f 2105 2068 895
f 2105 895 2087
f 2272 896 1171
f 2087 2042 897
f 2105 2087 897
f 897 2593 2105
f 899 898 1178
f 899 5863 898
f 1177 1178 898
f 2713 1177 898
f 5863 2713 898
f 1176 5863 899
f 1170 2272 1171
f 1171 5636 1170
f 2191 2272 1170
f 2819 2191 1170
f 5817 1173 1172
f 3231 2995 1172
f 2995 5803 1172
f 5803 5817 1172
f 1176 5719 1175
f 5863 1176 1175
f 5305 1723 1175
f 1723 5863 1175
f 5719 5305 1175
f 3326 1178 1177
f 2713 2191 1177
f 2191 4828 1177
f 1723 2995 1630
f 1630 5863 1723
f 2709 2713 1630
f 3231 2709 1630
f 2713 5863 1630
f 2995 3231 1630
f 2099 2087 1877
f 1993 2518 2099
f 2185 1993 2103
f 2185 3020 1993
f 2087 2518 2042
f 2105 2830 2068
f 2830 3704 2068
f 2099 2518 2087
f 2830 2105 2593
f 2191 2709 2272
f 2713 2709 2191
f 2819 4828 2191
f 2671 6027 2555
f 3704 2830 2555
f 3054 4842 2555
f 6027 3054 2555
g little_ph1
f 524 419 250
f 1228 250 419
f 2515 524 250
f 1228 6083 250
f 2515 250 2356
f 250 6083 2356
f 524 252 419
f 1227 419 252
f 524 1963 252
f 1963 932 252
f 932 5947 252
f 5947 1227 252
f 4266 933 269
f 933 4299 269
f 3886 269 1228
f 4299 1228 269
f 4266 269 3886
f 1227 2523 272
f 2539 1227 272
f 2523 2145 272
f 2145 3448 272
f 3448 2539 272
f 2357 520 316
f 520 2671 316
f 3605 2357 316
f 2593 3605 316
f 321 320 322
f 321 2671 320
f 320 5044 322
f 2671 520 320
f 520 5044 320
f 3326 322 2438
f 322 5044 2438
f 1275 324 516
f 3020 516 324
f 1275 4114 324
f 4114 2042 324
f 329 330 328
f 330 3020 328
f 515 330 329
f 2096 515 329
f 5719 2096 329
f 515 6096 330
f 3020 330 516
f 330 6096 516
f 1277 376 522
f 2833 522 376
f 3389 376 1277
f 3389 2180 376
f 379 378 380
f 379 3123 378
f 378 2833 380
f 522 378 521
f 378 3123 521
f 522 2833 378
f 3123 379 3122
f 2146 513 384
f 513 5765 384
f 3420 2146 384
f 3420 384 2160
f 387 388 386
f 517 386 388
f 2215 386 517
f 2441 386 2215
f 387 5765 388
f 2463 388 513
f 388 5765 513
f 2463 517 388
f 419 1227 3080
f 419 3080 1228
f 2539 523 420
f 3886 420 523
f 420 1227 2539
f 420 3080 1227
f 3080 420 1228
f 3886 1228 420
f 2146 4528 513
f 4528 2463 513
f 1960 514 515
f 2095 515 514
f 2149 514 517
f 514 2575 517
f 2095 514 1276
f 2149 1276 514
f 1960 3261 514
f 514 3261 2575
f 2096 1960 515
f 2095 6096 515
f 3392 1275 516
f 516 6096 3392
f 2463 2149 517
f 2575 2215 517
f 2438 519 518
f 519 5943 518
f 2547 521 518
f 521 3405 518
f 2438 518 1179
f 3405 1179 518
f 518 5943 2547
f 2438 5044 519
f 519 5044 2618
f 2618 5943 519
f 2357 3705 520
f 3705 2618 520
f 2618 5044 520
f 2789 522 521
f 2547 2789 521
f 3123 3405 521
f 2789 1277 522
f 3448 2243 523
f 3886 523 2243
f 3448 523 2539
f 2515 1963 524
f 3091 897 2042
f 3314 2593 897
f 3314 897 3091
f 899 3328 1176
f 2548 899 1178
f 2548 2037 899
f 3328 899 2037
f 901 5663 2160
f 2861 901 2180
f 2861 5663 901
f 3524 1181 902
f 2457 902 1183
f 3524 902 2457
f 3160 1275 932
f 1275 5947 932
f 3160 932 1963
f 3389 1277 933
f 4299 933 1277
f 3389 933 2148
f 4266 2148 933
f 3328 2096 1176
f 2096 5719 1176
f 3326 2548 1178
f 1960 2037 1179
f 3261 1960 1179
f 2037 2438 1179
f 3405 3261 1179
f 3123 3122 1181
f 3524 3123 1181
f 2441 2215 1183
f 2457 1183 2215
f 2457 2215 1184
f 2575 1184 2215
f 1184 3524 2457
f 3261 1184 2575
f 3405 1184 3261
f 3405 3524 1184
f 2523 1227 1276
f 1227 5947 1276
f 4299 1278 1228
f 1278 6083 1228
f 3160 4114 1275
f 3392 5947 1275
f 5947 2095 1276
f 2523 1276 2149
f 2789 4299 1277
f 2547 2230 1278
f 2230 6083 1278
f 2789 2547 1278
f 4299 2789 1278
f 1960 3328 2037
f 3328 1960 2096
f 1963 2515 2649
f 3314 1963 2649
f 3091 3160 1963
f 3314 3091 1963
f 2548 2438 2037
f 2042 4114 3091
f 5947 3392 2095
f 3392 6096 2095
f 3420 2145 2146
f 2145 4528 2146
f 3420 2147 2145
f 3448 2145 2147
f 2523 2149 2145
f 2149 4528 2145
f 2243 2147 2148
f 2147 2861 2148
f 3448 2147 2243
f 5663 2861 2147
f 3420 5663 2147
f 4266 2243 2148
f 3389 2148 2861
f 4528 2149 2463
f 2160 5663 3420
f 3389 2861 2180
f 2547 5943 2230
f 2618 3705 2230
f 5943 2618 2230
f 3705 6083 2230
f 4266 3886 2243
f 2649 2356 2357
f 2356 3705 2357
f 2356 2649 2515
f 2356 6083 3705
f 3605 2649 2357
f 3326 2438 2548
f 2593 3314 3605
f 3605 3314 2649
f 4114 3160 3091
f 3524 3405 3123
g little_flex2
f 2662 1780 376
f 1780 2833 376
f 2662 376 2180
f 1984 377 1780
f 3068 1780 377
f 394 379 380
f 394 3122 379
f 512 394 380
f 2033 512 380
f 2833 2033 380
f 395 382 383
f 512 382 395
f 2033 382 512
f 3068 382 2033
f 4408 395 383
f 5772 2160 384
f 5765 5772 384
f 2661 385 2110
f 385 5523 2110
f 2368 5523 385
f 396 387 386
f 2441 396 386
f 396 5867 387
f 387 2682 5765
f 387 5867 2682
f 390 389 397
f 511 397 389
f 389 2801 511
f 2661 2801 389
f 3851 390 397
f 512 2816 394
f 2816 1180 394
f 1180 3122 394
f 3666 512 395
f 3666 395 1186
f 395 4408 1186
f 2441 1182 396
f 1182 5849 396
f 5849 5867 396
f 511 2138 397
f 2138 1188 397
f 1188 3851 397
f 5849 2138 511
f 2801 2682 511
f 2682 5867 511
f 5867 5849 511
f 3666 2816 512
f 902 1181 900
f 902 900 1183
f 1181 1180 900
f 1180 4942 900
f 1182 1183 900
f 4942 1182 900
f 2180 901 2115
f 901 3830 2115
f 3830 901 2160
f 1186 903 905
f 1188 905 903
f 1185 903 1186
f 1189 1188 903
f 2115 904 1984
f 2115 3680 904
f 904 3680 2368
f 4171 1186 905
f 1188 4171 905
f 1181 3122 1180
f 2816 1753 1180
f 1753 4942 1180
f 2441 1183 1182
f 4942 2111 1182
f 2111 5849 1182
f 1186 4408 1185
f 1186 1753 3666
f 4171 1753 1186
f 1189 3851 1188
f 2138 2111 1188
f 2111 4171 1188
f 3666 1753 2816
f 4171 4942 1753
f 2662 1984 1780
f 2033 2833 1780
f 3068 2033 1780
f 2662 2115 1984
f 2419 2110 5523
f 2419 5772 2110
f 2801 2661 2110
f 2801 2110 2682
f 2110 5772 2682
f 5849 2111 2138
f 2111 4942 4171
f 2662 2180 2115
f 3830 3680 2115
f 2419 3830 2160
f 2160 5772 2419
f 2368 3680 2419
f 5523 2368 2419
f 3680 3830 2419
f 5772 5765 2682
g little_ph2
f 498 270 271
f 2960 271 270
f 2961 270 498
f 2961 1880 270
f 3373 270 1880
f 3373 2960 270
f 498 271 3032
f 2960 2864 271
f 3031 3032 271
f 493 274 273
f 3176 273 274
f 3017 493 273
f 2739 2734 273
f 2734 3017 273
f 3176 2739 273
f 274 493 3607
f 274 5607 3176
f 3593 5607 274
f 3606 274 3607
f 499 275 276
f 275 3573 276
f 499 3578 275
f 275 5274 3573
f 3577 275 3578
f 1788 499 276
f 3573 1788 276
f 494 278 277
f 3440 277 278
f 494 277 2005
f 2004 2005 277
f 3440 4763 277
f 1696 278 494
f 3440 278 1696
f 1322 497 377
f 497 3068 377
f 1991 1322 377
f 1991 377 1984
f 382 381 383
f 382 3068 381
f 496 383 381
f 1845 496 381
f 1845 381 497
f 381 3068 497
f 1641 383 496
f 4408 383 1641
f 1279 385 491
f 385 2661 491
f 2600 385 1279
f 385 2600 2368
f 389 390 391
f 2661 389 391
f 490 391 390
f 2478 490 390
f 390 3851 2478
f 490 2653 391
f 2653 491 391
f 491 2661 391
f 2012 392 1138
f 392 3153 1138
f 2012 1892 392
f 1892 2347 392
f 2347 2044 392
f 2044 3153 392
f 2212 489 393
f 489 5070 393
f 2017 886 393
f 886 2212 393
f 2017 393 1892
f 393 5070 1892
f 3064 421 492
f 3748 492 421
f 500 4556 421
f 421 5853 500
f 3064 5875 421
f 421 4999 3748
f 4556 4999 421
f 5875 5853 421
f 489 490 2238
f 490 489 2512
f 2212 2512 489
f 2238 5070 489
f 2478 2238 490
f 2512 2653 490
f 3084 1279 491
f 2653 3084 491
f 3017 2252 493
f 493 2252 3607
f 2610 1696 494
f 2610 494 2005
f 1508 495 496
f 1641 496 495
f 1641 495 1187
f 495 2347 1187
f 1508 3153 495
f 2347 495 2044
f 495 3153 2044
f 1845 1508 496
f 1322 4632 497
f 4632 1845 497
f 498 4946 2961
f 4946 498 3032
f 1788 3050 499
f 3578 499 3050
f 3380 500 3196
f 500 5853 3196
f 3380 4556 500
f 3196 501 2692
f 3373 2692 501
f 3373 501 2960
f 501 3703 2960
f 501 3196 5853
f 5875 3703 501
f 5875 501 5853
f 2864 3703 502
f 502 5875 3064
f 3703 5875 502
f 3176 503 2739
f 4589 2739 503
f 3176 5607 503
f 4589 503 4556
f 503 4999 4556
f 5607 4999 503
f 504 5607 3593
f 4999 504 3748
f 4999 5607 504
f 3919 508 505
f 508 4292 505
f 3919 505 2721
f 3947 2721 505
f 4276 505 3922
f 505 4292 3922
f 4276 3947 505
f 2405 506 510
f 506 5274 510
f 2721 506 2405
f 2721 4034 506
f 3771 3573 506
f 3573 5274 506
f 4034 3771 506
f 507 509 4763
f 507 4897 509
f 3777 507 3440
f 507 4763 3440
f 3777 3852 507
f 507 3852 3922
f 4897 507 3922
f 2051 884 885
f 3309 885 884
f 2052 884 2051
f 3102 884 2052
f 3310 884 3102
f 3310 3309 884
f 3452 1140 886
f 3743 886 1140
f 2017 1497 886
f 886 1497 3452
f 3743 2212 886
f 2203 889 888
f 3533 888 889
f 2203 888 2204
f 888 3378 2204
f 3816 3378 888
f 3534 888 3533
f 3816 888 3534
f 2458 903 1185
f 3425 1189 903
f 3425 903 2458
f 904 3179 1984
f 2620 904 2368
f 3179 904 2620
f 2600 1279 934
f 1279 3518 934
f 1684 1455 934
f 2600 934 1455
f 1684 934 2734
f 934 1740 2734
f 3518 1740 934
f 2070 1322 1120
f 1322 4539 1120
f 2070 1120 1495
f 2961 1495 1120
f 2961 1120 1880
f 1120 4539 1880
f 1130 2052 1129
f 3607 1130 1129
f 2051 1129 2052
f 3606 3607 1129
f 1130 2183 2052
f 2252 2183 1130
f 2252 1130 3607
f 1934 1131 1698
f 3743 1698 1131
f 1934 1740 1131
f 3518 1131 1740
f 1131 2512 2212
f 3743 1131 2212
f 3518 2512 1131
f 2004 1133 1132
f 1133 3309 1132
f 2005 2004 1132
f 3550 2005 1132
f 1132 3309 3310
f 3311 1132 3310
f 3550 1132 3311
f 2203 1134 1135
f 3031 1135 1134
f 2204 1134 2203
f 2204 4067 1134
f 3032 3031 1134
f 4014 3032 1134
f 4067 4014 1134
f 3533 1137 1136
f 5387 1136 1137
f 3534 3533 1136
f 3718 3534 1136
f 4463 1136 3578
f 5387 3578 1136
f 1136 4463 3718
f 2045 1138 1147
f 3456 1147 1138
f 2012 1138 2045
f 3153 3456 1138
f 1697 1140 1696
f 3777 1696 1140
f 3743 1140 1697
f 3777 1140 3452
f 1789 1147 1788
f 1147 3050 1788
f 2045 1147 1789
f 3050 1147 1795
f 3456 1795 1147
f 3718 1148 1718
f 1148 3802 1718
f 3456 1148 1795
f 3718 1795 1148
f 1148 3456 3153
f 3153 3802 1148
f 1641 2458 1185
f 4408 1641 1185
f 1187 2458 1641
f 2458 1187 2238
f 1187 5070 2238
f 5070 1187 2347
f 1189 3425 2478
f 2478 3851 1189
f 3084 3518 1279
f 1991 4539 1322
f 2070 4632 1322
f 1991 3179 1439
f 1991 1439 4539
f 3179 4476 1439
f 5922 1439 4476
f 5922 4539 1439
f 3897 1455 1684
f 2620 2600 1455
f 1455 4476 2620
f 4476 1455 3897
f 1495 2354 1718
f 3802 1495 1718
f 3802 2070 1495
f 4946 2354 1495
f 2961 4946 1495
f 3239 1497 1909
f 1497 3583 1909
f 3583 1497 2017
f 3452 1497 3239
f 1845 4632 1508
f 3802 1508 2070
f 1508 4632 2070
f 3802 3153 1508
f 2739 1684 2734
f 4589 1684 2739
f 3897 1684 3380
f 1684 4589 3380
f 2610 1697 1696
f 3777 3440 1696
f 3311 1698 1697
f 3743 1697 1698
f 3550 1697 2610
f 3550 3311 1697
f 3102 1934 1698
f 3311 3102 1698
f 2354 3378 1718
f 3378 3816 1718
f 1718 3816 3718
f 2252 1740 1934
f 3017 1740 2252
f 2734 1740 3017
f 3771 1789 1788
f 3771 1788 3573
f 2045 1789 1909
f 1789 4034 1909
f 3771 4034 1789
f 1795 4463 3050
f 1795 3718 4463
f 3380 3196 1813
f 3196 5922 1813
f 3897 3380 1813
f 4476 3897 1813
f 5922 4476 1813
f 3373 1880 2692
f 1880 4539 2692
f 2012 2017 1892
f 2347 1892 5070
f 3583 2045 1909
f 1909 4276 3239
f 4034 3947 1909
f 3947 4276 1909
f 2252 1934 2183
f 3102 2183 1934
f 1984 3179 1991
f 3550 2610 2005
f 3583 2017 2012
f 3583 2012 2045
f 3102 2052 2183
f 2204 3378 4067
f 3425 2458 2238
f 2478 3425 2238
f 4067 3378 2354
f 4067 2354 4014
f 2354 4946 4014
f 2600 2620 2368
f 3919 2721 2405
f 3084 2653 2512
f 3518 3084 2512
f 4476 3179 2620
f 2692 5922 3196
f 4539 5922 2692
f 2721 3947 4034
f 2960 3703 2864
f 4014 4946 3032
f 4463 3578 3050
f 3311 3310 3102
f 3852 3452 3239
f 4276 3852 3239
f 4589 4556 3380
f 3852 3777 3452
f 3816 3534 3718
f 5387 3577 3578
f 4292 3596 3922
f 3596 4897 3922
f 4276 3922 3852
g little_pad
f 5775 4851 76
f 4851 5776 76
f 5776 5361 76
f 5361 5976 76
f 76 5976 5775
f 5212 77 4926
f 77 5899 4926
f 5759 4955 77
f 4955 5899 77
f 5212 5120 77
f 5120 5759 77
f 5785 78 5457
f 5816 5457 78
f 5785 5758 78
f 5758 5871 78
f 5816 78 5763
f 78 5871 5763
f 5271 4140 79
f 4140 5716 79
f 5271 79 4956
f 79 5744 4956
f 5716 5255 79
f 5255 5744 79
f 2864 4747 271
f 4248 3031 271
f 4248 271 3227
f 271 4747 3227
f 4974 3593 274
f 5214 274 3606
f 5214 4974 274
f 4771 275 3577
f 4771 5274 275
f 4659 2004 277
f 4659 277 3813
f 277 4860 3813
f 4763 4860 277
f 4231 3064 492
f 3855 492 3748
f 4231 492 3855
f 502 4455 2864
f 4455 502 3064
f 4184 504 3593
f 3748 504 3636
f 4184 3636 504
f 3919 4249 508
f 4249 4571 508
f 4571 4292 508
f 5058 4763 509
f 5058 509 4897
f 510 4552 2405
f 3626 4552 510
f 510 5274 3626
f 885 4420 2051
f 3845 885 3309
f 3845 4420 885
f 2203 4290 889
f 3533 889 3442
f 4290 3442 889
f 2051 4365 1129
f 1129 3664 3606
f 1129 4365 3664
f 3053 1133 2004
f 4239 1133 3053
f 1133 4239 3309
f 1135 5688 2203
f 3031 5688 1135
f 3533 3442 1137
f 3442 4818 1137
f 1137 4818 3926
f 3926 5387 1137
f 4952 3552 1343
f 3552 5946 1343
f 5524 4952 1343
f 5497 5172 1343
f 5524 1343 5172
f 1343 5946 5497
f 4531 3574 1350
f 3574 5972 1350
f 4919 4531 1350
f 4919 1350 4645
f 1350 5174 4645
f 5174 1350 4646
f 5972 4646 1350
f 4993 4883 1351
f 4883 5691 1351
f 5162 4993 1351
f 5075 5062 1351
f 5062 5162 1351
f 5691 5075 1351
f 4931 3813 1353
f 3813 5019 1353
f 5341 1353 4140
f 1353 5613 4140
f 4931 1353 4527
f 5341 4527 1353
f 5019 4853 1353
f 5613 1353 4853
f 4820 1594 4133
f 1594 5306 4133
f 4976 1594 4776
f 1594 5226 4776
f 5226 1594 4820
f 5306 1594 4976
f 5203 4428 1716
f 4428 5815 1716
f 5203 1716 4467
f 1716 5778 4467
f 5815 5778 1716
f 4659 3053 2004
f 4239 3053 2006
f 3053 5140 2006
f 3809 2006 3388
f 2006 5978 3388
f 4239 2006 3809
f 5140 5978 2006
f 4420 4365 2051
f 4365 2053 3664
f 2053 5256 3664
f 3906 4192 2053
f 2053 4365 3906
f 4192 4550 2053
f 2053 4550 5256
f 4776 4898 2127
f 4944 4776 2127
f 5255 2127 4898
f 5826 4944 2127
f 5255 5826 2127
f 4290 2203 2823
f 2203 5688 2823
f 4162 2823 2205
f 4465 2205 2823
f 2205 5126 4162
f 4950 2205 4465
f 4950 5474 2205
f 5474 5126 2205
f 4544 3227 2213
f 3227 5201 2213
f 2213 5766 4544
f 5201 5111 2213
f 5111 5766 2213
f 4570 2214 4185
f 5045 4185 2214
f 4570 4242 2214
f 5585 2214 4242
f 4279 4263 2214
f 5045 2214 4263
f 5585 4279 2214
f 4249 2405 3382
f 2405 4552 3382
f 4249 3919 2405
f 4558 4151 2406
f 4151 5486 2406
f 4847 4558 2406
f 5413 4847 2406
f 5175 5413 2406
f 5486 5175 2406
f 4032 3437 2465
f 4107 2465 3437
f 4032 2465 4010
f 4301 4010 2465
f 4107 4600 2465
f 2465 5742 4301
f 4600 5742 2465
f 4340 2596 3845
f 4483 3845 2596
f 4192 2596 3849
f 2596 4738 3849
f 4192 5966 2596
f 4340 4738 2596
f 2596 5966 4483
f 4508 3788 2598
f 3788 4812 2598
f 2598 5953 4508
f 4812 4858 2598
f 5180 2598 4858
f 5180 5953 2598
f 4807 2902 2652
f 2902 5939 2652
f 5784 4807 2652
f 5859 5784 2652
f 5939 5859 2652
f 4248 4544 2763
f 5688 4248 2763
f 4661 4465 2763
f 4873 2763 4465
f 4544 4661 2763
f 4873 5688 2763
f 4290 2823 4162
f 2823 4873 4465
f 2823 5688 4873
f 4808 4133 2825
f 4133 4810 2825
f 5217 4808 2825
f 5685 2825 4810
f 5457 5217 2825
f 5685 5457 2825
f 5639 2844 3574
f 2844 5972 3574
f 5706 3905 2844
f 3905 5972 2844
f 5271 4956 2844
f 4956 5706 2844
f 5560 5271 2844
f 5639 5560 2844
f 4645 2858 3915
f 3915 2858 5232
f 4707 4107 2858
f 4985 2858 4107
f 4645 4707 2858
f 4985 4955 2858
f 4955 5232 2858
f 4455 4747 2864
f 4818 2901 3466
f 2901 5657 3466
f 5653 2901 4818
f 5184 5060 2901
f 5060 5657 2901
f 5184 2901 5126
f 2901 5653 5126
f 4499 3466 2902
f 3466 5939 2902
f 3626 4771 2902
f 4807 3626 2902
f 4771 4499 2902
f 4747 4455 2914
f 4455 5953 2914
f 5201 4747 2914
f 5201 2914 5180
f 2914 5953 5180
f 4853 4852 2955
f 5371 2955 4852
f 2955 5539 4853
f 5371 5175 2955
f 5584 2955 5175
f 2955 5584 5539
f 4527 2972 3388
f 4738 3388 2972
f 4738 2972 3849
f 2972 5495 3849
f 5271 2972 4527
f 5560 2972 5271
f 5560 5495 2972
f 3913 3004 3288
f 3004 4241 3288
f 3913 5072 3004
f 4719 4241 3004
f 5072 4719 3004
f 4248 5688 3031
f 4659 5140 3053
f 4231 3194 3064
f 4455 3064 3194
f 3131 5492 3905
f 3905 5933 3131
f 4537 3131 4185
f 5122 4185 3131
f 5492 3131 4537
f 3131 5933 5122
f 4974 5214 3183
f 3183 5482 4974
f 5207 5203 3183
f 5203 5482 3183
f 5214 5207 3183
f 4231 4508 3194
f 5953 4455 3194
f 4508 5953 3194
f 3227 4544 4248
f 4747 5201 3227
f 4552 3626 3257
f 4807 3257 3626
f 5430 4552 3257
f 4807 5752 3257
f 4859 4847 3257
f 4847 5430 3257
f 5752 4859 3257
f 3855 3636 3288
f 3913 3288 3636
f 3288 4241 3788
f 3788 4508 3288
f 4231 3855 3288
f 3288 4508 4231
f 4192 3849 3301
f 4531 3301 3849
f 3301 4550 4192
f 4531 4919 3301
f 3301 4919 4550
f 4032 3303 3437
f 3303 4926 3437
f 4032 3552 3303
f 3552 5185 3303
f 4903 4926 3303
f 5185 4903 3303
f 5232 3304 5256
f 5232 5759 3304
f 5815 5256 3304
f 5759 5815 3304
f 3845 3309 3809
f 3309 4239 3809
f 3357 5072 4467
f 3357 4467 5778
f 4903 4719 3357
f 5072 3357 4719
f 5212 4903 3357
f 3357 5120 5212
f 5120 3357 5778
f 3382 5413 4249
f 4552 5430 3382
f 4847 5413 3382
f 5430 4847 3382
f 4340 3809 3388
f 4738 4340 3388
f 3388 5978 4527
f 4537 4185 3413
f 5045 3413 4185
f 4537 3413 4236
f 4600 4236 3413
f 5045 4263 3413
f 4263 5742 3413
f 3413 5742 4600
f 3437 4985 4107
f 4926 5899 3437
f 3437 5899 4985
f 4162 3442 4290
f 5653 3442 4162
f 5653 4818 3442
f 4301 3451 4010
f 3451 5946 4010
f 4279 4215 3451
f 5497 3451 4215
f 4279 3451 4263
f 4301 4263 3451
f 3451 5497 5946
f 5075 3459 4336
f 5460 4336 3459
f 5331 3459 5075
f 5331 5591 3459
f 5460 3459 5361
f 3459 5591 5361
f 4499 3926 3466
f 4818 3466 3926
f 5657 5939 3466
f 3543 5200 4859
f 5784 3543 4859
f 5685 5200 3543
f 3543 5785 5685
f 5785 3543 5784
f 4032 4010 3552
f 5946 3552 4010
f 4952 5185 3552
f 3905 5706 3557
f 3557 5933 3905
f 5744 4898 3557
f 4898 5831 3557
f 5744 3557 5706
f 5831 5933 3557
f 5639 3574 4531
f 3926 4499 3577
f 3926 3577 5387
f 4499 4771 3577
f 4974 4184 3593
f 3913 3636 3594
f 4184 3594 3636
f 3594 4467 3913
f 4974 3594 4184
f 4467 3594 5482
f 4974 5482 3594
f 4571 3596 4292
f 4571 4516 3596
f 4516 4897 3596
f 5207 3606 3664
f 5214 3606 5207
f 4719 3625 4241
f 4812 4241 3625
f 4719 4952 3625
f 3625 5524 4812
f 4952 5524 3625
f 5274 4771 3626
f 3855 3748 3636
f 4279 3652 4215
f 5429 4215 3652
f 5252 3652 4279
f 5062 4336 3652
f 4336 5429 3652
f 3652 5842 5062
f 5252 5842 3652
f 5207 3664 4428
f 3664 5256 4428
f 4661 4544 3711
f 4544 5921 3711
f 5331 4661 3711
f 3711 5591 5331
f 5976 5591 3711
f 5921 5976 3711
f 3719 5635 4242
f 4242 5884 3719
f 4820 3719 4797
f 3719 5884 4797
f 4820 4808 3719
f 4808 5728 3719
f 5728 5635 3719
f 4866 3781 4851
f 3781 5789 4851
f 5493 3781 4866
f 5476 3781 5172
f 3781 5493 5172
f 5476 5789 3781
f 4812 3788 4241
f 4340 3845 3809
f 5140 4659 3813
f 5019 3813 4860
f 5140 3813 4931
f 3844 4570 4185
f 5122 3844 4185
f 4570 3844 4242
f 3844 5884 4242
f 5642 3844 5122
f 5642 5884 3844
f 4483 4420 3845
f 3849 5495 4531
f 5022 4993 3879
f 4993 5113 3879
f 5774 5022 3879
f 5825 3879 5113
f 5774 3879 5763
f 3879 5825 5763
f 5217 3880 4808
f 5728 4808 3880
f 5825 5113 3880
f 5113 5866 3880
f 5217 5816 3880
f 5866 5728 3880
f 5816 5825 3880
f 3905 5492 4646
f 4646 5972 3905
f 3906 5966 4192
f 4420 3906 4365
f 4483 3906 4420
f 4483 5966 3906
f 4467 5072 3913
f 4550 4919 3915
f 5256 4550 3915
f 3915 4919 4645
f 3915 5232 5256
f 4571 4249 4011
f 4249 5413 4011
f 4011 5371 4571
f 5371 4011 5175
f 5413 5175 4011
f 4976 4944 4051
f 4944 5584 4051
f 5306 4976 4051
f 5486 4051 5175
f 5584 5175 4051
f 4051 5486 5306
f 4215 5429 4096
f 4096 5476 4215
f 5429 5460 4096
f 5460 5776 4096
f 5789 5476 4096
f 5776 5789 4096
f 4707 4600 4107
f 4810 4133 4151
f 5306 4151 4133
f 4820 4133 4808
f 5341 4140 5271
f 5613 5716 4140
f 4810 4151 4558
f 5306 5486 4151
f 4852 4152 4516
f 5058 4516 4152
f 4853 4152 4852
f 5019 4152 4853
f 5019 4860 4152
f 5058 4152 4860
f 5126 5653 4162
f 5497 4215 5476
f 4236 5492 4537
f 4600 4707 4236
f 5174 4646 4236
f 5492 4236 4646
f 4707 5174 4236
f 5585 4242 5252
f 5635 5252 4242
f 4301 5742 4263
f 4279 5585 5252
f 4336 5062 5075
f 5460 5429 4336
f 5539 4341 4853
f 5613 4853 4341
f 5584 4944 4341
f 4944 5826 4341
f 5584 4341 5539
f 4341 5716 5613
f 5826 5716 4341
f 5207 4428 5203
f 5815 4428 5256
f 4950 4465 4661
f 5482 5203 4467
f 4898 4776 4506
f 4506 4776 5226
f 4506 5831 4898
f 5642 5122 4506
f 5122 5831 4506
f 5642 4506 5226
f 4571 5371 4516
f 5371 4852 4516
f 5058 4897 4516
f 4527 5978 4931
f 5341 5271 4527
f 5495 5639 4531
f 5766 5921 4544
f 5200 4810 4558
f 4859 4558 4847
f 4859 5200 4558
f 4993 4574 4883
f 5474 4883 4574
f 5022 4574 4993
f 5184 4574 5022
f 5184 5126 4574
f 5474 4574 5126
f 4590 5162 5062
f 5062 5842 4590
f 5162 4590 5113
f 4590 5866 5113
f 5635 4590 5252
f 4590 5842 5252
f 5866 4590 5635
f 4858 4812 4639
f 5524 4639 4812
f 4639 5493 4858
f 5493 4639 5172
f 5524 5172 4639
f 4645 5174 4707
f 5331 4950 4661
f 4903 5185 4719
f 5185 4952 4719
f 5180 4858 4739
f 4858 5493 4739
f 4866 5456 4739
f 5493 4866 4739
f 5180 4739 5111
f 4739 5456 5111
f 4883 5474 4753
f 4753 5691 4883
f 5331 4753 4950
f 4753 5474 4950
f 5331 5075 4753
f 5075 5691 4753
f 5058 4860 4763
f 4976 4776 4944
f 5226 4820 4797
f 5642 5226 4797
f 5884 5642 4797
f 5784 5752 4807
f 5685 4810 5200
f 5456 4866 4851
f 5775 5456 4851
f 5789 5776 4851
f 5784 4859 5752
f 5456 4867 5111
f 5766 5111 4867
f 5775 4867 5456
f 5921 5766 4867
f 5775 5976 4867
f 5976 5921 4867
f 5744 5255 4898
f 5212 4926 4903
f 4931 5978 5140
f 4985 5899 4955
f 5759 5232 4955
f 5744 5706 4956
f 5162 5113 4993
f 5060 5022 5005
f 5022 5774 5005
f 5005 5657 5060
f 5859 5657 5005
f 5859 5005 5758
f 5871 5758 5005
f 5774 5871 5005
f 5184 5022 5060
f 5201 5180 5111
f 5815 5759 5120
f 5815 5120 5778
f 5122 5933 5831
f 5497 5476 5172
f 5457 5816 5217
f 5716 5826 5255
f 5361 5776 5460
f 5591 5976 5361
f 5685 5785 5457
f 5639 5495 5560
f 5866 5635 5728
f 5939 5657 5859
f 5859 5758 5785
f 5763 5871 5774
f 5825 5816 5763
f 5859 5785 5784
g thumb_flex0
f 3224 2640 40
f 3224 40 2910
f 3369 2910 40
f 878 43 42
f 3920 43 878
f 3369 43 3341
f 3920 3341 43
f 2936 1707 54
f 1707 2952 54
f 2936 54 1966
f 2952 2171 54
f 879 55 56
f 56 3173 879
f 2975 56 2171
f 2975 3173 56
f 1000 84 85
f 1149 85 84
f 1000 3556 84
f 3556 1149 84
f 756 4180 85
f 1149 757 85
f 85 4180 1000
f 2806 1149 87
f 3556 87 1149
f 4411 2806 87
f 3556 3223 87
f 3223 4411 87
f 92 89 3095
f 2427 89 755
f 6095 89 2427
f 89 6095 3095
f 3579 91 92
f 3579 3860 91
f 3095 3887 92
f 92 5646 3579
f 3887 5646 92
f 5682 3501 93
f 3501 6012 93
f 5682 93 3860
f 1875 487 94
f 3282 94 487
f 3044 1875 94
f 3473 2694 94
f 3282 4008 94
f 94 4008 3473
f 3580 95 3349
f 95 5502 3349
f 3580 3482 95
f 3482 5502 95
f 3501 96 1875
f 96 3580 1875
f 3501 3482 96
f 3482 3580 96
f 1875 4091 487
f 4814 3282 487
f 4091 4814 487
f 3329 3213 488
f 3213 4814 488
f 488 5677 3329
f 3453 488 3349
f 488 4091 3349
f 3453 5677 488
f 4814 4091 488
f 3322 745 3242
f 3322 3268 745
f 3615 747 2437
f 747 5455 2437
f 3702 3563 747
f 3563 5345 747
f 3702 747 3615
f 747 5345 3779
f 3779 5455 747
f 3555 2962 748
f 2962 3702 748
f 3499 3036 748
f 4829 748 3036
f 3615 3499 748
f 4829 3555 748
f 3702 3615 748
f 2256 3495 749
f 749 5526 2256
f 749 3495 3599
f 4026 749 3599
f 4026 5526 749
f 2969 2826 750
f 3732 750 2826
f 3678 2969 750
f 750 4388 3678
f 4388 750 3732
f 3329 2546 751
f 3899 751 2546
f 3899 2826 751
f 4026 751 2826
f 3329 751 3247
f 3599 3247 751
f 4026 3599 751
f 2536 1936 752
f 4644 752 1936
f 752 3178 2536
f 3178 752 3072
f 752 3883 3072
f 752 4644 3883
f 3639 756 753
f 3639 753 2605
f 753 6099 2605
f 757 754 755
f 2427 755 754
f 2806 754 757
f 6077 2427 754
f 2806 3294 754
f 3294 3508 754
f 3508 6077 754
f 4180 756 3639
f 2806 757 1149
f 1936 4551 758
f 758 4644 1936
f 3159 2605 758
f 3494 758 2605
f 758 4551 3159
f 3494 3322 758
f 3322 4644 758
f 759 4880 1757
f 1757 5526 759
f 3678 759 2969
f 759 5526 2969
f 3779 759 3019
f 759 5916 3019
f 3678 5916 759
f 3779 4880 759
f 2536 760 1936
f 4551 1936 760
f 2701 760 2536
f 2701 3854 760
f 4829 760 3854
f 4829 4551 760
f 2728 761 2217
f 2667 2490 761
f 2728 2667 761
f 3013 762 2683
f 3334 2683 762
f 3334 762 2860
f 3572 762 3013
f 3966 763 3341
f 763 4402 3341
f 3563 763 3477
f 3966 3477 763
f 3563 4567 763
f 4567 4402 763
f 2962 2803 764
f 3181 764 2803
f 3181 2910 764
f 2910 4402 764
f 4567 2962 764
f 4567 764 4402
f 3485 765 2590
f 765 5891 2590
f 3601 2856 765
f 2856 5891 765
f 3485 3477 765
f 3601 765 3477
f 3023 2217 766
f 3566 766 2640
f 3566 3023 766
f 2701 2536 767
f 3514 767 2536
f 3617 2701 767
f 3023 767 2728
f 767 3514 2728
f 3023 3617 767
f 3920 878 768
f 3572 3013 768
f 3013 3757 768
f 3920 768 3757
f 2584 1966 773
f 2631 773 2490
f 2631 2584 773
f 879 3173 774
f 2119 774 1572
f 774 3173 1572
f 2119 2860 774
f 2527 834 1000
f 834 5733 1000
f 4457 834 2527
f 3865 834 3499
f 834 4457 3499
f 3865 5733 834
f 3865 2437 835
f 2437 5455 835
f 3307 835 3019
f 835 5455 3019
f 3307 3223 835
f 3223 5733 835
f 5733 3865 835
f 2221 907 1707
f 907 2935 1707
f 3069 907 2221
f 4315 2935 907
f 3801 907 3069
f 3801 4315 907
f 2614 1191 908
f 1191 2935 908
f 4234 2614 908
f 4315 908 2935
f 4234 908 3761
f 908 4315 3761
f 1000 4180 2527
f 5733 3556 1000
f 2614 3767 1191
f 2952 2935 1191
f 2975 2952 1191
f 3173 2975 1191
f 3767 3173 1191
f 1572 2986 2119
f 2986 1572 2614
f 3767 2614 1572
f 3173 3767 1572
f 2631 2254 1573
f 2254 4477 1573
f 1573 3910 2631
f 4418 1573 3072
f 4477 3072 1573
f 4418 3910 1573
f 2986 2614 1574
f 4234 1574 2614
f 2986 1574 2915
f 4243 2915 1574
f 4243 1574 4234
f 1707 2936 2221
f 2935 2952 1707
f 2590 2256 1757
f 2256 5526 1757
f 3485 2590 1757
f 1757 4880 3485
f 3453 1836 2546
f 1836 3796 2546
f 3453 3349 1836
f 5502 1836 3349
f 3887 3796 1836
f 1836 5646 3887
f 5646 1836 5502
f 3501 1875 3044
f 4091 1875 3580
f 2915 2256 1900
f 2256 5891 1900
f 2856 2683 1900
f 2683 3127 1900
f 1900 5891 2856
f 1900 5862 2915
f 3127 5862 1900
f 2936 1966 2584
f 2856 2076 2683
f 3013 2683 2076
f 2856 3601 2076
f 2076 3757 3013
f 3757 2076 3601
f 3639 2079 2527
f 4457 2527 2079
f 3159 2079 2605
f 3639 2605 2079
f 4457 2079 3159
f 3307 3019 2080
f 3019 5916 2080
f 3307 2080 3294
f 3508 3294 2080
f 3508 2080 3493
f 3678 3493 2080
f 2080 5916 3678
f 2119 3334 2860
f 3127 2119 2986
f 3334 2119 3127
f 2975 2171 2952
f 3023 2728 2217
f 3910 2221 2936
f 4418 3069 2221
f 4418 2221 3910
f 2667 2254 2631
f 2728 2254 2667
f 2728 3514 2254
f 3514 4477 2254
f 2256 2590 5891
f 3495 2256 2915
f 6095 2427 6077
f 3865 3615 2437
f 2490 2667 2631
f 4180 3639 2527
f 3732 2826 2532
f 3899 2532 2826
f 3732 2532 3095
f 2532 3887 3095
f 3887 2532 3796
f 3899 3796 2532
f 3514 2536 3178
f 3329 5677 2546
f 2546 5677 3453
f 3899 2546 3796
f 2631 3910 2584
f 2584 3910 2936
f 2605 6099 3494
f 3566 2640 3224
f 3181 2803 2642
f 3617 2642 2803
f 3566 2642 3023
f 3617 3023 2642
f 3224 3181 2642
f 3566 3224 2642
f 3334 3127 2683
f 4672 3242 2694
f 4672 2694 3473
f 3617 2803 2701
f 3854 2701 2803
f 3322 3242 2748
f 4672 2748 3242
f 2748 4644 3322
f 3883 2748 3473
f 2748 4672 3473
f 3883 4644 2748
f 4189 3069 2749
f 4418 2749 3069
f 3883 2749 3072
f 4418 3072 2749
f 3883 3473 2749
f 3473 4008 2749
f 4189 2749 4008
f 4008 3282 2750
f 4043 2750 3282
f 4043 3801 2750
f 3801 4189 2750
f 4189 4008 2750
f 3555 2803 2962
f 3854 2803 3555
f 4411 3294 2806
f 4026 2826 2969
f 3224 2910 3181
f 4402 2910 3369
f 3601 3477 2911
f 3966 2911 3477
f 3757 3601 2911
f 3920 3757 2911
f 3966 3920 2911
f 2915 5862 2986
f 4243 3495 2915
f 4567 3702 2962
f 2969 5526 4026
f 2986 5862 3127
f 3019 5455 3779
f 4457 3159 3036
f 3159 4551 3036
f 4457 3036 3499
f 4551 4829 3036
f 3044 6012 3501
f 4189 3801 3069
f 3072 4477 3178
f 4388 3732 3095
f 6095 4388 3095
f 4477 3514 3178
f 3329 3247 3213
f 3247 3761 3213
f 3761 4043 3213
f 4043 4814 3213
f 4411 3223 3307
f 3556 5733 3223
f 3599 4243 3247
f 4234 3761 3247
f 4243 4234 3247
f 3494 3268 3322
f 3494 6099 3268
f 3282 4814 4043
f 3294 4411 3307
f 4402 3369 3341
f 3966 3341 3920
f 3349 4091 3580
f 3485 3462 3477
f 3563 3477 3462
f 4880 3462 3485
f 3462 5345 3563
f 4880 5345 3462
f 5682 3482 3501
f 5682 5502 3482
f 3493 6077 3508
f 3678 4388 3493
f 6095 3493 4388
f 6095 6077 3493
f 4243 3599 3495
f 3865 3499 3615
f 4829 3854 3555
f 4567 3563 3702
f 3579 5682 3860
f 5646 5502 3579
f 5502 5682 3579
f 4315 4043 3761
f 3779 5345 4880
f 4315 3801 4043
g thumb_ph0
f 2218 1342 26
f 6028 26 1342
f 2496 2218 26
f 6028 2496 26
f 2543 1462 28
f 5548 28 1462
f 2543 28 1463
f 5548 1463 28
f 45 30 44
f 30 3737 44
f 45 3820 30
f 3737 30 485
f 30 3898 485
f 3820 2533 30
f 2533 3898 30
f 31 485 1462
f 3737 485 31
f 2889 31 1462
f 3217 31 2889
f 2641 480 40
f 480 3369 40
f 2641 40 2640
f 42 43 41
f 483 42 41
f 43 3368 41
f 3368 483 41
f 1930 42 483
f 1930 878 42
f 3369 3368 43
f 1224 45 911
f 3820 45 1224
f 2034 1609 47
f 2195 47 1609
f 2195 1610 47
f 1610 4522 47
f 4522 2034 47
f 2450 478 49
f 2880 49 478
f 2450 49 2449
f 52 58 53
f 52 2880 58
f 58 3595 53
f 1223 909 53
f 3595 1223 53
f 1967 54 476
f 54 2171 476
f 54 3837 1966
f 3837 54 1967
f 57 56 55
f 475 57 55
f 55 2913 475
f 4025 55 879
f 2913 55 4025
f 57 2172 56
f 2172 2171 56
f 475 2172 57
f 2420 58 478
f 2880 478 58
f 2420 3595 58
f 2304 59 1341
f 3472 1341 59
f 1967 59 1461
f 2304 1461 59
f 3472 59 1967
f 1461 423 479
f 2218 479 423
f 2304 423 1461
f 2304 1933 423
f 2604 423 1933
f 2604 2218 423
f 1609 486 424
f 2543 424 486
f 424 2195 1609
f 6085 2195 424
f 3070 424 2543
f 3070 6085 424
f 2615 474 473
f 474 2626 473
f 2939 473 910
f 473 4240 910
f 473 2939 2615
f 2626 4240 473
f 474 2058 475
f 474 475 2913
f 2626 474 1492
f 1492 474 2913
f 2058 474 1969
f 2615 1969 474
f 2058 2172 475
f 3472 1967 476
f 2172 2058 476
f 2058 3472 476
f 2171 2172 476
f 1933 1341 477
f 1341 2615 477
f 2939 1610 477
f 1610 4756 477
f 4756 1933 477
f 2615 2939 477
f 2450 2034 478
f 2034 4522 478
f 2525 2420 478
f 478 4522 2525
f 2491 1461 479
f 2219 479 2218
f 2491 479 2219
f 2259 3368 480
f 480 6028 2259
f 2641 2496 480
f 2496 6028 480
f 3368 3369 480
f 2415 481 482
f 481 2416 482
f 2733 912 481
f 912 3331 481
f 2733 481 2415
f 3331 2416 481
f 1930 483 482
f 4965 482 483
f 1930 482 1039
f 2416 1039 482
f 2415 482 4965
f 483 3368 2259
f 4965 483 2259
f 2415 1342 484
f 1342 4159 484
f 484 1463 2733
f 1463 484 3070
f 2733 2415 484
f 4159 3070 484
f 485 5548 1462
f 5548 485 3898
f 486 2134 1469
f 2543 486 1469
f 1612 486 1609
f 1612 2134 486
f 4906 2217 761
f 2490 4906 761
f 2860 762 1818
f 3572 1818 762
f 3750 766 2217
f 3856 2640 766
f 3856 766 3750
f 3434 768 878
f 3572 768 3434
f 770 4071 2646
f 4070 4071 770
f 772 2369 1988
f 2369 772 2083
f 3837 773 1966
f 3793 2490 773
f 3837 3793 773
f 4025 879 774
f 3136 774 2860
f 3136 4025 774
f 2769 775 909
f 2769 2083 775
f 2467 911 776
f 1988 2467 776
f 3434 878 1930
f 2769 909 1223
f 1223 910 924
f 4240 924 910
f 2420 910 1223
f 2420 6092 910
f 910 6092 2939
f 2467 1224 911
f 1224 925 912
f 3331 912 925
f 2533 1224 912
f 2733 2190 912
f 2190 3898 912
f 912 3898 2533
f 2049 1223 924
f 2453 2049 924
f 4240 2453 924
f 2467 925 1224
f 2453 925 1987
f 2467 1987 925
f 3331 925 2453
f 3434 1039 1742
f 5379 1742 1039
f 3434 1930 1039
f 2416 5379 1039
f 3444 1206 3217
f 3444 4070 1206
f 2769 1223 2049
f 3595 2420 1223
f 2533 3820 1224
f 2304 1341 1933
f 2615 1341 1969
f 3472 1969 1341
f 2415 1929 1342
f 6028 1342 1929
f 2604 1342 2218
f 2604 4159 1342
f 1968 1967 1461
f 2491 1968 1461
f 2889 1462 2543
f 2733 1463 2190
f 5548 2190 1463
f 3070 2543 1463
f 4071 1469 2134
f 2889 2543 1469
f 3444 2889 1469
f 4071 3444 1469
f 1652 1491 1492
f 2626 1492 1491
f 1742 1491 1652
f 5379 1491 1742
f 1491 5379 2626
f 3136 1652 1492
f 2913 4025 1492
f 1492 4025 3136
f 1608 6018 2449
f 2646 6018 1608
f 2034 1612 1609
f 2939 2178 1610
f 4522 1610 2178
f 4756 1610 2195
f 2450 1612 2034
f 1612 6018 2134
f 2450 6018 1612
f 1818 1742 1652
f 2860 1818 1652
f 3136 2860 1652
f 4159 1933 1663
f 1933 4756 1663
f 4159 1663 3070
f 1663 6085 3070
f 4756 6085 1663
f 3331 1664 2416
f 5379 2416 1664
f 3331 2453 1664
f 2453 4240 1664
f 1664 4240 2626
f 2626 5379 1664
f 3572 1742 1818
f 3572 3434 1742
f 4965 2259 1929
f 1929 2259 6028
f 2415 4965 1929
f 1933 4159 2604
f 3837 1967 1968
f 3793 1968 2491
f 3837 1968 3793
f 3472 2058 1969
f 2369 2049 1987
f 2453 1987 2049
f 2467 2369 1987
f 2467 1988 2369
f 2369 2083 2049
f 2769 2049 2083
f 2646 4071 2134
f 2134 6018 2646
f 2525 4522 2178
f 6092 2525 2178
f 2939 6092 2178
f 5548 3898 2190
f 2195 6085 4756
f 4906 3750 2217
f 2641 2219 2218
f 2641 2218 2496
f 2219 4906 2491
f 2219 2641 3856
f 3856 3750 2219
f 4906 2219 3750
f 2525 6092 2420
f 2449 6018 2450
f 3793 4906 2490
f 2491 4906 3793
f 3856 2641 2640
f 3444 3217 2889
f 4071 4070 3444
g thumb_flex1
f 2258 1204 22
f 3738 22 1204
f 3738 4002 22
f 4002 3982 22
f 3165 29 2669
f 29 4002 2669
f 3982 4002 29
f 3217 2669 31
f 2669 3737 31
f 911 45 44
f 44 5388 911
f 3738 44 3737
f 3738 5388 44
f 2850 2423 48
f 2423 3829 48
f 48 3829 2729
f 2449 49 2423
f 49 4063 2423
f 2880 4063 49
f 2613 50 1372
f 50 3829 1372
f 2613 3143 50
f 2729 3829 50
f 909 52 53
f 1372 52 909
f 1372 4063 52
f 4063 2880 52
f 2757 770 2646
f 2757 4070 770
f 2510 771 1881
f 2992 771 2510
f 2055 1954 772
f 2531 772 1954
f 2055 772 1988
f 2531 2083 772
f 1606 909 775
f 2531 1606 775
f 2531 775 2083
f 911 5388 776
f 2670 1988 776
f 776 5388 2670
f 1606 1372 909
f 2497 1204 2258
f 2670 1204 2497
f 2670 5388 1204
f 1204 5388 3738
f 2055 1205 1954
f 3171 1954 1205
f 2497 1205 2055
f 2497 2253 1205
f 3171 1205 2544
f 3217 1206 3061
f 3665 3061 1206
f 4070 3665 1206
f 3410 1881 1207
f 3410 1207 3165
f 2613 1372 1606
f 4063 1372 3829
f 3171 1606 2531
f 3171 2613 1606
f 4585 2850 1607
f 4585 1607 2992
f 2451 1608 2449
f 4260 1608 2451
f 1608 4260 2646
f 2510 1881 1816
f 1881 3410 1816
f 2757 2510 1816
f 1816 4070 2757
f 3665 1816 3410
f 3665 4070 1816
f 3171 2531 1954
f 1988 2670 2055
f 2670 2497 2055
f 2320 2510 2757
f 2992 2510 2320
f 2757 2646 2320
f 2646 4260 2320
f 2992 2320 4585
f 4585 2320 4260
f 3171 2544 2422
f 3143 2613 2422
f 3171 2422 2613
f 2451 2449 2423
f 2850 2451 2423
f 4063 3829 2423
f 4585 2451 2850
f 4585 4260 2451
f 3165 2669 3061
f 3217 3061 2669
f 4002 3737 2669
f 3410 3165 3061
f 3665 3410 3061
f 4002 3738 3737
g thumb_ph1
f 2760 8 1116
f 8 3669 1116
f 2281 1704 8
f 1704 3669 8
f 2760 2281 8
f 1465 9 10
f 9 2893 10
f 1465 2893 9
f 10 2976 1465
f 2893 2787 10
f 3137 2976 10
f 2787 471 18
f 3510 18 471
f 5393 18 3510
f 3873 21 22
f 21 3874 22
f 3873 1208 21
f 1208 3874 21
f 22 3874 2258
f 22 3982 3873
f 2176 1264 25
f 1264 5528 25
f 2176 25 2100
f 2402 2100 25
f 5528 2402 25
f 3189 27 1352
f 27 4445 1352
f 3189 2018 27
f 2018 4445 27
f 2802 470 29
f 470 3982 29
f 3165 2802 29
f 5414 39 37
f 39 5542 37
f 5542 3948 37
f 1264 467 38
f 5414 38 467
f 38 5315 1264
f 5431 5315 38
f 39 467 3970
f 467 39 5414
f 3970 1467 39
f 1467 5542 39
f 979 1671 46
f 1719 979 46
f 1671 1719 46
f 466 48 2730
f 466 6087 48
f 2729 2730 48
f 6087 2850 48
f 1209 51 50
f 51 2730 50
f 2925 1209 50
f 2730 2729 50
f 2925 50 3143
f 1209 2730 51
f 1719 425 469
f 425 3189 469
f 1719 2664 425
f 2664 2633 425
f 425 2633 3189
f 1704 426 452
f 2402 452 426
f 3838 426 1704
f 2402 426 2392
f 3838 2392 426
f 451 5436 2187
f 2798 451 2797
f 2798 5436 451
f 5950 1704 452
f 2402 3417 452
f 3417 5950 452
f 3325 979 466
f 979 6087 466
f 2731 466 2730
f 2731 3325 466
f 1523 467 1264
f 3970 467 1523
f 2664 1671 468
f 2772 468 1671
f 2392 1725 468
f 2664 468 1725
f 2100 468 1834
f 2772 1834 468
f 2100 2392 468
f 1611 1719 469
f 3085 1611 469
f 3189 3085 469
f 2802 1352 470
f 1352 4445 470
f 470 1501 3780
f 470 4445 1501
f 3873 470 3780
f 3873 3982 470
f 2260 1116 471
f 3510 471 1116
f 2894 2260 471
f 2893 471 2787
f 2893 2894 471
f 2633 1725 472
f 3838 472 1725
f 2136 472 1948
f 2281 1948 472
f 2629 2018 472
f 2018 2633 472
f 2629 472 2136
f 3838 2281 472
f 769 3925 2665
f 2665 6048 769
f 771 3637 1881
f 2993 771 2992
f 3637 771 2993
f 2136 777 913
f 777 3959 913
f 1948 980 777
f 2364 777 980
f 2136 1948 777
f 2364 3959 777
f 4147 778 914
f 778 5970 914
f 1834 778 981
f 778 4914 981
f 1834 5970 778
f 4147 4914 778
f 2187 5436 801
f 5315 5431 801
f 801 5436 5315
f 3780 913 1208
f 913 4310 1208
f 2136 913 1501
f 3780 1501 913
f 4310 913 3959
f 2925 914 1209
f 914 3725 1209
f 2925 1258 914
f 4147 914 1258
f 914 5970 3725
f 2772 1671 979
f 2851 979 1719
f 979 3325 2772
f 2851 6087 979
f 2894 1465 980
f 2976 980 1465
f 2364 980 1466
f 2976 1466 980
f 980 1948 2260
f 2894 980 2260
f 3104 1467 981
f 1467 3970 981
f 1834 981 1523
f 3970 1523 981
f 4914 3104 981
f 982 6093 3925
f 3948 6093 982
f 3510 1116 2246
f 1116 3669 2246
f 2760 1116 2260
f 1150 1466 2358
f 2364 1466 1150
f 2364 1150 1817
f 1150 4914 1817
f 3104 1150 2358
f 4914 1150 3104
f 2338 1205 2253
f 2338 2544 1205
f 3233 1207 1881
f 3233 3165 1207
f 1944 3874 1208
f 1208 4310 1944
f 3873 3780 1208
f 2731 2730 1209
f 1209 3725 2731
f 2544 2338 1258
f 1258 2338 3109
f 2544 1258 2422
f 2925 2422 1258
f 4147 1258 3109
f 2176 1523 1264
f 5315 5528 1264
f 2802 3189 1352
f 2894 2893 1465
f 1466 2665 2358
f 2976 2665 1466
f 1467 3104 5542
f 2629 2136 1501
f 1501 4445 2629
f 2176 1834 1523
f 2851 1607 2850
f 2993 1607 2851
f 2993 2992 1607
f 2851 1719 1611
f 2993 1611 1882
f 3085 1882 1611
f 1611 2993 2851
f 2664 1719 1671
f 2281 3838 1704
f 1704 5950 3669
f 2392 3838 1725
f 2633 2664 1725
f 2253 1944 1761
f 1944 4310 1761
f 2338 2253 1761
f 3109 2338 1761
f 1761 3959 3109
f 4310 3959 1761
f 3959 2364 1817
f 1817 3109 3959
f 4147 3109 1817
f 4914 4147 1817
f 2176 2100 1834
f 5970 1834 2772
f 3637 3233 1881
f 3189 2802 1882
f 3233 1882 2802
f 3637 2993 1882
f 3085 3189 1882
f 3637 1882 3233
f 2258 1944 2253
f 2258 3874 1944
f 2760 2260 1948
f 2760 1948 2281
f 2629 4445 2018
f 2018 3189 2633
f 2073 5436 2798
f 2798 5950 2073
f 3417 5528 2073
f 2073 5950 3417
f 5315 5436 2073
f 5528 5315 2073
f 2402 2392 2100
f 3510 2246 2798
f 2246 5950 2798
f 3669 5950 2246
f 2497 2258 2253
f 2665 3925 2358
f 2358 6093 3104
f 3925 6093 2358
f 2394 2798 2797
f 3510 2798 2394
f 3510 2394 5393
f 2402 5528 3417
f 3143 2422 2925
f 2552 6048 3137
f 2976 6048 2665
f 2731 3725 3325
f 3725 2772 3325
f 5970 2772 3725
f 3233 2802 3165
f 2850 6087 2851
f 3137 6048 2976
f 5542 3104 3146
f 3104 6093 3146
f 5542 3146 3948
f 3146 6093 3948
g thumb_flex2
f 3352 1241 10
f 1241 4258 10
f 3352 10 2787
f 4258 3137 10
f 4376 1935 11
f 1935 4400 11
f 11 4400 2821
f 3290 4376 11
f 951 13 14
f 1502 13 951
f 1502 1241 13
f 1241 4376 13
f 4376 3290 13
f 978 16 17
f 2041 923 16
f 978 6002 16
f 16 6002 2041
f 2867 978 17
f 3352 18 1935
f 18 5393 1935
f 3352 2787 18
f 4793 2331 24
f 2331 5852 24
f 35 3608 2501
f 3608 35 3414
f 35 5852 3414
f 4321 3414 37
f 3414 5760 37
f 4321 37 3948
f 37 5760 5414
f 2862 38 2331
f 38 5760 2331
f 5431 38 2862
f 5414 5760 38
f 2432 450 1503
f 2343 2046 450
f 2343 450 2054
f 2432 2054 450
f 2187 2054 451
f 2797 451 2054
f 3081 1983 769
f 3925 769 1983
f 3081 769 2985
f 769 6048 2985
f 1502 951 779
f 2041 1502 779
f 2501 799 978
f 3081 978 799
f 1983 799 982
f 799 4321 982
f 3081 799 1983
f 3608 799 2501
f 4321 799 3608
f 2343 800 2046
f 2343 2047 800
f 2862 800 2047
f 4793 800 2862
f 2187 801 2047
f 2862 2047 801
f 5431 2862 801
f 2867 2501 978
f 3081 6002 978
f 3925 1983 982
f 4321 3948 982
f 4258 1241 1502
f 4376 1241 3352
f 2041 1874 1502
f 2985 1502 1874
f 2985 2552 1502
f 1502 2552 4258
f 1503 4400 2432
f 2821 4400 1503
f 2041 6002 1874
f 3081 2985 1874
f 6002 3081 1874
f 4376 3352 1935
f 1935 5393 4400
f 2187 2047 2054
f 2343 2054 2047
f 2797 2054 2432
f 4793 2862 2331
f 5760 5852 2331
f 2797 2432 2394
f 2432 5393 2394
f 4400 5393 2432
f 2985 6048 2552
f 4258 2552 3137
f 4321 3608 3414
f 5852 5760 3414
g thumb_ph2
f 3 1 457
f 1 3 462
f 1 2495 457
f 3756 1 462
f 3756 2495 1
f 457 4684 3
f 3 2207 462
f 4655 4 938
f 4 6033 938
f 3286 4 1530
f 4 4655 1530
f 3286 3112 4
f 3112 6033 4
f 2919 6 456
f 6 5135 456
f 2919 2904 6
f 2919 456 7
f 3877 7 456
f 2903 7 1699
f 7 3877 1699
f 2903 1897 7
f 1897 2919 7
f 1806 453 11
f 453 3290 11
f 2822 1806 11
f 2822 11 2821
f 14 13 12
f 13 2923 12
f 1748 14 12
f 2923 1748 12
f 3290 2923 13
f 1440 951 14
f 1748 1440 14
f 906 15 2624
f 15 906 3134
f 1974 1530 15
f 1530 2624 15
f 3134 1974 15
f 923 17 16
f 2609 17 923
f 2627 17 2609
f 2867 17 2627
f 441 19 23
f 19 3766 23
f 441 5567 19
f 3766 19 3406
f 2724 441 23
f 2724 23 1713
f 23 3766 1713
f 440 4813 24
f 24 5852 440
f 4813 4793 24
f 442 34 33
f 460 33 34
f 33 4440 442
f 4092 33 460
f 442 3487 34
f 3490 460 34
f 3487 3490 34
f 2280 36 35
f 36 5852 35
f 35 5707 2280
f 2501 5707 35
f 2374 440 36
f 440 5852 36
f 2280 1468 36
f 2374 36 1468
f 443 3842 427
f 427 5145 443
f 427 3397 445
f 445 3912 427
f 427 3842 3397
f 3912 5145 427
f 2374 3646 440
f 3646 2884 440
f 2884 4813 440
f 2800 1396 441
f 1396 5567 441
f 2724 2800 441
f 3422 442 1405
f 442 4440 1405
f 3422 3487 442
f 2097 445 1595
f 445 3397 1595
f 2097 2098 445
f 2705 445 2098
f 2705 3912 445
f 1985 1595 446
f 1595 3347 446
f 2903 446 1897
f 446 3012 1897
f 1985 446 1898
f 1898 446 2903
f 3347 3012 446
f 2904 3012 447
f 3012 3347 447
f 3347 4997 447
f 2887 448 2705
f 448 3133 2705
f 3818 448 2887
f 4371 3133 448
f 3818 3766 448
f 3766 4371 448
f 4371 449 3133
f 4529 3133 449
f 449 4371 3406
f 450 4009 1503
f 2048 450 2046
f 2048 4009 450
f 1806 1764 453
f 2923 453 1764
f 2923 3290 453
f 2077 454 455
f 454 3258 455
f 2077 1313 454
f 1313 3112 454
f 1911 1441 454
f 1441 3258 454
f 454 3286 1911
f 3112 3286 454
f 1764 1702 455
f 2077 455 1702
f 1764 455 1748
f 3258 1748 455
f 1820 456 1388
f 456 5135 1388
f 3877 456 1820
f 4210 1374 457
f 1374 4684 457
f 4210 457 2495
f 4047 463 458
f 463 4497 458
f 4497 2988 458
f 2988 5370 458
f 4047 458 3149
f 458 4731 3149
f 4731 458 4617
f 5370 4617 458
f 3515 459 460
f 4092 460 459
f 4092 459 464
f 4927 464 459
f 3515 2988 459
f 2988 4927 459
f 3515 460 3490
f 2207 461 462
f 461 4325 462
f 2207 465 461
f 465 4163 461
f 3630 461 3149
f 461 4163 3149
f 461 3630 4325
f 462 4325 3756
f 1440 923 779
f 2041 779 923
f 1440 779 951
f 780 3586 781
f 781 4302 780
f 2927 781 1378
f 781 3586 1378
f 3316 1384 781
f 1384 4302 781
f 2927 3316 781
f 783 1861 983
f 6062 783 983
f 1861 783 1314
f 783 4015 1314
f 1974 783 1911
f 783 6062 1911
f 1974 4015 783
f 4081 784 785
f 784 5841 785
f 3790 784 1392
f 784 4081 1392
f 4094 1401 784
f 1401 5841 784
f 4094 784 3790
f 800 5678 2046
f 4793 5678 800
f 1837 906 1190
f 3836 1190 906
f 3134 906 1837
f 3836 906 2624
f 1441 923 1440
f 2609 923 1441
f 2489 1192 938
f 1192 4655 938
f 938 6033 2489
f 954 953 2848
f 954 5328 953
f 2309 954 1374
f 954 2848 1374
f 3730 1378 954
f 1378 5328 954
f 2309 1708 954
f 3730 954 1708
f 955 3154 956
f 956 4848 955
f 2464 956 1384
f 956 3154 1384
f 956 2026 1388
f 4848 956 1388
f 2464 2026 956
f 3387 957 958
f 4385 958 957
f 1397 4385 957
f 1392 3387 958
f 3412 1392 958
f 3412 958 3356
f 3356 958 4392
f 4385 4392 958
f 959 4196 960
f 960 4680 959
f 3724 959 1401
f 959 4680 1401
f 3724 1887 959
f 1887 5821 959
f 5821 4196 959
f 960 4196 1406
f 2280 983 1468
f 983 2374 1468
f 2374 983 1861
f 2280 2279 983
f 2279 6062 983
f 1911 1118 1441
f 2609 1441 1118
f 1911 6062 1118
f 2627 1118 2279
f 1118 6062 2279
f 2609 1118 2627
f 1699 1390 1164
f 1164 1390 2408
f 1898 1164 1657
f 1164 2822 1657
f 1898 1699 1164
f 2408 1806 1164
f 1806 2822 1164
f 1571 3490 1190
f 3836 1571 1190
f 1190 3422 1837
f 3487 3422 1190
f 3490 3487 1190
f 1575 1192 3756
f 1575 4655 1192
f 2591 1192 2489
f 2591 2495 1192
f 3756 1192 2495
f 1380 1375 1313
f 6033 1313 1375
f 1385 1380 1313
f 2077 1385 1313
f 6033 3112 1313
f 1314 3778 1394
f 1394 4104 1314
f 1861 1314 1398
f 1314 4104 1398
f 4015 3778 1314
f 3397 1354 3347
f 1354 4997 3347
f 3397 3842 1354
f 1374 2848 1373
f 1373 4684 1374
f 4210 2309 1374
f 1708 1375 1380
f 2309 1375 1708
f 2591 1375 2309
f 2489 1375 2591
f 6033 1375 2489
f 1378 3586 1377
f 1377 5328 1378
f 3730 2927 1378
f 1380 1385 2303
f 1380 3730 1708
f 3316 1380 2303
f 3316 2927 1380
f 2927 3730 1380
f 3154 1383 1384
f 4302 1384 1383
f 2464 1384 2303
f 2303 1384 3316
f 2290 2026 1385
f 1385 2026 2464
f 1385 2077 2290
f 2464 2303 1385
f 1387 4848 1388
f 1388 5135 1387
f 2026 1820 1388
f 1699 3877 1390
f 1820 2026 1390
f 1390 3877 1820
f 2290 1390 2026
f 2408 1390 2290
f 3387 1392 1391
f 1392 4081 1391
f 3412 3790 1392
f 3778 3340 1394
f 3790 1394 3340
f 3790 3412 1394
f 3412 4104 1394
f 4385 1397 1396
f 1396 1397 5567
f 2800 2545 1396
f 1396 2545 4392
f 4392 4385 1396
f 1398 2545 1672
f 1398 1672 2556
f 2556 1861 1398
f 3356 2545 1398
f 1398 4104 3356
f 1713 1400 1672
f 2556 1672 1400
f 1713 6075 1400
f 2884 2556 1400
f 6043 2884 1400
f 6075 6043 1400
f 1401 4680 1402
f 1401 1402 5841
f 4094 3724 1401
f 1887 1403 1837
f 3134 1837 1403
f 1887 3724 1403
f 4015 3134 1403
f 3340 1403 3724
f 3340 3778 1403
f 4015 1403 3778
f 4196 1405 1406
f 1405 4440 1406
f 1405 5821 3422
f 4196 5821 1405
f 3258 1441 1440
f 3258 1440 1748
f 2098 1596 1476
f 3655 1476 1596
f 2098 1476 1904
f 2623 1904 1476
f 3655 2048 1476
f 2048 5678 1476
f 1476 5678 2623
f 1503 4009 2821
f 2624 1530 1531
f 1530 4655 1531
f 1974 1911 1530
f 3286 1530 1911
f 2321 1531 1575
f 1531 4655 1575
f 1531 2321 5869
f 2494 2624 1531
f 1531 5869 2494
f 1571 2494 3390
f 3836 2494 1571
f 1571 3390 3515
f 3515 3490 1571
f 1575 3630 2321
f 4325 3630 1575
f 3756 4325 1575
f 2097 1595 1985
f 3397 3347 1595
f 1985 1596 2097
f 2998 1596 1985
f 2098 2097 1596
f 3655 1596 2998
f 1657 2998 1898
f 2822 4009 1657
f 3655 2998 1657
f 4009 3655 1657
f 2724 1713 1672
f 2800 1672 2545
f 2724 1672 2800
f 1898 2903 1699
f 2408 1702 1764
f 1702 2290 2077
f 2408 2290 1702
f 3766 3818 1713
f 3818 6075 1713
f 1748 2923 1764
f 2408 1764 1806
f 1837 5821 1887
f 3422 5821 1837
f 1861 3646 2374
f 2556 3646 1861
f 3012 2919 1897
f 2998 1985 1898
f 2887 2098 1904
f 2623 6043 1904
f 2887 1904 3818
f 1904 6075 3818
f 6043 6075 1904
f 3134 4015 1974
f 2046 5678 2048
f 4009 2048 3655
f 2887 2705 2098
f 2280 5707 2279
f 2279 5707 2627
f 2309 4210 2591
f 4731 2321 3630
f 4617 2321 4731
f 5869 2321 4617
f 3836 2624 2494
f 4617 3390 2494
f 5869 4617 2494
f 4210 2495 2591
f 2867 5707 2501
f 3356 4392 2545
f 3646 2556 2884
f 4793 4813 2623
f 5678 4793 2623
f 6043 2623 4813
f 2627 5707 2867
f 2703 3912 3133
f 3133 4529 2703
f 5145 3912 2703
f 3133 3912 2705
f 2821 4009 2822
f 6043 4813 2884
f 2919 3012 2904
f 4497 2987 2988
f 4927 2988 2987
f 3390 2988 3515
f 3390 5370 2988
f 4047 3149 3148
f 4163 3148 3149
f 4731 3630 3149
f 4094 3340 3724
f 3340 4094 3790
f 3356 4104 3412
f 3390 4617 5370
f 4371 3766 3406
g thumb_pad
f 5166 2 3300
f 2 5773 3300
f 4916 4631 2
f 4631 5773 2
f 5166 4916 2
f 3 5420 2207
f 4684 3965 3
f 3965 5420 3
f 4960 2857 5
f 2857 5790 5
f 4960 5 4117
f 5 5189 4117
f 5790 5189 5
f 2904 6024 6
f 6024 5135 6
f 4749 3406 19
f 5973 4749 19
f 5567 5973 19
f 5096 20 4752
f 20 5618 4752
f 5096 5043 20
f 5043 5749 20
f 5723 5618 20
f 5749 5723 20
f 32 5751 3129
f 6094 32 3129
f 5751 32 5521
f 32 5794 5521
f 5794 32 5805
f 32 6094 5805
f 4440 33 3401
f 33 5359 3401
f 4092 5359 33
f 4183 3842 443
f 4344 4183 443
f 443 5145 4344
f 5052 444 4638
f 5936 4638 444
f 5052 4929 444
f 4929 5465 444
f 5465 5384 444
f 5597 444 5384
f 5936 444 5597
f 447 5741 2904
f 4997 4734 447
f 4734 5741 447
f 3406 4375 449
f 449 4375 3847
f 3847 4529 449
f 4167 463 4047
f 4497 463 4167
f 464 5844 4092
f 4927 5844 464
f 3753 465 2207
f 3753 4452 465
f 4452 4163 465
f 4732 3586 780
f 4302 3954 780
f 3954 4732 780
f 3682 3416 782
f 3416 4313 782
f 4695 3546 782
f 5755 782 3546
f 4082 3591 782
f 3591 4695 782
f 5755 3682 782
f 4542 4082 782
f 4542 782 4313
f 4246 4081 785
f 785 5841 4246
f 4449 786 4238
f 786 5489 4238
f 4449 4917 786
f 4725 4608 786
f 4608 5208 786
f 4917 4725 786
f 5208 5489 786
f 2848 953 3145
f 3145 953 3144
f 953 5328 3144
f 955 3936 3154
f 3936 955 3221
f 3221 955 5353
f 5353 955 4848
f 3117 1397 957
f 3833 3117 957
f 3387 3833 957
f 4474 960 1406
f 4474 5963 960
f 5963 4680 960
f 4183 1354 3842
f 4183 5892 1354
f 1354 5892 4997
f 5354 1355 2857
f 1355 5868 2857
f 5138 4612 1355
f 1355 4612 5868
f 1355 5650 5138
f 5354 5834 1355
f 5834 5650 1355
f 4875 5454 1356
f 1356 5596 4875
f 5520 5422 1356
f 5422 5596 1356
f 5454 5901 1356
f 1356 5630 5520
f 5901 5630 1356
f 4806 1373 2848
f 4684 1373 4568
f 4806 4568 1373
f 5293 3965 1376
f 3965 6049 1376
f 4338 5932 1376
f 6049 4338 1376
f 5293 1376 5033
f 5932 5033 1376
f 4206 3144 1377
f 3144 5328 1377
f 4206 1377 3586
f 4080 1379 3647
f 4430 3647 1379
f 3764 4157 1379
f 1379 4998 3764
f 4080 4998 1379
f 4256 1379 4157
f 4430 1379 4256
f 5344 4975 1381
f 4975 5501 1381
f 5632 5344 1381
f 5501 5822 1381
f 5822 5632 1381
f 1382 4563 4080
f 4935 1382 4080
f 4515 1382 4461
f 4935 4461 1382
f 4515 4660 1382
f 4660 4563 1382
f 3936 1383 3154
f 4302 1383 3936
f 3989 3529 1386
f 4082 1386 3529
f 4006 3989 1386
f 4287 4006 1386
f 4774 1386 4082
f 4774 4287 1386
f 5353 4848 1387
f 5135 5666 1387
f 5666 5353 1387
f 5053 1389 4125
f 1389 5798 4125
f 5053 4674 1389
f 4674 5824 1389
f 5484 5798 1389
f 1389 5824 5484
f 3946 3387 1391
f 4081 3946 1391
f 5132 4429 1393
f 5350 1393 4429
f 5223 5132 1393
f 1393 5787 5223
f 5448 1393 5350
f 5448 5787 1393
f 1395 3691 3014
f 3988 1395 3014
f 1395 5127 3691
f 3988 4737 1395
f 4737 5297 1395
f 1395 5049 5127
f 5297 5049 1395
f 4311 1397 3117
f 4311 5973 1397
f 5973 5567 1397
f 3418 4417 1399
f 4948 3418 1399
f 4216 1399 3441
f 1399 4417 3441
f 5199 1399 4216
f 1399 5612 4948
f 5199 5043 1399
f 5043 5612 1399
f 4846 1402 4680
f 4846 5841 1402
f 4462 1404 4188
f 1404 5105 4188
f 4854 1404 4462
f 5320 1404 4854
f 5105 1404 4992
f 1404 5320 4992
f 4441 1406 4440
f 4474 1406 4441
f 5249 1407 5182
f 1407 5598 5182
f 5332 1407 5249
f 5332 5571 1407
f 1407 5571 5537
f 5537 5598 1407
f 5377 4496 1613
f 5606 1613 4496
f 4750 4925 1613
f 5606 4750 1613
f 1613 4925 5983
f 5983 5377 1613
f 5446 4924 1614
f 4924 5905 1614
f 5288 1614 5089
f 1614 5401 5089
f 5288 5446 1614
f 5905 5401 1614
f 5061 3662 1615
f 3662 5610 1615
f 5157 1615 4519
f 1615 5780 4519
f 5061 1615 4636
f 5157 4636 1615
f 5610 5780 1615
f 5369 5233 1616
f 5233 5557 1616
f 5574 5369 1616
f 5557 5574 1616
f 3674 1801 3576
f 1801 4710 3576
f 4045 1801 3674
f 4469 1801 4045
f 4710 1801 4204
f 1801 5259 4204
f 4469 5259 1801
f 5285 1807 4597
f 5731 4597 1807
f 5285 5846 1807
f 5731 1807 5324
f 1807 5889 5324
f 5846 5690 1807
f 5690 5889 1807
f 1956 4762 3889
f 3889 4954 1956
f 3974 4444 1956
f 1956 4954 3974
f 4444 4137 1956
f 4137 5017 1956
f 1956 5017 4762
f 3675 5288 1964
f 1964 5377 3675
f 4708 5377 1964
f 1964 5889 4708
f 5288 5089 1964
f 5089 5324 1964
f 5324 5889 1964
f 5293 2066 3753
f 2066 5885 3753
f 5025 5017 2066
f 5017 5885 2066
f 5033 5025 2066
f 5293 5033 2066
f 2139 5339 4027
f 4027 5535 2139
f 4761 4745 2139
f 5339 2139 4745
f 4827 4761 2139
f 2139 5535 4827
f 5154 4472 2140
f 5963 2140 4472
f 5195 2140 4474
f 5963 4474 2140
f 2140 5433 5154
f 5195 5628 2140
f 5628 5433 2140
f 2163 4960 4117
f 4117 5824 2163
f 2163 5824 4674
f 5901 2163 4674
f 5354 4960 2163
f 5454 5354 2163
f 5901 5454 2163
f 2207 5420 3753
f 4498 4148 2295
f 4693 2295 4148
f 4612 2295 4359
f 2295 5610 4359
f 2295 4877 4498
f 4877 2295 4612
f 4693 5610 2295
f 5521 2325 5374
f 5532 5374 2325
f 5521 5809 2325
f 5729 5532 2325
f 5809 5729 2325
f 4502 4446 2365
f 4593 2365 4446
f 5537 4502 2365
f 5568 2365 4593
f 5568 5537 2365
f 4564 2366 3447
f 2366 5690 3447
f 4761 2366 4564
f 4833 2366 4761
f 4833 6051 2366
f 6051 5690 2366
f 4514 3576 2447
f 4652 2447 3576
f 4652 4272 2447
f 4750 2447 4272
f 4514 2447 4357
f 4832 4357 2447
f 4750 4832 2447
f 4235 2560 4157
f 4256 4157 2560
f 2560 4235 4916
f 4430 4256 2560
f 5166 4430 2560
f 5166 2560 4916
f 4695 2567 3546
f 2567 5396 3546
f 4693 4148 2567
f 4148 5446 2567
f 4769 4693 2567
f 4769 2567 4695
f 5446 5396 2567
f 5359 2677 3401
f 2677 5571 3401
f 5537 2677 4502
f 5844 4502 2677
f 5844 2677 5359
f 5537 5571 2677
f 2703 4529 5206
f 5026 5145 2703
f 5206 5026 2703
f 4909 4344 2704
f 4344 5270 2704
f 5224 4909 2704
f 2704 5614 5224
f 5270 5614 2704
f 4636 2716 4426
f 2716 5309 4426
f 4636 5239 2716
f 5239 4648 2716
f 4648 5756 2716
f 2716 5756 5309
f 4660 4287 2785
f 4774 2785 4287
f 4542 4313 2785
f 4313 4563 2785
f 2785 4774 4542
f 4660 2785 4563
f 4564 4895 2796
f 5198 4564 2796
f 4895 6020 2796
f 5498 5198 2796
f 5498 2796 5489
f 6020 5489 2796
f 4461 2824 3145
f 4988 3145 2824
f 4963 2824 4338
f 5364 4338 2824
f 4461 5364 2824
f 4988 2824 4963
f 3145 4806 2848
f 4311 4177 2855
f 4177 4460 2855
f 4311 2855 4216
f 5220 4216 2855
f 4460 5220 2855
f 5354 2857 4960
f 2857 5868 5790
f 4287 2866 4006
f 4732 4006 2866
f 4660 4206 2866
f 4732 2866 4206
f 4287 4660 2866
f 5741 5215 2904
f 5215 6024 2904
f 4497 6031 2987
f 2987 6031 4927
f 4157 3930 2991
f 4652 2991 3930
f 4235 4157 2991
f 2991 4710 4235
f 4710 2991 4652
f 4832 2996 4357
f 2996 5665 4357
f 2996 5269 4827
f 4827 5665 2996
f 4832 5606 2996
f 5606 5269 2996
f 3014 3833 3387
f 3387 3946 3014
f 3833 3014 3691
f 3946 3988 3014
f 3022 4951 3974
f 3974 4954 3022
f 4951 3022 4593
f 3022 5725 4593
f 4954 5344 3022
f 5725 3022 5344
f 5144 4357 3047
f 4357 5665 3047
f 3047 5822 5144
f 5535 5569 3047
f 5665 5535 3047
f 5569 5822 3047
f 5166 3300 3114
f 3300 5932 3114
f 5364 3114 4338
f 3114 5932 4338
f 5166 3114 4430
f 5364 4430 3114
f 4177 3117 3833
f 4311 3117 4177
f 5557 3129 4894
f 5751 4894 3129
f 5557 5368 3129
f 5368 6094 3129
f 4515 3145 3144
f 4206 4660 3144
f 4660 4515 3144
f 4515 4461 3145
f 4988 4806 3145
f 5555 4047 3148
f 4163 5555 3148
f 3936 3221 3155
f 4648 3155 3221
f 3989 3155 3529
f 3155 4648 3529
f 3954 3936 3155
f 3989 3954 3155
f 3156 4925 3901
f 3901 5755 3156
f 4925 3156 4624
f 5485 4624 3156
f 5755 5485 3156
f 4462 4246 3203
f 4246 5841 3203
f 3203 4854 4462
f 3203 4846 4854
f 3203 5841 4846
f 4624 3218 3675
f 3218 5288 3675
f 4624 5396 3218
f 5446 5288 3218
f 5446 3218 5396
f 3221 5756 4648
f 3221 5353 5756
f 3974 3226 3917
f 4167 3917 3226
f 4951 3226 3974
f 3226 4497 4167
f 4951 4446 3226
f 4446 6031 3226
f 3226 6031 4497
f 4502 3228 4446
f 6031 4446 3228
f 4502 5844 3228
f 3228 5844 4927
f 4927 6031 3228
f 5206 3847 3269
f 3847 5993 3269
f 3269 4953 4562
f 4562 5270 3269
f 5993 4953 3269
f 5206 3269 5026
f 5270 5026 3269
f 4082 3529 3277
f 3529 5239 3277
f 3277 5649 4082
f 4636 5157 3277
f 3277 5239 4636
f 5157 5649 3277
f 5071 3285 4640
f 5241 4640 3285
f 5098 4752 3285
f 4752 5652 3285
f 5418 3285 5071
f 5418 5098 3285
f 3285 5652 5241
f 4469 4045 3299
f 4045 4762 3299
f 5025 4453 3299
f 4453 5259 3299
f 3299 5259 4469
f 4762 5017 3299
f 5017 5025 3299
f 3300 5773 4453
f 4453 5932 3300
f 4027 5339 3313
f 3313 5374 4027
f 5686 4894 3313
f 5751 3313 4894
f 5339 5686 3313
f 5751 5374 3313
f 3952 3393 3930
f 4272 3930 3393
f 3952 4925 3393
f 4750 4272 3393
f 4925 4750 3393
f 4441 4440 3401
f 5332 4441 3401
f 3401 5571 5332
f 4375 3406 4417
f 4749 4417 3406
f 3682 5629 3416
f 4313 3416 4080
f 4998 4080 3416
f 5629 4998 3416
f 4375 3418 3847
f 3418 5993 3847
f 4417 3418 4375
f 4948 5887 3418
f 5887 5993 3418
f 3441 5973 4216
f 4749 3441 4417
f 4749 5973 3441
f 4895 4564 3447
f 3447 6020 4895
f 3447 5846 4962
f 4962 6020 3447
f 5690 5846 3447
f 3988 3946 3516
f 4081 3516 3946
f 4188 3988 3516
f 4246 3516 4081
f 4462 4188 3516
f 4462 3516 4246
f 4648 5239 3529
f 5396 5485 3546
f 5755 3546 5485
f 3576 4514 3674
f 4710 4652 3576
f 4732 4206 3586
f 4082 5649 3591
f 4769 3591 4519
f 3591 5649 4519
f 4769 4695 3591
f 4935 4080 3647
f 5364 3647 4430
f 5364 4935 3647
f 5610 3662 4359
f 5790 4359 3662
f 5349 3662 5061
f 5349 5189 3662
f 5189 5790 3662
f 4045 3674 3889
f 3674 4975 3889
f 4514 4975 3674
f 3675 5983 4624
f 5377 5983 3675
f 3901 5629 3682
f 3682 5755 3901
f 4177 3833 3691
f 3691 4460 4177
f 3691 5127 4460
f 4736 3706 4449
f 4917 4449 3706
f 5132 3706 4736
f 4918 4917 3706
f 5132 4918 3706
f 3707 4737 4188
f 4188 5105 3707
f 4725 4918 3707
f 3707 5105 4725
f 5297 4737 3707
f 5297 3707 4918
f 3753 5885 4452
f 5420 5293 3753
f 3952 3764 3901
f 3764 5629 3901
f 3764 3952 3930
f 4157 3764 3930
f 4998 5629 3764
f 4992 5320 3794
f 3794 5461 4992
f 5320 5154 3794
f 5433 3794 5154
f 3794 5433 5233
f 5233 5461 3794
f 4344 3843 4183
f 3843 5892 4183
f 4909 3843 4344
f 4909 5422 3843
f 5422 5520 3843
f 5520 5892 3843
f 5206 4529 3847
f 5383 3870 4597
f 5386 4597 3870
f 5383 5715 3870
f 3870 5577 5386
f 5577 3870 5552
f 3870 5715 5552
f 4762 4045 3889
f 5344 4954 3889
f 5344 3889 4975
f 3952 3901 4925
f 4444 3974 3917
f 3917 4167 5555
f 5555 4444 3917
f 4652 3930 4272
f 4302 3936 3954
f 4006 3954 3989
f 4732 3954 4006
f 4684 4568 3965
f 4568 6049 3965
f 5420 3965 5293
f 4188 4737 3988
f 5532 4027 5374
f 5569 4027 5532
f 5569 5535 4027
f 5324 5089 4029
f 5089 5401 4029
f 5383 4029 5292
f 4029 5401 5292
f 4029 5731 5324
f 5383 5731 4029
f 5555 4167 4047
f 4736 4449 4076
f 4962 4076 4449
f 4076 5386 4736
f 4962 5285 4076
f 5386 4076 5285
f 4080 4563 4313
f 4774 4082 4542
f 4089 5574 4894
f 4894 5686 4089
f 5198 5498 4089
f 4089 5721 5198
f 5498 5574 4089
f 5686 5721 4089
f 5844 5359 4092
f 5189 5349 4117
f 5349 5484 4117
f 5484 5824 4117
f 5215 5053 4125
f 4125 6024 5215
f 5798 6024 4125
f 5053 4126 4674
f 4126 5630 4674
f 4734 5630 4126
f 4126 5741 4734
f 5215 4126 5053
f 5741 4126 5215
f 4452 4137 4163
f 4137 5555 4163
f 4444 5555 4137
f 4452 5885 4137
f 5885 5017 4137
f 4498 4924 4148
f 4924 5446 4148
f 4631 4235 4204
f 4710 4204 4235
f 4204 5773 4631
f 5259 5773 4204
f 4216 5973 4311
f 5220 5199 4216
f 4916 4235 4631
f 4962 4449 4238
f 4238 6020 4962
f 5489 6020 4238
f 4338 6049 4963
f 5145 5026 4344
f 5026 5270 4344
f 4357 5144 4514
f 4359 5868 4612
f 5790 5868 4359
f 5061 4636 4426
f 4426 5349 5061
f 5484 4426 5309
f 4426 5484 5349
f 5132 4736 4429
f 4736 5386 4429
f 5577 5350 4429
f 5386 5577 4429
f 4441 5195 4474
f 5332 5195 4441
f 5292 4638 4442
f 4638 5936 4442
f 5241 4442 4640
f 4442 5936 4640
f 5241 5715 4442
f 4442 5715 5292
f 4460 5127 4443
f 4443 5220 4460
f 5127 5049 4443
f 5223 4443 5049
f 5199 5220 4443
f 5599 5199 4443
f 5223 5787 4443
f 5787 5599 4443
f 4951 4593 4446
f 5033 4453 5025
f 5033 5932 4453
f 4453 5773 5259
f 4935 5364 4461
f 4854 4846 4472
f 4846 5963 4472
f 5320 4854 4472
f 5320 4472 5154
f 4484 4498 4877
f 4484 5020 4498
f 5052 4638 4484
f 4638 5302 4484
f 5138 4484 4877
f 5302 5020 4484
f 5138 5052 4484
f 4833 5269 4496
f 4496 6051 4833
f 5606 4496 5269
f 5377 6051 4496
f 5905 4924 4498
f 5020 5905 4498
f 5568 4593 4512
f 5725 4512 4593
f 5729 5568 4512
f 5725 5592 4512
f 5592 5729 4512
f 5501 4975 4514
f 5144 5501 4514
f 5623 4517 5448
f 4517 5787 5448
f 5723 5599 4517
f 4517 5599 5787
f 5623 5618 4517
f 5723 4517 5618
f 4953 4948 4518
f 4948 5612 4518
f 4518 5418 4953
f 5098 4518 5096
f 4518 5612 5096
f 5418 4518 5098
f 4519 5780 4769
f 5649 5157 4519
f 4953 5418 4562
f 5418 5071 4562
f 5071 5614 4562
f 5614 5270 4562
f 4761 4564 4745
f 5198 4745 4564
f 4988 4568 4806
f 4988 4963 4568
f 4963 6049 4568
f 4597 5952 5285
f 4597 5731 5383
f 5386 5952 4597
f 4725 5105 4608
f 5105 4992 4608
f 5461 4608 4992
f 5461 5208 4608
f 5138 4877 4612
f 4624 5983 4925
f 5485 5396 4624
f 5302 4638 5292
f 5071 4640 4972
f 4640 5597 4972
f 5936 5597 4640
f 4664 5552 5241
f 5241 5652 4664
f 5350 5552 4664
f 4664 5623 5350
f 5623 4664 5618
f 5652 5618 4664
f 5901 4674 5630
f 5963 4846 4680
f 5568 4685 5537
f 5598 5537 4685
f 5809 4685 5568
f 5598 4685 5794
f 6097 5794 4685
f 6097 4685 5809
f 4769 5780 4693
f 5780 5610 4693
f 4708 6051 5377
f 5889 5690 4708
f 5690 6051 4708
f 5224 4718 4909
f 5422 4909 4718
f 5384 4718 5224
f 5465 4718 5384
f 5596 5422 4718
f 5596 4718 5465
f 4917 4918 4725
f 4997 5892 4734
f 5520 5630 4734
f 5892 5520 4734
f 5198 5721 4745
f 4745 5721 5339
f 4750 5606 4832
f 5098 5096 4752
f 5618 5652 4752
f 4827 5269 4761
f 4761 5269 4833
f 5309 5756 4784
f 4784 5798 5309
f 5666 4784 5353
f 5756 5353 4784
f 5798 4784 5666
f 5233 5433 4801
f 5557 5233 4801
f 5368 4801 5249
f 5628 5249 4801
f 5557 4801 5368
f 5433 5628 4801
f 5535 5665 4827
f 5461 4872 5208
f 5489 5208 4872
f 5461 5369 4872
f 5369 5498 4872
f 5498 5489 4872
f 4875 5354 5454
f 4875 5834 5354
f 5596 5834 4875
f 5557 4894 5574
f 5223 5049 4918
f 5297 4918 5049
f 5223 4918 5132
f 5052 5138 4929
f 5650 4929 5138
f 5465 4929 5834
f 5650 5834 4929
f 5887 4948 4953
f 4953 5993 5887
f 5846 5285 4962
f 4972 5614 5071
f 5384 5224 4972
f 5224 5614 4972
f 5597 5384 4972
f 5302 5292 5020
f 5292 5401 5020
f 5401 5905 5020
f 5612 5043 5096
f 5199 5749 5043
f 5135 6024 5666
f 5822 5501 5144
f 5182 6094 5249
f 5794 5182 5598
f 5805 5182 5794
f 5805 6094 5182
f 5332 5628 5195
f 5199 5599 5749
f 5461 5233 5369
f 5552 5715 5241
f 5249 5628 5332
f 5249 6094 5368
f 5285 5952 5386
f 5292 5715 5383
f 5309 5798 5484
f 5721 5686 5339
f 5632 5592 5344
f 5725 5344 5592
f 5623 5448 5350
f 5577 5552 5350
f 5574 5498 5369
f 5751 5521 5374
f 5569 5532 5395
f 5532 5592 5395
f 5395 5632 5569
f 5592 5632 5395
f 5465 5834 5596
f 5794 6097 5521
f 6097 5809 5521
f 5729 5592 5532
f 5729 5809 5568
f 5632 5822 5569
f 5749 5599 5723
f 5666 6024 5798
g palm_pad
f 1411 60 82
f 82 60 1488
f 1412 60 1411
f 1412 3158 60
f 1487 1488 60
f 3158 1487 60
f 86 2189 61
f 5705 86 61
f 61 2189 2188
f 3692 61 2188
f 61 3692 5705
f 1424 101 62
f 101 2287 62
f 1425 1424 62
f 2286 1425 62
f 2287 2286 62
f 1449 102 63
f 102 3106 63
f 1449 63 1448
f 63 3105 1448
f 3105 63 3106
f 433 428 1230
f 433 6019 428
f 1229 1230 428
f 428 6019 1235
f 3692 434 429
f 434 6009 429
f 429 5705 3692
f 1238 435 430
f 3108 430 435
f 1239 1238 430
f 3108 1280 430
f 3105 431 436
f 436 431 5791
f 3106 431 3105
f 1414 432 437
f 1428 437 432
f 1415 432 1414
f 1429 1428 432
f 3015 433 1230
f 3015 2162 433
f 2162 6019 433
f 3797 1233 434
f 1233 6009 434
f 3692 3783 434
f 3783 3797 434
f 4087 435 1238
f 4653 3108 435
f 4087 3629 435
f 4653 435 3629
f 3262 436 1283
f 436 5791 1283
f 3774 3105 436
f 3774 436 3262
f 3885 1414 437
f 1428 1886 437
f 1886 3885 437
f 1442 735 734
f 735 3461 734
f 1443 1442 734
f 3460 734 3461
f 1442 5310 735
f 735 3598 3461
f 5310 3598 735
f 1481 743 738
f 743 3052 738
f 1482 1481 738
f 3051 738 3052
f 1481 3604 743
f 743 3633 3052
f 3604 3633 743
f 1408 787 788
f 788 787 1418
f 1409 787 1408
f 1417 1418 787
f 2630 1408 788
f 2255 788 1418
f 2630 788 2255
f 1420 790 789
f 790 1433 789
f 1421 1420 789
f 1432 789 1433
f 1420 2235 790
f 790 3198 1433
f 3198 790 2235
f 1484 792 791
f 1489 791 792
f 1485 1484 791
f 3538 1485 791
f 1490 791 1489
f 1490 3394 791
f 3538 791 3394
f 1450 795 796
f 5769 796 795
f 1451 795 1450
f 1451 3689 795
f 3496 795 3689
f 3496 5769 795
f 796 5769 1445
f 3822 3670 824
f 3670 4278 824
f 4387 3822 824
f 4278 4250 824
f 4351 824 4250
f 4387 824 4351
f 837 1824 836
f 837 836 2470
f 1823 836 1824
f 2469 2470 836
f 3483 1824 837
f 3483 837 2470
f 3152 881 880
f 881 4155 880
f 3151 3152 880
f 4155 4154 880
f 2314 2461 881
f 2314 881 3152
f 881 2461 4155
f 915 4130 917
f 4298 915 917
f 1229 915 4298
f 3977 917 1233
f 917 4130 1233
f 3977 3808 917
f 3808 4678 917
f 4678 4298 917
f 3049 920 919
f 920 6004 919
f 2957 919 1234
f 919 6004 1234
f 3049 919 1238
f 919 3622 1238
f 3622 919 2957
f 936 935 1284
f 936 6079 935
f 5553 935 1281
f 935 6079 1281
f 1283 1284 935
f 5392 1283 935
f 3319 5392 935
f 5553 3319 935
f 962 1409 961
f 1411 962 961
f 1408 961 1409
f 1408 2462 961
f 1412 1411 961
f 5783 1412 961
f 2462 5783 961
f 964 1415 963
f 2265 964 963
f 1414 963 1415
f 1414 4356 963
f 1418 2265 963
f 4356 1418 963
f 1421 966 965
f 1424 965 966
f 1421 965 1420
f 965 2192 1420
f 1425 965 1424
f 1425 1916 965
f 2192 965 1916
f 968 967 1429
f 968 6101 967
f 1428 1429 967
f 2173 1428 967
f 2278 967 1433
f 967 6101 1433
f 2278 2173 967
f 972 971 1443
f 1445 971 972
f 1442 1443 971
f 3785 1442 971
f 1446 971 1445
f 2908 971 1446
f 971 2908 3785
f 976 1449 975
f 1450 976 975
f 1448 975 1449
f 1448 2165 975
f 1451 1450 975
f 4834 1451 975
f 2165 2410 975
f 2410 4834 975
f 985 984 1482
f 1484 984 985
f 1481 1482 984
f 3327 1481 984
f 1485 984 1484
f 1485 1999 984
f 1999 3327 984
f 988 1488 987
f 1489 988 987
f 1487 987 1488
f 1487 5786 987
f 1490 1489 987
f 3344 1490 987
f 987 5786 3344
f 1823 1041 1042
f 1042 1041 2189
f 1824 1041 1823
f 3775 1041 1824
f 2188 2189 1041
f 3775 2188 1041
f 2469 1045 1044
f 3051 1044 1045
f 2470 2469 1044
f 3478 2470 1044
f 3052 1044 3051
f 3052 5262 1044
f 5262 3478 1044
f 3554 1115 3484
f 1115 5283 3484
f 3554 5876 1115
f 4124 3890 1115
f 3890 5283 1115
f 1115 5876 4124
f 2286 1123 1124
f 4155 1124 1123
f 2287 1123 2286
f 4154 4155 1123
f 3172 2286 1124
f 3172 1124 2461
f 1124 4155 2461
f 1125 3151 1126
f 1126 3460 1125
f 2577 2314 1125
f 2314 3152 1125
f 1125 3461 2577
f 3152 3151 1125
f 3460 3461 1125
f 3961 3170 1127
f 3170 5036 1127
f 3972 3961 1127
f 4361 3972 1127
f 4822 4361 1127
f 5036 4822 1127
f 4298 1230 1229
f 4678 3015 1230
f 4298 4678 1230
f 3776 3015 1231
f 4078 1231 3015
f 1231 4961 3776
f 4623 1231 4078
f 4934 1231 4623
f 4961 1231 4934
f 4130 1232 1233
f 1232 6009 1233
f 3977 1233 3797
f 1234 6004 1235
f 1235 6019 1234
f 2162 2957 1234
f 1234 6019 2162
f 3941 3638 1236
f 4322 1236 3638
f 4138 1236 3744
f 4322 3744 1236
f 4138 3941 1236
f 4316 5464 1237
f 1237 5726 4316
f 4722 1237 4630
f 5464 4630 1237
f 4722 4673 1237
f 4673 5151 1237
f 5151 5726 1237
f 3049 1238 1239
f 3622 4087 1238
f 4201 2688 1240
f 4937 1240 2688
f 3629 3363 1240
f 4255 1240 3363
f 1240 4937 3629
f 5450 4201 1240
f 4255 5450 1240
f 3812 1242 3621
f 1242 5687 3621
f 3976 3736 1242
f 4160 1242 3736
f 3976 1242 3812
f 4160 3983 1242
f 3983 5687 1242
f 3963 3731 1257
f 5283 1257 3731
f 1257 4623 3808
f 3808 4840 1257
f 4840 3963 1257
f 5283 4623 1257
f 3480 3280 1259
f 4061 1259 3280
f 4943 3480 1259
f 4061 5334 1259
f 4943 1259 4271
f 5334 4271 1259
f 1280 3108 1281
f 1281 6079 1280
f 3108 4653 1281
f 4653 5553 1281
f 2881 1282 2688
f 1282 5997 2688
f 4252 1282 2881
f 4143 3319 1282
f 1282 3319 5997
f 4252 4143 1282
f 1283 5791 1284
f 5392 3262 1283
f 2410 2165 1285
f 2165 5231 1285
f 1285 4064 2410
f 4064 1285 2628
f 4227 2628 1285
f 4166 4143 1285
f 1285 4143 4227
f 5231 4166 1285
f 4083 1349 2370
f 1349 4855 2370
f 1349 4698 3827
f 4754 1349 3827
f 4083 5554 1349
f 5554 4698 1349
f 4754 4855 1349
f 2462 1408 2294
f 1408 2630 2294
f 3668 2747 1410
f 2747 4831 1410
f 5041 3668 1410
f 4831 3740 1410
f 3740 5820 1410
f 5820 5041 1410
f 5783 3158 1412
f 3885 3246 1414
f 4356 1414 3246
f 3671 1416 3246
f 3773 3246 1416
f 3621 3430 1416
f 3773 1416 3430
f 1416 5579 3621
f 3671 5579 1416
f 2265 1418 1417
f 2255 1418 2161
f 1418 4356 2161
f 2255 2161 1419
f 2161 3430 1419
f 3058 2255 1419
f 4205 3058 1419
f 3983 1419 3430
f 3983 4205 1419
f 2192 2235 1420
f 2235 2192 1423
f 2672 1423 2192
f 3198 2235 1423
f 3972 1423 2672
f 3681 3198 1423
f 1423 5093 3681
f 5093 1423 3972
f 3172 1916 1425
f 2286 3172 1425
f 2173 1886 1428
f 2173 1431 1886
f 3908 1886 1431
f 2370 1431 2173
f 2370 4855 1431
f 3671 1431 3276
f 1431 4855 3276
f 3671 3908 1431
f 1433 6101 1432
f 3198 2278 1433
f 4083 2370 1434
f 2370 4237 1434
f 4896 4083 1434
f 4237 6023 1434
f 1434 6023 4896
f 3785 5310 1442
f 3323 3115 1444
f 4331 1444 3115
f 1444 5146 3323
f 4331 5176 1444
f 4619 5146 1444
f 1444 5176 4619
f 1445 5769 1446
f 3496 2908 1446
f 1446 5769 3496
f 3953 2908 1447
f 4131 1447 2908
f 3853 3799 1447
f 4625 1447 3799
f 4131 3853 1447
f 1447 5160 3953
f 4625 5160 1447
f 3774 2165 1448
f 3105 3774 1448
f 4834 3689 1451
f 3689 2410 1456
f 4064 1456 2410
f 3689 1456 3496
f 3853 3496 1456
f 4136 3853 1456
f 4136 1456 4064
f 3327 3604 1481
f 3604 3327 1483
f 4066 1483 3327
f 3633 1483 3407
f 4943 3407 1483
f 4066 3480 1483
f 4943 1483 3480
f 3633 3604 1483
f 3538 1999 1485
f 3480 1486 3280
f 4802 3280 1486
f 3480 4066 1486
f 3754 3745 1486
f 4802 1486 3745
f 1486 6017 3754
f 4066 6017 1486
f 3158 5786 1487
f 3394 1490 3344
f 3668 1524 2462
f 1524 5783 2462
f 3158 5783 1524
f 1524 5786 3158
f 3344 1524 3668
f 3344 5786 1524
f 3096 1916 1617
f 3172 1617 1916
f 3172 2461 1617
f 3511 1617 2461
f 3511 3096 1617
f 3775 3465 1694
f 3465 3803 1694
f 3783 3775 1694
f 3797 3783 1694
f 1694 4390 3797
f 3803 3963 1694
f 3963 4390 1694
f 3483 1822 3465
f 3803 3465 1822
f 4485 1822 3483
f 3791 3731 1822
f 3731 3803 1822
f 4485 3791 1822
f 3483 3465 1824
f 3775 1824 3465
f 5287 4169 1876
f 4169 5643 1876
f 4415 4218 1876
f 4218 5287 1876
f 1876 5323 4415
f 5643 5323 1876
f 3908 3885 1886
f 3096 2192 1916
f 1999 6017 3327
f 3754 1999 3538
f 1999 3754 6017
f 2035 5355 4052
f 4052 5896 2035
f 4459 2035 4374
f 4374 2035 5896
f 4459 5355 2035
f 2461 2314 2135
f 3225 2135 2314
f 2135 3511 2461
f 3225 3170 2135
f 3170 3961 2135
f 3979 3511 2135
f 3961 3979 2135
f 2881 2688 2141
f 2688 4201 2141
f 2141 4673 2881
f 4507 2141 4201
f 4507 5151 2141
f 5151 4673 2141
f 4057 3747 2142
f 3747 5770 2142
f 4057 2142 3896
f 2142 5171 3896
f 4200 5171 2142
f 2142 5770 4200
f 3773 2161 3246
f 2161 4356 3246
f 3773 3430 2161
f 4138 2957 2162
f 3776 2162 3015
f 4138 2162 3776
f 5231 2165 3774
f 2278 4237 2173
f 2173 4237 2370
f 2188 3783 3692
f 3783 2188 3775
f 2192 3096 2672
f 3941 2216 3271
f 3271 2216 4459
f 3941 3776 2216
f 3776 4961 2216
f 5355 4459 2216
f 4961 5355 2216
f 3058 2630 2255
f 3198 6023 2278
f 2278 6023 4237
f 2294 2747 2462
f 3058 2294 2630
f 2294 5694 2747
f 3058 5694 2294
f 3225 2314 2577
f 3225 2577 2315
f 3598 2315 2577
f 3225 2315 3170
f 3402 3170 2315
f 3598 3323 2315
f 3323 5146 2315
f 2315 5146 3402
f 3740 3736 2380
f 3736 4253 2380
f 3745 3740 2380
f 2380 4802 3745
f 4253 4802 2380
f 3689 4834 2410
f 2426 4322 3638
f 3638 5012 2426
f 4057 3896 2426
f 3896 5450 2426
f 5012 4057 2426
f 2426 5450 4322
f 3668 2462 2747
f 3483 2470 3478
f 2476 3792 3407
f 4943 2476 3407
f 3554 3792 2476
f 5876 3554 2476
f 4943 5333 2476
f 5333 5876 2476
f 3850 2881 2493
f 4673 2493 2881
f 3853 2493 3799
f 4722 3799 2493
f 3850 2493 4198
f 4198 2493 3853
f 4673 4722 2493
f 3461 3598 2577
f 4198 2628 3850
f 4227 3850 2628
f 4136 4064 2628
f 4198 4136 2628
f 4625 2637 4331
f 5176 4331 2637
f 4358 5176 2637
f 5464 4358 2637
f 4630 2637 4625
f 4630 5464 2637
f 3740 2647 3736
f 2647 4160 3736
f 4831 2647 3740
f 4160 2647 3983
f 4205 3983 2647
f 2647 5694 4205
f 4831 5694 2647
f 3511 2672 3096
f 3979 2672 3511
f 3972 2672 3961
f 3979 3961 2672
f 2688 5997 4937
f 3538 3394 2719
f 5041 2719 3394
f 3754 3538 2719
f 3754 2719 3745
f 2719 5820 3745
f 5820 2719 5041
f 5694 4831 2747
f 2775 3633 3407
f 3407 3792 2775
f 2775 4485 3478
f 3478 5262 2775
f 5262 3633 2775
f 3792 4485 2775
f 4252 2881 3850
f 3496 4131 2908
f 3953 3785 2908
f 3744 3622 2957
f 4138 3744 2957
f 5553 2979 3319
f 2979 5997 3319
f 4653 4937 2979
f 4653 2979 5553
f 4937 5997 2979
f 4678 4078 3015
f 3890 4934 3016
f 3016 5283 3890
f 4934 4623 3016
f 5283 3016 4623
f 3633 5262 3052
f 4205 5694 3058
f 4003 3807 3075
f 4389 3075 3807
f 5692 3075 3895
f 5717 3895 3075
f 3075 5692 4003
f 4389 4271 3075
f 4271 5717 3075
f 3323 5310 3115
f 3953 3115 3785
f 5310 3785 3115
f 3953 5160 3115
f 3115 5160 4331
f 3125 4698 3613
f 5323 3125 3613
f 4119 3125 3670
f 4278 3670 3125
f 4119 4566 3125
f 3125 5738 4278
f 4566 4698 3125
f 5323 5738 3125
f 3402 5036 3170
f 4316 3185 4169
f 4641 4169 3185
f 4316 5726 3185
f 4641 3185 4540
f 3185 5171 4540
f 5726 5171 3185
f 3186 4119 3723
f 5011 3186 3723
f 3827 4566 3186
f 4754 3827 3186
f 4566 4119 3186
f 3186 5699 4754
f 5011 5967 3186
f 3186 5967 5699
f 3681 6023 3198
f 3246 3885 3671
f 3812 3723 3256
f 3821 3256 3723
f 3976 3812 3256
f 3822 3256 3821
f 3822 5016 3256
f 3256 5016 3976
f 5231 3774 3262
f 5231 3262 4166
f 5392 4166 3262
f 3941 3271 3638
f 3271 5012 3638
f 4459 4374 3271
f 4374 5012 3271
f 3276 5579 3671
f 4855 4754 3276
f 5699 3276 4754
f 3276 5699 5579
f 4253 4061 3280
f 3280 4802 4253
f 4143 5392 3319
f 3598 5310 3323
f 3327 6017 4066
f 5041 3394 3344
f 5041 3344 3668
f 3747 4374 3353
f 5770 3747 3353
f 4351 4250 3353
f 4250 5770 3353
f 5896 4351 3353
f 4374 5896 3353
f 3744 3363 3622
f 3363 4087 3622
f 4087 3363 3629
f 4255 3363 3744
f 4619 4327 3402
f 5036 3402 4327
f 5146 4619 3402
f 4124 3419 3890
f 3419 4934 3890
f 4124 4052 3419
f 3419 4052 5355
f 4961 4934 3419
f 5355 4961 3419
f 3621 5687 3430
f 3430 5687 3983
f 4485 3483 3478
f 4327 3481 4218
f 3481 5287 4218
f 4327 4619 3481
f 4619 4358 3481
f 4358 5287 3481
f 3791 3554 3484
f 3791 3484 3731
f 5283 3731 3484
f 4131 3496 3853
f 3792 3554 3791
f 4507 3896 3558
f 3896 5171 3558
f 5151 4507 3558
f 5726 5151 3558
f 5171 5726 3558
f 4415 3609 4109
f 3609 4822 4109
f 4415 5554 3609
f 4939 4822 3609
f 3609 5554 4939
f 4415 5323 3613
f 3613 5554 4415
f 4698 5554 3613
f 3621 5011 3812
f 3621 5967 5011
f 5579 5967 3621
f 3629 4937 4653
f 3821 3723 3670
f 4119 3670 3723
f 3822 3821 3670
f 3908 3671 3885
f 5093 4896 3681
f 4896 6023 3681
f 3723 3812 5011
f 3963 3803 3731
f 3976 4253 3736
f 3745 5820 3740
f 4322 4255 3744
f 3747 4057 5012
f 3747 5012 4374
f 4138 3776 3941
f 4485 3792 3791
f 4390 3977 3797
f 4630 4625 3799
f 4722 4630 3799
f 4052 3807 4003
f 4124 3807 4052
f 4389 3807 4124
f 3977 4840 3808
f 3808 4623 4078
f 4678 3808 4078
f 4387 3895 3822
f 5016 3822 3895
f 5016 3895 3823
f 3895 5717 3823
f 4061 3976 3823
f 5016 3823 3976
f 3823 5334 4061
f 5717 5334 3823
f 4698 4566 3827
f 4052 4003 3846
f 4003 5692 3846
f 3846 5896 4052
f 4387 4351 3846
f 4351 5896 3846
f 5692 4387 3846
f 4252 3850 4227
f 4136 4198 3853
f 4387 5692 3895
f 4507 4201 3896
f 4201 5450 3896
f 4316 4169 3933
f 5287 3933 4169
f 3933 5464 4316
f 5287 4358 3933
f 5464 3933 4358
f 4840 4390 3963
f 4361 5093 3972
f 4061 4253 3976
f 4390 4840 3977
f 4361 4083 4896
f 4083 4361 4939
f 4939 5554 4083
f 4327 4218 4109
f 4415 4109 4218
f 5036 4327 4109
f 5036 4109 4822
f 4124 5876 4389
f 4166 5392 4143
f 4252 4227 4143
f 4641 5643 4169
f 4641 4540 4170
f 5034 4170 4540
f 4170 5643 4641
f 5034 5738 4170
f 5323 5643 4170
f 4170 5738 5323
f 4250 5034 4200
f 4200 5770 4250
f 5034 4540 4200
f 4540 5171 4200
f 4278 5034 4250
f 4322 5450 4255
f 4389 5333 4271
f 5333 4943 4271
f 5334 5717 4271
f 5738 5034 4278
f 5160 4625 4331
f 4619 5176 4358
f 4939 4361 4822
f 4896 5093 4361
f 4389 5876 5333
f 5699 5967 5579
