# coarse_shortest_edge_2000.obj  (2000 v, 3156 f)  units: metres
v -0.037515616 0.005820910 -0.115175887
v -0.031180291 0.019172391 -0.114386774
v -0.028081190 0.005696012 -0.083584886
v -0.027624773 -0.000060588 -0.042411750
v -0.026998390 -0.009862500 -0.009059794
v -0.027672312 -0.048871262 -0.040890948
v -0.023520655 0.052825323 -0.003975795
v -0.025461175 0.009207677 -0.011037113
v -0.021353157 -0.009800000 -0.012602750
v -0.020486441 -0.007700205 -0.029271176
v -0.021915118 0.030731806 -0.024530526
v -0.022026668 0.006279487 0.001700000
v -0.011246997 -0.020936566 -0.102778155
v 0.014296731 0.033510554 -0.007240958
v -0.020339726 0.012126330 -0.040095068
v -0.018870301 0.028123514 -0.095923729
v -0.020357579 -0.056607004 -0.007904011
v -0.017576045 -0.032240955 -0.007467580
v -0.015230271 0.007778301 -0.002918909
v -0.020921952 0.011433547 -0.004231663
v -0.020163776 0.056495199 -0.008034596
v 0.010167188 0.013565319 -0.045789814
v -0.017534919 -0.027887441 -0.114494681
v 0.015300000 0.021802246 -0.062227138
v -0.014432724 0.042967324 -0.002919454
v 0.014484372 0.046668981 -0.027239417
v -0.016342444 0.031610476 -0.028716586
v -0.008061676 -0.032526740 -0.026949914
v -0.009080829 -0.028141529 -0.115881341
v -0.011126555 0.008536327 -0.028926966
v -0.027125488 -0.014847900 -0.042092003
v -0.029500000 0.034480846 -0.019129386
v -0.026003689 -0.017291054 -0.075308694
v 0.000786621 -0.032662821 -0.013645440
v -0.008573194 -0.000186613 -0.003796237
v -0.002999097 0.031469989 -0.018320738
v -0.026347982 0.004817186 -0.101531085
v 0.002871262 -0.030666902 -0.007233936
v 0.000286837 0.033374058 -0.005660015
v 0.003948567 0.026321289 -0.114913476
v 0.004860067 0.039742566 -0.003265769
v 0.004558327 0.013471944 -0.097727535
v 0.001737277 0.048689926 -0.029605919
v 0.002699595 0.014328076 -0.015231955
v 0.006832378 0.007974850 -0.027979976
v -0.008977468 0.032979476 -0.011777756
v 0.015300000 0.025911744 -0.036235722
v -0.029500000 -0.015424769 -0.075557217
v -0.029500000 -0.025872404 -0.062525738
v 0.010800000 0.016481479 -0.063212009
v 0.008925000 -0.042851143 -0.078851042
v 0.009024696 -0.031901719 -0.083795805
v 0.008286851 -0.010454297 -0.011073594
v 0.009548653 0.004360328 -0.044438811
v 0.008767267 -0.009525748 -0.010000000
v 0.009983027 0.050892165 -0.042606782
v 0.007367122 0.054964911 -0.007069583
v 0.018555479 0.009657414 -0.113854675
v 0.019777279 -0.005364166 -0.113481428
v -0.003842293 0.020145111 -0.020037503
v 0.008300000 -0.027323801 -0.033774292
v -0.009886508 -0.042679065 -0.018523252
v -0.006468601 -0.015672727 -0.080069919
v 0.008300000 -0.008614382 -0.073303522
v 0.010800000 0.025772174 -0.077890974
v -0.003984662 -0.019759049 -0.116499998
v 0.015300000 0.039533033 -0.024711148
v -0.002299709 0.042530573 -0.002333053
v -0.005746985 0.030900569 -0.026462946
v -0.024639970 0.015102271 -0.008311136
v -0.029500000 -0.032857819 -0.072665427
v -0.029500000 -0.021574016 -0.043633833
v 0.015300000 0.042080049 -0.072027348
v -0.026500000 -0.037751715 -0.039612302
v 0.008300000 -0.005766460 -0.062259387
v -0.029500000 0.040271921 -0.038929208
v 0.004795005 -0.006303441 -0.080788545
v 0.004778219 -0.004934476 -0.091667924
v -0.021432294 -0.016825002 -0.110644406
v 0.020333632 0.005883400 -0.108828619
v 0.008300000 -0.017025584 -0.010923410
v -0.016300669 0.006788516 -0.082035026
v -0.023028840 0.029226714 -0.087180281
v 0.012081578 0.040542690 -0.010792042
v -0.004985553 0.032435724 -0.017992862
v 0.010800000 0.020802377 -0.057122163
v 0.015300000 0.024391283 -0.072240378
v 0.015300000 -0.026180313 -0.027562715
v 0.008300000 -0.022439442 -0.066371390
v -0.006155992 -0.032383391 -0.018591037
v 0.015300000 0.003233974 -0.069695513
v -0.029500000 -0.016348812 -0.018483327
v -0.024287972 0.019548392 -0.097502659
v 0.001685248 0.004959351 -0.116499998
v -0.019664181 0.045517292 -0.005469561
v -0.002580891 -0.026391502 -0.080344966
v 0.001652226 -0.018000141 -0.079866291
v -0.023172759 -0.025244097 -0.079806501
v -0.026875001 -0.010000000 -0.003867721
v -0.028734355 0.004256272 -0.000206683
v -0.015590312 -0.048608643 -0.004934776
v -0.018394412 -0.000174335 0.001694986
v -0.003464345 0.024747695 -0.015547262
v -0.028388233 -0.052761497 -0.014933337
v -0.026500000 -0.028193695 -0.020149407
v 0.015300000 -0.026198291 -0.049788642
v -0.027583753 -0.038315245 -0.001448222
v -0.013792972 0.032592155 -0.016204859
v -0.038413769 0.005415190 -0.105671557
v 0.008300000 -0.043989191 -0.043556065
v -0.027437500 -0.026031677 -0.001600111
v -0.029500000 0.030946733 -0.013550304
v -0.007234120 -0.023919066 -0.105723463
v -0.017999926 -0.003163858 -0.081164304
v 0.004645595 0.013559242 -0.089666479
v -0.007809842 -0.052282798 -0.016024560
v 0.011300000 -0.011835100 -0.090453977
v 0.011960851 0.012908704 -0.110472895
v -0.029500000 -0.004196214 -0.034694916
v 0.008300000 -0.012393080 -0.043981005
v 0.008300000 -0.019205197 -0.018935256
v 0.014067146 -0.019022532 -0.101266436
v -0.016460963 0.013244033 -0.019374809
v 0.012594048 0.010997480 -0.033390742
v 0.008300000 -0.042335716 -0.050202534
v -0.014379866 0.029410980 -0.102261601
v -0.026500000 -0.017611881 -0.052236095
v 0.008275246 0.012712234 -0.082424992
v -0.028615216 -0.042855317 -0.065455169
v 0.015300000 -0.013929604 -0.037924261
v -0.029500000 -0.012479475 -0.032530913
v -0.029500000 -0.047453334 -0.049522665
v 0.015300000 -0.022798710 -0.064017057
v -0.025538248 -0.024834393 -0.099613853
v -0.029500000 -0.011402747 -0.050766459
v -0.017366654 -0.012987511 -0.103481065
v -0.018447619 0.020666274 -0.103499368
v 0.008534385 -0.034631825 -0.016243170
v 0.008420988 0.023826432 -0.024151020
v -0.019163652 -0.051655715 -0.023192165
v 0.007469400 0.024839270 -0.108464518
v 0.017939625 -0.012966650 -0.102421927
v 0.015300000 0.013375784 -0.029420293
v -0.000958358 -0.049530035 -0.028556322
v 0.000929905 -0.028114801 -0.103718644
v 0.005684127 -0.019704813 -0.090660167
v 0.008361061 -0.028860759 -0.028399813
v -0.029500000 -0.043523707 -0.035702106
v -0.025669534 -0.009804104 -0.019205829
v -0.029500000 0.011158705 -0.027139383
v -0.029500000 -0.039976405 -0.042273795
v -0.029500000 -0.035408235 -0.028956349
v -0.026671875 -0.032219347 -0.015106418
v -0.012031479 0.017211126 -0.022559085
v 0.013693866 0.047065307 -0.063853872
v -0.000607512 0.014771963 -0.110187818
v -0.005815019 0.005781592 -0.093641047
v 0.008300000 -0.037839270 -0.056626927
v 0.008300000 -0.018602432 -0.058136474
v -0.030200129 0.005639690 -0.116499998
v -0.026500000 -0.037531933 -0.069076445
v 0.008300000 -0.032949892 -0.074355073
v 0.008300000 -0.028616761 -0.057883599
v 0.008520838 -0.003094436 -0.116499998
v 0.015300000 -0.011081866 -0.047002376
v -0.003031802 0.023040494 -0.108204667
v -0.013724028 0.017519551 -0.116499998
v -0.003822061 -0.029115257 -0.111764920
v 0.008300000 0.004381020 -0.034701904
v -0.001602938 -0.009793587 -0.023014380
v -0.010867131 0.009800000 -0.019257020
v 0.007016301 -0.054985348 -0.006516872
v -0.023982753 -0.013772852 -0.006434646
v -0.024487909 -0.048325236 -0.049542953
v -0.028078882 0.055603700 -0.008321404
v 0.008587287 0.019046899 -0.031790593
v -0.028562500 -0.018696491 -0.003816170
v -0.026500000 -0.036466189 -0.057422280
v 0.006204160 0.016445089 -0.040113299
v -0.028590816 -0.002092195 -0.100196531
v -0.026166335 -0.032671823 -0.023093663
v -0.029500000 0.001282292 -0.023358726
v 0.013376899 -0.033683720 -0.006618632
v 0.012790298 -0.025831898 -0.005905906
v 0.008300000 -0.006569184 -0.034617156
v -0.011592533 0.001924266 -0.105138975
v -0.006446663 -0.007513879 -0.096185986
v 0.002854208 0.002869759 -0.088551708
v -0.001768191 0.026712207 -0.084704584
v 0.006966852 0.029490462 -0.015510389
v -0.011555917 -0.032880279 -0.012911592
v -0.009447073 -0.008954058 -0.116499998
v -0.026500000 -0.021936685 -0.009805459
v 0.008300000 0.021351636 -0.009930340
v 0.007899828 0.011540018 -0.116499998
v -0.027547016 -0.003724764 -0.001014495
v -0.017607791 -0.028000001 -0.086975400
v 0.006127482 -0.018538383 -0.116499998
v 0.009676786 0.023215990 -0.101048896
v -0.022928507 0.021495968 -0.083783693
v 0.006805992 -0.008681407 -0.016292473
v -0.029500000 -0.026812094 -0.028111572
v 0.015684660 0.014869134 -0.096271337
v 0.010800000 0.018155967 -0.071349302
v 0.001946909 0.011428759 -0.024141971
v -0.030483294 -0.011116273 -0.116499998
v 0.012744970 -0.039805583 -0.084553929
v -0.026543728 -0.011870075 -0.027723898
v 0.003475748 0.013823750 -0.103249158
v -0.026500000 -0.020360111 -0.067034300
v -0.036956826 -0.010547407 -0.109101142
v 0.002161532 -0.044542127 -0.010674027
v -0.020668516 0.043801599 -0.019252780
v -0.012957397 -0.009800000 -0.017565344
v -0.026336574 -0.009713079 -0.109391153
v 0.002455902 -0.051770752 -0.055703938
v -0.006195964 -0.052870656 -0.050610678
v 0.011668514 -0.049133299 -0.036680407
v 0.015300000 0.038183974 -0.058238614
v -0.019170178 -0.009800000 -0.022047084
v 0.006175259 -0.023500082 -0.078769346
v 0.008642339 -0.002916906 -0.002118570
v -0.008209513 -0.009800000 -0.012421505
v 0.015262568 -0.006612706 -0.011087901
v 0.012984661 0.003255063 -0.029250893
v 0.003255100 0.018415633 -0.116499998
v 0.015300000 -0.030567635 -0.028913301
v -0.020666396 0.027613685 -0.107768188
v 0.008300000 -0.018415645 -0.074249943
v -0.016365557 0.024171800 -0.116499998
v -0.005450651 0.018965900 -0.040036536
v -0.017279533 0.005356672 -0.029800000
v -0.000896221 0.038194678 -0.028970323
v -0.002241586 -0.003065596 -0.000220182
v 0.015300000 -0.029486206 -0.018686264
v 0.015300000 -0.019432242 -0.053644138
v 0.011448776 -0.049908654 -0.055424541
v -0.008018676 -0.028091746 -0.089202921
v -0.013071816 0.038450918 -0.031701635
v -0.008294461 0.030644215 -0.017418298
v 0.008426399 0.028083266 -0.085967862
v 0.015300000 0.008732531 -0.052344318
v -0.015187260 0.010237500 -0.010547007
v -0.031184232 0.001898755 -0.093837676
v -0.018712000 -0.038479492 -0.018576331
v -0.022465387 0.032138506 -0.012439191
v -0.024381675 -0.004535998 -0.080176652
v 0.006573994 0.026736927 -0.041359489
v -0.015485094 -0.028394089 -0.094755475
v 0.012611628 0.047236636 -0.075833871
v -0.009105109 -0.002624577 -0.110279628
v 0.009183472 0.014085543 -0.003336009
v 0.011969485 0.004493905 -0.116499998
v -0.023202889 0.019936347 -0.090819206
v -0.028327437 -0.010578471 -0.000356708
v -0.000306215 -0.002842198 -0.011249636
v -0.026500000 -0.025340412 -0.045435797
v 0.015300000 0.014279739 -0.076785420
v 0.004869384 0.030213602 -0.034315010
v -0.008030545 0.011514229 -0.023165039
v -0.012787858 -0.029732817 -0.108696890
v -0.007682918 0.010226383 -0.082335799
v -0.024514874 -0.043644865 -0.031111984
v -0.000487117 -0.031953306 -0.023506919
v -0.018315464 0.012898901 -0.090508296
v -0.021554228 0.018052873 -0.040615229
v 0.010800000 0.014958271 -0.053080708
v 0.015300000 0.006921650 -0.077709591
v 0.013866524 0.011178005 -0.084350429
v 0.015282231 0.024605174 -0.080227662
v 0.013807426 -0.005244852 -0.084217666
v -0.004392094 0.018432659 -0.102908704
v -0.029500000 -0.022301601 -0.021689443
v 0.015300000 -0.016872562 -0.018240768
v -0.007235956 0.028973365 -0.090148319
v 0.012539275 0.008348562 -0.092825497
v -0.026500000 -0.008327822 -0.073411284
v -0.029500000 -0.033718931 -0.065558943
v -0.006666582 0.015515545 -0.026405169
v 0.015300000 -0.003337990 -0.047107230
v -0.028266380 -0.025727633 -0.091027774
v 0.015300000 -0.016342590 -0.077376720
v 0.008300000 -0.045196318 -0.065405955
v 0.010183435 -0.054343036 -0.028383397
v 0.008184169 0.006555164 -0.107176973
v -0.002526591 0.013372345 -0.104300447
v -0.017982038 0.041852356 -0.025922565
v -0.006069837 0.001968690 -0.027690626
v -0.008938524 0.027427686 -0.083954341
v -0.015518654 -0.000538347 -0.116499998
v -0.029500000 -0.035867539 -0.020053365
v -0.028328125 -0.004685567 -0.055425234
v -0.014845561 0.022253813 -0.035895189
v -0.016364933 0.029625524 -0.020179708
v 0.016935213 -0.014679695 -0.108527762
v -0.026751998 -0.009825000 -0.005233456
v -0.026609375 -0.011490707 -0.012639835
v 0.008300000 -0.015589853 -0.032063146
v 0.013065521 -0.047601856 -0.082403238
v -0.029344313 0.039498673 -0.007982432
v 0.008300000 0.042652508 -0.038517288
v 0.015300000 -0.022592341 -0.013926194
v -0.008491605 -0.000312784 -0.116499998
v 0.006100617 -0.050792416 -0.022378241
v 0.008300000 -0.035110006 -0.048043342
v -0.026500000 -0.034656445 -0.048749274
v -0.012681118 -0.043562788 -0.011983462
v -0.029500000 -0.040101134 -0.058152787
v -0.029500000 -0.030512746 -0.053753450
v -0.027019959 0.045308374 -0.034721287
v -0.025797675 0.012116920 -0.017129472
v -0.034354761 -0.015917903 -0.104369568
v -0.001094978 -0.011838346 -0.116499998
v 0.009800000 0.024357611 -0.001365749
v -0.028740567 -0.009669122 -0.098807100
v 0.015300000 0.003025416 -0.061888415
v 0.015300000 0.003179634 -0.033530434
v -0.026958804 -0.051259875 -0.022504336
v 0.009072262 -0.053048728 -0.012603887
v 0.005298988 0.010735205 -0.036628218
v 0.010645000 0.036061857 -0.051460750
v -0.029500000 0.045603682 -0.027113713
v 0.002876948 -0.021113493 -0.098461219
v -0.009713736 -0.006356150 -0.080885000
v -0.020107300 -0.039659342 -0.025219438
v -0.027739399 -0.016305865 -0.101884622
v -0.032890237 0.017818873 -0.105835602
v 0.015300000 -0.033274521 -0.033656393
v -0.026500000 -0.032063708 -0.036190826
v -0.029500000 -0.034231411 -0.011894706
v -0.029500000 0.026374139 -0.035989414
v -0.024857239 -0.053105344 -0.047928182
v 0.006543862 0.030948289 -0.027030723
v -0.031940348 -0.015322897 -0.095513634
v 0.015300000 0.021101640 -0.050973703
v 0.008300000 -0.036235913 -0.036912018
v 0.002759198 0.031845523 -0.012026385
v 0.002272060 -0.013000366 -0.004361775
v -0.008172220 0.019270469 -0.083127055
v -0.020944831 0.007340861 -0.116499998
v -0.019358522 0.024949876 -0.041399050
v 0.002050761 0.031298922 -0.021909739
v 0.015300000 0.012208021 -0.070472890
v -0.022823673 0.020541377 -0.017514900
v 0.010800000 0.008965708 -0.070614849
v -0.000446333 -0.004390174 -0.116499998
v -0.000865518 0.010828906 -0.093007665
v -0.036664666 -0.007127780 -0.095153657
v 0.001646226 -0.028000001 -0.085235639
v -0.001305113 -0.053785585 -0.012461904
v -0.014922034 0.050514534 -0.005228740
v -0.015598912 -0.050051635 -0.030618573
v -0.021193327 -0.045511237 -0.024656542
v 0.001246753 0.011896381 -0.008291186
v -0.012792600 -0.002758264 -0.011490508
v -0.029500000 -0.005869765 -0.087126069
v -0.026504606 0.013353866 -0.011095015
v 0.010800000 0.015210118 -0.077306025
v -0.012026428 0.010665436 -0.037360903
v 0.002566996 -0.004103447 -0.019143115
v 0.015300000 -0.000520967 -0.073675981
v -0.019687073 0.009979171 -0.111968876
v -0.026500000 -0.021841360 -0.018832052
v 0.008300000 -0.017210528 -0.039388989
v -0.026500000 -0.041949047 -0.044926128
v -0.026500000 -0.023985522 -0.034696493
v -0.017394331 -0.049439186 -0.057337908
v 0.015300000 -0.031969618 -0.072255520
v 0.005363628 -0.025336189 -0.115274399
v -0.003212636 0.039009828 -0.014505625
v 0.010800000 0.040805015 -0.070642651
v -0.027618073 0.041731007 -0.045509143
v 0.002818576 0.004495978 -0.000397047
v -0.021576430 -0.008463864 -0.000371735
v -0.026802037 0.028413555 -0.026349469
v 0.015300000 0.020145503 -0.015586461
v -0.027625275 0.047314397 -0.003574193
v 0.015300000 0.014227725 -0.043761696
v 0.010800000 0.031957872 -0.064425618
v 0.008300000 0.035975186 -0.036943410
v -0.026187500 -0.033349124 -0.006261868
v 0.004586597 0.009771566 -0.020056562
v 0.001913031 0.018760687 -0.083082454
v -0.012308111 0.043453275 -0.019205840
v -0.019291701 0.015272111 -0.025133137
v 0.001897465 0.018308185 -0.023856783
v -0.001200280 -0.046119334 -0.003079535
v -0.029500000 0.009085059 -0.008557531
v 0.008300000 -0.013142913 -0.016814173
v 0.011580027 -0.019093011 -0.088385198
v -0.000739070 -0.004063114 -0.027100001
v 0.001789111 0.005874872 -0.027100001
v -0.028281250 -0.040135575 -0.076420435
v 0.015300000 0.029579706 -0.057541757
v 0.011260640 0.039491011 -0.005144998
v 0.015289044 -0.031310441 -0.078996301
v -0.021150194 0.005586849 -0.086761707
v -0.029500000 -0.023819365 -0.071431148
v 0.008300000 -0.035052189 -0.069545236
v -0.019383962 -0.043032658 -0.017980761
v -0.028347322 0.018951557 -0.041501642
v -0.027388694 0.035865018 -0.040860368
v 0.015300000 -0.003599188 -0.038802841
v -0.007016846 -0.012421565 -0.110736712
v -0.028468750 -0.032376130 -0.079159347
v -0.023414044 0.029714982 -0.020347221
v 0.004663882 -0.038418152 -0.011480209
v 0.015300000 0.001821883 -0.051550313
v -0.025116584 0.013391090 -0.100811900
v 0.008675000 -0.009679639 -0.010795434
v 0.015300000 -0.038122170 -0.066862401
v 0.006643669 0.052394018 -0.018844896
v -0.030276028 0.019565401 -0.092682899
v -0.000480156 -0.010547949 -0.080518279
v -0.011126334 0.051465371 -0.025367782
v 0.008300000 -0.028786080 -0.041459062
v 0.014349855 -0.025743570 -0.084313658
v -0.024600801 -0.022336025 -0.116499998
v 0.005341824 -0.041151631 -0.023626929
v -0.025462028 -0.001774091 -0.031048156
v -0.029500000 0.042182616 -0.018350170
v 0.008307813 -0.026502429 -0.018386132
v -0.016319612 0.027702732 -0.085541802
v -0.026431139 -0.034207578 -0.014225463
v 0.009715428 -0.050274155 -0.017444699
v -0.016444087 -0.052868689 -0.014930118
v -0.000995554 -0.036682829 -0.002760735
v 0.011673192 -0.030866572 -0.068195713
v -0.022970463 -0.047614734 -0.008614378
v -0.026500000 -0.012057206 -0.061906980
v -0.017200212 0.033956941 -0.006127444
v -0.004938094 -0.040777085 -0.029368102
v -0.029500000 0.019704465 -0.027301479
v -0.010247451 0.028626458 -0.037428805
v 0.014106698 0.011834678 -0.102741141
v 0.008094332 -0.041981205 -0.032195374
v 0.015300000 -0.041301395 -0.078871441
v 0.012347521 0.018461347 -0.114715025
v 0.001681152 0.003040320 -0.014437889
v -0.029500000 -0.042527764 -0.010119951
v -0.026500000 -0.010575626 -0.051966756
v -0.015255425 0.011033171 -0.028663557
v 0.015300000 -0.035347539 -0.060431447
v 0.015300000 -0.038948540 -0.072585286
v -0.004587915 0.008097971 -0.025470437
v 0.001481533 0.028027435 -0.100811750
v -0.029500000 -0.008833231 -0.024072257
v -0.029500000 0.010504488 -0.020064171
v -0.024922343 0.008486436 -0.025958718
v 0.008300000 -0.040823786 -0.071925954
v 0.013304719 -0.000615404 -0.092926028
v 0.011034901 0.050311271 -0.035032968
v 0.005229227 -0.049233666 -0.049324783
v 0.008300000 -0.014382728 -0.050616832
v -0.028596536 0.016587049 -0.083797129
v -0.012220015 -0.017902817 -0.108745059
v -0.026500000 -0.042274279 -0.052859121
v -0.029500000 -0.010332141 -0.004693332
v -0.029500000 -0.034183676 -0.006396355
v -0.029500000 0.027512873 -0.019490599
v -0.023039236 0.039414478 -0.029980480
v -0.024986374 0.031192507 -0.031613107
v 0.008232235 0.013200948 -0.025266245
v -0.029500000 -0.016373863 -0.083887400
v 0.008659953 -0.033261808 -0.009579796
v -0.015244805 -0.039291867 -0.031776628
v -0.020580167 -0.002390863 -0.089635693
v -0.013116333 0.003329159 -0.087800765
v -0.012653555 -0.002272696 -0.093604949
v -0.000958093 0.010591126 -0.116499998
v -0.024147273 -0.002798686 -0.013837654
v -0.006593225 0.002745810 -0.014247875
v 0.002645499 0.003971068 -0.094975506
v 0.009503657 -0.026300890 -0.091901737
v 0.014487273 -0.012273406 -0.082667210
v 0.010800000 0.027171479 -0.053032409
v 0.015300000 0.030400885 -0.044244480
v 0.007849987 0.010236292 -0.005405504
v 0.015300000 -0.036654318 -0.012269118
v 0.012864275 0.047131748 -0.050674563
v 0.008300000 -0.003362063 -0.041996392
v 0.010263637 -0.011532000 -0.005370311
v -0.017561081 -0.041908443 -0.000996215
v -0.028610029 0.026480438 -0.084674965
v -0.026500000 -0.028885622 -0.072626820
v 0.015300000 -0.007222689 -0.020893139
v 0.006337632 0.001802569 -0.027965761
v 0.011041799 -0.022202609 -0.109077905
v -0.009741045 0.000887026 -0.081518712
v 0.015300000 -0.019495007 -0.044388286
v 0.008726522 0.008027322 -0.009998713
v -0.029500000 -0.021740000 -0.032365669
v -0.026584867 0.033589370 -0.007881035
v -0.027628642 0.025241110 -0.045248849
v -0.002772937 0.031787092 -0.025406757
v 0.010126190 -0.049459158 -0.070261703
v -0.029500000 -0.006919184 -0.013658320
v 0.015300000 0.010422892 -0.037463589
v 0.010213873 -0.012963355 -0.105243377
v -0.020801547 -0.032897262 -0.012717476
v -0.017539331 -0.032317424 -0.019345058
v 0.015300000 0.030761440 -0.066003413
v -0.004824194 0.029491871 -0.106301271
v 0.010689613 -0.047247350 -0.005846840
v 0.010175000 0.002477535 -0.064379243
v 0.007298896 -0.014561091 -0.079779015
v 0.015300000 -0.045167326 -0.047138830
v 0.008247012 -0.009930521 -0.005480272
v 0.008735169 -0.009672199 -0.005591367
v -0.000600325 0.055382978 -0.010732110
v -0.016691175 0.016855966 -0.030085418
v 0.009444531 -0.030381510 -0.001642202
v 0.008409375 -0.029372458 -0.010825926
v -0.005867354 -0.049337565 -0.049688719
v -0.012272325 0.004018952 -0.022148554
v -0.029500000 -0.038360028 -0.050451821
v -0.029500000 0.005358105 -0.014961688
v -0.029500000 -0.000036944 -0.010569579
v -0.029500000 -0.016018187 -0.063408858
v 0.008799119 0.009875000 -0.005593793
v 0.015300000 0.039250372 -0.065321285
v -0.015988113 -0.006297400 -0.105324912
v 0.008300000 -0.028088651 -0.048785359
v 0.015300000 -0.015579202 -0.070197606
v 0.015300000 -0.028970587 -0.042365018
v -0.020233218 -0.044098101 -0.013680250
v -0.002633598 0.024033025 -0.026469592
v -0.029500000 -0.027150795 -0.013678870
v -0.029500000 0.003985041 -0.031383693
v -0.000712242 0.048301207 -0.012672165
v 0.015300000 -0.040046452 -0.036063708
v -0.007736882 0.011192934 -0.099502612
v 0.000343493 -0.013607208 -0.097288951
v 0.008154324 -0.006726186 -0.100832775
v -0.009072365 0.042229042 -0.013573836
v 0.015300000 0.006119491 -0.029101138
v 0.012303574 0.006704881 -0.031525418
v 0.009008629 -0.000463207 -0.024346114
v 0.009877505 -0.020312621 -0.002579222
v -0.038496410 -0.004193105 -0.105876093
v -0.036634649 0.009929087 -0.098640458
v 0.020470977 -0.004559542 -0.102309076
v -0.030966424 0.000907548 -0.104636373
v -0.002332862 -0.028474782 -0.093285925
v -0.026640980 0.009800000 -0.004149290
v 0.008136230 -0.039005712 -0.003779143
v 0.013742722 0.035405188 -0.079074074
v 0.006512791 -0.047985569 -0.028822965
v 0.009163219 0.034586346 -0.004571281
v 0.014428280 0.046560686 -0.016569127
v -0.024032641 -0.012251320 -0.091108486
v 0.015300000 0.003728461 -0.042895476
v 0.008160992 -0.033976083 -0.010714146
v -0.026989997 0.033273610 -0.006694740
v 0.001182066 0.050073713 -0.004787823
v -0.023651005 0.039150984 -0.023574275
v -0.022568695 0.026486700 -0.113776136
v 0.015300000 -0.037098770 -0.024570730
v -0.019651744 -0.027991133 -0.104412840
v -0.017942262 0.053421273 -0.013870224
v -0.025066950 -0.051500418 -0.028843448
v 0.012588195 0.006239205 -0.035279579
v 0.008797300 -0.033488542 -0.006505247
v -0.027415334 0.035019117 -0.000982855
v -0.022607173 -0.008300054 -0.102135514
v -0.010247388 -0.018342992 -0.094684015
v 0.008300000 -0.021455298 -0.051272205
v -0.015308012 -0.001541911 -0.101488938
v -0.003606522 0.000089534 -0.101345568
v 0.015300000 -0.008853825 -0.067276198
v -0.017443773 -0.021716837 -0.093020899
v 0.015300000 -0.022303369 -0.074387143
v -0.008760952 0.014652551 -0.092880017
v -0.009952139 0.017674641 -0.034322285
v -0.029500000 0.015116689 -0.006366475
v 0.012968769 0.048944120 -0.008372302
v -0.007592881 0.029539894 -0.114695430
v -0.014602401 0.029396949 -0.110206115
v -0.028490547 0.026770007 -0.092695422
v 0.010800000 0.033017722 -0.073110402
v -0.017657013 0.009800000 -0.024369031
v -0.006189536 0.020973692 -0.116499998
v -0.029500000 -0.042134699 -0.016608168
v -0.008997453 0.008907035 -0.005069359
v -0.008077288 0.045218131 -0.030765338
v 0.008683717 0.050055731 -0.028378774
v -0.029500000 0.014401588 -0.036618089
v 0.015300000 -0.031856319 -0.067021358
v 0.014473575 -0.047086020 -0.067955411
v -0.010465165 -0.037699316 -0.019937270
v 0.010800000 0.026430398 -0.060914911
v -0.010743410 -0.051376899 -0.057701875
v 0.008300000 -0.009800000 -0.008381758
v -0.026436584 0.010183019 -0.004624141
v 0.015300000 -0.004299772 -0.029743139
v -0.023776966 0.011292070 -0.034330024
v -0.004528459 0.050811059 -0.026867501
v 0.002425450 0.038948730 -0.010216005
v -0.027000001 0.009950000 -0.010009675
v 0.010210772 0.003110319 -0.019085209
v 0.009979950 0.024484302 -0.093785463
v 0.008795718 0.033111106 -0.007261379
v 0.011782117 0.008580824 -0.005729978
v -0.004800898 0.041143863 -0.008693490
v -0.026500000 0.005217171 -0.036552682
v 0.013035995 0.005134302 -0.024861336
v 0.015300000 0.038853675 -0.044009801
v 0.011710405 -0.026660016 -0.028754796
v -0.029500000 -0.028168890 -0.006965230
v -0.038369515 -0.000057317 -0.097423810
v 0.010537564 -0.051324890 -0.045269514
v -0.028131607 0.050008095 -0.019296891
v 0.007915274 -0.010893985 -0.023966768
v -0.026500000 -0.031122152 -0.062830657
v -0.014020569 -0.014646943 -0.080159663
v -0.027000001 -0.032823270 -0.010121094
v -0.029500000 -0.033012803 -0.036507448
v -0.007768699 -0.029844368 -0.100833874
v 0.006499010 -0.033037241 -0.026155239
v -0.020967937 -0.034513094 -0.029359079
v 0.007632760 0.011937667 -0.030247185
v -0.004830083 0.010731612 -0.032110398
v -0.024125042 0.046355797 -0.011175172
v 0.015300000 -0.011945610 -0.061277348
v 0.007857888 0.045873522 -0.003319202
v 0.008532895 -0.010000000 -0.009106388
v -0.003836769 0.016957803 -0.088283925
v -0.028272729 -0.047930761 -0.004292111
v -0.017662320 0.037717644 -0.000868806
v 0.007861761 -0.003520590 -0.107797280
v 0.015300000 -0.041458284 -0.059555397
v 0.008073049 0.013356408 -0.012087838
v 0.002373249 0.009453783 -0.082268205
v -0.022121735 0.010045023 -0.082842303
v 0.001709873 -0.040461829 -0.029168673
v -0.024297667 -0.052825265 -0.003194704
v -0.011808450 -0.006601451 -0.028732066
v -0.008015647 0.034757382 -0.029342789
v 0.008300000 -0.040189576 -0.067302224
v -0.026919472 -0.033464847 -0.006229942
v 0.010214062 0.004280252 -0.050396918
v -0.029500000 0.037204029 -0.028738837
v -0.026583142 0.027463253 -0.010424350
v -0.027000001 -0.033125198 -0.010112156
v 0.006837531 0.029693184 -0.004522350
v -0.004144145 0.039069370 -0.023176123
v -0.026999207 0.009950000 -0.005974700
v -0.026580222 -0.009996323 -0.005576289
v -0.026521855 -0.009444791 -0.008356804
v -0.034455364 0.012497312 -0.114827848
v -0.000452581 -0.052487943 -0.042355998
v 0.004627536 -0.010912147 -0.088816322
v 0.000064570 0.028869155 -0.093519281
v 0.015300000 0.016839377 -0.021656372
v 0.015300000 0.011815472 -0.062951302
v -0.029500000 -0.044741253 -0.026527336
v -0.025497809 0.024939606 -0.103440153
v -0.006546856 0.051753071 -0.009340606
v -0.011584708 0.029659112 -0.095546590
v -0.004894658 -0.020031419 -0.088536173
v -0.007649493 -0.005829672 -0.090769964
v -0.003791605 -0.010959186 -0.086952830
v -0.016041580 -0.018771385 -0.086207909
v -0.026637247 -0.010000000 -0.008539157
v -0.005512381 -0.022309360 -0.097257014
v -0.013033998 -0.008447263 -0.087548267
v -0.003095729 -0.000230918 -0.091693138
v -0.010668215 -0.009030334 -0.104614578
v -0.006867372 -0.015654567 -0.100744431
v -0.004675528 -0.005722262 -0.102699401
v 0.002292802 0.000483104 -0.103719644
v 0.002752254 0.007301178 -0.099761858
v -0.016548423 0.004848677 -0.097658307
v -0.012872550 -0.011399524 -0.095682879
v -0.009220867 0.002419798 -0.098434865
v -0.015809158 0.011272479 -0.103059717
v -0.004270688 0.006463245 -0.100392071
v -0.003075510 0.021553389 -0.095312575
v -0.013687643 0.016562420 -0.097425176
v 0.008047619 0.033008793 -0.006636374
v -0.031165301 -0.004658859 -0.094171205
v 0.014419275 -0.013211185 -0.095324002
v -0.019484367 -0.005806160 -0.096815429
v -0.005823407 0.026711168 -0.019595190
v 0.000424412 -0.011203109 -0.010984682
v 0.005905125 0.040330860 -0.029422253
v 0.003955844 -0.018669061 -0.104885975
v -0.022908718 -0.011171813 -0.080463698
v -0.021210223 0.010070514 -0.095305172
v -0.029500000 -0.005381595 -0.079264851
v -0.001763669 -0.017362010 -0.092558202
v -0.015333111 -0.024605738 -0.080170769
v -0.028375000 -0.004270741 -0.064247545
v 0.017073416 -0.006756222 -0.094904732
v -0.029315183 0.008931765 -0.108384847
v -0.029500000 0.029773501 -0.007635302
v -0.014859788 -0.052359101 -0.042974946
v -0.000841409 0.020836247 -0.035332170
v -0.016114532 -0.010230065 -0.116499998
v -0.009357403 0.008656313 -0.108561706
v -0.000738624 -0.006187827 -0.107224788
v 0.010800000 0.035381000 -0.058096113
v -0.014378411 0.018109929 -0.041026086
v -0.027752465 0.050038589 -0.040966372
v 0.007993573 0.035121116 -0.014548972
v 0.005070138 -0.008207423 -0.111811200
v -0.023538041 -0.003239470 -0.116499998
v -0.026937501 -0.033370469 -0.004942247
v 0.008800000 0.009218893 -0.003786532
v -0.020657454 0.022938449 -0.028101636
v -0.024015255 0.039655114 -0.000188083
v 0.015223942 0.045601261 -0.037628560
v -0.005038720 0.025504832 -0.031976334
v 0.014667089 0.025989639 -0.010507706
v -0.002020827 0.029633416 -0.037272276
v 0.007376951 0.018295116 -0.096884168
v 0.001477907 0.015765470 -0.095048303
v -0.000518965 -0.012148127 -0.105965489
v 0.001753184 0.019353582 -0.100732622
v -0.026500000 0.032593535 -0.005862738
v -0.028702723 0.025291558 -0.002586223
v -0.026500000 -0.019435685 -0.057879956
v -0.020807087 -0.013626806 -0.116499998
v -0.029500000 0.016959526 -0.013930529
v 0.015300000 -0.008525590 -0.074261845
v 0.012888189 0.002481752 -0.104260302
v -0.026094095 -0.024541176 -0.107820611
v 0.001442647 -0.005896857 -0.100286041
v -0.014119685 -0.001462101 -0.018140124
v -0.002371432 0.002981791 -0.109943924
v -0.008672601 0.010772653 -0.116499998
v 0.015300000 0.035719996 -0.014290930
v -0.023920076 -0.003714352 -0.109453028
v -0.015992751 0.003207808 -0.110880409
v 0.015300000 0.037263591 -0.050842764
v 0.013835978 -0.048931654 -0.026444426
v -0.026500000 0.038980972 -0.032839210
v -0.013777035 -0.019201179 -0.116499998
v -0.015898381 -0.005925470 -0.002593882
v 0.008300000 -0.032860208 -0.063723385
v -0.032059514 -0.018014039 -0.112566992
v -0.029500000 -0.029490396 -0.020680795
v 0.008300000 -0.047166187 -0.076220396
v 0.013554540 -0.049076885 -0.074899526
v 0.015300000 0.029709352 -0.020273257
v -0.036913615 0.010824673 -0.107965672
v 0.013053351 -0.013409648 -0.115958026
v -0.024353924 0.014842601 -0.107899455
v 0.015300000 -0.041338857 -0.052848314
v 0.014422088 0.018689872 -0.105872568
v 0.013880177 -0.000162905 -0.112642521
v -0.007289427 0.001488643 -0.089082966
v 0.015221361 -0.044688363 -0.016923516
v 0.008300000 -0.021689763 -0.025623253
v -0.001607403 -0.051801449 -0.021526401
v 0.005614996 0.018175460 -0.107437669
v 0.004280772 -0.010884092 -0.106546413
v -0.029500000 -0.008430728 -0.070787812
v -0.028000000 -0.001389078 -0.073573903
v -0.018516385 0.051474632 -0.025261940
v -0.006010930 0.015851641 -0.015451781
v 0.015300000 -0.010848831 -0.031992662
v 0.015300000 0.011039040 -0.013977848
v 0.014190922 0.004940147 -0.007818187
v 0.012367470 -0.032217393 -0.024884591
v -0.009565449 -0.045298507 -0.031619209
v 0.015300000 -0.021857526 -0.034162296
v 0.015300000 -0.010669417 -0.052718949
v 0.004431072 0.022763587 -0.032857211
v -0.013078706 0.009214966 -0.092987347
v 0.015013496 -0.020235570 -0.007376332
v -0.013511931 0.024479036 -0.017895282
v -0.020571803 -0.036722628 -0.014367132
v 0.008300000 -0.010279303 -0.056098864
v -0.025387726 -0.029064862 -0.011363206
v -0.016597890 -0.011768750 -0.005613367
v -0.005756593 0.009800000 -0.013073851
v 0.008658576 0.035454591 -0.021795910
v -0.026949760 -0.007037844 -0.011683194
v 0.015300000 0.035805919 -0.032639641
v -0.010019835 -0.051359480 -0.025148380
v -0.011114554 0.031998493 -0.022990430
v -0.001772627 -0.003114411 -0.081168575
v -0.000768705 0.043385266 -0.017688511
v 0.009608684 -0.043402885 -0.011063367
v 0.013919468 0.045217799 -0.082931664
v 0.020473349 0.002766502 -0.097163450
v -0.019182474 0.039947225 -0.010360226
v -0.020175392 0.029831501 -0.038074476
v 0.015300000 -0.000725852 -0.023244371
v -0.024415627 -0.032601440 -0.017380192
v -0.027496026 -0.050620314 -0.056848699
v 0.013748384 0.002713254 -0.084307206
v 0.010800000 0.006308756 -0.057422549
v 0.008936399 -0.001493180 -0.057168609
v 0.015300000 -0.004198181 -0.055608968
v -0.029500000 -0.015891107 -0.010297503
v -0.016401229 -0.049420834 -0.048736947
v 0.002227110 0.023069862 -0.089289106
v -0.009318227 0.022607660 -0.023382513
v -0.007206598 0.034783929 -0.005565088
v -0.008127188 -0.049159965 -0.006914757
v 0.015300000 -0.031008138 -0.055102315
v 0.011220108 -0.022687729 -0.045919095
v 0.008300000 -0.006470717 -0.050013465
v 0.015300000 -0.021865033 -0.026262949
v 0.015300000 -0.013904842 -0.025341123
v -0.026500000 -0.023165379 -0.026262034
v -0.029500000 -0.024762863 -0.080530029
v -0.029500000 -0.011855666 -0.058431475
v 0.011586389 0.019274852 -0.088350581
v -0.023486703 0.018162649 -0.116499998
v -0.014999298 0.015907208 -0.084239746
v 0.015300000 0.001443392 -0.016269323
v 0.015300000 -0.035873286 -0.044747925
v 0.008300000 -0.014937516 -0.065582323
v -0.016131964 0.021039477 -0.090181957
v 0.015300000 0.027981370 -0.027106428
v 0.018336948 0.011920016 -0.104872981
v -0.030118077 0.012293466 -0.090972647
v -0.018429789 0.009800000 -0.016937384
v -0.013864505 -0.041776523 -0.023189797
v -0.026500000 -0.027734975 -0.053337719
v 0.010800000 0.024956106 -0.069347625
v -0.029500000 -0.016674804 -0.025780131
v -0.011051247 0.018984008 -0.108662576
v -0.020762070 -0.017470802 -0.094194352
v -0.029500000 -0.020504172 -0.053950157
v -0.000357608 -0.043450557 -0.017555352
v 0.019400597 0.002188733 -0.115461916
v -0.006694437 -0.009316746 -0.005087752
v -0.027861760 0.011583170 -0.043104719
v -0.017122491 0.030605190 -0.029839147
v 0.005870395 0.020221760 -0.016494125
v 0.008345510 -0.030117929 -0.005451505
v -0.001787102 0.012522016 -0.039472769
v 0.015300000 -0.029472505 -0.011412415
v -0.015722351 0.013044421 -0.116499998
v 0.013175707 -0.004145010 -0.006730571
v -0.022126921 -0.038437124 -0.008867287
v -0.027869688 0.011873047 -0.000297227
v 0.013847737 -0.007814261 -0.108778424
v -0.007118778 -0.037230807 -0.005743019
v 0.008230039 0.009770706 -0.006130972
v 0.009862500 0.000236332 -0.071245701
v 0.014993242 0.017641748 -0.082943520
v -0.029500000 -0.031597123 -0.045482670
v 0.015300000 0.006329511 -0.021519059
v 0.007382532 -0.007871868 -0.010003182
v -0.007671112 0.052068639 -0.018472412
v -0.015028764 -0.003862458 -0.024390758
v 0.001152123 0.010878433 -0.030432221
v 0.007542401 0.003169425 -0.080337281
v -0.016100866 -0.052775914 -0.051693583
v -0.029500000 0.006950717 -0.037485594
v -0.035109998 -0.003316891 -0.116289436
v -0.032609489 0.001157060 -0.110288304
v -0.029500000 0.027822252 -0.027649992
v -0.024679206 -0.040880534 -0.020749221
v -0.003788452 0.004868026 -0.001293758
v -0.005757787 -0.039913997 -0.014115798
v -0.004646693 0.000506790 -0.020850278
v -0.000200083 -0.033535902 -0.028435110
v -0.016594685 0.047066597 -0.031738308
v 0.010222468 0.020575202 -0.082432119
v -0.007362593 0.039037119 0.000737433
v 0.004173762 0.056785771 0.008810526
v -0.001078812 0.048161605 -0.001543997
v 0.001454409 0.032570137 0.009696630
v -0.004859881 0.033650116 -0.000545493
v -0.001486494 0.043472916 0.002777069
v -0.000998621 0.057627182 0.005610982
v -0.006849485 0.031457960 0.006921224
v 0.001156049 0.030473066 0.003880920
v -0.005144992 0.055297355 0.002741279
v 0.003612403 0.035014711 0.001917703
v -0.000336193 0.040554289 -0.000782374
v -0.007170703 0.056660038 0.010293877
v -0.004741084 0.057588234 0.016655064
v -0.002915267 0.032406318 0.016015824
v -0.006456676 0.054722693 -0.002049420
v 0.007586529 0.044671485 0.000358450
v 0.002594792 0.051638260 0.001934957
v -0.008284770 0.046402048 0.001523504
v -0.008717692 0.034255932 0.028314180
v -0.006946568 0.058348520 0.075464926
v -0.009364607 0.055752199 0.025952604
v -0.001441167 0.034589362 0.052077736
v 0.009800000 0.044964708 0.017098265
v -0.003851264 0.059812261 0.064990902
v 0.011214468 0.061084944 0.054135828
v 0.000820090 0.053787253 0.005982818
v -0.009597437 0.040376960 0.060462075
v 0.005191671 0.036738131 0.061125363
v 0.007158257 0.058773644 0.025318071
v 0.007984330 0.060228079 0.073882187
v 0.002831816 0.050039923 0.020221876
v 0.003271362 0.061028881 0.044492554
v 0.013654550 0.037481372 0.044717003
v 0.009897500 0.046841759 0.063628580
v 0.009834881 0.060689829 0.047625741
v -0.002990228 0.049724930 0.034155570
v 0.013800000 0.039751364 0.038495773
v 0.000280767 0.051132238 0.062954281
v 0.013800000 0.057227551 0.054148374
v 0.013800000 0.045589367 0.053178838
v -0.009478700 0.050484250 0.036885053
v -0.006511741 0.036516871 0.009495041
v -0.000379053 0.032912139 0.026144831
v -0.001471534 0.056214511 0.048488538
v -0.000482280 0.050337174 0.054668913
v -0.004999470 0.042896182 0.055877412
v 0.003042756 0.055579529 0.067784620
v -0.009505333 0.052748943 0.070580015
v -0.006211952 0.037661792 0.026832324
v -0.009800000 0.049804666 0.063444832
v 0.005751914 0.034148266 0.046607527
v 0.009800000 0.037059854 0.016346935
v -0.006453396 0.033481150 0.036443567
v 0.002261956 0.055605765 0.011190349
v 0.013495342 0.057229617 0.033648756
v 0.009151668 0.053176956 0.042420963
v -0.008923251 0.060699407 0.052622631
v 0.006668775 0.040340256 0.076687323
v -0.008773711 0.035407116 0.017114314
v -0.000767471 0.057637841 0.021412011
v 0.008342673 0.033456082 0.034204762
v 0.004444614 0.035589747 0.008905072
v 0.003060094 0.061649601 0.051587403
v 0.013559959 0.052031590 0.058481218
v 0.008920672 0.049980881 0.072748276
v 0.011967380 0.044348144 0.023560741
v 0.013800000 0.049340297 0.034842695
v -0.004776753 0.040401974 0.074091797
v 0.000619716 0.056058328 0.076777338
v 0.007261850 0.055184943 0.016985163
v 0.002955626 0.046471480 0.077644671
v -0.007686174 0.054443183 0.009164364
v -0.008097339 0.038682876 0.068211393
v 0.009067664 0.053333709 0.054318884
v 0.011831960 0.039296883 0.059966419
v -0.002836258 0.048878092 0.015526958
v 0.006465109 0.049640773 0.056687611
v -0.009081922 0.047096405 0.008875577
v -0.005591890 0.061131351 0.045663788
v -0.004244276 0.044785516 0.028878353
v -0.003731885 0.045748840 0.062140597
v -0.001911904 0.059793024 0.030366651
v 0.008535515 0.042834225 0.049531066
v 0.005334854 0.055039348 0.033186381
v 0.013481257 0.035970597 0.030582617
v 0.013036395 0.054869813 0.024595850
v -0.002703910 0.060540249 0.038907463
v 0.006172259 0.047749260 0.006158323
v 0.005814165 0.040634431 0.039412265
v 0.002632199 0.033492339 0.039538701
v 0.002185541 0.044433910 0.060262993
v 0.013585041 0.057142242 0.047886434
v 0.011818904 0.036537079 0.052153287
v -0.004790544 0.054590625 0.042194587
v 0.003510746 0.038898145 0.068690498
v 0.009905188 0.054501741 0.063196198
v 0.009800000 0.040274486 0.067425562
v -0.009800000 0.045271162 0.067852747
v 0.007284082 0.060170945 0.036253770
v -0.009411455 0.042018830 0.042316744
v -0.009800000 0.051217712 0.015657027
v 0.004876238 0.046884316 0.036957968
v 0.004802760 0.044415823 0.027479245
v -0.001812827 0.042418005 0.034803918
v 0.005976549 0.040609978 0.055321794
v -0.002260561 0.043992094 0.020005291
v 0.001146408 0.043123140 0.046811067
v 0.001593065 0.056613730 0.041105714
v 0.005460511 0.056726747 0.052141893
v -0.002924224 0.041025841 0.026304421
v 0.002602831 0.043650083 0.012799039
v -0.009800000 0.050812649 0.055673199
v -0.003726173 0.049113369 0.026829911
v -0.004889755 0.055966902 0.015318161
v 0.006971680 0.051900549 0.026351606
v -0.001608983 0.037701807 0.032541978
v -0.004635904 0.048928776 0.077389190
v -0.001532268 0.038560088 0.051275629
v 0.004103103 0.052581612 0.048210067
v 0.000249076 0.060540186 0.070756717
v -0.009493352 0.036432662 0.024031420
v -0.005591487 0.034806033 0.043648091
v 0.010677910 0.035291002 0.023763884
v -0.009800000 0.053554254 0.047891219
v 0.008652544 0.047346700 0.045846869
v 0.009300991 0.052398711 0.010621703
v 0.010438614 0.059856742 0.060779059
v 0.009178616 0.042613967 0.010345654
v 0.013800000 0.042456855 0.032350658
v -0.002708847 0.037596579 0.063913793
v 0.013800000 0.046643034 0.044731673
v 0.003840443 0.034828644 0.054812743
v -0.009800000 0.042487744 0.030573556
v -0.009800000 0.045194581 0.048434783
v 0.003540436 0.061455100 0.058352496
v 0.013531214 0.057210440 0.040337085
v -0.009800000 0.047836235 0.025091719
v -0.003537683 0.047245089 0.005859008
v -0.009452844 0.058226762 0.036472196
v 0.004598979 0.060101896 0.064758835
v -0.003182223 0.061490778 0.056951976
v 0.001297538 0.033956986 0.018385141
v -0.008887483 0.036079062 0.050354841
v -0.009800000 0.042036022 0.016105678
v -0.009800000 0.051531779 0.103883894
v -0.003143578 0.037916422 0.090106199
v -0.002341095 0.038041698 0.069846175
v -0.005016161 0.062170872 0.064978808
v -0.001123457 0.039761394 0.099768600
v 0.001356754 0.061539189 0.068952253
v 0.004232396 0.063061883 0.072462767
v -0.009800000 0.047045563 0.096235736
v -0.004451353 0.064767212 0.093818731
v -0.002461554 0.063391582 0.105827710
v -0.000096737 0.046369651 0.092991174
v 0.003493340 0.063911424 0.099143423
v -0.004218624 0.063302781 0.075699172
v 0.012705069 0.050533696 0.097027829
v -0.009503793 0.059627976 0.089062009
v -0.002706063 0.051612887 0.104208779
v -0.001744898 0.037224230 0.082194421
v -0.007622099 0.060982982 0.112174457
v 0.004218313 0.038122507 0.092461756
v 0.006455108 0.063458051 0.110288133
v -0.000939246 0.056860759 0.115338300
v -0.007543972 0.046263610 0.112956520
v -0.008520665 0.056424525 0.080405614
v 0.009800000 0.061994200 0.104512142
v 0.006175566 0.043240432 0.110863423
v -0.008924727 0.047523350 0.084942469
v 0.008002903 0.050114992 0.113886178
v -0.007412345 0.038569855 0.095673788
v 0.013800000 0.045044351 0.083347910
v 0.012960711 0.043386898 0.098042034
v 0.011854517 0.053710343 0.078768908
v 0.006156775 0.057694612 0.114381346
v 0.012233715 0.040579999 0.077987235
v -0.000243134 0.052242766 0.079805569
v 0.001405510 0.040478152 0.079651809
v 0.006315708 0.037402489 0.072041091
v 0.009759855 0.046941454 0.078234508
v -0.000032518 0.063738785 0.112520980
v -0.003162584 0.064461472 0.083734308
v -0.001379652 0.037168421 0.074026895
v 0.001383388 0.061129426 0.077618778
v 0.006197664 0.040875390 0.101260587
v -0.002234812 0.050043312 0.115897523
v -0.009764846 0.061736722 0.103187376
v 0.002593065 0.064964209 0.089473521
v -0.002513800 0.045156101 0.087453693
v 0.006154951 0.045771342 0.087973762
v 0.013800000 0.045944031 0.090196049
v 0.008145499 0.038038762 0.083904472
v 0.009275632 0.064383642 0.087377348
v 0.009906832 0.055248178 0.101453967
v 0.007850939 0.062846263 0.079985579
v -0.009305235 0.041036521 0.089348748
v -0.009800000 0.053658000 0.094946869
v -0.009511150 0.042951035 0.100726473
v 0.013765010 0.055809953 0.087186431
v 0.011309996 0.061222044 0.097648481
v -0.001016248 0.053303454 0.091581748
v 0.007105400 0.057426935 0.107398606
v 0.009786419 0.050376014 0.107762263
v 0.006502860 0.052283668 0.092971632
v 0.001314552 0.055512639 0.100196343
v 0.001909365 0.052395701 0.106907732
v -0.006940884 0.037731455 0.077886762
v 0.010685940 0.039152860 0.093335867
v 0.009800000 0.057863715 0.107708766
v -0.011082050 0.056054907 0.136030796
v -0.009296399 0.062386204 0.134790976
v -0.008377257 0.066668082 0.115278219
v -0.003992395 0.066081201 0.132823930
v -0.008373265 0.047623191 0.135533942
v -0.004064219 0.047678833 0.140873352
v -0.002049736 0.043805403 0.135138803
v -0.002206524 0.065196682 0.109862895
v -0.000445352 0.063515484 0.140735231
v 0.002105576 0.064637653 0.104349902
v 0.004053642 0.049819558 0.118564255
v -0.003828674 0.056499376 0.143878212
v 0.002263219 0.046104787 0.140440247
v 0.008954714 0.061348613 0.136453406
v 0.009996961 0.060919028 0.125573078
v 0.011439293 0.052038952 0.123149338
v 0.004237449 0.053423036 0.125686603
v -0.002689627 0.049947457 0.130832289
v 0.003501636 0.066159049 0.129184238
v -0.003978765 0.040836914 0.105830838
v 0.002825031 0.042150510 0.114048662
v 0.005543963 0.052927617 0.142900029
v -0.009760984 0.047560755 0.123908998
v 0.005961275 0.045641143 0.134627027
v -0.007348403 0.064606083 0.122477542
v 0.000787786 0.043125204 0.126609762
v -0.002679870 0.062687435 0.117375121
v -0.000719114 0.059928903 0.123552823
v 0.006776803 0.040641280 0.120104071
v -0.010973550 0.058622855 0.128159841
v 0.011721655 0.045560017 0.116444359
v 0.009982125 0.053865788 0.115764485
v -0.010191550 0.055710237 0.120358782
v 0.006896375 0.066437562 0.120530248
v 0.001910221 0.067205249 0.115088721
v 0.013510341 0.061046906 0.118658575
v 0.011297590 0.052727898 0.130450163
v 0.009916139 0.044515161 0.123430827
v -0.003297644 0.043882029 0.120352288
v 0.011555136 0.058545488 0.110849334
v -0.000459855 0.040760017 0.114648727
v -0.001506854 0.055450303 0.118639093
v 0.008513026 0.064883232 0.113436549
v 0.002205748 0.040263139 0.108481282
v -0.001652951 0.058829022 0.131071776
v -0.008195255 -0.011854141 0.020157017
v -0.006929442 0.012695001 0.005521154
v -0.005172946 -0.012069229 0.011957126
v 0.001932836 0.012556250 0.019141423
v 0.007682751 0.011516322 0.002966292
v -0.002064388 -0.006936257 0.005113058
v 0.006920574 -0.012570411 0.001210976
v -0.006506503 0.012792978 0.017942876
v -0.002363735 -0.013450000 0.015132092
v -0.008329533 -0.001210337 0.002030131
v 0.000374634 -0.000863638 0.001866549
v 0.003727233 0.012487500 0.010611921
v -0.006375330 -0.009887653 0.002462697
v -0.007150461 0.005774650 0.002387424
v 0.002517671 0.006673171 0.000953906
v 0.003135383 -0.012800250 0.007021793
v 0.000020331 -0.012648840 0.019499388
v 0.006252605 -0.012376568 0.011919483
v 0.001035029 0.008525172 0.005328503
v -0.003843273 0.002496096 0.005000000
v 0.006830228 -0.006429757 0.003871479
v 0.000235668 0.011250000 0.012916412
v -0.009293130 0.010784237 0.031338558
v -0.002572837 -0.000375258 0.046667584
v 0.007138195 -0.006376562 0.047475567
v 0.007394659 -0.010844302 0.077302390
v 0.011357423 -0.011276549 0.029168483
v 0.011119978 -0.011779268 0.061234394
v -0.008179365 -0.013204122 0.057828547
v -0.008663929 -0.009286046 0.063906052
v -0.002526564 0.000913182 0.008400179
v -0.009800000 0.002905665 0.027128836
v -0.007171835 0.012686577 0.040200931
v 0.001128731 0.005862563 0.027300202
v 0.007889655 0.003904404 0.032867849
v 0.008490343 0.008342157 0.074170769
v 0.012691474 -0.004236036 0.027349667
v 0.012047551 0.010371774 0.029675742
v 0.009800000 -0.004406178 0.019587914
v 0.001769213 -0.012296280 0.024642237
v -0.009800000 -0.004002453 0.028912043
v -0.000720027 -0.007162176 0.038434441
v -0.003255051 0.006747750 0.051711935
v -0.002869824 -0.013550000 0.034442188
v 0.000749181 -0.013550000 0.050732509
v 0.012736848 0.010588740 0.041240873
v -0.009070534 0.008754396 0.013968059
v -0.005251054 -0.007390831 0.050745454
v -0.009800000 -0.000889765 0.054162352
v 0.007332657 -0.013379691 0.053903727
v 0.009800000 0.003445933 0.068863913
v -0.002856072 -0.011786725 0.064895604
v 0.003728557 -0.004974339 0.030139796
v 0.000093377 0.010672657 0.069311706
v 0.007452487 -0.003552430 0.077369965
v -0.009800000 -0.007894248 0.051401473
v 0.013800000 0.004812581 0.045541488
v -0.003179807 -0.009881513 0.010261903
v -0.009346036 -0.001832786 0.042851890
v 0.013800000 -0.004523286 0.049439240
v -0.009123246 -0.007937744 0.012520476
v -0.001668686 0.009217226 0.009796657
v -0.004283155 0.007603491 0.079027618
v -0.002823097 -0.005955016 0.047213814
v 0.003283853 -0.004991211 0.065279544
v 0.009392728 0.010640752 0.062175588
v -0.007215572 0.000270784 0.078297635
v 0.011552045 -0.012340819 0.045364784
v 0.003515786 -0.002175594 0.015343931
v 0.005103036 -0.000718587 0.051097602
v -0.009537981 -0.010051901 0.034978654
v -0.003911259 0.010950000 0.018866159
v 0.001514645 0.003336596 0.053411704
v 0.010567330 0.002513118 0.022138847
v 0.002947495 0.011262500 0.020051124
v 0.003776795 -0.004974989 0.008387013
v -0.005480307 0.013330857 0.055654604
v 0.003639717 -0.003013569 0.042690698
v -0.000046487 -0.003884803 0.054773434
v -0.005630753 -0.011067491 0.019000930
v 0.008260578 0.000637959 0.011260062
v 0.003378202 0.013450000 0.055062184
v -0.002056025 0.002014443 0.064283867
v -0.009800000 -0.005699184 0.019926490
v 0.009498448 0.008742646 0.018050919
v -0.004466489 -0.001423159 0.059834830
v -0.000800046 -0.004755532 0.060429904
v 0.000428590 0.013450000 0.048919652
v -0.001148194 0.012520094 0.062040986
v 0.012133606 -0.001996329 0.062470715
v 0.004328383 -0.013550000 0.034135435
v 0.003037580 -0.013550000 0.040674577
v 0.002986849 0.013450000 0.040044119
v 0.009788228 0.012879289 0.047702718
v 0.006711816 -0.010130022 0.069922406
v -0.003056775 0.012357331 0.025726337
v 0.008364561 0.010039046 0.011650587
v 0.013433095 0.008243230 0.055669674
v 0.004264539 -0.007068696 0.057978631
v 0.013652949 -0.009186687 0.055639683
v 0.001604821 -0.002165426 0.074747145
v 0.002716956 0.005420240 0.039975887
v -0.001112914 0.000854884 0.043780137
v -0.009703343 0.001756405 0.015249203
v -0.000802732 -0.002418968 0.022646100
v 0.005700569 -0.009009956 0.039079352
v 0.013800000 0.001150112 0.035594252
v 0.007271919 0.002657521 0.041694578
v -0.009800000 0.002798725 0.034005252
v -0.004058930 0.007199264 0.035692087
v 0.000360227 0.013450000 0.033324172
v 0.009023383 0.005799902 0.050241413
v -0.009800000 -0.000680409 0.066465823
v -0.001038016 -0.010011611 0.076581140
v 0.013800000 -0.004908690 0.038299275
v -0.000147104 -0.013550000 0.058138911
v -0.009675163 0.007970607 0.071071735
v -0.009640773 0.008020518 0.058274149
v -0.009800000 0.008003088 0.021156333
v -0.008402342 -0.006863977 0.077384308
v -0.008948356 0.009391684 0.045619074
v 0.005895827 -0.010637153 0.013327396
v -0.007942277 -0.010210006 0.071725103
v -0.008860015 -0.011236401 0.026271347
v -0.006444601 -0.012524079 0.046092530
v -0.000524125 -0.001790173 0.079899997
v -0.007371466 0.012876538 0.095368679
v -0.006741464 -0.011732213 0.102811359
v -0.006661783 -0.012486502 0.066963246
v -0.001633647 0.010660888 0.105846356
v -0.001559338 -0.010700000 0.072408135
v 0.000536577 -0.012485474 0.068594355
v 0.005004373 -0.009687496 0.113878124
v 0.009319143 0.011175323 0.101119999
v 0.011038666 -0.011604464 0.099425451
v 0.011578716 -0.010146961 0.080807727
v -0.009800000 -0.004783718 0.097035931
v -0.002756212 -0.006322736 0.082500003
v -0.001606983 -0.003096485 0.099482545
v 0.004468605 -0.006979591 0.082500003
v -0.000814126 -0.005196970 0.090475641
v 0.001388613 0.007671379 0.100570274
v 0.010352376 -0.012736348 0.092115454
v 0.006658861 0.007701462 0.096127174
v -0.007037287 0.008460808 0.116855709
v -0.002403165 -0.001905706 0.113108455
v 0.001225611 0.011731250 0.070393629
v -0.009772676 0.006396765 0.111003867
v 0.013800000 0.002078562 0.089024788
v 0.012261821 0.009495392 0.082937196
v -0.003542777 0.010196553 0.082500003
v 0.009029529 0.012670324 0.090690585
v 0.008137220 -0.011350000 0.081297706
v 0.002144979 -0.010778658 0.105671718
v 0.007288526 0.008028141 0.115707389
v -0.008361529 -0.007730371 0.115604289
v -0.005305649 0.012365537 0.074259660
v 0.000015021 0.013450000 0.094182718
v -0.009800000 0.004104829 0.096218090
v 0.008421810 -0.007374141 0.092781640
v 0.003337720 0.012573124 0.083269625
v -0.000494777 0.003752374 0.103735558
v -0.005761538 0.010851205 0.111024880
v 0.004391271 0.001362687 0.112923138
v 0.008734239 0.005689777 0.089808138
v 0.013800000 0.004285312 0.096146210
v -0.009800000 0.000402859 0.090067121
v -0.001219551 -0.013381250 0.095202159
v 0.001017157 -0.000844960 0.082500003
v 0.002616543 -0.001173493 0.107156571
v 0.005518914 -0.013550000 0.087930703
v 0.009800000 -0.002458316 0.108064118
v 0.002422104 -0.013237500 0.076473100
v -0.006128826 -0.012204299 0.075251491
v -0.009023606 0.000204606 0.114886940
v 0.001124917 0.005618672 0.110588816
v 0.004489667 -0.002410878 0.093971400
v -0.000051734 0.003431822 0.096541224
v -0.001729561 -0.007208533 0.118097473
v 0.011781066 -0.003703999 0.101683579
v -0.001303629 0.004977256 0.090926835
v 0.005125194 0.004411007 0.082597331
v 0.002308798 -0.010914263 0.080850508
v -0.001292787 0.009181794 0.117500621
v -0.009096458 0.008892592 0.102919622
v -0.002293803 0.013450000 0.080896556
v -0.009800000 -0.002535285 0.106784643
v 0.000195651 0.012512500 0.100546711
v 0.006407671 -0.005513722 0.088474032
v 0.002305908 -0.000627168 0.118203704
v 0.009298972 -0.000975650 0.114646867
v -0.006013268 0.003039294 0.083046970
v 0.012441053 0.001493411 0.080655384
v 0.013800000 -0.005888569 0.094784538
v -0.009035348 -0.004971173 0.086377609
v -0.009142915 -0.012168928 0.094280054
v -0.009659921 0.009653907 0.086972069
v -0.000885823 -0.013198032 0.083425283
v 0.010870211 0.004908487 0.104761314
v 0.009408210 -0.013101885 0.082858708
v 0.002514070 0.010616531 0.110228240
v -0.004007794 0.013450000 0.088472800
v -0.004125483 -0.010675441 0.109480754
v -0.011807985 -0.000002477 0.133432017
v -0.008601706 -0.008002182 0.134698954
v -0.008049015 0.012487500 0.106542441
v -0.005964723 -0.008735858 0.141372499
v -0.003304621 -0.004457667 0.146221818
v 0.000698199 -0.000947279 0.121353401
v 0.002707690 -0.011927118 0.109832459
v 0.006711174 0.009221585 0.136608306
v 0.001925697 -0.010664218 0.140369158
v 0.004198472 0.006788948 0.143961721
v 0.006719482 -0.002657043 0.144596393
v 0.009622637 -0.006155554 0.137675195
v 0.013552213 -0.009413868 0.122241809
v -0.007083984 -0.000457602 0.127872497
v -0.003619872 -0.011185961 0.134857454
v 0.003089536 -0.005479300 0.128591473
v 0.001563847 -0.011527990 0.131752689
v 0.011551087 -0.000534628 0.135592067
v -0.005545882 -0.012133686 0.106377590
v -0.002974165 0.013450000 0.116204004
v -0.008911106 0.012175652 0.123313529
v -0.000725980 -0.013022607 0.122982314
v 0.004711877 -0.000847565 0.134216918
v -0.004088684 0.009917069 0.140259004
v -0.002742152 0.003822953 0.146566822
v -0.000054827 0.011953144 0.133353969
v 0.007125763 -0.003445525 0.119814596
v 0.005042072 0.010719706 0.128993388
v 0.011436463 -0.012205558 0.115714301
v 0.007093227 0.003275301 0.120451378
v 0.012963068 0.005382835 0.116527436
v 0.002277223 0.005145876 0.128914395
v 0.011692876 0.010658012 0.121389237
v 0.000607493 -0.008966049 0.119705667
v -0.003081589 0.011162500 0.114742483
v -0.000263506 0.012609754 0.124692795
v -0.009129349 -0.001938263 0.142925246
v -0.003881121 -0.004019579 0.135612204
v 0.009815602 -0.007132436 0.127931515
v 0.012934297 -0.003655796 0.115767055
v -0.010291266 0.004477454 0.139550389
v -0.008752119 0.007678905 0.131580416
v -0.007790952 -0.008816313 0.123668808
v 0.010477065 0.005265030 0.130592379
v 0.001041582 0.012266853 0.109123668
v -0.001344789 -0.013450000 0.113417029
v -0.007122846 -0.012312500 0.116889371
v 0.006573119 -0.012870405 0.121598708
v -0.010987404 -0.002746034 0.127359077
v -0.008258954 0.003001372 0.122004339
v -0.002988989 0.008386596 0.120899998
v 0.005032382 0.009888705 0.120207424
v -0.000022074 -0.001878460 0.132012423
v -0.009561319 0.012625000 0.115454774
v 0.009124836 -0.008987861 0.118020050
v 0.012167113 0.001680320 0.124910820
v -0.005689741 -0.057064468 0.012412016
v -0.000309512 -0.042855707 -0.000983722
v 0.003865376 -0.032724600 0.012670348
v -0.001457482 -0.032348574 0.018238793
v -0.001224322 -0.033043369 0.000275581
v -0.001809708 -0.036522528 0.003384876
v -0.005755150 -0.052967644 0.002540886
v -0.009545247 -0.034207772 0.001750715
v 0.003377487 -0.030746844 0.007010211
v -0.003850865 -0.030940237 0.009220697
v -0.002418131 -0.056732720 0.001364103
v 0.006489820 -0.034803567 0.002504067
v -0.003186508 -0.033079441 0.008429726
v 0.000729699 -0.056521247 0.009134489
v 0.007998770 -0.056281735 0.004541638
v 0.001327865 -0.053086586 0.002312753
v 0.009063143 -0.049794015 0.001541438
v 0.005695599 -0.056069024 -0.001297925
v -0.006382351 -0.045438236 0.001214052
v -0.007916612 -0.032474656 0.013948502
v 0.001274658 -0.049328889 -0.001735327
v 0.005637611 -0.044006129 0.001180881
v -0.009205393 -0.058447789 0.042357886
v -0.009040038 -0.037402830 0.042731885
v -0.009615313 -0.033831165 0.027853330
v -0.007654994 -0.037350845 0.060657592
v -0.000393378 -0.059609938 0.027126618
v -0.002826909 -0.056404344 0.016997160
v 0.003258611 -0.046386994 0.052772760
v -0.002320001 -0.059337986 0.074563472
v 0.003762123 -0.060234299 0.065588051
v 0.005713750 -0.044973637 0.031964186
v 0.009785404 -0.036612089 0.059331641
v -0.009800000 -0.042895612 0.016235155
v 0.000159983 -0.061915913 0.053484013
v 0.001540044 -0.054787487 0.007558736
v -0.002869977 -0.046637283 0.017344232
v 0.004698040 -0.055596045 0.055537354
v 0.005314584 -0.053856250 0.070706395
v 0.006784773 -0.047551303 0.045332722
v 0.007679534 -0.054378105 0.034691800
v 0.004201355 -0.060308200 0.035107783
v -0.009800000 -0.055818980 0.063823217
v -0.009800000 -0.044805859 0.060551903
v -0.009518643 -0.039399530 0.066618640
v 0.013543450 -0.058719946 0.056718656
v -0.001833814 -0.048541869 0.059007279
v 0.013800000 -0.043567596 0.032356402
v 0.003133985 -0.052745241 0.076939415
v -0.009800000 -0.051748185 0.024610666
v 0.002398339 -0.055291711 0.046979178
v -0.001551698 -0.061351966 0.047038073
v 0.007891757 -0.048152149 0.074724397
v 0.001131319 -0.034297528 0.047594676
v 0.004357114 -0.033240036 0.035507505
v 0.007011611 -0.039797872 0.069375787
v 0.008419758 -0.061149499 0.050735014
v -0.002832495 -0.060498826 0.062680703
v -0.009642660 -0.037602693 0.034156508
v -0.008343596 -0.052533519 0.074428238
v 0.011265221 -0.033965687 0.032863712
v -0.001353750 -0.060661953 0.039151198
v -0.009483750 -0.048137814 0.043031770
v -0.009800000 -0.053577082 0.052907896
v -0.003598181 -0.032947892 0.032168278
v -0.008245041 -0.057675624 0.033381132
v -0.007175033 -0.057879742 0.023164607
v 0.013800000 -0.052832461 0.032160002
v -0.009800000 -0.045929885 0.020042523
v -0.007829432 -0.035039722 0.019398316
v 0.008299105 -0.050900718 0.008996388
v 0.001525001 -0.038308326 0.063634354
v 0.013800000 -0.044960242 0.052686027
v 0.009800000 -0.039843823 0.017269461
v -0.004117161 -0.053602822 0.046976687
v -0.004871093 -0.043189463 0.021908473
v -0.006563864 -0.044462806 0.075886506
v 0.001535715 -0.040640156 0.011595527
v -0.007352867 -0.053650087 0.010326845
v 0.011064527 -0.056293152 0.024522997
v -0.002122814 -0.048277789 0.043101428
v 0.003153153 -0.047427199 0.063602424
v 0.001121901 -0.050687278 0.071901936
v -0.000440954 -0.035978518 0.007823871
v -0.001001739 -0.051868920 0.030811809
v 0.006843404 -0.055776949 0.015899657
v -0.009800000 -0.050008888 0.036016787
v -0.008600273 -0.060785000 0.054122094
v -0.001263268 -0.053625436 0.038486057
v -0.001751876 -0.039447949 0.016625424
v 0.009368147 -0.042993727 0.010708563
v 0.004009115 -0.041041134 0.077230181
v 0.001446854 -0.053393171 0.064821661
v -0.009800000 -0.044817051 0.051826484
v 0.005111536 -0.044988723 0.024114452
v -0.006961779 -0.033743453 0.024562646
v 0.008345752 -0.059832426 0.070614775
v 0.009547448 -0.056707697 0.061618505
v -0.008442366 -0.036032887 0.050605606
v -0.009800000 -0.043622661 0.029170416
v -0.009412588 -0.054732779 0.016864633
v -0.006756397 -0.039845849 0.025815834
v 0.004800127 -0.046356943 0.069556984
v 0.013777201 -0.053241931 0.050323994
v -0.000733093 -0.035019119 0.055842485
v 0.002484226 -0.042359626 0.042374005
v -0.003377878 -0.049492136 0.025450602
v -0.002389546 -0.033692194 0.024540796
v 0.002601139 -0.038284221 0.029396328
v 0.000177529 -0.052158880 0.018641507
v -0.000817297 -0.044698728 0.032153890
v 0.002250599 -0.039989331 0.022166611
v 0.002186072 -0.046145239 0.005898832
v 0.002953320 -0.034226066 0.018093606
v 0.007407652 -0.034892893 0.009856204
v 0.013637466 -0.038825971 0.027263677
v -0.003346763 -0.033556335 0.039122811
v 0.013800000 -0.046987166 0.041452823
v 0.012422933 -0.050263619 0.060194439
v -0.004316708 -0.039717683 0.030040886
v 0.002924165 -0.051261774 0.027105444
v 0.008501682 -0.050529900 0.029200137
v -0.009800000 -0.041785168 0.023936895
v 0.002632650 -0.057819400 0.022000400
v -0.009800000 -0.046988464 0.068604847
v 0.011615441 -0.043250610 0.061235456
v 0.011594043 -0.035418415 0.049654401
v -0.007939496 -0.036064016 0.011244549
v 0.009800000 -0.050044870 0.066060885
v 0.013651900 -0.056800932 0.039084237
v -0.007562124 -0.044772142 0.037034501
v -0.003053500 -0.039021268 0.069782319
v 0.011646238 -0.058808537 0.032178610
v 0.009853807 -0.050206684 0.020745460
v 0.007070743 -0.061342316 0.057786134
v 0.008476215 -0.033570724 0.024902029
v 0.012703056 -0.036837276 0.042116487
v -0.006405746 -0.045836786 0.006780843
v 0.011688360 -0.044377313 0.022576890
v 0.007843196 -0.060614353 0.041358573
v -0.004974348 -0.036887428 0.067366283
v 0.011448150 -0.053200912 0.077726765
v -0.004930081 -0.063770229 0.105076979
v 0.004146211 -0.062132921 0.069478546
v 0.006678799 -0.047658390 0.114755944
v 0.012180744 -0.061722779 0.078222517
v -0.009800000 -0.059102808 0.088546414
v 0.000633084 -0.045011703 0.080371280
v -0.001886064 -0.051378392 0.079881195
v -0.003659095 -0.046819683 0.091628104
v 0.002533119 -0.063336207 0.102431457
v 0.003111930 -0.056437271 0.088492791
v 0.013800000 -0.056276342 0.087441309
v 0.005453122 -0.039492253 0.078484112
v -0.009669207 -0.045827604 0.104067120
v 0.001582591 -0.064791271 0.086349473
v -0.006314395 -0.037805462 0.087690526
v -0.007479562 -0.038789692 0.079511400
v -0.008344845 -0.052480108 0.112589171
v 0.012355806 -0.050590493 0.099558824
v -0.005960408 -0.062904703 0.079348627
v -0.003514317 -0.048929233 0.115875289
v 0.000814149 -0.040574586 0.100627930
v -0.003314831 -0.062228693 0.069273005
v 0.011666289 -0.039148413 0.083240282
v 0.003733190 -0.064243828 0.080092185
v -0.001818033 -0.054048310 0.085172686
v -0.009800000 -0.043938101 0.088577207
v 0.005740757 -0.042589070 0.108154268
v -0.008365173 -0.056555434 0.081228231
v 0.013442271 -0.043575793 0.091225878
v 0.002854273 -0.058192957 0.115163709
v -0.006993889 -0.040077969 0.097593599
v 0.013800000 -0.047610956 0.082815561
v -0.008144965 -0.043921811 0.113147771
v 0.013800000 -0.052249003 0.094399865
v -0.003366046 -0.059250672 0.099178706
v -0.009561432 -0.060325759 0.099560699
v 0.004048446 -0.065581419 0.095380915
v 0.012974815 -0.058482792 0.096369371
v -0.003920956 -0.058699516 0.092645733
v 0.005244956 -0.058752740 0.079045492
v -0.008926010 -0.047506134 0.081820878
v 0.002588631 -0.047369620 0.087677640
v 0.009304033 -0.053799389 0.111755712
v -0.009755445 -0.060532966 0.108648089
v 0.011213591 -0.045014643 0.078305333
v -0.000321203 -0.053042355 0.091735213
v 0.002710415 -0.038118504 0.090957342
v 0.009800000 -0.055385898 0.105411200
v -0.002634364 -0.062959296 0.112972497
v -0.002931399 -0.042374988 0.107474686
v 0.009800000 -0.048183546 0.108201986
v 0.004640423 -0.056348487 0.094765225
v -0.009800000 -0.051049902 0.092321671
v 0.000212470 -0.048798578 0.109014261
v 0.001057272 -0.042960885 0.115578395
v 0.011145337 -0.064273502 0.091130227
v 0.007844860 -0.063165961 0.110868030
v 0.002468549 -0.038287231 0.069909822
v -0.009800000 -0.053287691 0.103000581
v 0.000713961 -0.056117208 0.106764587
v -0.002988995 -0.050426741 0.101847825
v 0.003431094 -0.050021009 0.100419430
v 0.008085526 -0.051610392 0.088646922
v 0.006935058 -0.046557560 0.094571071
v -0.005833515 -0.065173448 0.090717766
v 0.001187559 -0.061542438 0.076402725
v -0.000020234 -0.037106080 0.079696562
v 0.009841179 -0.041540511 0.099938423
v -0.009421706 -0.055822631 0.120006584
v -0.010256604 -0.051307272 0.135976451
v -0.005698646 -0.054133325 0.143489021
v -0.002408680 -0.046450387 0.140652812
v 0.000174383 -0.064848629 0.103755226
v -0.000632932 -0.058914191 0.144011255
v -0.000814789 -0.065089559 0.139617390
v 0.005389544 -0.046149638 0.137083399
v 0.003700828 -0.051249312 0.143364952
v 0.010638560 -0.053987404 0.137286126
v 0.006978864 -0.062563319 0.139111777
v 0.010299444 -0.042402075 0.121316653
v 0.011233370 -0.058944226 0.132218836
v 0.012321126 -0.064229510 0.120536310
v -0.009206315 -0.060407317 0.136895001
v -0.004721141 -0.065297084 0.125300694
v 0.008935721 -0.062438184 0.126040097
v 0.006860848 -0.064613040 0.133230305
v -0.000108458 -0.066914125 0.129370863
v -0.005216149 -0.050702569 0.118487001
v 0.004717970 -0.059247156 0.122312610
v -0.003624614 -0.064767843 0.115968841
v -0.005918910 -0.066688084 0.118150733
v -0.006671821 -0.040782775 0.108553982
v 0.008023761 -0.062453822 0.116651665
v -0.004412170 -0.066610799 0.108294152
v -0.007769895 -0.065565282 0.110009166
v 0.004745379 -0.059881176 0.132891026
v -0.009608038 -0.047992842 0.128128362
v -0.001895202 -0.058809575 0.127591273
v 0.011375103 -0.060329164 0.110852686
v 0.010274753 -0.066646390 0.116607650
v -0.010838815 -0.059122297 0.126937896
v 0.002650536 -0.041169586 0.114355866
v 0.001144968 -0.065298736 0.112371346
v -0.005218220 -0.065614780 0.132478730
v -0.004213391 -0.040405353 0.117407415
v -0.005416118 -0.044959161 0.134174313
v -0.006426561 -0.043096967 0.120971007
v 0.003653361 -0.043431515 0.126958916
v -0.007201190 -0.065348088 0.101744818
v 0.000718670 -0.057615139 0.118086415
v 0.012360847 -0.053555598 0.122273094
v 0.001671321 -0.066986750 0.120404512
v 0.010406582 -0.049730956 0.130639844
v 0.013800000 -0.057650749 0.116449697
v 0.009300000 -0.054118136 0.115929786
v 0.004936296 -0.046427051 0.118786486
v 0.012379054 -0.048707726 0.113127819
v 0.002681917 -0.054457284 0.127341064
v 0.000926691 -0.054944484 0.137445364
v 0.001787723 -0.049726812 0.130783466
v -0.002835833 -0.053570456 0.126293278
v -0.022968598 0.011653473 -0.063581711
v 0.001624196 0.025759318 -0.051081521
v -0.022910960 0.012026028 -0.078809244
v -0.022938352 0.024266246 -0.045341250
v 0.006109928 0.029963632 -0.047774672
v -0.010037071 0.021571499 -0.045336342
v -0.004989448 0.044770819 -0.049435846
v -0.007686046 0.059250008 -0.050396751
v -0.000167947 0.038541482 -0.066524650
v 0.006816766 0.031765037 -0.081777453
v -0.018660651 0.018553760 -0.065301333
v -0.017222235 0.040583576 -0.076785848
v 0.000887439 0.014957096 -0.072989750
v -0.001189484 0.018375057 -0.052354912
v 0.006258762 0.034860647 -0.067373501
v 0.007037621 0.034201033 -0.054518196
v -0.016705504 0.030204747 -0.073297427
v -0.009700670 0.050370312 -0.059567383
v -0.021830166 0.018258939 -0.083385663
v -0.002360007 0.025510803 -0.059312075
v -0.018834697 0.019189901 -0.052605712
v -0.022670451 0.050669780 -0.081386939
v -0.016324231 0.056214845 -0.054689760
v 0.002049304 0.008970069 -0.072645745
v -0.023000000 0.036448243 -0.070767968
v 0.006672953 0.023014093 -0.081147849
v -0.003462500 0.052905099 -0.063620711
v -0.005843744 0.055159653 -0.071514227
v -0.007238672 0.044788876 -0.062066186
v -0.021223392 0.024057456 -0.062171810
v 0.001652234 0.018601236 -0.060217086
v -0.003400000 0.040709348 -0.072476201
v -0.003400000 0.047386090 -0.055885106
v -0.018341592 0.037400865 -0.058875042
v -0.008451679 0.027299553 -0.061316447
v -0.011529291 0.023644774 -0.051400188
v -0.007360700 0.038227875 -0.065930297
v -0.002515684 0.032208368 -0.062384571
v -0.015512729 0.008890841 -0.073551305
v -0.010506233 0.010630831 -0.053663412
v -0.019861676 0.035834349 -0.081863432
v -0.006432526 0.054978096 -0.079828852
v -0.023000000 0.036854876 -0.064023523
v -0.014708904 0.047468766 -0.056043579
v -0.009490526 0.044965381 -0.054691197
v 0.003219483 0.037952224 -0.059130420
v -0.013480945 0.038148826 -0.061815154
v 0.007800001 0.019351890 -0.055148188
v -0.000673808 0.032518642 -0.071184286
v -0.004608799 0.023384490 -0.082278218
v -0.013344351 0.027748813 -0.046408923
v -0.008327021 0.011218813 -0.079401935
v 0.007800001 0.027282537 -0.053044457
v 0.007435824 0.013180786 -0.060597797
v -0.021512116 0.055005391 -0.071922206
v -0.025636085 0.028954986 -0.060887635
v -0.000505113 0.009640782 -0.078820291
v 0.000573031 0.010633112 -0.053637349
v -0.017251077 0.009449563 -0.067543610
v -0.017071821 0.045684255 -0.083982050
v -0.020982709 0.012023954 -0.050052316
v -0.004252106 0.045850472 -0.082057971
v -0.021337928 0.044999636 -0.049089739
v -0.023000000 0.045510606 -0.060807133
v -0.023000000 0.043045078 -0.074412962
v -0.017371623 0.010542222 -0.056388278
v -0.023000000 0.041440504 -0.065936295
v 0.007800001 0.019002989 -0.068228158
v 0.007788664 0.026982091 -0.062543774
v 0.007678913 0.028505201 -0.074908808
v -0.003400000 0.049349874 -0.076398706
v -0.017033630 0.050636029 -0.048729157
v -0.003393645 0.041957044 -0.058184930
v 0.006679823 0.019944693 -0.047676292
v -0.010262874 0.036416931 -0.047481671
v -0.000307531 0.026197247 -0.046587552
v -0.022527614 0.054408258 -0.051236471
v -0.026063739 0.017440027 -0.064356341
v -0.025785694 0.016835388 -0.054718450
v -0.017367484 0.027421151 -0.055856963
v -0.012845421 0.030866179 -0.066709699
v -0.023000000 0.041163543 -0.055838144
v -0.009365417 0.034723611 -0.072032442
v -0.003458101 0.013520859 -0.046707098
v -0.009862171 0.048981709 -0.084517176
v -0.025324329 0.027379443 -0.067249077
v 0.007427271 0.012944238 -0.051893726
v -0.013052346 0.055587419 -0.064499097
v -0.023000000 0.049307888 -0.055703742
v -0.024517166 0.016270016 -0.045729325
v 0.007383978 0.012891550 -0.074441208
v -0.000608741 0.032113182 -0.056140262
v -0.005572813 0.052105565 -0.049272048
v -0.021820109 0.032947481 -0.047932736
v -0.006267453 0.057994504 -0.058731635
v 0.000936129 0.017997230 -0.081806887
v -0.003400000 0.047361513 -0.067516897
v -0.018361906 0.019231217 -0.041503259
v -0.021279237 0.055773335 -0.059736140
v -0.026200000 0.024424746 -0.053279062
v -0.015533727 0.035788900 -0.054365331
v -0.014612165 0.048348346 -0.075089924
v -0.012539176 0.039972610 -0.058116775
v -0.023000000 0.048197640 -0.068878048
v -0.020593421 0.053956806 -0.064224117
v -0.008985733 0.033982158 -0.057518420
v -0.010778715 0.041395949 -0.075930484
v -0.012775216 0.047100361 -0.066222269
v 0.001718580 0.010111394 -0.059600528
v -0.014221909 0.022714578 -0.072929773
v -0.013456130 0.028327284 -0.060258400
v -0.004780522 0.019819538 -0.069261481
v -0.011572887 0.035308895 -0.078349570
v -0.020701643 0.022086983 -0.070319769
v -0.003348219 0.023235178 -0.075591471
v -0.014336739 0.015316560 -0.069067022
v -0.013393019 0.009913162 -0.061866294
v -0.006821284 0.009320605 -0.068639149
v -0.015543773 0.022436191 -0.062872641
v -0.015975993 0.023387429 -0.056748863
v -0.010023317 0.019149057 -0.059121585
v -0.004196087 0.024925031 -0.053075207
v -0.006595081 0.028602512 -0.046797989
v -0.003396064 0.026223937 -0.067491206
v -0.011085191 0.038713326 -0.083577565
v -0.018065533 0.040844179 -0.069804856
v -0.015204820 0.017193573 -0.083734922
v -0.026200000 0.020865351 -0.075516459
v 0.000155056 0.037424288 -0.048921042
v -0.024350565 0.031783601 -0.054503699
v 0.004732217 0.009949084 -0.066359152
v -0.024383338 0.026380291 -0.081754951
v -0.016332896 0.015797810 -0.078237140
v -0.005549985 0.009906192 -0.061945959
v -0.001248115 0.035260915 -0.081640327
v -0.024287142 0.012507002 -0.071076876
v -0.024128478 0.029471551 -0.075455006
v -0.013309812 0.028514298 -0.082727026
v -0.013861066 0.042407793 -0.048005812
v 0.002824813 0.036726732 -0.075268900
v -0.013720383 0.055459815 -0.082141451
v -0.014369688 0.012646666 -0.045224419
v -0.012717006 0.056876981 -0.074658141
v -0.006677884 0.057497106 -0.082258188
v -0.000239310 0.066522367 -0.081932506
v -0.018018262 0.057299586 -0.072481897
v -0.015120109 0.056875093 -0.078499090
v -0.000862418 0.059405736 -0.074171100
v -0.025698266 0.069805496 -0.074694427
v -0.025430789 0.071088106 -0.082666005
v -0.000373832 0.068983663 -0.074342427
v -0.000609150 0.074933040 -0.077348585
v -0.015856064 0.061083180 -0.074000622
v -0.008577068 0.060983025 -0.075145379
v -0.002090132 0.061759116 -0.070756304
v -0.023234795 0.062083321 -0.076827097
v -0.023655776 0.056625802 -0.077718870
v -0.025711703 0.061824808 -0.082215434
v -0.011027025 0.058787904 -0.070078031
v -0.022992544 0.059453258 -0.068394553
v -0.015747935 0.059645722 -0.084694292
v -0.025772166 0.125151863 -0.088699525
v -0.015440000 0.101115156 -0.081888451
v -0.002150000 0.074290586 -0.076060077
v -0.023293979 0.084326556 -0.068017839
v -0.008311784 0.105816134 -0.066803826
v -0.022101902 0.066305014 -0.084204708
v -0.021684921 0.067331888 -0.070608021
v -0.005634225 0.066022475 -0.078026218
v -0.003784997 0.069690244 -0.069687861
v -0.002871530 0.068667701 -0.085929815
v -0.001717205 0.116829287 -0.070170037
v -0.000475000 0.127609774 -0.077401724
v -0.017174071 0.067353312 -0.085861335
v -0.024073797 0.081793747 -0.087055284
v -0.015603922 0.074796319 -0.084655698
v -0.009570037 0.096295223 -0.077636761
v -0.007107994 0.083622134 -0.066545591
v 0.000275314 0.093526170 -0.075074482
v -0.020358577 0.089878258 -0.074483626
v -0.000543577 0.127582396 -0.087023446
v -0.001398828 0.118853886 -0.079173434
v -0.025309605 0.093066236 -0.086553675
v -0.024221498 0.076364306 -0.082314059
v -0.001062134 0.101715991 -0.081464252
v -0.010521800 0.096496654 -0.069715635
v -0.009850877 0.115547812 -0.069691580
v -0.012068940 0.083403591 -0.066957019
v -0.000667951 0.117678881 -0.089481499
v -0.008314221 0.103675520 -0.071723163
v -0.011481072 0.092301424 -0.083396856
v -0.009391738 0.078007216 -0.073681212
v -0.017256257 0.099208150 -0.088579772
v -0.024165329 0.110482570 -0.075358115
v -0.002345009 0.110029358 -0.067900891
v -0.011465297 0.078720408 -0.068448503
v -0.015668909 0.065493741 -0.078254988
v -0.010473369 0.071078422 -0.074895300
v -0.025524637 0.110446530 -0.085189746
v 0.000350000 0.116234924 -0.079419702
v -0.007249480 0.090446790 -0.089149313
v -0.026604553 0.097613241 -0.075974234
v -0.023167929 0.092452150 -0.066759673
v -0.018255515 0.107627341 -0.066962288
v -0.025234471 0.101332923 -0.083767654
v -0.015649436 0.106908860 -0.071416617
v -0.017128644 0.075030791 -0.087800567
v -0.005033649 0.075222079 -0.087817303
v -0.011649388 0.091454155 -0.065547298
v -0.001890362 0.088220723 -0.066722947
v -0.005355152 0.095127427 -0.065922853
v -0.022917467 0.105099809 -0.071308767
v -0.002134028 0.082924424 -0.087246343
v -0.000887500 0.111872764 -0.085909677
v -0.011687472 0.068505136 -0.069704141
v -0.022284995 0.102081730 -0.077723913
v -0.008961006 0.098435842 -0.089118044
v -0.018406195 0.085321733 -0.088700923
v -0.012107293 0.088244475 -0.078186555
v -0.020702942 0.073104492 -0.079153035
v -0.015881298 0.092293145 -0.089310851
v -0.015365162 0.098653912 -0.066177204
v -0.026650000 0.085666021 -0.077117767
v 0.000312632 0.105282790 -0.075959189
v -0.009897247 0.067724460 -0.085629033
v -0.009073914 0.072354271 -0.083458901
v -0.006210375 0.101231784 -0.080555408
v -0.001850000 0.124468223 -0.084548436
v -0.017716815 0.080314825 -0.072536167
v -0.025029751 0.104473980 -0.068895329
v -0.000729047 0.100850584 -0.068705715
v -0.012062465 0.079490557 -0.088190753
v -0.020593049 0.075540233 -0.068684807
v -0.026650000 0.106927370 -0.077721829
v -0.004823965 0.089431434 -0.077429470
v -0.012854624 0.091639978 -0.071886355
v -0.005829695 0.092712162 -0.082935623
v -0.014790468 0.079254143 -0.080085797
v -0.022636881 0.074247867 -0.087732069
v -0.015508818 0.083805694 -0.075015526
v -0.016621020 0.101655282 -0.072754847
v -0.008735318 0.083499564 -0.074325111
v -0.009293963 0.080816111 -0.082688982
v -0.000062964 0.090928836 -0.085568593
v -0.024378653 0.114021290 -0.067958122
v -0.024140424 0.079025431 -0.075055525
v -0.022851857 0.068116076 -0.077490987
v -0.024765887 0.118378084 -0.083926404
v -0.025723484 0.124701621 -0.079762152
v -0.025661755 0.115131585 -0.091308984
v -0.026650000 0.116498338 -0.083467002
v -0.017473707 0.116263612 -0.070860805
v 0.000037500 0.085114964 -0.076502054
v -0.002123856 0.080904118 -0.070543147
v -0.001850000 0.109788509 -0.078935483
v -0.002989093 0.107991870 -0.072230590
v -0.018374903 0.072404082 -0.084147110
v -0.021494055 0.151486543 -0.093988442
v -0.002150000 0.127535155 -0.084981920
v -0.015968775 0.118684194 -0.074844218
v -0.017653214 0.170988976 -0.076080472
v -0.014791814 0.177591340 -0.080789675
v -0.009881074 0.169822203 -0.097006233
v -0.018664230 0.168751059 -0.095894044
v -0.005239990 0.173284934 -0.092262845
v -0.002853090 0.118133162 -0.087667679
v -0.002321810 0.120839572 -0.074046003
v -0.002359934 0.167847517 -0.082028582
v -0.018296896 0.127395562 -0.079557535
v -0.022074865 0.139735610 -0.087641061
v -0.013474117 0.123160775 -0.083189538
v -0.016048672 0.140762942 -0.085688560
v -0.009613218 0.141823574 -0.069954115
v -0.013741767 0.144793511 -0.074344197
v -0.007707954 0.123816385 -0.072537058
v -0.006553091 0.132944548 -0.070214316
v -0.004520723 0.147443340 -0.088525185
v -0.009442407 0.136168789 -0.073550885
v -0.008909063 0.139934005 -0.084647674
v 0.000350000 0.142183435 -0.085509195
v -0.011389287 0.179142820 -0.086024874
v -0.003019615 0.119916858 -0.081161319
v -0.010396285 0.122337372 -0.091846769
v -0.026650000 0.146948279 -0.084101948
v -0.013785799 0.128897724 -0.092513382
v -0.009369438 0.116599848 -0.087703995
v -0.005142036 0.175289545 -0.083855633
v -0.006161491 0.143672389 -0.079376656
v -0.015499027 0.135563062 -0.076385187
v -0.020689739 0.160700852 -0.094754862
v -0.014213757 0.169323812 -0.090978757
v -0.005509264 0.150924525 -0.093821905
v -0.000102978 0.141419347 -0.074364178
v -0.008818844 0.154108062 -0.089128210
v -0.001914350 0.144814014 -0.093905897
v -0.025983637 0.155925291 -0.081974013
v -0.010206063 0.117138092 -0.078790078
v -0.016955912 0.159894866 -0.088667614
v -0.025972338 0.154886887 -0.088713712
v -0.014632184 0.162031153 -0.074058338
v -0.016702402 0.146191757 -0.070336287
v -0.026478910 0.148213762 -0.076993454
v -0.001153668 0.142567610 -0.070599441
v -0.024405166 0.139356944 -0.093229374
v -0.000589468 0.134673749 -0.080078229
v -0.008378360 0.171310036 -0.076585799
v -0.003963101 0.164244570 -0.092628749
v -0.015441065 0.129418420 -0.071598057
v -0.014533651 0.116634807 -0.083518536
v -0.015111322 0.143674746 -0.081963444
v -0.024222683 0.123339794 -0.087054045
v -0.026650000 0.139832534 -0.086422969
v -0.024959313 0.132809562 -0.081368138
v -0.013346684 0.154774743 -0.085596564
v -0.023908685 0.128590677 -0.091072050
v -0.001320377 0.135201297 -0.071730017
v -0.012651812 0.160257199 -0.096939093
v -0.009563255 0.136449836 -0.093174117
v -0.001789180 0.154986937 -0.093492518
v -0.025626904 0.135714295 -0.072812882
v -0.011179744 0.150347770 -0.093654592
v -0.012297835 0.143755530 -0.093813292
v -0.000966086 0.158398793 -0.087041485
v -0.002150000 0.126023074 -0.078033851
v -0.003954975 0.125379136 -0.091695498
v -0.021889201 0.140621857 -0.070449343
v -0.022868682 0.162786807 -0.078923668
v -0.008847398 0.131531462 -0.080829720
v -0.008038873 0.153560116 -0.078838627
v -0.026292131 0.146233017 -0.091442341
v -0.014154774 0.175414431 -0.094318407
v -0.014738738 0.127933829 -0.085999969
v -0.007241083 0.150128286 -0.070680694
v -0.010221824 0.158939589 -0.085844867
v -0.022694455 0.117440836 -0.083273035
v -0.002339850 0.129457448 -0.075621072
v -0.000789059 0.149671332 -0.072871696
v -0.003157815 0.158507664 -0.077193942
v -0.026650000 0.140728252 -0.079698381
v -0.018126896 0.177588766 -0.089205729
v -0.012640288 0.165807846 -0.083504737
v -0.007612321 0.166097240 -0.088505476
v 0.000350000 0.148964709 -0.081738397
v -0.017796211 0.137389122 -0.093256295
v -0.024523497 0.165627256 -0.089102228
v -0.017824083 0.119480640 -0.090535469
v -0.010533254 0.148527141 -0.084118341
v -0.002476644 0.132480121 -0.091570088
v -0.019059889 0.154760423 -0.072302999
v -0.025735667 0.154590770 -0.073758703
v -0.015934744 0.150807153 -0.078955991
v -0.013248923 0.155149914 -0.084138335
v -0.023967478 0.147859601 -0.070765003
v -0.023982014 0.124134101 -0.078107073
v -0.013266126 0.156646627 -0.085155691
v -0.012288983 0.155222888 -0.085280532
v -0.023524830 0.171893391 -0.084702926
f 540 109 1
f 746 1 109
f 1 650 160
f 160 856 1
f 540 1 856
f 650 1 746
f 557 2 327
f 2 650 327
f 557 812 2
f 2 812 650
f 3 114 82
f 3 82 634
f 114 3 247
f 244 356 3
f 244 3 820
f 3 759 247
f 356 690 3
f 455 3 634
f 3 455 820
f 3 690 759
f 4 31 119
f 31 4 420
f 855 4 119
f 605 420 4
f 832 605 4
f 832 4 855
f 5 648 296
f 664 5 296
f 297 5 664
f 779 5 297
f 649 648 5
f 5 779 649
f 6 74 263
f 74 6 365
f 6 151 132
f 132 332 6
f 151 6 148
f 656 148 6
f 365 6 174
f 798 174 6
f 6 263 561
f 6 332 697
f 656 6 561
f 697 798 6
f 175 7 21
f 351 21 7
f 175 377 7
f 377 351 7
f 8 70 243
f 8 357 70
f 311 8 243
f 311 599 8
f 8 545 357
f 599 545 8
f 9 149 220
f 649 149 9
f 9 173 297
f 776 173 9
f 214 9 220
f 214 776 9
f 649 9 297
f 10 149 208
f 10 220 149
f 420 10 208
f 10 637 220
f 288 10 232
f 232 10 420
f 288 637 10
f 406 294 11
f 833 11 294
f 375 406 11
f 11 462 375
f 11 833 462
f 12 19 20
f 12 102 19
f 20 841 12
f 12 100 196
f 100 12 841
f 12 196 102
f 549 14 395
f 395 14 732
f 645 14 549
f 714 14 645
f 732 14 714
f 266 15 596
f 703 15 266
f 596 15 359
f 703 359 15
f 16 83 423
f 16 579 83
f 16 126 228
f 16 659 126
f 228 657 16
f 275 16 423
f 16 275 659
f 16 657 579
f 101 17 426
f 17 101 636
f 426 17 104
f 17 636 104
f 381 107 18
f 18 107 483
f 381 18 111
f 18 775 111
f 191 501 18
f 18 843 191
f 18 483 843
f 18 501 500
f 775 18 500
f 19 243 20
f 19 102 35
f 19 35 584
f 243 19 584
f 70 20 243
f 70 594 20
f 20 594 545
f 841 20 545
f 560 175 21
f 21 351 560
f 320 22 54
f 54 22 641
f 179 248 22
f 320 179 22
f 476 22 248
f 476 267 22
f 267 641 22
f 29 261 23
f 738 29 23
f 23 261 559
f 727 418 23
f 418 738 23
f 727 23 559
f 343 87 24
f 87 502 24
f 24 394 335
f 655 24 335
f 24 655 343
f 502 394 24
f 68 351 25
f 68 25 801
f 25 351 377
f 629 25 377
f 431 25 629
f 431 801 25
f 26 550 67
f 780 26 67
f 412 550 26
f 586 412 26
f 26 452 586
f 26 712 452
f 780 712 26
f 108 406 27
f 108 27 782
f 239 27 462
f 638 27 239
f 406 462 27
f 638 782 27
f 28 90 264
f 90 28 501
f 264 863 28
f 432 466 28
f 28 863 432
f 620 28 466
f 28 620 501
f 66 168 29
f 738 66 29
f 168 261 29
f 445 30 171
f 30 581 171
f 232 30 288
f 581 30 232
f 288 30 445
f 72 31 135
f 72 492 31
f 119 31 131
f 31 257 127
f 31 127 441
f 492 131 31
f 31 292 135
f 366 31 208
f 208 31 420
f 257 31 366
f 292 31 441
f 112 300 32
f 32 460 112
f 300 421 32
f 421 642 32
f 460 32 858
f 858 32 642
f 485 98 33
f 692 33 98
f 33 430 210
f 33 210 485
f 277 430 33
f 688 277 33
f 33 615 688
f 692 615 33
f 513 34 38
f 843 38 34
f 90 191 34
f 34 264 90
f 34 553 138
f 619 34 138
f 34 191 843
f 264 34 619
f 34 513 553
f 739 35 102
f 35 831 234
f 860 35 234
f 35 860 584
f 739 831 35
f 36 69 240
f 69 36 342
f 190 36 103
f 772 103 36
f 342 36 190
f 36 240 772
f 546 38 427
f 843 427 38
f 835 513 38
f 546 835 38
f 41 68 39
f 549 41 39
f 337 39 46
f 801 46 39
f 68 801 39
f 337 645 39
f 680 549 39
f 39 645 680
f 40 141 438
f 40 503 141
f 40 438 226
f 226 582 40
f 40 577 503
f 582 577 40
f 625 68 41
f 41 549 395
f 625 41 395
f 233 585 43
f 686 233 43
f 586 43 412
f 43 597 412
f 585 597 43
f 686 43 586
f 382 44 205
f 44 761 205
f 44 382 834
f 761 44 834
f 320 169 45
f 169 487 45
f 45 288 392
f 288 45 487
f 320 45 621
f 445 382 45
f 45 382 463
f 445 45 392
f 621 45 463
f 85 46 108
f 46 85 337
f 108 46 431
f 801 431 46
f 143 498 47
f 47 818 143
f 47 378 335
f 477 47 335
f 378 47 498
f 47 477 780
f 780 818 47
f 398 519 48
f 398 48 809
f 48 690 464
f 809 48 464
f 758 48 519
f 690 48 758
f 71 278 49
f 71 49 398
f 49 278 309
f 828 49 309
f 398 49 519
f 49 828 519
f 50 267 86
f 50 86 591
f 204 345 50
f 824 204 50
f 794 267 50
f 50 345 505
f 794 50 505
f 824 50 591
f 51 162 207
f 162 51 450
f 207 299 51
f 51 299 744
f 743 450 51
f 744 743 51
f 162 52 207
f 162 221 52
f 52 396 207
f 52 221 349
f 349 544 52
f 396 52 417
f 52 474 417
f 52 544 474
f 593 53 55
f 53 849 55
f 389 81 53
f 685 53 81
f 201 389 53
f 53 410 201
f 410 53 626
f 53 593 626
f 849 53 685
f 54 169 320
f 169 54 481
f 641 481 54
f 55 410 626
f 410 55 849
f 55 482 593
f 55 626 482
f 301 452 56
f 56 480 301
f 56 452 712
f 480 56 712
f 57 412 510
f 412 57 576
f 555 57 510
f 625 57 555
f 57 625 576
f 58 819 80
f 58 80 830
f 253 195 58
f 58 195 438
f 58 830 253
f 819 58 438
f 542 59 80
f 59 830 80
f 747 164 59
f 830 59 164
f 59 542 295
f 295 747 59
f 147 61 619
f 147 754 61
f 61 298 364
f 754 298 61
f 61 416 336
f 619 61 336
f 61 364 416
f 96 97 63
f 96 63 692
f 97 414 63
f 324 63 414
f 324 615 63
f 63 615 692
f 75 64 816
f 845 64 75
f 64 77 506
f 64 853 77
f 64 506 229
f 229 816 64
f 64 845 853
f 65 358 204
f 204 824 65
f 65 547 241
f 241 865 65
f 865 358 65
f 65 580 547
f 65 824 580
f 369 168 66
f 66 313 198
f 66 198 369
f 66 738 313
f 732 67 550
f 745 67 732
f 745 818 67
f 818 780 67
f 351 68 658
f 555 68 625
f 555 658 68
f 294 240 69
f 294 69 833
f 69 342 333
f 69 333 715
f 434 69 715
f 69 434 833
f 344 70 357
f 70 344 643
f 594 70 841
f 643 721 70
f 70 721 841
f 71 129 278
f 129 71 393
f 71 405 393
f 405 71 398
f 135 828 72
f 492 72 617
f 72 847 617
f 828 847 72
f 73 250 155
f 521 73 155
f 786 250 73
f 521 502 73
f 73 502 547
f 786 73 547
f 306 257 74
f 257 329 74
f 263 74 620
f 365 306 74
f 74 329 620
f 505 75 795
f 845 75 505
f 75 774 795
f 75 816 774
f 76 642 310
f 704 76 310
f 76 372 402
f 704 372 76
f 76 402 642
f 77 414 506
f 414 77 783
f 853 783 77
f 80 787 542
f 80 819 787
f 81 389 121
f 121 422 81
f 422 513 81
f 482 81 539
f 482 685 81
f 81 513 835
f 539 81 835
f 114 489 82
f 489 262 82
f 262 813 82
f 634 82 813
f 423 83 200
f 83 484 200
f 83 579 484
f 85 108 782
f 495 337 85
f 782 495 85
f 476 86 267
f 86 476 591
f 343 258 87
f 258 846 87
f 87 270 547
f 87 846 270
f 547 502 87
f 227 88 558
f 227 767 88
f 558 88 235
f 88 806 235
f 806 88 767
f 159 89 163
f 89 159 816
f 162 89 221
f 740 89 162
f 163 89 740
f 89 229 221
f 229 89 816
f 501 191 90
f 268 343 91
f 268 91 361
f 570 91 316
f 316 91 655
f 655 91 343
f 361 91 570
f 528 92 273
f 273 92 825
f 447 92 497
f 447 825 92
f 797 497 92
f 797 92 528
f 253 164 94
f 164 346 94
f 195 253 94
f 195 94 470
f 303 94 346
f 303 470 94
f 221 97 96
f 349 221 96
f 96 238 544
f 96 692 238
f 349 96 544
f 97 221 506
f 414 97 506
f 281 197 98
f 197 692 98
f 405 281 98
f 98 485 405
f 173 99 255
f 173 648 99
f 296 255 99
f 649 296 99
f 648 649 99
f 518 196 100
f 388 518 100
f 100 841 388
f 426 802 101
f 636 101 483
f 843 483 101
f 843 101 802
f 196 739 102
f 190 103 834
f 761 103 772
f 103 761 834
f 104 318 426
f 318 104 583
f 104 440 583
f 440 104 628
f 628 104 636
f 153 181 105
f 153 105 775
f 808 105 181
f 105 363 193
f 193 775 105
f 105 808 363
f 236 490 106
f 803 236 106
f 490 525 106
f 525 815 106
f 106 815 803
f 609 107 111
f 111 107 708
f 381 640 107
f 459 440 107
f 107 440 628
f 459 107 609
f 628 483 107
f 107 640 708
f 246 406 108
f 108 431 246
f 610 109 540
f 610 541 109
f 541 746 109
f 305 125 110
f 110 125 453
f 110 218 336
f 453 218 110
f 110 336 305
f 193 177 111
f 177 609 111
f 193 111 775
f 708 381 111
f 696 300 112
f 724 112 460
f 724 696 112
f 247 688 114
f 489 114 324
f 324 114 615
f 615 114 688
f 755 350 116
f 350 802 116
f 116 426 781
f 426 116 802
f 781 755 116
f 117 271 475
f 271 117 694
f 475 390 117
f 390 682 117
f 117 682 694
f 447 119 131
f 529 119 447
f 529 855 119
f 364 481 120
f 120 567 364
f 120 454 567
f 120 805 454
f 805 120 481
f 121 389 613
f 422 121 754
f 754 121 613
f 142 122 295
f 682 122 142
f 488 295 122
f 122 474 488
f 682 474 122
f 442 260 123
f 761 123 260
f 123 344 311
f 449 123 311
f 344 123 772
f 123 449 442
f 123 761 772
f 237 125 158
f 158 125 305
f 237 453 125
f 578 228 126
f 578 126 503
f 126 659 503
f 127 257 823
f 127 430 441
f 127 722 430
f 127 823 722
f 358 128 853
f 358 865 128
f 128 383 633
f 383 128 865
f 128 633 853
f 161 129 393
f 614 129 161
f 129 178 457
f 178 129 614
f 278 129 308
f 792 308 129
f 792 129 457
f 165 130 236
f 403 130 165
f 236 130 490
f 130 403 762
f 767 490 130
f 130 762 767
f 447 131 825
f 825 131 492
f 132 151 516
f 132 516 308
f 308 792 132
f 792 332 132
f 236 133 624
f 236 803 133
f 368 572 133
f 133 588 368
f 588 133 443
f 133 803 443
f 133 572 524
f 133 524 624
f 249 281 134
f 559 249 134
f 134 281 334
f 134 334 741
f 559 134 727
f 741 727 134
f 135 292 810
f 810 828 135
f 422 138 513
f 619 138 422
f 138 465 513
f 138 553 465
f 140 426 318
f 140 318 561
f 561 352 140
f 781 140 352
f 140 781 426
f 446 199 141
f 199 750 141
f 750 438 141
f 446 141 503
f 542 142 295
f 694 142 542
f 694 682 142
f 536 498 143
f 536 143 848
f 654 143 818
f 143 654 848
f 144 548 304
f 304 755 144
f 635 144 432
f 144 766 432
f 548 144 635
f 755 781 144
f 144 781 766
f 145 168 369
f 145 618 168
f 145 369 488
f 474 145 488
f 474 544 145
f 544 618 145
f 754 147 619
f 617 151 148
f 148 152 617
f 152 148 656
f 149 363 208
f 297 363 149
f 779 297 149
f 149 649 779
f 150 182 448
f 182 150 529
f 587 150 433
f 150 724 433
f 724 150 448
f 587 529 150
f 151 847 516
f 151 617 847
f 202 617 152
f 742 202 152
f 291 152 656
f 152 291 742
f 424 181 153
f 153 644 424
f 644 153 616
f 616 153 775
f 480 219 155
f 219 521 155
f 250 371 155
f 371 702 155
f 480 155 702
f 158 305 163
f 163 740 158
f 237 158 283
f 158 639 283
f 740 639 158
f 163 567 159
f 567 454 159
f 454 774 159
f 774 816 159
f 707 160 340
f 812 340 160
f 812 160 650
f 856 160 707
f 405 161 393
f 405 485 161
f 161 485 614
f 450 399 162
f 740 162 399
f 163 305 523
f 523 567 163
f 253 830 164
f 164 313 346
f 313 164 747
f 165 236 768
f 280 403 165
f 280 165 768
f 230 582 167
f 812 230 167
f 167 582 731
f 838 167 731
f 812 167 838
f 261 168 618
f 185 169 481
f 169 185 487
f 613 201 170
f 685 170 201
f 170 223 214
f 637 170 214
f 223 170 685
f 613 170 391
f 637 391 170
f 171 243 777
f 243 171 821
f 171 777 445
f 171 581 821
f 350 319 172
f 172 319 504
f 350 172 387
f 172 504 387
f 177 193 173
f 173 255 177
f 193 297 173
f 648 173 374
f 374 173 776
f 457 365 174
f 367 792 174
f 798 367 174
f 457 174 792
f 377 175 612
f 560 612 175
f 255 458 177
f 797 177 458
f 528 609 177
f 797 528 177
f 178 306 457
f 178 823 306
f 614 823 178
f 179 231 248
f 179 836 231
f 320 836 179
f 424 791 181
f 501 620 181
f 501 181 791
f 620 808 181
f 497 182 447
f 529 447 182
f 182 517 448
f 517 182 497
f 183 184 512
f 184 183 837
f 479 183 546
f 837 183 479
f 183 512 546
f 184 302 771
f 184 837 302
f 184 539 512
f 539 184 771
f 364 298 185
f 298 613 185
f 364 185 481
f 487 185 613
f 189 383 241
f 189 241 653
f 289 189 275
f 189 653 275
f 289 339 189
f 339 383 189
f 194 337 190
f 190 834 194
f 190 333 342
f 190 778 333
f 190 337 602
f 705 190 602
f 705 778 190
f 192 290 303
f 192 699 290
f 346 192 303
f 313 192 346
f 192 313 738
f 738 699 192
f 193 363 297
f 252 314 194
f 252 194 632
f 645 194 314
f 645 337 194
f 194 834 632
f 438 195 226
f 470 226 195
f 196 255 374
f 255 196 458
f 739 196 374
f 196 497 458
f 196 518 497
f 249 238 197
f 238 692 197
f 197 281 249
f 747 198 313
f 369 198 488
f 747 488 198
f 199 601 203
f 750 199 203
f 199 446 601
f 813 423 200
f 200 484 455
f 200 455 634
f 200 634 813
f 389 201 613
f 201 410 849
f 685 201 849
f 492 202 273
f 202 742 273
f 492 617 202
f 276 787 203
f 811 276 203
f 203 601 811
f 203 819 750
f 787 819 203
f 345 204 358
f 205 260 622
f 205 761 260
f 205 463 382
f 621 463 205
f 205 852 621
f 205 622 852
f 723 206 707
f 206 856 707
f 723 741 206
f 856 206 741
f 299 207 437
f 396 437 207
f 208 363 808
f 208 808 366
f 722 210 430
f 485 210 614
f 210 722 614
f 211 312 540
f 211 741 312
f 856 211 540
f 211 856 741
f 214 220 637
f 223 776 214
f 592 216 217
f 216 651 217
f 237 216 453
f 237 611 216
f 453 216 514
f 514 216 592
f 216 611 651
f 592 217 854
f 651 697 217
f 217 697 854
f 548 218 284
f 284 218 736
f 218 436 336
f 436 218 548
f 218 453 651
f 218 507 531
f 611 507 218
f 558 218 531
f 558 736 218
f 611 218 651
f 502 219 394
f 219 735 394
f 480 735 219
f 521 219 502
f 229 506 221
f 373 234 222
f 831 222 234
f 478 222 252
f 252 222 603
f 508 222 338
f 338 222 831
f 709 373 222
f 222 478 709
f 482 222 509
f 222 482 839
f 509 222 508
f 603 222 764
f 839 764 222
f 223 685 831
f 223 831 776
f 274 224 482
f 274 486 224
f 224 839 482
f 486 814 224
f 224 814 839
f 470 731 226
f 731 582 226
f 227 558 328
f 328 767 227
f 557 228 578
f 657 228 557
f 230 557 578
f 557 230 812
f 577 230 578
f 230 577 582
f 715 248 231
f 703 231 359
f 359 231 836
f 231 703 434
f 715 231 434
f 449 232 420
f 449 581 232
f 233 333 495
f 333 233 686
f 495 638 233
f 233 638 585
f 860 234 373
f 302 235 274
f 806 274 235
f 837 235 302
f 235 479 558
f 235 837 479
f 768 236 624
f 237 283 589
f 611 237 507
f 749 507 237
f 631 237 589
f 749 237 631
f 238 249 618
f 544 238 618
f 462 864 239
f 239 585 638
f 239 864 585
f 240 294 772
f 547 270 241
f 270 811 241
f 865 241 383
f 241 601 653
f 241 811 601
f 242 408 316
f 655 242 316
f 242 335 378
f 335 242 655
f 242 378 552
f 242 552 408
f 311 243 821
f 243 584 777
f 244 681 356
f 541 610 244
f 541 244 820
f 610 681 244
f 246 493 406
f 246 431 643
f 493 246 720
f 554 246 643
f 246 554 720
f 247 277 688
f 759 277 247
f 259 333 248
f 248 715 259
f 380 321 248
f 476 248 321
f 380 248 333
f 249 559 261
f 618 249 261
f 371 250 547
f 250 786 547
f 314 252 714
f 354 252 632
f 860 252 354
f 478 252 373
f 373 252 860
f 252 376 714
f 376 252 763
f 603 764 252
f 764 763 252
f 648 255 296
f 255 648 374
f 257 306 823
f 257 366 329
f 268 269 258
f 268 258 343
f 269 846 258
f 715 333 259
f 622 260 442
f 262 383 339
f 262 339 813
f 262 633 383
f 262 489 633
f 466 352 263
f 263 352 561
f 466 263 620
f 264 619 863
f 266 401 341
f 703 266 341
f 266 596 401
f 267 794 641
f 269 268 793
f 268 361 793
f 793 276 269
f 269 276 811
f 269 811 846
f 846 811 270
f 271 361 725
f 361 271 793
f 451 271 694
f 451 793 271
f 725 475 271
f 273 825 492
f 742 528 273
f 302 274 482
f 486 274 807
f 807 274 806
f 289 275 423
f 653 659 275
f 451 787 276
f 276 793 451
f 277 693 430
f 759 693 277
f 278 308 309
f 552 403 280
f 280 408 552
f 280 796 408
f 768 796 280
f 334 281 464
f 809 281 405
f 281 809 464
f 417 475 282
f 282 572 417
f 725 282 475
f 282 524 572
f 725 524 282
f 283 450 496
f 283 639 450
f 283 496 589
f 425 304 284
f 548 284 304
f 736 425 284
f 288 487 391
f 288 391 637
f 392 288 445
f 339 289 423
f 731 303 290
f 707 340 290
f 290 340 731
f 290 699 707
f 291 583 330
f 291 330 742
f 291 656 583
f 292 441 430
f 430 693 292
f 693 810 292
f 294 406 772
f 488 747 295
f 296 649 664
f 664 649 297
f 298 754 613
f 744 299 437
f 300 377 612
f 711 377 300
f 300 612 421
f 696 564 300
f 564 711 300
f 321 380 301
f 480 321 301
f 380 686 301
f 452 301 586
f 301 686 586
f 771 302 482
f 303 731 470
f 304 425 319
f 304 319 755
f 305 336 416
f 305 416 523
f 457 306 365
f 309 308 516
f 309 516 847
f 828 309 847
f 322 612 310
f 310 642 322
f 402 372 310
f 372 704 310
f 402 310 737
f 462 310 461
f 864 461 310
f 462 737 310
f 612 760 310
f 864 310 760
f 357 311 344
f 311 357 599
f 449 311 821
f 334 540 312
f 741 334 312
f 714 645 314
f 796 316 408
f 570 316 796
f 552 317 403
f 403 317 595
f 317 498 536
f 498 317 552
f 595 317 536
f 656 561 318
f 318 583 656
f 350 755 319
f 753 319 425
f 504 319 753
f 320 621 852
f 836 320 622
f 320 852 622
f 702 476 321
f 480 702 321
f 421 612 322
f 642 421 322
f 783 324 414
f 489 324 783
f 541 413 327
f 413 657 327
f 746 541 327
f 557 327 657
f 327 650 746
f 328 531 525
f 525 767 328
f 328 558 531
f 620 329 366
f 440 459 330
f 440 330 583
f 459 528 330
f 330 528 742
f 401 331 494
f 331 401 587
f 331 402 494
f 402 331 642
f 433 331 587
f 331 433 858
f 331 858 642
f 697 332 854
f 332 792 854
f 333 337 495
f 337 333 705
f 333 686 380
f 333 778 705
f 348 540 334
f 348 334 681
f 356 334 464
f 356 681 334
f 394 477 335
f 619 336 436
f 549 680 337
f 705 549 337
f 680 602 337
f 508 338 482
f 338 685 482
f 338 831 685
f 423 813 339
f 340 838 731
f 838 340 812
f 401 402 341
f 402 789 341
f 703 341 434
f 789 434 341
f 406 643 344
f 406 344 772
f 358 853 345
f 345 845 505
f 845 345 853
f 348 610 540
f 348 681 610
f 802 350 387
f 560 351 658
f 352 466 766
f 781 352 766
f 382 354 491
f 777 354 382
f 844 491 354
f 584 354 777
f 860 354 584
f 632 844 354
f 690 356 464
f 357 545 594
f 594 647 357
f 599 357 647
f 359 442 596
f 359 622 442
f 622 359 836
f 725 361 570
f 364 523 416
f 567 523 364
f 808 620 366
f 514 592 367
f 798 514 367
f 592 854 367
f 792 367 854
f 368 444 396
f 572 368 396
f 444 368 411
f 588 411 368
f 371 580 379
f 379 702 371
f 371 547 580
f 844 478 373
f 844 373 709
f 374 776 739
f 462 406 375
f 376 654 745
f 376 763 654
f 745 714 376
f 629 377 711
f 498 552 378
f 824 379 580
f 702 379 591
f 824 591 379
f 381 644 640
f 381 775 644
f 381 708 775
f 777 382 445
f 382 491 632
f 632 834 382
f 546 427 387
f 387 427 843
f 546 387 504
f 843 802 387
f 518 388 517
f 388 724 517
f 724 388 575
f 388 841 575
f 474 390 417
f 417 390 475
f 474 682 390
f 613 391 487
f 477 394 735
f 550 576 395
f 395 732 550
f 625 395 576
f 417 572 396
f 437 396 444
f 809 405 398
f 450 639 399
f 639 740 399
f 402 401 494
f 832 587 401
f 596 832 401
f 462 402 737
f 462 789 402
f 403 595 762
f 643 406 493
f 588 443 411
f 443 631 411
f 444 411 589
f 411 631 589
f 412 850 510
f 550 412 576
f 412 597 850
f 484 413 455
f 413 820 455
f 579 413 484
f 820 413 541
f 579 657 413
f 597 415 850
f 864 415 597
f 415 760 850
f 415 864 760
f 418 723 738
f 741 723 418
f 741 418 727
f 420 605 449
f 619 422 754
f 500 501 424
f 500 424 775
f 501 791 424
f 644 775 424
f 736 753 425
f 431 564 493
f 431 493 720
f 564 431 629
f 431 720 643
f 466 432 766
f 635 432 863
f 460 433 724
f 433 460 858
f 789 833 434
f 548 635 436
f 436 635 619
f 444 589 437
f 589 744 437
f 438 750 819
f 596 442 449
f 749 631 443
f 749 443 803
f 653 446 503
f 601 446 653
f 517 724 448
f 821 581 449
f 605 596 449
f 450 743 496
f 694 787 451
f 453 514 651
f 454 805 774
f 458 497 797
f 459 609 528
f 864 462 461
f 833 789 462
f 465 563 513
f 465 546 563
f 835 546 465
f 835 465 553
f 702 591 476
f 607 477 735
f 780 477 607
f 478 491 520
f 632 491 478
f 478 520 709
f 632 478 844
f 504 479 546
f 753 479 504
f 753 558 479
f 607 480 712
f 480 607 735
f 481 641 805
f 482 626 508
f 482 509 593
f 771 482 539
f 636 483 628
f 595 790 486
f 486 807 595
f 790 814 486
f 633 489 853
f 489 783 853
f 767 525 490
f 520 491 844
f 554 493 564
f 554 643 493
f 782 638 495
f 589 496 744
f 496 743 744
f 518 517 497
f 578 503 577
f 659 653 503
f 505 795 794
f 531 507 815
f 749 815 507
f 593 509 508
f 593 508 626
f 555 510 658
f 510 850 658
f 539 835 512
f 546 512 563
f 512 835 563
f 553 513 563
f 514 697 651
f 697 514 798
f 810 758 519
f 519 828 810
f 520 844 709
f 624 524 570
f 524 725 570
f 815 525 531
f 587 855 529
f 790 595 536
f 848 790 536
f 694 542 787
f 545 599 647
f 841 545 647
f 602 645 549
f 549 705 602
f 553 563 835
f 720 554 564
f 736 558 753
f 760 612 560
f 850 560 658
f 760 560 850
f 564 629 711
f 564 696 721
f 564 721 720
f 624 570 796
f 575 721 724
f 721 575 841
f 585 864 597
f 855 587 832
f 647 594 841
f 595 807 762
f 605 832 596
f 645 602 680
f 780 607 712
f 823 614 722
f 644 616 708
f 708 616 775
f 863 619 635
f 624 796 768
f 644 708 640
f 795 774 641
f 774 805 641
f 794 795 641
f 720 721 643
f 654 818 745
f 763 848 654
f 690 758 759
f 758 693 759
f 810 693 758
f 724 721 696
f 699 723 707
f 723 699 738
f 732 714 745
f 831 739 776
f 749 803 815
f 767 762 807
f 764 814 763
f 848 763 814
f 814 764 839
f 767 807 806
f 848 814 790
f 866 868 877
f 884 868 866
f 870 873 866
f 870 866 877
f 871 866 876
f 871 884 866
f 873 876 866
f 879 867 872
f 872 867 883
f 875 867 878
f 867 875 883
f 867 879 878
f 868 882 877
f 883 868 881
f 868 884 881
f 883 882 868
f 869 876 873
f 873 880 869
f 874 876 869
f 880 874 869
f 873 870 874
f 874 870 876
f 870 877 876
f 871 876 882
f 882 883 871
f 883 884 871
f 872 875 878
f 875 872 881
f 878 879 872
f 872 883 881
f 873 874 880
f 884 875 881
f 884 883 875
f 882 876 877
f 909 919 885
f 909 885 987
f 885 919 999
f 999 987 885
f 886 890 914
f 886 986 890
f 886 914 983
f 935 886 983
f 986 886 935
f 907 887 1003
f 887 907 1005
f 887 948 926
f 926 980 887
f 948 887 1005
f 980 967 887
f 887 967 1003
f 893 888 996
f 893 1009 888
f 888 988 917
f 998 888 917
f 1009 988 888
f 996 888 998
f 932 918 889
f 889 918 994
f 932 889 936
f 889 992 936
f 889 994 992
f 914 890 916
f 978 916 890
f 890 923 978
f 923 890 1007
f 890 986 1006
f 890 1006 1007
f 929 891 901
f 901 891 958
f 958 891 905
f 993 905 891
f 1001 891 929
f 891 1001 993
f 980 920 892
f 992 892 920
f 980 892 938
f 892 1004 938
f 992 954 892
f 954 1004 892
f 964 916 893
f 916 978 893
f 893 939 964
f 996 939 893
f 1000 893 978
f 893 1000 1009
f 941 963 894
f 941 894 998
f 963 961 894
f 996 894 961
f 894 996 998
f 952 895 921
f 921 895 965
f 926 895 936
f 948 895 926
f 952 936 895
f 895 948 965
f 896 935 931
f 962 896 931
f 896 986 935
f 962 986 896
f 898 929 901
f 965 898 901
f 929 898 945
f 945 898 953
f 953 898 965
f 903 899 927
f 997 899 903
f 959 899 906
f 899 997 906
f 927 899 917
f 899 959 917
f 941 930 900
f 962 900 930
f 900 962 931
f 963 900 931
f 941 900 963
f 901 958 965
f 951 903 927
f 951 933 903
f 933 997 903
f 930 958 905
f 930 905 993
f 930 941 906
f 930 906 958
f 959 906 941
f 997 958 906
f 907 999 966
f 966 1000 907
f 1000 990 907
f 1005 907 990
f 907 1003 999
f 908 1008 925
f 925 1010 908
f 1004 928 908
f 928 1008 908
f 1004 908 944
f 908 1010 944
f 919 909 927
f 925 909 987
f 909 925 1008
f 989 927 909
f 989 909 1008
f 914 916 964
f 934 914 964
f 934 983 914
f 956 927 917
f 917 988 956
f 959 998 917
f 928 994 918
f 1008 928 918
f 989 918 932
f 989 1008 918
f 927 956 919
f 919 956 988
f 966 919 988
f 999 919 966
f 936 920 926
f 920 980 926
f 936 992 920
f 933 952 921
f 921 1002 933
f 921 965 1002
f 990 923 945
f 923 1007 945
f 978 923 990
f 931 937 924
f 924 963 931
f 937 934 924
f 934 961 924
f 924 961 963
f 1010 925 987
f 951 927 989
f 954 994 928
f 954 928 1004
f 929 945 1007
f 1001 929 1007
f 930 993 962
f 931 935 937
f 952 933 932
f 932 933 995
f 936 952 932
f 932 951 989
f 951 932 995
f 951 995 933
f 958 997 933
f 933 1002 958
f 983 934 937
f 939 934 964
f 934 939 996
f 934 996 961
f 935 983 937
f 944 967 938
f 938 1004 944
f 967 980 938
f 998 959 941
f 1010 967 944
f 1005 945 953
f 1005 990 945
f 953 965 948
f 948 1005 953
f 954 992 994
f 1002 965 958
f 1006 986 962
f 962 993 1006
f 988 1000 966
f 967 1010 1003
f 978 990 1000
f 999 1003 987
f 1010 987 1003
f 1000 988 1009
f 1006 993 1001
f 1007 1006 1001
f 1064 1018 1011
f 1018 1065 1011
f 1028 1011 1032
f 1011 1028 1054
f 1065 1032 1011
f 1064 1011 1054
f 1029 1015 1012
f 1015 1038 1012
f 1027 1029 1012
f 1063 1027 1012
f 1038 1063 1012
f 1045 1013 1050
f 1045 1059 1013
f 1050 1013 1046
f 1013 1059 1046
f 1017 1016 1014
f 1014 1016 1023
f 1017 1014 1023
f 1052 1015 1029
f 1015 1035 1032
f 1032 1065 1015
f 1015 1052 1035
f 1038 1015 1065
f 1016 1017 1051
f 1023 1016 1051
f 1017 1023 1062
f 1051 1017 1062
f 1036 1063 1018
f 1018 1064 1036
f 1065 1018 1063
f 1022 1019 1020
f 1019 1054 1020
f 1055 1019 1022
f 1049 1025 1019
f 1025 1054 1019
f 1019 1055 1049
f 1022 1020 1030
f 1048 1020 1028
f 1028 1020 1054
f 1030 1020 1048
f 1030 1034 1022
f 1067 1022 1034
f 1022 1060 1055
f 1067 1060 1022
f 1023 1033 1025
f 1049 1023 1025
f 1033 1023 1044
f 1023 1051 1044
f 1049 1062 1023
f 1058 1024 1040
f 1070 1040 1024
f 1058 1066 1024
f 1061 1024 1067
f 1070 1024 1061
f 1067 1024 1066
f 1025 1033 1036
f 1064 1025 1036
f 1054 1025 1064
f 1029 1027 1059
f 1050 1059 1027
f 1050 1027 1074
f 1027 1063 1074
f 1048 1028 1031
f 1028 1053 1031
f 1053 1028 1032
f 1052 1029 1075
f 1075 1029 1059
f 1030 1076 1034
f 1030 1048 1042
f 1030 1042 1076
f 1037 1042 1031
f 1031 1053 1037
f 1042 1048 1031
f 1032 1035 1053
f 1044 1036 1033
f 1034 1061 1067
f 1061 1034 1070
f 1070 1034 1076
f 1037 1053 1035
f 1070 1037 1035
f 1040 1035 1052
f 1040 1070 1035
f 1045 1036 1044
f 1074 1036 1045
f 1074 1063 1036
f 1037 1070 1042
f 1038 1065 1063
f 1039 1047 1041
f 1066 1039 1041
f 1047 1039 1043
f 1039 1059 1043
f 1058 1059 1039
f 1066 1058 1039
f 1052 1075 1040
f 1058 1040 1075
f 1041 1047 1044
f 1041 1044 1051
f 1041 1051 1062
f 1041 1062 1066
f 1076 1042 1070
f 1059 1047 1043
f 1044 1047 1045
f 1045 1047 1059
f 1050 1074 1045
f 1059 1050 1046
f 1055 1062 1049
f 1062 1055 1060
f 1059 1058 1075
f 1060 1066 1062
f 1060 1067 1066
f 1077 1085 1078
f 1077 1078 1106
f 1081 1082 1077
f 1077 1099 1081
f 1082 1088 1077
f 1077 1088 1085
f 1106 1099 1077
f 1078 1085 1080
f 1106 1078 1080
f 1084 1103 1079
f 1111 1084 1079
f 1079 1103 1101
f 1111 1079 1101
f 1095 1080 1085
f 1080 1095 1101
f 1101 1106 1080
f 1083 1082 1081
f 1099 1083 1081
f 1082 1083 1089
f 1098 1088 1082
f 1098 1082 1089
f 1089 1083 1100
f 1102 1083 1099
f 1100 1083 1102
f 1084 1111 1086
f 1119 1084 1086
f 1103 1084 1119
f 1088 1098 1085
f 1085 1090 1095
f 1090 1085 1098
f 1111 1119 1086
f 1087 1108 1107
f 1087 1107 1115
f 1108 1087 1118
f 1087 1115 1118
f 1098 1089 1100
f 1095 1090 1091
f 1091 1090 1113
f 1098 1113 1090
f 1091 1092 1112
f 1113 1092 1091
f 1095 1091 1110
f 1091 1112 1110
f 1107 1108 1092
f 1114 1107 1092
f 1112 1092 1108
f 1114 1092 1113
f 1095 1110 1101
f 1097 1096 1117
f 1120 1096 1097
f 1096 1120 1117
f 1115 1107 1097
f 1107 1120 1097
f 1115 1097 1117
f 1100 1113 1098
f 1099 1115 1102
f 1099 1106 1109
f 1115 1099 1109
f 1100 1102 1114
f 1113 1100 1114
f 1109 1101 1103
f 1101 1109 1106
f 1110 1111 1101
f 1105 1114 1102
f 1115 1105 1102
f 1103 1108 1118
f 1103 1119 1108
f 1118 1109 1103
f 1105 1107 1114
f 1120 1107 1105
f 1105 1115 1117
f 1120 1105 1117
f 1116 1112 1108
f 1116 1108 1119
f 1109 1118 1115
f 1110 1119 1111
f 1112 1119 1110
f 1112 1116 1119
f 1130 1122 1124
f 1122 1138 1124
f 1130 1138 1122
f 1126 1123 1133
f 1126 1136 1123
f 1123 1129 1133
f 1129 1123 1143
f 1136 1135 1123
f 1135 1140 1123
f 1143 1123 1140
f 1127 1134 1124
f 1124 1139 1127
f 1124 1137 1130
f 1124 1134 1137
f 1138 1139 1124
f 1125 1133 1129
f 1125 1129 1143
f 1133 1125 1143
f 1136 1126 1132
f 1126 1140 1132
f 1126 1133 1140
f 1131 1134 1127
f 1131 1127 1141
f 1127 1132 1141
f 1142 1132 1127
f 1139 1137 1127
f 1137 1142 1127
f 1134 1132 1128
f 1142 1128 1132
f 1128 1137 1134
f 1128 1142 1137
f 1130 1137 1139
f 1139 1138 1130
f 1134 1131 1132
f 1135 1132 1131
f 1141 1135 1131
f 1136 1132 1135
f 1141 1132 1140
f 1133 1143 1140
f 1141 1140 1135
f 1144 1153 1230
f 1240 1153 1144
f 1154 1144 1230
f 1144 1154 1232
f 1217 1144 1232
f 1240 1144 1217
f 1176 1147 1216
f 1235 1147 1176
f 1216 1147 1235
f 1148 1160 1158
f 1236 1148 1158
f 1160 1148 1243
f 1148 1212 1161
f 1148 1161 1243
f 1148 1189 1213
f 1148 1236 1189
f 1213 1212 1148
f 1171 1221 1149
f 1149 1237 1171
f 1211 1216 1149
f 1211 1149 1221
f 1237 1149 1216
f 1150 1173 1151
f 1177 1150 1151
f 1150 1166 1237
f 1150 1246 1166
f 1173 1150 1237
f 1177 1246 1150
f 1170 1177 1151
f 1170 1151 1234
f 1151 1173 1244
f 1151 1244 1234
f 1152 1168 1183
f 1168 1152 1225
f 1179 1182 1152
f 1152 1197 1179
f 1225 1152 1182
f 1152 1183 1202
f 1152 1202 1197
f 1205 1162 1153
f 1230 1153 1162
f 1240 1205 1153
f 1209 1214 1154
f 1242 1209 1154
f 1232 1154 1214
f 1242 1154 1230
f 1157 1176 1172
f 1157 1172 1187
f 1157 1175 1184
f 1175 1157 1187
f 1176 1157 1247
f 1247 1157 1184
f 1195 1158 1160
f 1158 1195 1228
f 1236 1158 1228
f 1214 1167 1159
f 1159 1167 1228
f 1195 1206 1159
f 1195 1159 1228
f 1159 1206 1196
f 1196 1232 1159
f 1159 1232 1214
f 1202 1195 1160
f 1243 1202 1160
f 1161 1212 1165
f 1161 1165 1245
f 1201 1179 1161
f 1161 1179 1243
f 1161 1245 1201
f 1180 1162 1192
f 1180 1230 1162
f 1162 1245 1192
f 1205 1245 1162
f 1245 1165 1192
f 1192 1165 1246
f 1165 1212 1213
f 1246 1165 1213
f 1189 1171 1166
f 1171 1237 1166
f 1166 1213 1189
f 1213 1166 1246
f 1215 1178 1167
f 1228 1167 1178
f 1167 1214 1215
f 1183 1168 1193
f 1193 1168 1240
f 1240 1168 1225
f 1170 1180 1177
f 1170 1242 1180
f 1239 1170 1234
f 1242 1170 1239
f 1189 1221 1171
f 1176 1211 1172
f 1172 1211 1187
f 1216 1235 1173
f 1216 1173 1237
f 1244 1173 1235
f 1175 1238 1184
f 1210 1175 1187
f 1239 1175 1210
f 1175 1239 1238
f 1176 1216 1211
f 1247 1235 1176
f 1246 1177 1180
f 1178 1219 1181
f 1178 1181 1236
f 1215 1219 1178
f 1236 1228 1178
f 1179 1201 1182
f 1197 1243 1179
f 1246 1180 1192
f 1230 1180 1242
f 1181 1221 1189
f 1236 1181 1189
f 1219 1211 1181
f 1181 1211 1221
f 1201 1205 1182
f 1225 1182 1205
f 1196 1183 1193
f 1218 1183 1196
f 1183 1218 1202
f 1184 1238 1188
f 1188 1247 1184
f 1187 1203 1210
f 1203 1187 1219
f 1219 1187 1211
f 1234 1188 1238
f 1241 1188 1234
f 1241 1235 1188
f 1247 1188 1235
f 1217 1196 1193
f 1217 1193 1240
f 1206 1195 1202
f 1218 1196 1206
f 1196 1217 1232
f 1243 1197 1202
f 1198 1203 1209
f 1203 1198 1210
f 1198 1209 1242
f 1198 1239 1210
f 1198 1242 1239
f 1205 1201 1245
f 1218 1206 1202
f 1209 1203 1215
f 1203 1219 1215
f 1205 1240 1225
f 1209 1215 1214
f 1238 1239 1234
f 1241 1234 1244
f 1235 1241 1244
f 1309 1279 1248
f 1279 1323 1248
f 1248 1280 1306
f 1280 1248 1318
f 1309 1248 1306
f 1248 1323 1318
f 1258 1249 1308
f 1317 1249 1258
f 1275 1249 1289
f 1275 1324 1249
f 1277 1308 1249
f 1324 1277 1249
f 1249 1317 1289
f 1252 1253 1250
f 1252 1250 1295
f 1250 1253 1295
f 1309 1251 1255
f 1322 1255 1251
f 1284 1251 1306
f 1322 1251 1284
f 1251 1309 1306
f 1294 1253 1252
f 1294 1252 1304
f 1252 1295 1304
f 1294 1295 1253
f 1256 1254 1275
f 1256 1293 1254
f 1324 1275 1254
f 1254 1293 1312
f 1300 1254 1311
f 1300 1324 1254
f 1254 1312 1311
f 1255 1273 1279
f 1287 1273 1255
f 1276 1320 1255
f 1322 1276 1255
f 1255 1279 1309
f 1320 1287 1255
f 1289 1264 1256
f 1256 1264 1315
f 1256 1275 1289
f 1301 1293 1256
f 1301 1256 1315
f 1274 1261 1257
f 1261 1290 1257
f 1315 1264 1257
f 1257 1264 1321
f 1270 1257 1314
f 1257 1270 1315
f 1294 1274 1257
f 1290 1303 1257
f 1321 1294 1257
f 1314 1257 1303
f 1258 1280 1288
f 1258 1308 1280
f 1316 1258 1288
f 1316 1317 1258
f 1261 1259 1290
f 1261 1304 1259
f 1290 1259 1313
f 1304 1319 1259
f 1316 1313 1259
f 1316 1259 1319
f 1304 1261 1274
f 1292 1264 1289
f 1321 1264 1292
f 1266 1284 1269
f 1266 1269 1296
f 1284 1266 1305
f 1311 1266 1296
f 1311 1305 1266
f 1268 1282 1278
f 1307 1268 1278
f 1282 1268 1307
f 1269 1284 1306
f 1308 1296 1269
f 1308 1269 1306
f 1270 1271 1287
f 1314 1271 1270
f 1315 1270 1287
f 1271 1282 1273
f 1271 1273 1287
f 1282 1271 1303
f 1314 1303 1271
f 1278 1282 1272
f 1272 1318 1278
f 1272 1282 1303
f 1313 1272 1303
f 1313 1318 1272
f 1273 1323 1279
f 1282 1323 1273
f 1274 1294 1304
f 1312 1293 1276
f 1276 1293 1320
f 1311 1276 1305
f 1276 1322 1305
f 1311 1312 1276
f 1308 1277 1296
f 1296 1277 1311
f 1311 1277 1300
f 1277 1324 1300
f 1318 1307 1278
f 1288 1280 1318
f 1280 1308 1306
f 1323 1282 1307
f 1322 1284 1305
f 1315 1287 1320
f 1316 1288 1313
f 1313 1288 1318
f 1319 1292 1289
f 1319 1289 1317
f 1303 1290 1313
f 1321 1292 1319
f 1301 1320 1293
f 1295 1294 1319
f 1319 1294 1321
f 1304 1295 1319
f 1301 1315 1320
f 1323 1307 1318
f 1316 1319 1317
f 1326 1361 1325
f 1325 1373 1326
f 1361 1365 1325
f 1325 1365 1366
f 1373 1325 1366
f 1339 1328 1326
f 1361 1326 1328
f 1339 1326 1367
f 1367 1326 1373
f 1344 1369 1327
f 1344 1327 1378
f 1369 1359 1327
f 1378 1327 1359
f 1328 1333 1329
f 1361 1328 1329
f 1333 1328 1339
f 1335 1329 1333
f 1335 1349 1329
f 1329 1349 1361
f 1330 1354 1351
f 1351 1358 1330
f 1330 1376 1354
f 1358 1374 1330
f 1375 1330 1374
f 1330 1375 1376
f 1343 1331 1370
f 1343 1371 1331
f 1364 1353 1331
f 1353 1370 1331
f 1331 1371 1358
f 1331 1358 1379
f 1379 1364 1331
f 1342 1332 1334
f 1332 1348 1334
f 1332 1342 1368
f 1350 1348 1332
f 1352 1350 1332
f 1332 1368 1352
f 1336 1335 1333
f 1333 1341 1336
f 1341 1333 1339
f 1334 1335 1342
f 1335 1334 1349
f 1349 1334 1348
f 1342 1335 1336
f 1336 1341 1363
f 1342 1336 1363
f 1353 1364 1337
f 1372 1353 1337
f 1372 1337 1363
f 1380 1363 1337
f 1364 1380 1337
f 1341 1339 1367
f 1346 1341 1367
f 1341 1346 1372
f 1372 1363 1341
f 1342 1363 1380
f 1368 1342 1380
f 1371 1343 1370
f 1345 1360 1344
f 1344 1378 1345
f 1360 1369 1344
f 1375 1345 1359
f 1378 1359 1345
f 1374 1360 1345
f 1375 1374 1345
f 1371 1346 1367
f 1370 1346 1371
f 1372 1346 1370
f 1348 1365 1349
f 1350 1366 1348
f 1348 1366 1365
f 1365 1361 1349
f 1350 1352 1360
f 1350 1360 1366
f 1355 1351 1354
f 1351 1355 1364
f 1358 1351 1379
f 1379 1351 1364
f 1360 1352 1357
f 1368 1357 1352
f 1372 1370 1353
f 1369 1355 1354
f 1376 1369 1354
f 1355 1369 1357
f 1357 1380 1355
f 1380 1364 1355
f 1369 1360 1357
f 1380 1357 1368
f 1358 1371 1367
f 1374 1358 1367
f 1359 1369 1376
f 1359 1376 1375
f 1374 1366 1360
f 1373 1366 1374
f 1367 1373 1374
f 1391 1381 1387
f 1381 1394 1387
f 1391 1394 1381
f 1392 1382 1385
f 1385 1382 1399
f 1382 1392 1402
f 1401 1399 1382
f 1401 1382 1402
f 1390 1384 1383
f 1384 1400 1383
f 1390 1383 1389
f 1383 1392 1389
f 1392 1383 1393
f 1393 1383 1400
f 1400 1384 1390
f 1390 1385 1388
f 1388 1385 1399
f 1385 1390 1389
f 1392 1385 1389
f 1386 1393 1388
f 1388 1399 1386
f 1392 1393 1386
f 1392 1386 1402
f 1399 1402 1386
f 1399 1391 1387
f 1387 1394 1396
f 1399 1387 1396
f 1390 1388 1400
f 1388 1393 1400
f 1391 1398 1394
f 1401 1398 1391
f 1399 1401 1391
f 1395 1396 1394
f 1398 1395 1394
f 1395 1398 1396
f 1398 1397 1396
f 1397 1402 1396
f 1402 1399 1396
f 1402 1397 1398
f 1401 1402 1398
f 1403 1442 1432
f 1403 1432 1468
f 1403 1446 1442
f 1403 1444 1443
f 1403 1443 1467
f 1444 1403 1468
f 1446 1403 1467
f 1404 1479 1434
f 1404 1434 1497
f 1404 1439 1480
f 1497 1439 1404
f 1474 1404 1443
f 1404 1480 1443
f 1479 1404 1474
f 1405 1439 1445
f 1439 1405 1480
f 1476 1405 1445
f 1405 1476 1480
f 1425 1406 1424
f 1479 1424 1406
f 1512 1406 1425
f 1452 1485 1406
f 1512 1452 1406
f 1485 1479 1406
f 1422 1446 1407
f 1407 1513 1422
f 1447 1407 1446
f 1504 1407 1447
f 1460 1407 1504
f 1513 1407 1460
f 1459 1416 1408
f 1408 1416 1466
f 1447 1481 1408
f 1504 1447 1408
f 1481 1459 1408
f 1466 1504 1408
f 1438 1411 1410
f 1411 1477 1410
f 1423 1438 1410
f 1410 1440 1423
f 1440 1410 1429
f 1429 1410 1477
f 1515 1411 1438
f 1411 1478 1477
f 1515 1478 1411
f 1434 1485 1413
f 1434 1413 1507
f 1452 1436 1413
f 1413 1436 1506
f 1452 1413 1485
f 1413 1506 1453
f 1413 1453 1507
f 1414 1481 1449
f 1414 1449 1503
f 1450 1414 1503
f 1508 1414 1450
f 1459 1481 1414
f 1459 1414 1518
f 1518 1414 1508
f 1415 1432 1437
f 1468 1432 1415
f 1515 1415 1437
f 1438 1468 1415
f 1415 1515 1438
f 1416 1451 1466
f 1451 1416 1493
f 1416 1459 1518
f 1493 1416 1518
f 1442 1446 1422
f 1520 1442 1422
f 1520 1422 1513
f 1444 1423 1424
f 1505 1424 1423
f 1423 1468 1438
f 1440 1505 1423
f 1423 1444 1468
f 1505 1425 1424
f 1444 1424 1474
f 1474 1424 1479
f 1505 1457 1425
f 1457 1512 1425
f 1437 1484 1426
f 1515 1437 1426
f 1426 1499 1478
f 1426 1478 1515
f 1484 1499 1426
f 1441 1428 1496
f 1428 1441 1517
f 1428 1448 1460
f 1498 1448 1428
f 1460 1519 1428
f 1519 1496 1428
f 1517 1498 1428
f 1472 1429 1433
f 1477 1433 1429
f 1440 1429 1457
f 1457 1429 1472
f 1446 1430 1447
f 1430 1446 1480
f 1447 1430 1481
f 1481 1430 1449
f 1449 1430 1503
f 1430 1480 1503
f 1432 1520 1437
f 1520 1432 1442
f 1436 1472 1433
f 1436 1433 1509
f 1509 1433 1477
f 1497 1434 1435
f 1435 1434 1517
f 1485 1434 1479
f 1517 1434 1507
f 1435 1441 1516
f 1441 1435 1517
f 1435 1488 1445
f 1497 1435 1445
f 1516 1488 1435
f 1512 1436 1452
f 1512 1472 1436
f 1506 1436 1509
f 1520 1484 1437
f 1497 1445 1439
f 1505 1440 1457
f 1441 1496 1516
f 1443 1444 1474
f 1443 1480 1467
f 1488 1476 1445
f 1467 1480 1446
f 1460 1448 1513
f 1498 1510 1448
f 1513 1448 1510
f 1488 1450 1476
f 1476 1450 1503
f 1494 1450 1488
f 1508 1450 1494
f 1454 1451 1471
f 1451 1454 1519
f 1451 1514 1466
f 1493 1471 1451
f 1519 1514 1451
f 1498 1453 1484
f 1499 1484 1453
f 1498 1517 1453
f 1453 1506 1499
f 1453 1517 1507
f 1495 1454 1471
f 1454 1495 1494
f 1454 1494 1516
f 1516 1519 1454
f 1457 1472 1512
f 1460 1504 1466
f 1514 1460 1466
f 1519 1460 1514
f 1493 1464 1495
f 1464 1493 1518
f 1464 1494 1495
f 1508 1494 1464
f 1464 1518 1508
f 1495 1471 1493
f 1503 1480 1476
f 1509 1477 1478
f 1509 1478 1499
f 1498 1484 1510
f 1484 1520 1510
f 1488 1516 1494
f 1516 1496 1519
f 1506 1509 1499
f 1520 1513 1510
f 1538 1521 1580
f 1538 1589 1521
f 1521 1589 1580
f 1522 1526 1524
f 1522 1524 1562
f 1533 1526 1522
f 1529 1522 1562
f 1529 1567 1522
f 1554 1533 1522
f 1567 1554 1522
f 1558 1531 1523
f 1523 1531 1571
f 1566 1558 1523
f 1571 1566 1523
f 1524 1526 1546
f 1524 1536 1544
f 1546 1536 1524
f 1524 1544 1588
f 1524 1588 1562
f 1552 1525 1542
f 1577 1542 1525
f 1549 1525 1573
f 1525 1549 1577
f 1525 1552 1565
f 1525 1565 1573
f 1533 1578 1526
f 1526 1536 1546
f 1578 1536 1526
f 1527 1550 1541
f 1587 1527 1541
f 1527 1575 1550
f 1527 1558 1575
f 1558 1527 1587
f 1528 1529 1563
f 1528 1567 1529
f 1528 1538 1534
f 1528 1534 1567
f 1538 1528 1563
f 1529 1541 1550
f 1541 1529 1588
f 1529 1550 1563
f 1588 1529 1562
f 1558 1559 1531
f 1531 1559 1560
f 1560 1579 1531
f 1571 1531 1579
f 1554 1551 1533
f 1533 1551 1556
f 1533 1556 1560
f 1533 1560 1578
f 1538 1580 1534
f 1567 1534 1545
f 1534 1589 1545
f 1580 1589 1534
f 1539 1555 1535
f 1539 1535 1581
f 1572 1553 1535
f 1575 1535 1553
f 1535 1555 1572
f 1535 1575 1581
f 1544 1536 1541
f 1587 1541 1536
f 1559 1536 1578
f 1587 1536 1559
f 1548 1537 1538
f 1537 1589 1538
f 1548 1553 1537
f 1553 1569 1537
f 1537 1569 1589
f 1548 1538 1563
f 1542 1555 1539
f 1542 1539 1571
f 1566 1571 1539
f 1581 1566 1539
f 1556 1551 1540
f 1551 1590 1540
f 1560 1556 1540
f 1540 1570 1560
f 1540 1573 1570
f 1573 1540 1590
f 1544 1541 1588
f 1552 1542 1571
f 1542 1577 1555
f 1549 1543 1572
f 1549 1590 1543
f 1569 1553 1543
f 1572 1543 1553
f 1543 1590 1569
f 1554 1545 1551
f 1569 1551 1545
f 1554 1567 1545
f 1589 1569 1545
f 1548 1575 1553
f 1575 1548 1563
f 1549 1572 1577
f 1549 1573 1590
f 1563 1550 1575
f 1551 1569 1590
f 1579 1565 1552
f 1571 1579 1552
f 1577 1572 1555
f 1587 1559 1558
f 1558 1566 1581
f 1575 1558 1581
f 1560 1559 1578
f 1579 1560 1570
f 1565 1570 1573
f 1565 1579 1570
f 1610 1591 1629
f 1591 1610 1632
f 1613 1591 1612
f 1591 1632 1612
f 1623 1591 1613
f 1591 1623 1619
f 1591 1619 1629
f 1594 1592 1593
f 1592 1605 1593
f 1628 1592 1594
f 1592 1623 1605
f 1623 1592 1619
f 1628 1619 1592
f 1593 1599 1594
f 1599 1593 1596
f 1596 1593 1605
f 1598 1594 1599
f 1594 1598 1628
f 1595 1625 1616
f 1595 1616 1631
f 1625 1595 1617
f 1617 1595 1631
f 1596 1597 1601
f 1596 1605 1597
f 1599 1596 1600
f 1596 1601 1600
f 1608 1601 1597
f 1626 1597 1605
f 1626 1608 1597
f 1600 1598 1599
f 1600 1635 1598
f 1630 1628 1598
f 1630 1598 1635
f 1601 1603 1600
f 1600 1603 1635
f 1603 1601 1608
f 1602 1624 1630
f 1639 1624 1602
f 1630 1633 1602
f 1633 1639 1602
f 1603 1608 1607
f 1633 1603 1607
f 1635 1603 1633
f 1607 1622 1604
f 1607 1604 1633
f 1636 1604 1622
f 1633 1604 1636
f 1623 1626 1605
f 1606 1609 1626
f 1606 1634 1609
f 1606 1623 1613
f 1613 1634 1606
f 1626 1623 1606
f 1607 1608 1634
f 1607 1634 1622
f 1609 1608 1626
f 1634 1608 1609
f 1629 1638 1610
f 1610 1638 1632
f 1617 1613 1612
f 1612 1625 1617
f 1612 1632 1625
f 1617 1616 1613
f 1613 1616 1625
f 1613 1625 1634
f 1627 1624 1614
f 1624 1629 1614
f 1629 1627 1614
f 1621 1625 1615
f 1621 1615 1637
f 1615 1625 1632
f 1615 1632 1637
f 1616 1617 1631
f 1629 1619 1628
f 1625 1621 1622
f 1621 1636 1622
f 1636 1621 1639
f 1621 1637 1639
f 1634 1625 1622
f 1624 1627 1630
f 1624 1638 1629
f 1624 1639 1638
f 1627 1629 1630
f 1629 1628 1630
f 1630 1635 1633
f 1632 1638 1637
f 1633 1636 1639
f 1639 1637 1638
f 1760 1644 1702
f 1702 1644 1779
f 1709 1722 1644
f 1760 1709 1644
f 1722 1721 1644
f 1644 1721 1779
f 1662 1770 1646
f 1646 1771 1662
f 1695 1682 1646
f 1682 1702 1646
f 1770 1695 1646
f 1702 1779 1646
f 1771 1646 1779
f 1647 1694 1737
f 1694 1647 1741
f 1733 1741 1647
f 1743 1733 1647
f 1743 1647 1737
f 1648 1696 1659
f 1659 1772 1648
f 1696 1648 1691
f 1648 1717 1691
f 1648 1727 1717
f 1719 1727 1648
f 1648 1772 1719
f 1649 1694 1741
f 1649 1766 1694
f 1727 1719 1649
f 1719 1766 1649
f 1727 1649 1785
f 1741 1785 1649
f 1676 1650 1716
f 1650 1676 1736
f 1716 1650 1772
f 1650 1718 1772
f 1718 1650 1782
f 1736 1782 1650
f 1666 1715 1651
f 1738 1666 1651
f 1715 1736 1651
f 1651 1736 1738
f 1658 1652 1689
f 1652 1658 1783
f 1740 1652 1675
f 1675 1652 1783
f 1652 1716 1689
f 1652 1740 1716
f 1653 1713 1669
f 1778 1653 1669
f 1713 1653 1783
f 1783 1653 1778
f 1658 1689 1712
f 1713 1658 1712
f 1713 1783 1658
f 1689 1659 1712
f 1689 1772 1659
f 1659 1696 1712
f 1662 1781 1770
f 1771 1775 1662
f 1662 1775 1781
f 1665 1708 1698
f 1698 1784 1665
f 1703 1708 1665
f 1665 1784 1703
f 1715 1666 1720
f 1666 1742 1720
f 1666 1738 1731
f 1731 1742 1666
f 1734 1667 1700
f 1667 1761 1700
f 1667 1734 1774
f 1774 1761 1667
f 1668 1708 1684
f 1668 1684 1780
f 1710 1668 1686
f 1686 1668 1729
f 1708 1668 1710
f 1668 1780 1729
f 1669 1739 1693
f 1778 1669 1693
f 1713 1711 1669
f 1734 1669 1711
f 1669 1734 1739
f 1738 1670 1671
f 1671 1670 1740
f 1676 1670 1738
f 1676 1740 1670
f 1714 1685 1671
f 1786 1671 1685
f 1740 1714 1671
f 1731 1738 1671
f 1786 1731 1671
f 1675 1705 1714
f 1778 1705 1675
f 1675 1714 1740
f 1675 1783 1778
f 1676 1716 1740
f 1738 1736 1676
f 1695 1761 1682
f 1761 1702 1682
f 1683 1701 1727
f 1777 1701 1683
f 1704 1709 1683
f 1683 1785 1704
f 1760 1683 1709
f 1683 1727 1785
f 1760 1777 1683
f 1703 1684 1708
f 1768 1684 1703
f 1768 1781 1684
f 1684 1775 1780
f 1684 1781 1775
f 1705 1685 1714
f 1685 1705 1728
f 1685 1728 1784
f 1784 1786 1685
f 1725 1686 1699
f 1686 1729 1699
f 1686 1707 1710
f 1725 1707 1686
f 1772 1689 1716
f 1691 1712 1696
f 1711 1691 1697
f 1697 1691 1730
f 1711 1712 1691
f 1691 1717 1730
f 1693 1739 1695
f 1770 1693 1695
f 1770 1781 1693
f 1778 1693 1781
f 1766 1718 1694
f 1718 1782 1694
f 1694 1782 1737
f 1695 1739 1700
f 1695 1700 1761
f 1697 1774 1711
f 1752 1697 1730
f 1697 1752 1774
f 1708 1747 1698
f 1731 1698 1748
f 1698 1731 1786
f 1698 1747 1748
f 1786 1784 1698
f 1721 1699 1729
f 1699 1721 1743
f 1773 1725 1699
f 1699 1743 1773
f 1739 1734 1700
f 1730 1727 1701
f 1701 1752 1730
f 1777 1752 1701
f 1760 1702 1761
f 1768 1703 1728
f 1784 1728 1703
f 1722 1709 1704
f 1733 1722 1704
f 1785 1733 1704
f 1705 1768 1728
f 1705 1778 1768
f 1720 1706 1715
f 1715 1706 1782
f 1720 1732 1706
f 1725 1706 1732
f 1737 1706 1725
f 1706 1737 1782
f 1710 1707 1747
f 1725 1732 1707
f 1748 1707 1732
f 1747 1707 1748
f 1708 1710 1747
f 1713 1712 1711
f 1734 1711 1774
f 1736 1715 1782
f 1730 1717 1727
f 1766 1772 1718
f 1766 1719 1772
f 1720 1742 1732
f 1743 1721 1722
f 1721 1729 1771
f 1779 1721 1771
f 1743 1722 1733
f 1737 1725 1773
f 1771 1729 1780
f 1748 1742 1731
f 1742 1748 1732
f 1785 1741 1733
f 1773 1743 1737
f 1777 1774 1752
f 1777 1760 1761
f 1774 1777 1761
f 1781 1768 1778
f 1780 1775 1771
f 1787 1788 1791
f 1788 1787 1798
f 1790 1787 1802
f 1804 1787 1790
f 1802 1787 1791
f 1787 1797 1798
f 1787 1804 1797
f 1794 1791 1788
f 1795 1794 1788
f 1798 1795 1788
f 1789 1800 1790
f 1790 1802 1789
f 1803 1800 1789
f 1803 1789 1802
f 1790 1800 1804
f 1791 1794 1798
f 1798 1802 1791
f 1799 1793 1792
f 1793 1801 1792
f 1803 1799 1792
f 1800 1792 1801
f 1800 1803 1792
f 1793 1799 1801
f 1794 1795 1798
f 1796 1802 1797
f 1796 1797 1804
f 1799 1803 1796
f 1796 1804 1799
f 1796 1803 1802
f 1797 1802 1798
f 1801 1799 1804
f 1800 1801 1804
f 1891 1805 1892
f 1891 1894 1805
f 1805 1894 1892
f 1828 1860 1806
f 1806 1870 1828
f 1870 1806 1833
f 1833 1806 1884
f 1806 1836 1848
f 1836 1806 1860
f 1859 1806 1848
f 1884 1806 1859
f 1813 1812 1807
f 1812 1814 1807
f 1807 1897 1813
f 1807 1814 1856
f 1896 1807 1856
f 1896 1897 1807
f 1808 1839 1831
f 1831 1852 1808
f 1808 1876 1839
f 1852 1846 1808
f 1866 1808 1846
f 1866 1889 1808
f 1889 1876 1808
f 1838 1830 1809
f 1830 1895 1809
f 1838 1809 1874
f 1847 1865 1809
f 1847 1809 1895
f 1809 1865 1854
f 1874 1809 1854
f 1817 1840 1810
f 1810 1850 1817
f 1810 1827 1882
f 1890 1827 1810
f 1840 1890 1810
f 1882 1850 1810
f 1858 1811 1840
f 1811 1890 1840
f 1811 1858 1876
f 1890 1811 1876
f 1813 1858 1812
f 1868 1814 1812
f 1858 1840 1812
f 1868 1812 1840
f 1813 1839 1858
f 1897 1839 1813
f 1814 1851 1856
f 1868 1851 1814
f 1843 1825 1815
f 1815 1825 1899
f 1838 1815 1830
f 1815 1899 1830
f 1815 1838 1867
f 1843 1815 1867
f 1824 1816 1825
f 1824 1871 1816
f 1816 1871 1825
f 1817 1868 1840
f 1817 1850 1868
f 1861 1818 1826
f 1826 1818 1866
f 1882 1827 1818
f 1889 1818 1827
f 1861 1850 1818
f 1850 1882 1818
f 1866 1818 1889
f 1831 1839 1821
f 1831 1821 1852
f 1821 1839 1897
f 1852 1821 1853
f 1853 1821 1897
f 1828 1867 1822
f 1822 1887 1828
f 1854 1853 1822
f 1853 1897 1822
f 1854 1822 1874
f 1867 1874 1822
f 1896 1887 1822
f 1822 1897 1896
f 1824 1825 1843
f 1824 1843 1832
f 1824 1832 1871
f 1857 1825 1832
f 1871 1832 1825
f 1898 1825 1857
f 1899 1825 1898
f 1836 1826 1848
f 1864 1826 1836
f 1848 1826 1845
f 1845 1826 1866
f 1861 1826 1864
f 1890 1889 1827
f 1857 1867 1828
f 1898 1857 1828
f 1887 1860 1828
f 1899 1828 1870
f 1899 1898 1828
f 1830 1849 1895
f 1899 1849 1830
f 1843 1857 1832
f 1849 1833 1884
f 1833 1849 1899
f 1833 1899 1870
f 1860 1864 1836
f 1837 1848 1842
f 1837 1842 1891
f 1837 1859 1848
f 1849 1855 1837
f 1837 1895 1849
f 1855 1859 1837
f 1877 1873 1837
f 1888 1837 1873
f 1894 1877 1837
f 1888 1895 1837
f 1892 1837 1891
f 1894 1837 1892
f 1874 1867 1838
f 1839 1876 1858
f 1842 1848 1877
f 1842 1877 1894
f 1891 1842 1893
f 1893 1842 1894
f 1867 1857 1843
f 1844 1856 1875
f 1887 1856 1844
f 1844 1864 1860
f 1844 1860 1887
f 1864 1844 1861
f 1844 1875 1861
f 1846 1845 1866
f 1845 1846 1873
f 1848 1845 1877
f 1877 1845 1873
f 1846 1852 1865
f 1873 1846 1865
f 1865 1847 1873
f 1847 1888 1873
f 1895 1888 1847
f 1855 1849 1884
f 1850 1861 1875
f 1850 1875 1868
f 1856 1851 1875
f 1868 1875 1851
f 1852 1853 1854
f 1865 1852 1854
f 1859 1855 1884
f 1896 1856 1887
f 1890 1876 1889
f 1891 1893 1894
f 1933 1901 1942
f 1933 1960 1901
f 1942 1901 1973
f 1973 1901 1947
f 1987 1947 1901
f 1964 1901 1960
f 1965 1901 1964
f 1901 1965 1987
f 1925 1909 1902
f 1902 1909 1968
f 1967 1925 1902
f 1902 1948 1979
f 1948 1902 1991
f 1902 1979 1967
f 1902 1968 1991
f 1918 1903 1940
f 1903 1918 1951
f 1903 1952 1940
f 1903 1951 1997
f 1903 1978 1952
f 1997 1978 1903
f 1905 1904 1949
f 2000 1904 1905
f 1943 1949 1904
f 1943 1904 1970
f 1904 2000 1970
f 1930 1924 1905
f 1924 1983 1905
f 1905 1949 1930
f 1983 2000 1905
f 1907 1906 1960
f 1974 1906 1907
f 1908 1950 1906
f 1906 1974 1908
f 1960 1906 1950
f 1960 1933 1907
f 1933 1988 1907
f 1983 1974 1907
f 2000 1983 1907
f 1988 2000 1907
f 1930 1911 1908
f 1911 1950 1908
f 1908 1924 1930
f 1924 1908 1974
f 1940 1909 1925
f 1926 1909 1929
f 1909 1926 1968
f 1940 1929 1909
f 1910 1918 1940
f 1918 1910 1979
f 1925 1910 1940
f 1967 1910 1925
f 1910 1967 1979
f 1949 1911 1930
f 1949 1981 1911
f 1911 1966 1950
f 1911 1981 1966
f 1919 1916 1951
f 1919 1959 1916
f 1969 1916 1944
f 1916 1992 1944
f 1946 1916 1959
f 1916 1946 1976
f 1916 1969 1951
f 1916 1976 1992
f 1951 1918 1919
f 1979 1919 1918
f 1919 1979 1959
f 1936 1948 1923
f 1980 1936 1923
f 1923 1938 1986
f 1938 1923 1991
f 1948 1991 1923
f 1923 1986 1980
f 1983 1924 1974
f 1926 1928 1968
f 1928 1926 1989
f 1926 1929 1989
f 1942 1927 1939
f 1939 1927 1945
f 1927 1942 1973
f 1945 1927 1982
f 1927 1973 1955
f 1982 1927 1955
f 1987 1928 1958
f 1928 1989 1958
f 1987 1961 1928
f 1991 1928 1961
f 1968 1928 1991
f 1952 1929 1940
f 1929 1952 1989
f 1988 1933 1942
f 1938 1935 1962
f 1938 1965 1935
f 1962 1935 1960
f 1935 1964 1960
f 1965 1964 1935
f 1946 1959 1936
f 1980 1946 1936
f 1959 1948 1936
f 1961 1965 1938
f 1938 1991 1961
f 1986 1938 1962
f 1988 1942 1939
f 1939 1945 1993
f 1988 1939 1970
f 1939 1993 1970
f 1981 1949 1943
f 1992 1943 1970
f 1943 1992 1981
f 1944 1996 1969
f 1992 1996 1944
f 1969 1945 1982
f 1996 1945 1969
f 1996 1993 1945
f 1946 1980 1976
f 1947 1958 1955
f 1955 1973 1947
f 1947 1987 1958
f 1979 1948 1959
f 1962 1960 1950
f 1950 1966 1962
f 1963 1956 1951
f 1956 1997 1951
f 1969 1963 1951
f 1952 1978 1989
f 1989 1954 1958
f 1958 1954 1997
f 1978 1954 1989
f 1978 1997 1954
f 1956 1955 1958
f 1956 1982 1955
f 1997 1956 1958
f 1963 1982 1956
f 1995 1957 1998
f 1957 1995 1999
f 1957 1999 1998
f 1965 1961 1987
f 1966 1986 1962
f 1982 1963 1969
f 1981 1986 1966
f 2000 1988 1970
f 1993 1992 1970
f 1980 1981 1976
f 1976 1981 1992
f 1981 1980 1986
f 1992 1993 1996
f 1998 1999 1995
