# coarse_mesh4pde_2000.obj  (2000 v, 3360 f)  units: metres
v -0.026794152 0.034490892 -0.011614650
v -0.020920361 -0.049769534 -0.004961470
v -0.026518430 0.012587140 -0.005148044
v -0.028691434 0.023484914 -0.012545564
v -0.024386058 0.032500343 -0.011119988
v 0.010800000 0.039045644 -0.076491070
v 0.013385021 0.039647471 -0.076925019
v -0.029500000 -0.000479809 -0.029578917
v 0.010805912 0.036443297 -0.084014272
v 0.012803985 0.022084175 -0.056930463
v 0.015300000 0.023040713 -0.063943947
v 0.015300000 0.013853604 -0.075857947
v 0.015300000 0.025020199 -0.062416886
v 0.001856966 -0.017692207 -0.108908316
v 0.000528539 -0.004349378 -0.090236701
v 0.015300000 0.022015420 -0.054076330
v 0.010800000 0.038786951 -0.083850733
v 0.012648860 0.039434915 -0.085834116
v 0.010800000 0.021375612 -0.051812432
v 0.015300000 -0.000232611 -0.063631372
v 0.008017855 0.012310124 -0.082518102
v 0.003339064 -0.025226207 -0.114312142
v 0.012356569 -0.048685680 -0.037667410
v 0.010800000 0.018490338 -0.060208495
v 0.007960722 0.016315813 -0.007211520
v 0.010428151 0.031375018 -0.004605679
v 0.010662616 0.049468136 -0.040002367
v 0.010809459 0.029509276 -0.084022835
v 0.011092893 0.048353554 -0.084353553
v 0.013466053 0.048371842 -0.085688821
v 0.013266473 -0.049202941 -0.084776832
v 0.013882107 0.049707108 -0.083959078
v 0.014980181 0.046990334 -0.084718261
v 0.010800000 0.041861059 -0.069455467
v 0.010800000 0.041481995 -0.063429332
v 0.010800000 0.041276965 -0.057382812
v -0.022464785 -0.027512883 -0.085703341
v 0.014945073 -0.040002061 -0.083287830
v 0.012853327 0.035963027 -0.058930643
v -0.005631482 0.005959206 -0.112601131
v -0.011496951 0.000453351 -0.116499998
v -0.004848182 -0.018648661 -0.090094156
v -0.014730705 -0.011170410 -0.080463819
v 0.013044987 0.015807212 -0.075337445
v 0.015300000 0.039127689 -0.071514304
v 0.015300000 0.023644257 -0.059469264
v 0.015300000 0.018236084 -0.075574833
v 0.010800000 0.006074589 -0.065303051
v 0.014714214 0.040082131 -0.085414216
v 0.010800000 0.045652296 -0.078436885
v 0.010874274 -0.046922453 -0.082198778
v 0.012782462 0.022447458 -0.066959542
v 0.011385786 0.031880151 -0.085414216
v -0.026595866 -0.009306882 -0.015493364
v 0.013162666 0.034967402 -0.061600747
v 0.015300000 0.037417855 -0.074239261
v 0.010800000 0.020795438 -0.066274754
v 0.015300000 0.027716652 -0.078794580
v 0.015300000 0.031308954 -0.078821075
v 0.015300000 0.039450528 -0.050419523
v 0.015300000 0.044136019 -0.046222733
v 0.015300000 0.046217887 -0.050097713
v 0.015300000 0.047972646 -0.051677307
v 0.015300000 0.019297808 -0.068735069
v 0.015300000 0.023621433 -0.069958266
v 0.015300000 0.031642912 -0.068656505
v 0.015300000 0.035349770 -0.049381027
v 0.015300000 0.011074956 -0.062926282
v 0.015300000 0.015232439 -0.068267121
v 0.015300000 0.043251133 -0.061448340
v 0.015300000 0.041619097 -0.058119039
v 0.013004790 0.044404382 -0.070243647
v 0.015300000 0.036877708 -0.065267683
v 0.010800000 0.031169558 -0.048853325
v 0.010800000 0.020722505 -0.069389351
v 0.010800000 0.016888798 -0.066580127
v 0.015300000 0.021291222 -0.074505486
v 0.010800000 0.035101287 -0.051554272
v 0.010800000 0.006230755 -0.076430714
v 0.005081345 0.000919065 -0.111208861
v 0.010800000 0.029570412 -0.077200172
v 0.011437685 0.048832402 -0.077353917
v 0.015300000 0.001784346 -0.071851559
v -0.029500000 -0.019936059 -0.013894652
v 0.010800000 0.022886373 -0.045268756
v 0.015019077 -0.048606261 -0.077192898
v 0.013170410 0.019531246 -0.057462311
v 0.010800000 0.024014877 -0.083542136
v -0.003871562 -0.013284823 -0.116499998
v 0.007752484 -0.006686199 -0.016007161
v 0.008300712 -0.003061307 -0.054515891
v -0.026576422 -0.009351319 -0.000884123
v 0.015300000 0.009450301 -0.074588949
v -0.029500000 -0.033996492 -0.021283746
v 0.010800000 0.042800938 -0.051721182
v 0.010800000 0.035074196 -0.066911943
v 0.014555639 -0.048822470 -0.070286580
v 0.010800000 0.020583064 -0.062188595
v 0.012782865 0.020669476 -0.045306853
v 0.018531532 0.011668767 -0.100461454
v 0.011472187 -0.048958589 -0.074352291
v 0.009525472 -0.007559922 -0.110814338
v 0.008476499 0.045617300 -0.027212467
v 0.010800000 0.025882453 -0.078638646
v 0.013118088 0.038329037 -0.067097699
v 0.015300000 0.037917629 -0.059658108
v 0.020494082 -0.004915725 -0.099635866
v -0.006057722 -0.023468252 -0.109547711
v -0.026678095 0.017125749 -0.002166173
v 0.015300000 0.032691477 -0.063610664
v 0.014714214 0.049414214 -0.048175508
v 0.013134008 0.049965204 -0.032555343
v 0.013006868 0.049982135 -0.044880718
v 0.013050000 0.050000001 -0.051658033
v 0.013445662 0.040618034 -0.065723264
v 0.015300000 0.013941528 -0.040719776
v 0.015300000 0.038023960 -0.078440041
v 0.010800000 0.046954276 -0.052522401
v 0.001550745 0.006739346 -0.093609130
v -0.029500000 -0.028674460 -0.033639219
v 0.015300000 0.026306690 -0.065397534
v 0.012082043 0.049702613 -0.081124062
v 0.011454523 0.049442686 -0.073910355
v 0.010800000 0.035679824 -0.069719999
v 0.013308364 0.049814126 -0.067014048
v 0.012800000 0.050000001 -0.059875706
v 0.011410137 0.049424301 -0.051268418
v 0.011092893 0.048141682 -0.063643218
v 0.011381399 0.049403623 -0.057955078
v 0.015300000 0.037730389 -0.057399999
v 0.013904732 0.049697736 -0.058054756
v 0.012980283 0.049971123 -0.069708098
v -0.012359974 -0.043869655 -0.006077817
v -0.015702133 -0.020826925 -0.097772415
v 0.001535443 -0.001113518 -0.116499998
v 0.015300000 0.046771675 -0.074583773
v 0.010800000 0.034072814 -0.080329302
v 0.013176980 0.045436037 -0.051964965
v 0.015299851 0.010622117 -0.032744320
v 0.015300000 0.035813330 -0.077630436
v 0.010800000 0.024861080 -0.058144264
v -0.025179437 -0.014824985 -0.007923235
v 0.015300000 -0.012256986 -0.057023945
v 0.010800000 0.032662417 -0.074186273
v -0.029500000 -0.005561154 -0.013917533
v 0.010800000 0.026819710 -0.060564118
v 0.010800000 0.023926309 -0.081293355
v 0.010800000 0.045124179 -0.081641985
v 0.015300000 0.045673331 -0.066203202
v -0.009692577 -0.005766557 -0.110347177
v -0.029500000 -0.036323560 -0.012099101
v 0.012117853 -0.006273886 -0.094003321
v 0.010800000 0.025074119 -0.065925726
v 0.015300000 0.037234884 -0.053044976
v -0.007805691 -0.029626097 -0.101984839
v -0.004638284 -0.015696487 -0.110649377
v 0.013151944 0.036609725 -0.056009863
v 0.011103888 -0.039343852 -0.084721611
v 0.011300000 0.029390656 -0.085378682
v -0.006666914 -0.007282905 -0.092743023
v -0.000308954 -0.003416179 -0.106428597
v 0.008257349 -0.012432785 -0.071417135
v 0.015300000 0.030782995 -0.035568757
v 0.010800000 0.007688345 -0.062403304
v 0.010800000 0.031870364 -0.055234019
v -0.000871506 -0.028017661 -0.090430674
v 0.012991358 0.031366508 -0.064715585
v 0.010800000 0.028103069 -0.082295560
v 0.015300000 0.006656262 -0.072301036
v -0.023043301 0.020432491 -0.095230293
v 0.015300000 0.028708243 -0.053218199
v 0.010800000 0.013315035 -0.068426571
v 0.015300000 0.029407602 -0.074426711
v 0.009270646 0.026410767 -0.085715830
v 0.014714214 0.032147911 -0.085414216
v 0.004915236 -0.010987783 -0.079533923
v 0.015300000 -0.004651450 -0.040166421
v -0.005204691 -0.008819272 -0.109470380
v 0.015300000 0.041778755 -0.065954379
v 0.015300000 0.034621344 -0.061724311
v 0.015300000 0.019188981 -0.065501601
v 0.005380837 -0.025820233 -0.109818226
v 0.014102919 0.023702703 -0.085650259
v 0.013886083 0.026432692 -0.085724737
v 0.015300000 0.018412914 -0.044380231
v 0.013023274 0.044077102 -0.059752100
v 0.012800000 0.027799096 -0.086000003
v 0.013204628 0.030981004 -0.085963391
v 0.013977020 -0.041955221 -0.084708675
v 0.012800000 0.025365030 -0.086000003
v 0.012841196 0.021142499 -0.085946404
v 0.013300000 0.028458804 -0.086000003
v 0.015300000 0.040758236 -0.048239196
v 0.015300000 0.042151291 -0.046676698
v -0.010906459 -0.028000001 -0.094499998
v 0.012567637 0.035301461 -0.080970873
v 0.008011352 0.032583630 -0.034428295
v -0.023528611 -0.013183061 -0.010315278
v 0.013360144 0.040490921 -0.070807279
v 0.015300000 0.033736824 -0.046675113
v 0.015300000 0.047967173 -0.045743390
v 0.015300000 0.047847688 -0.054632750
v 0.015300000 0.048000000 -0.077720393
v 0.015296694 0.048007980 -0.071361943
v -0.021580752 -0.042317674 -0.062301190
v 0.014563779 0.048846878 -0.037997199
v 0.014168239 0.049346012 -0.043799722
v 0.015300000 0.005812290 -0.051559246
v 0.010800000 0.041670868 -0.059995664
v 0.014593580 0.048771661 -0.063499611
v 0.015300000 0.047896473 -0.059983595
v 0.015300000 0.047883020 -0.057414235
v 0.015300000 0.013035396 -0.054122167
v 0.002204374 -0.009049896 -0.106741394
v 0.010988145 0.044037747 -0.084419834
v 0.003611530 -0.007815315 -0.093847749
v 0.015300000 0.032560817 -0.053205398
v 0.010800000 0.023984844 -0.054171557
v 0.010811810 0.034146116 -0.084028510
v 0.010802365 0.034255304 -0.076865708
v 0.015300000 0.032290421 -0.074016404
v 0.010800000 0.030088400 -0.065014759
v 0.013300572 0.038242681 -0.048671818
v 0.011656841 -0.000875166 -0.090761599
v 0.015300000 0.012567807 -0.077958320
v 0.013654251 0.035076386 -0.066059093
v 0.010800000 0.025591924 -0.068994790
v 0.012917239 -0.040977045 -0.084307927
v 0.015300000 0.022672258 -0.077188117
v 0.010800000 0.045297131 -0.066269480
v 0.010800000 0.015810810 -0.051522561
v 0.015300000 -0.045795724 -0.079848786
v 0.015300000 0.003257118 -0.063036797
v 0.015300000 0.006762322 -0.077921708
v 0.014631118 0.005022034 -0.084354941
v 0.015300000 0.021769773 -0.083936244
v 0.015300000 0.026947355 -0.083999999
v 0.015300000 0.031555078 -0.083951096
v -0.005147641 -0.003697210 -0.101914663
v 0.011344615 0.049352264 -0.042260007
v 0.013185698 0.032917260 -0.085964373
v -0.000807662 0.041377985 -0.002364321
v 0.004398015 0.004274691 -0.081815093
v -0.021919782 0.000726119 -0.116499998
v 0.012240943 0.046207419 -0.037579248
v -0.001926320 -0.049745241 -0.006092871
v 0.010800000 0.031890004 -0.069774263
v 0.015300000 0.027329101 -0.061816763
v 0.010800000 0.038831614 -0.049097483
v 0.015300000 -0.001260660 -0.044859721
v 0.015300000 0.020581849 -0.063360713
v 0.015300000 0.021510083 -0.071884623
v -0.013622142 -0.009320048 -0.106719875
v 0.001829096 0.000657897 -0.099015289
v -0.010471594 -0.000787402 -0.110284912
v 0.011385786 0.049414214 -0.046303299
v 0.015300000 0.001924067 -0.078303465
v -0.013211737 0.005492930 -0.110261138
v 0.000121852 0.000655281 -0.112754798
v -0.001879267 -0.026355137 -0.080763308
v -0.014453835 -0.013583560 -0.086272144
v 0.010528359 -0.032504191 -0.084959262
v 0.012932194 0.007889447 -0.057727847
v 0.015300000 0.018843958 -0.072067039
v 0.012886082 0.025305839 -0.081847391
v 0.010800000 0.046264580 -0.060115207
v 0.015293905 0.043727730 -0.083277637
v 0.015300000 0.035722477 -0.079853821
v 0.010937506 -0.043555656 -0.084331970
v 0.010800000 0.014276409 -0.061086076
v 0.012386663 0.041239843 -0.043123936
v -0.003515755 0.004128987 -0.107762705
v -0.004486979 -0.019247990 -0.103130079
v -0.008870606 -0.002832026 -0.103444257
v 0.013264151 0.030309827 -0.047983145
v -0.021453844 -0.031807985 -0.011868249
v 0.013100575 0.024906899 -0.072144958
v 0.011834546 -0.041471870 -0.075739190
v 0.013344333 0.045935953 -0.065713580
v 0.009671094 0.049765528 -0.033316267
v 0.010800000 0.042481948 -0.071833931
v 0.012540186 -0.036737361 -0.006898820
v 0.010800000 0.032684679 -0.063481050
v -0.036145714 0.000818134 -0.101953113
v 0.015300000 0.011656457 -0.065526255
v 0.015300000 0.008110110 -0.059704781
v -0.010004198 -0.024921065 -0.107009774
v -0.026509598 -0.024251826 -0.095452865
v 0.015155175 0.010470256 -0.083026420
v 0.011314252 -0.022801671 -0.006596789
v 0.008642548 0.018294622 -0.040113631
v 0.010800000 0.027131783 -0.080478797
v 0.015300000 0.036187751 -0.082098200
v -0.000070077 -0.020481524 -0.091642388
v -0.021297759 0.034976576 -0.005444254
v -0.024370023 -0.040617980 -0.016337607
v 0.010800000 0.034534636 -0.053881686
v 0.005693773 -0.001741226 -0.097393402
v -0.027169002 -0.046117660 -0.032674506
v 0.015300000 0.019243529 -0.047511849
v 0.015300000 0.034430597 -0.070000618
v 0.010800000 0.008391713 -0.056290129
v 0.015300000 0.019855392 -0.060493733
v 0.015300000 0.027688335 -0.069803436
v 0.015300000 0.017613230 -0.078600409
v 0.015300000 0.014972495 -0.071964871
v 0.010800000 0.012101773 -0.056140425
v -0.007146483 -0.022264710 -0.116499998
v 0.008702452 -0.004179174 -0.085948750
v 0.011521906 -0.048858922 -0.078997426
v 0.014038897 0.035616640 -0.085693671
v 0.013868178 0.044106846 -0.085720882
v 0.015300000 0.006257901 -0.061854175
v -0.018517841 0.032274855 -0.026846037
v 0.012951635 -0.040830588 -0.081527550
v 0.010800000 0.005359725 -0.050245243
v 0.020382677 -0.005401402 -0.106420829
v 0.013297386 0.037535798 -0.086000003
v 0.010800000 0.042401613 -0.079015540
v 0.015300000 0.018609985 -0.058058433
v 0.015300000 0.020683090 -0.050439576
v 0.008551377 0.033102720 -0.006926972
v 0.013143067 0.044665710 -0.063260429
v 0.010800000 0.010885872 -0.052226114
v 0.010800000 0.009584120 -0.072489922
v 0.010800000 0.019568221 -0.080064598
v 0.010800000 0.046989236 -0.072947363
v 0.010800000 0.043117185 -0.073667547
v 0.010800000 0.037522265 -0.073653567
v 0.010800000 0.047969999 -0.061175434
v 0.010800000 0.002341848 -0.078145858
v 0.002220041 -0.019627650 -0.116499998
v 0.015300000 0.005674211 -0.068539815
v 0.011854445 -0.018166115 -0.089796895
v 0.010800000 -0.044088131 -0.080050335
v -0.018886176 -0.020764240 -0.110949413
v 0.010800000 0.040791406 -0.074238203
v 0.010800000 0.015292504 -0.057709122
v 0.015300000 0.013213229 -0.047161204
v 0.012954961 0.030584892 -0.073588630
v 0.014734794 0.049364530 -0.081617135
v 0.010800000 0.046199869 -0.046856590
v 0.013795610 0.018226771 -0.054376657
v 0.014735715 0.049362306 -0.050770687
v 0.014016583 0.049703182 -0.061038095
v 0.013882107 0.049707108 -0.075816634
v 0.014007107 0.049707108 -0.079678321
v 0.015300000 0.040268391 -0.076649131
v 0.015300000 0.034313370 -0.072022379
v 0.013031871 -0.049992492 -0.080460095
v 0.015300000 0.026659312 -0.072404691
v 0.010800000 0.030703629 -0.058024713
v 0.008299184 -0.025281745 -0.051273435
v 0.010800000 0.035934994 -0.060102375
v -0.000803333 -0.035633710 -0.010481400
v 0.016855268 -0.011147925 -0.113638518
v 0.015300000 0.029654299 -0.060628834
v -0.035210864 -0.013537130 -0.105665363
v 0.015300000 0.022193349 -0.067087181
v 0.008323545 0.021110467 -0.014468301
v 0.010800000 0.032717960 -0.059080352
v 0.012866240 0.034700323 -0.086000003
v 0.010800000 0.021219065 -0.073284771
v 0.015300000 0.034702323 -0.067313531
v -0.005451559 0.000652798 -0.108836613
v 0.005532557 -0.006704750 -0.116499998
v 0.002711515 0.001211730 -0.113712145
v 0.010800000 0.044450108 -0.055271192
v 0.002619454 -0.013030270 -0.095501691
v 0.010800000 0.029038599 -0.073506738
v 0.010800000 0.025419823 -0.073233196
v 0.013108135 0.030555777 -0.081433138
v 0.010800000 0.047875851 -0.055152617
v 0.015300000 0.022127470 -0.081937823
v 0.012647196 0.028029791 -0.081991522
v 0.012841727 0.047494412 -0.074890384
v 0.010791341 0.003419210 -0.081316042
v 0.010800000 0.011543262 -0.082451011
v 0.010800000 0.017286232 -0.075607106
v -0.029428084 -0.043509417 -0.009861644
v 0.010792304 0.029534606 -0.045879894
v 0.010803547 0.031765861 -0.080394611
v 0.015300000 -0.044355355 -0.076784884
v -0.000774605 0.001076971 -0.000490098
v 0.010800000 0.007013964 -0.079403745
v 0.010800000 0.012934477 -0.073507240
v 0.010800000 0.043506855 -0.064480404
v 0.015300000 0.027988176 -0.042656170
v 0.010800000 0.032446799 -0.067772030
v 0.010800000 0.039933909 -0.066815686
v 0.013278713 0.018047166 -0.069176608
v 0.014715822 0.046677096 -0.030316936
v 0.010800000 0.037556861 -0.080063292
v 0.013667267 0.033338898 -0.081027827
v 0.015300000 0.040954664 -0.074573524
v 0.013293561 0.025664429 -0.067785095
v 0.007265348 -0.010326894 -0.003997765
v 0.008783209 -0.033183093 -0.007729359
v 0.010800000 0.045204904 -0.058118403
v 0.004178589 -0.012821248 -0.107610495
v 0.012535371 0.030887801 -0.077589016
v -0.026775039 -0.034631724 -0.029426657
v 0.010800000 0.013897307 -0.064088001
v -0.016813200 -0.008664560 -0.096589472
v 0.006825784 -0.007876029 -0.096599915
v -0.017450848 -0.028172506 -0.094146517
v 0.000014209 0.000851194 -0.105626849
v -0.006387529 -0.004076782 -0.107470838
v -0.008820617 0.005925818 -0.099293148
v 0.000300885 -0.011607007 -0.116499998
v 0.010800000 0.021524903 -0.058043226
v 0.008781667 0.006568996 -0.023830569
v 0.010800000 0.027060402 -0.050545887
v 0.010800000 0.023036448 -0.067564142
v 0.010800000 0.005199821 -0.057666565
v 0.013229165 0.025593696 -0.084386763
v 0.015300000 0.035352186 -0.044799474
v 0.013410326 0.033609997 -0.074892052
v 0.012799510 0.018580335 -0.110536067
v 0.015300000 0.025556427 -0.051607417
v 0.010800000 0.045599883 -0.070407912
v 0.013376077 0.043133820 -0.048255459
v 0.010800000 0.041242424 -0.046904195
v -0.025204446 0.009800000 -0.003310031
v 0.015300000 0.044431756 -0.079739557
v 0.008528480 -0.015034390 -0.116499998
v -0.023725262 -0.051631473 -0.018902003
v -0.028196119 0.044084601 -0.012615900
v 0.015300000 0.038952008 -0.064340500
v -0.025884821 0.018556114 -0.039743832
v -0.020757091 -0.034623023 -0.019934829
v 0.011449903 0.048339293 -0.027812478
v 0.015300000 0.034485074 -0.064648341
v 0.015300000 0.040546121 -0.060466767
v 0.013635725 -0.007512337 -0.079647996
v 0.015300000 0.043681306 -0.050175938
v 0.008755161 0.031426275 -0.017142141
v 0.006463510 -0.014057589 -0.004612781
v 0.007823313 0.033886868 -0.007284756
v 0.013355811 0.032160435 -0.084004237
v 0.015300000 0.048000000 -0.064689960
v 0.010765891 0.002020632 -0.045679245
v 0.015185774 -0.032607046 -0.044707631
v 0.010800000 0.008862800 -0.059072689
v 0.006107465 -0.005266342 -0.101306949
v 0.015300000 0.037730389 -0.062422768
v 0.015300000 0.032400140 -0.066091429
v -0.001988398 0.003885143 -0.101562144
v 0.015300000 0.028949735 -0.066719749
v -0.006867688 -0.009648793 -0.011545015
v 0.012083726 0.046402708 -0.029987800
v 0.014971395 0.040562948 -0.023631497
v 0.012110797 0.049707108 -0.061355555
v 0.015300000 0.033589227 -0.058986272
v 0.012287047 0.049788466 -0.028474281
v 0.013051623 0.013295498 -0.070945093
v 0.015313963 -0.000168114 -0.098854973
v 0.013208411 0.033208010 -0.057675465
v 0.010800000 0.038556029 -0.057845560
v 0.012357558 -0.000065747 -0.102524884
v 0.015309897 -0.047976106 -0.080944930
v 0.020386578 0.005121396 -0.106790838
v 0.010800000 0.003996409 -0.071228783
v 0.010800000 0.010110557 -0.069437267
v -0.024610374 -0.042826784 -0.022738500
v 0.010800000 0.023602595 -0.062219462
v 0.010800000 0.017837826 -0.062603809
v 0.008301000 0.043542270 -0.041405163
v 0.015300000 0.033819221 -0.078780104
v 0.015300000 0.034932165 -0.074372636
v 0.008300000 -0.032996236 -0.008144090
v 0.010800000 0.011380500 -0.060587863
v 0.014714214 0.049414214 -0.055757783
v 0.012426683 0.026067481 -0.040091087
v 0.013207891 0.048213599 -0.050197616
v 0.010800000 0.034601462 -0.049223082
v 0.013135579 0.011704236 -0.059498321
v 0.008800000 -0.009338998 -0.003608899
v 0.012217893 0.049707108 -0.054042852
v 0.015007107 -0.044441644 -0.084707108
v 0.010800000 0.038916111 -0.070309613
v -0.024106385 0.036243335 -0.002790170
v -0.008926551 -0.009358949 -0.111337921
v -0.023759873 -0.004789034 -0.107057587
v -0.005991333 -0.028000001 -0.087125143
v -0.005170780 -0.007689004 -0.116499998
v -0.003499917 -0.001155882 -0.112001013
v -0.002820327 0.019409751 -0.115989467
v 0.013010035 -0.048039388 -0.076778277
v 0.010800000 0.031061553 -0.075705577
v -0.025143108 -0.004988503 -0.027451325
v 0.010946447 0.047095976 -0.049246276
v -0.026894224 -0.032510709 -0.017300467
v 0.010800000 0.011422990 -0.047965410
v 0.008425283 0.010676829 -0.000954650
v 0.011703932 0.049545994 -0.028437364
v 0.015300000 0.045086303 -0.059356772
v 0.010800000 0.017865359 -0.047012179
v 0.008993597 -0.016446811 -0.104676114
v -0.026497844 -0.031960417 -0.013578214
v 0.010800000 0.030853914 -0.062397905
v 0.010800000 0.031536818 -0.078354181
v 0.010800000 0.031937357 -0.071663967
v 0.010800000 0.036470659 -0.075839878
v 0.012928392 0.028563329 -0.063021276
v 0.008930109 -0.009406227 -0.003325893
v 0.015300000 0.027762055 -0.047719751
v 0.008274422 -0.001649317 -0.079608294
v 0.007946132 0.049109055 -0.018358111
v 0.012908111 0.021244649 -0.078861329
v 0.015300000 0.014110528 -0.059275112
v 0.010800000 0.018607907 -0.071129039
v 0.013882107 0.049707108 -0.072502805
v 0.008591461 0.008409881 -0.008586367
v 0.015300000 0.038688555 -0.047685177
v 0.014727468 0.049382215 -0.069758129
v 0.010800000 0.031701388 -0.051432606
v 0.011014754 0.048551423 -0.045904711
v 0.010800000 0.014793949 -0.070794447
v -0.026430760 0.020878842 -0.017025544
v 0.008331250 -0.012842601 -0.042098202
v 0.005693851 -0.039762772 -0.005020008
v 0.015300000 0.042214241 -0.055015874
v 0.012910116 0.015701818 -0.060697941
v 0.014654236 0.029064553 -0.085439060
v 0.015300000 0.038525886 -0.067924800
v -0.009239419 0.004166807 -0.110036674
v -0.005969092 0.010096213 -0.082324409
v 0.015300000 0.014614215 -0.050755588
v 0.012801376 0.029492379 -0.084901651
v 0.013098549 0.033149659 -0.077925989
v 0.013655675 0.045430480 -0.076401269
v -0.014457437 -0.036455070 -0.005318102
v -0.006300304 -0.013621941 -0.105411132
v 0.010800000 0.040977332 -0.081499982
v 0.012678673 -0.035767749 -0.085554791
v -0.026905948 -0.010168146 -0.006155854
v -0.027860702 -0.023720367 -0.004117531
v -0.027000001 -0.033195719 -0.005863991
v 0.012920277 0.049967396 -0.041857950
v 0.010800000 -0.000638551 -0.072928963
v -0.029429687 -0.010542480 -0.010151513
v 0.015300000 0.027335348 -0.045494264
v 0.013300000 0.050000001 -0.077609295
v 0.015300000 0.007186893 -0.065243447
v 0.010800000 0.038901111 -0.051744327
v 0.012994679 0.042129701 -0.062291262
v 0.005073957 0.000608347 -0.101639626
v 0.012125290 0.037995425 -0.037369700
v -0.019889774 -0.000434330 -0.101207745
v -0.005137879 0.000250095 -0.105327047
v -0.008655422 -0.018000270 -0.090185761
v -0.026946132 0.009800000 -0.006735658
v 0.000941231 -0.005074279 -0.099531449
v -0.009599839 -0.019999815 -0.079691347
v 0.002089880 0.003185343 -0.103409415
v 0.010800000 0.022527836 -0.078007978
v 0.015300000 0.001381431 -0.053712955
v 0.011353403 0.003574081 -0.094499998
v 0.010907796 0.043297213 -0.007153524
v 0.012511750 0.048697372 -0.046086411
v -0.023438033 0.012255940 -0.026080944
v 0.012957286 0.048468652 -0.083744146
v -0.021297204 -0.020339261 -0.089385994
v 0.010800000 0.028726471 -0.054482510
v 0.013136833 -0.045484143 -0.085978382
v 0.011520702 0.049463270 -0.030137125
v 0.011306817 0.023013969 -0.085391889
v 0.015254270 0.048110402 -0.068587362
v -0.025392003 -0.009362120 -0.009594236
v 0.005361310 -0.000014936 -0.107299479
v 0.015300000 0.012246827 -0.057136781
v 0.010800000 0.042850769 -0.049338834
v 0.010800000 0.041986886 -0.054833931
v -0.017046400 -0.005567635 -0.090407913
v 0.011419821 0.030658185 -0.085428314
v -0.017208457 0.009822330 -0.013971373
v -0.007505616 -0.007518136 -0.108289638
v -0.009170164 0.003662341 -0.107190753
v 0.015300000 0.017821668 -0.053015388
v 0.015300000 0.028422474 -0.076433079
v 0.015300000 0.031009382 -0.071843553
v 0.010800000 0.023444287 -0.048623109
v 0.015142215 0.047221793 -0.040086629
v -0.001512191 -0.012951695 -0.107112669
v 0.002585854 -0.018261076 -0.105380337
v 0.010800000 0.013588012 -0.044550620
v -0.026722399 -0.034904188 -0.005558092
v 0.013312549 -0.001238729 -0.085412693
v 0.010800000 0.000616234 -0.058634700
v 0.005870843 -0.025922658 -0.103577604
v -0.003734374 -0.015966208 -0.097484339
v 0.007893680 -0.041286375 -0.025754462
v -0.006891631 -0.000926668 -0.109908310
v -0.004777957 -0.001027092 -0.116499998
v 0.015300000 0.033941987 -0.081968519
v 0.015300000 0.010734277 -0.069227059
v 0.007388273 0.035827781 -0.018477833
v -0.007328088 -0.021310458 -0.106955391
v 0.015300000 0.041705729 -0.068400591
v 0.015300000 0.042887317 -0.063694461
v 0.015300000 0.044849714 -0.069218446
v 0.010800000 0.005188434 -0.061186121
v 0.015300000 0.016885519 -0.055740925
v -0.023609422 -0.034767454 -0.021649177
v 0.013178132 0.021572773 -0.061136197
v 0.011074868 -0.000613332 -0.005244922
v 0.012689426 0.027614877 -0.059876899
v 0.015300000 0.029726421 -0.081533164
v 0.012608774 0.029212569 -0.071454842
v 0.015300000 0.028810761 -0.072056899
v 0.015300000 0.024079701 -0.073337212
v 0.013472776 -0.049557876 -0.074440464
v 0.013259430 0.029363967 -0.068599294
v 0.013120483 0.020469768 -0.064063621
v 0.014753993 0.022228470 -0.012758261
v 0.010800000 0.023169451 -0.074782838
v -0.003305063 0.000597687 -0.109333666
v 0.010800000 0.043648849 -0.067732157
v -0.001842318 -0.007216870 -0.088879566
v 0.011315338 0.016597517 -0.085342965
v 0.015300000 0.039117657 -0.042305658
v 0.008779675 0.009950000 -0.007521333
v 0.015300000 0.007544635 -0.046047811
v 0.010800000 0.035476913 -0.046399778
v 0.015300000 0.010136477 -0.050630020
v 0.000296944 -0.010308189 -0.097507040
v 0.011385786 0.037069448 -0.085414216
v 0.015300000 0.015767812 -0.063967335
v 0.008274958 -0.028223814 -0.010844559
v 0.015300000 0.045063754 -0.048290144
v 0.015300000 0.031648851 -0.049265566
v 0.012800745 0.029856089 -0.043995069
v 0.010800000 0.032082552 -0.083821733
v 0.011539645 0.041372862 -0.084784296
v 0.015300000 0.031772051 -0.076381455
v 0.015300000 0.041543773 -0.044867309
v 0.010800000 0.035656710 -0.064254702
v 0.010800000 0.028760560 -0.067577193
v 0.015300000 0.045950846 -0.061681339
v 0.013138241 0.028159671 -0.075251393
v 0.013474799 0.041423894 -0.057836320
v 0.015300000 0.040916567 -0.072559349
v 0.012969788 -0.046659458 -0.084552835
v -0.018133420 -0.039003683 -0.017556677
v 0.010800000 0.027501655 -0.076862022
v 0.010800000 0.028093968 -0.063910532
v 0.010800000 0.027492030 -0.069719999
v 0.015300000 0.025228628 -0.078808617
v 0.014714214 0.049414214 -0.052992660
v 0.010800000 0.014326633 -0.054285796
v 0.010800000 0.008980181 -0.066543306
v 0.013538535 0.027396498 -0.071370727
v 0.015300000 -0.002448687 -0.057054184
v 0.010800000 0.036996445 -0.050313751
v 0.010800000 0.039225823 -0.054203395
v 0.006813169 0.010895344 -0.009237756
v 0.015300000 0.030703534 -0.057667313
v 0.010891334 0.017311906 -0.088187911
v -0.027932600 -0.017151223 -0.113201253
v 0.015300000 0.031948662 -0.081347340
v -0.013550257 -0.029031386 -0.111740798
v -0.002323308 -0.044162705 -0.001960606
v 0.015300000 0.043903588 -0.077449536
v 0.015300000 0.033515080 -0.055736324
v 0.010800000 0.024324036 -0.071075615
v 0.010800000 0.043436685 -0.047049810
v -0.004574723 0.003819817 -0.110853600
v -0.006684057 0.002266506 -0.112500639
v -0.005170139 0.006752539 -0.116499998
v 0.013068999 0.001523989 -0.116499998
v 0.006715190 0.005759781 -0.109651941
v 0.010800000 0.019380390 -0.056122774
v 0.011324537 0.049397549 -0.025703823
v -0.010281993 -0.037446424 -0.066225470
v 0.014671668 -0.032760637 -0.083048632
v 0.015300000 0.009335302 -0.054567569
v 0.015300000 0.006222250 -0.057690144
v 0.011701156 0.008278108 -0.092943920
v 0.010800000 0.034187465 -0.057466064
v 0.010800000 0.036630395 -0.053064887
v 0.015300000 0.043972574 -0.035702480
v 0.011411120 0.049424708 -0.071811257
v 0.013436267 0.047409156 -0.058433864
v 0.008469691 0.006274348 -0.039866125
v -0.028245887 -0.001694319 -0.001999169
v 0.015300000 0.025979409 -0.075615394
v -0.019608969 -0.041713079 -0.011265906
v 0.015297737 0.040844287 -0.084005462
v 0.015240140 0.033602873 -0.084144514
v 0.015300000 -0.003069639 -0.072491653
v 0.017615250 0.003279353 -0.096169837
v 0.012932938 0.029148764 -0.066102061
v 0.015300000 0.041837919 -0.052675415
v 0.011075024 0.048663968 -0.067933418
v 0.015300000 0.043032829 -0.071073792
v 0.015300000 0.030114235 -0.063645966
v 0.015226777 0.015584395 -0.082934910
v 0.015153553 -0.046988920 -0.084353553
v 0.010800000 0.040749670 -0.049942155
v 0.015007107 0.037781322 -0.084650523
v 0.013867639 -0.018702909 -0.105558430
v 0.015300000 0.045805462 -0.053048948
v 0.013148372 0.049988971 -0.048088245
v 0.014691535 -0.049389640 -0.079255641
v 0.013019423 0.003053575 -0.056781898
v 0.015152580 -0.048265029 -0.072625571
v 0.013445656 0.038135737 -0.060667166
v 0.015300000 0.025840975 -0.056980346
v 0.010800000 0.011896256 -0.077507924
v 0.010800000 0.034662322 -0.072845149
v 0.013050000 0.014084262 -0.086000003
v 0.012913026 0.048013395 -0.071558994
v 0.015300000 0.045145652 -0.055448582
v 0.015300000 0.024661689 -0.068212150
v -0.007958727 -0.012490955 -0.111220614
v 0.000779569 0.000171185 -0.108894799
v 0.010787163 0.017770534 -0.082995867
v -0.023736221 -0.034119468 -0.004586966
v -0.007017635 0.030930998 0.004816308
v -0.006219904 0.056569596 0.005941735
v 0.002118342 0.057166342 0.014816541
v 0.005894393 0.054307133 0.001211531
v -0.002171003 0.058322086 0.013926467
v 0.004402299 0.031077082 0.007452349
v -0.001132594 0.040952420 0.002904779
v -0.000424574 0.053932738 0.005072106
v -0.000841656 0.031747300 0.016603922
v -0.004492864 0.033092978 0.016260677
v -0.001901366 0.042586847 0.001537800
v -0.004259094 0.032822093 0.008269230
v 0.007772119 0.038193615 0.000678892
v 0.008912244 0.059923092 0.057105542
v 0.009141849 0.060434245 0.058500383
v 0.009228623 0.037822037 0.059485054
v 0.009800000 0.059821583 0.059377346
v 0.010160271 0.037148441 0.060869889
v 0.010604811 0.037632483 0.061589948
v 0.010475588 0.058075807 0.025551873
v 0.011844550 0.061080967 0.058717154
v 0.012611549 0.037677866 0.059483899
v 0.000462708 0.034399858 0.047802065
v 0.009699315 0.058155302 0.026855096
v -0.004292917 0.048000764 0.032210031
v 0.010748188 0.041793942 0.059154651
v 0.010437500 0.049187268 0.060463653
v 0.010199506 0.054011706 0.058209158
v 0.010024268 0.035245711 0.047457522
v -0.002764369 0.057434940 0.063910168
v 0.010580001 0.044120115 0.061075368
v 0.009800000 0.052890004 0.022003699
v 0.010278214 0.037389553 0.054917678
v 0.008900133 0.037545836 0.022417918
v 0.011130423 0.035214467 0.027688853
v -0.002580713 0.042721133 0.064570778
v 0.009800000 0.057427532 0.059619297
v 0.013146293 0.043575951 0.029824528
v 0.013646658 0.044447170 0.056958493
v 0.009074372 0.060550750 0.046704337
v 0.008816274 0.052008196 0.017949386
v 0.011482302 0.033870624 0.027098144
v 0.010246883 0.037602071 0.060352126
v 0.012479738 0.060465614 0.055426536
v 0.009612739 0.036666832 0.058606241
v 0.013135266 0.056969012 0.056484001
v 0.009727206 0.040938288 0.054458096
v -0.002232736 0.036247735 0.071033036
v 0.013800000 0.045607402 0.081727805
v 0.009571788 0.040729340 0.098165936
v 0.008567705 0.040461565 0.097137506
v 0.009651472 0.039019492 0.076898463
v 0.009800000 0.041503612 0.100128934
v 0.011482048 0.041586823 0.099948229
v 0.010395887 0.061454627 0.074626116
v 0.010534203 0.062590835 0.075262122
v 0.011805765 0.038350133 0.077705315
v 0.012929167 0.062061019 0.075222497
v 0.013800000 0.041276103 0.095340507
v 0.011564651 0.048733510 0.082539941
v 0.011116184 0.053202058 0.077092526
v 0.011010782 0.057811571 0.076416092
v -0.004493194 0.063180659 0.077856755
v 0.009765661 0.039561423 0.093525789
v 0.013820404 0.045521237 0.077230851
v 0.013448528 0.047537252 0.076153257
v -0.007653784 0.036883194 0.072559481
v 0.009300000 0.048918246 0.079579796
v 0.009300000 0.045780262 0.077230851
v 0.013800000 0.055384471 0.077934392
v 0.011093433 0.057931814 0.081789474
v 0.003661837 0.036763906 0.076932895
v 0.013529885 0.048366049 0.092730165
v 0.010477193 0.043115640 0.076187283
v 0.010500005 0.048129337 0.075748638
v 0.010500007 0.051249449 0.075475662
v 0.010518207 0.058181421 0.074869195
v 0.010500006 0.046303315 0.100000078
v 0.013448528 0.045026305 0.076372936
v 0.013430720 0.050632189 0.075875081
v 0.013409083 0.057933662 0.075227289
v 0.012600000 0.057092143 0.074964493
v 0.012500191 0.049172222 0.077016315
v 0.012511425 0.053075508 0.075315905
v 0.012437008 0.043097148 0.076188900
v 0.012600002 0.046668168 0.075876472
v 0.012600001 0.048836110 0.075686802
v 0.009800000 0.057175577 0.099105451
v 0.010175442 0.038737991 0.085785957
v 0.011598566 0.039308033 0.093460880
v 0.011126921 0.052081091 0.084185297
v 0.013800000 0.050844534 0.084204473
v 0.012005610 0.059896745 0.079111880
v 0.013800000 0.045499776 0.079440734
v 0.013800000 0.043296646 0.083344538
v 0.013800000 0.045279519 0.086285556
v 0.013800000 0.050625532 0.079580240
v 0.013800000 0.052807789 0.078394492
v 0.013800000 0.047734102 0.081919199
v 0.013800000 0.050059962 0.088343085
v 0.013800000 0.053365179 0.081822952
v 0.013800000 0.055363926 0.084040372
v 0.013800000 0.053463415 0.086617621
v 0.013800000 0.058152785 0.081877970
v 0.013800000 0.047855652 0.076977168
v 0.013800000 0.050513473 0.076744640
v 0.013800000 0.056418043 0.076228057
v 0.009300000 0.053316019 0.081147541
v 0.013409301 0.039100973 0.082191219
v 0.010500000 0.046046796 0.075930839
v 0.013580330 0.042625678 0.099543124
v 0.009465620 0.038968567 0.077695987
v 0.009651472 0.059468561 0.075109404
v 0.009300000 0.043021227 0.077436994
v 0.009651472 0.043562042 0.076501042
v 0.009633053 0.056239111 0.075436580
v 0.009300000 0.054529178 0.076393311
v 0.009300000 0.058156731 0.076075942
v 0.009300000 0.050701130 0.076795035
v 0.009651472 0.051691687 0.075789791
v 0.010691913 0.044785367 0.080372611
v 0.009467286 0.061496940 0.078297433
v 0.013800000 0.053465758 0.076486348
v 0.013800000 0.057744410 0.078865979
v 0.013673629 0.040293932 0.087441710
v 0.009156378 0.063889442 0.082523988
v 0.013800000 0.060759552 0.078315754
v 0.004506599 0.037501384 0.073908626
v 0.010586030 0.042680839 0.098939830
v 0.013448528 0.055035688 0.075497229
v 0.013800000 0.059012745 0.076001051
v 0.009300000 0.046076840 0.081795957
v 0.011635465 0.055382317 0.076698633
v 0.013800000 0.055910835 0.081777200
v 0.009500778 0.053675916 0.088792673
v 0.001257704 0.042982976 0.083703132
v 0.011447515 0.045516109 0.077325240
v 0.013800000 0.050746403 0.081830062
v 0.009300000 0.055736441 0.077806094
v 0.009300000 0.045782068 0.079435963
v 0.013800000 0.048134634 0.079198517
v 0.009940411 0.039583553 0.077079995
v -0.000851753 0.037991692 0.069848112
v 0.012267112 0.062992016 0.078839462
v 0.010496264 0.063190750 0.080102820
v 0.011403969 0.063883747 0.093623895
v 0.013651919 0.060034363 0.086059833
v 0.013800000 0.060949486 0.080581453
v 0.012771194 0.046947143 0.080495671
v 0.010842078 0.062181417 0.094902524
v 0.009715158 0.045613487 0.076295084
v 0.009651472 0.047737743 0.076135716
v 0.013800000 0.053143034 0.084201732
v 0.010826869 0.059761067 0.077055730
v 0.009623587 0.053620554 0.075688615
v 0.013448528 0.052973380 0.075677658
v 0.011874395 0.055952824 0.078606765
v 0.012600000 0.059297501 0.074771550
v 0.011990849 0.050057299 0.081066033
v 0.012555713 0.050955809 0.075501354
v 0.010500000 0.038395489 0.083534546
v 0.013157576 0.041458413 0.077022766
v 0.009502901 0.041297094 0.077168706
v 0.012555713 0.055083825 0.075140199
v 0.010338329 0.038839635 0.076715880
v 0.009800000 0.048895510 0.099482227
v -0.001467916 0.053414391 0.097569853
v 0.009300000 0.052219112 0.079938398
v 0.009144500 0.041638409 0.082001243
v 0.010695602 0.061879467 0.075916538
v 0.010445812 0.042153216 0.100340631
v 0.009300000 0.053444744 0.078789580
v 0.009300000 0.042592773 0.081021626
v 0.009300000 0.056806639 0.079639237
v 0.010500000 0.053384313 0.075288888
v 0.009800000 0.038451574 0.080883141
v -0.011042988 0.050610501 0.124313748
v -0.010587167 0.056520487 0.122015963
v -0.010797758 0.051523413 0.131582955
v -0.009050421 0.062732043 0.130871780
v -0.005695693 0.060218461 0.141448857
v -0.006299736 0.052200242 0.143093612
v -0.003954162 0.049725184 0.143236996
v -0.002467164 0.051129981 0.144407792
v -0.001834026 0.052444140 0.144948465
v 0.003694253 0.053079703 0.118454315
v 0.009300000 0.054240274 0.116170931
v 0.001085150 0.049982402 0.143942610
v 0.003239175 0.055336666 0.144919537
v 0.000604982 0.053764069 0.122535579
v 0.005750177 0.048833905 0.140735934
v 0.009357367 0.042197621 0.111959334
v 0.009536447 0.043506226 0.113556537
v 0.009300000 0.043071150 0.114299362
v 0.009300000 0.057356223 0.112959831
v 0.013800000 0.053006601 0.114742430
v 0.009362132 0.041959956 0.112229176
v 0.009315533 0.042794472 0.118325626
v 0.009627637 0.041417796 0.113386735
v 0.009397022 0.064935510 0.110703904
v 0.009651472 0.041246306 0.112086818
v 0.009651472 0.065450907 0.109969184
v 0.009699595 0.065664619 0.112183221
v 0.009832361 0.042391820 0.112705875
v 0.009800000 0.065841652 0.113729570
v 0.003436107 0.065871819 0.109511095
v 0.009847828 0.052721229 0.112250347
v 0.009903058 0.042273640 0.111744216
v 0.010163305 0.042295654 0.111261412
v 0.010578171 0.040900501 0.112166952
v 0.011879077 0.042550903 0.122492116
v 0.010217967 0.064636283 0.109256536
v 0.010500000 0.065801039 0.109938554
v 0.003438235 0.046381753 0.133635202
v 0.011520255 0.055627084 0.122639478
v 0.013306066 0.065731386 0.119276710
v 0.012783376 0.042119104 0.111336971
v 0.013382740 0.042311152 0.120330815
v 0.013328655 0.062910786 0.109930984
v -0.007241736 0.051915054 0.131442257
v 0.004076423 0.043613156 0.126305371
v 0.011517755 0.052912512 0.114447091
v 0.009300000 0.052110409 0.118363831
v 0.001993798 0.066686744 0.128593917
v 0.011758068 0.045854380 0.119033514
v 0.010804991 0.051400341 0.110072922
v -0.005994126 0.056541643 0.125079018
v 0.003993104 0.058135467 0.143769060
v 0.010218711 0.063194073 0.119232375
v 0.007790267 0.043923163 0.123305547
v 0.010564493 0.058229305 0.121394864
v 0.009300000 0.055254890 0.113171861
v -0.004768178 0.042141347 0.115198071
v -0.004090747 0.053086292 0.144398287
v 0.011657074 0.055362842 0.109791410
v 0.012160297 0.065930245 0.114000140
v -0.011331919 0.058472176 0.125874295
v 0.013800000 0.048690432 0.118151760
v 0.009300000 0.046861029 0.118797430
v 0.011619315 0.050576353 0.117319701
v -0.005680733 0.044734266 0.127081658
v 0.013424230 0.047118676 0.111063991
v 0.013448528 0.053372114 0.110174175
v -0.003870206 0.062672525 0.136044120
v 0.008740201 0.059696540 0.138591880
v 0.004545613 0.065576357 0.124669479
v 0.012376148 0.047797000 0.114529408
v 0.013800000 0.046659234 0.115471716
v 0.013800000 0.055089887 0.116218958
v 0.013800000 0.052420833 0.118245739
v 0.013101829 0.058234468 0.110417847
v 0.013800000 0.057654395 0.115362307
v 0.013349674 0.045129843 0.111223663
v 0.009106046 0.061741283 0.125685694
v 0.013800000 0.054110270 0.110961363
v 0.013800000 0.056095010 0.114036946
v -0.003044280 0.066320019 0.128431390
v 0.011364027 0.053810905 0.116966060
v 0.011397857 0.055691075 0.115740980
v 0.013800000 0.051459711 0.116157578
v 0.010098465 0.047265421 0.110850051
v 0.013202944 0.053000199 0.121370839
v 0.013712132 0.057700104 0.119354759
v 0.011892203 0.046271990 0.122080619
v 0.013280429 0.065445638 0.111175061
v 0.010499996 0.053296547 0.121873809
v 0.009800000 0.062153345 0.120807879
v 0.009300000 0.049946717 0.116315446
v -0.000536110 0.054352115 0.122484132
v -0.003511951 0.051703959 0.125470053
v -0.000963890 0.047545479 0.123079637
v 0.010168112 0.050431878 0.129818344
v 0.003677867 0.065531046 0.116274720
v 0.009606018 0.064554220 0.110211385
v 0.013616642 0.061030065 0.120247017
v -0.000453929 0.053705673 0.121678857
v 0.004359002 0.051342812 0.143739644
v 0.010100001 0.053038900 0.110016831
v 0.010364127 0.049895217 0.123791696
v 0.010237865 0.062522421 0.109726721
v 0.010062487 0.056856578 0.110238955
v 0.009362132 0.042121159 0.114071740
v -0.009749288 0.050413608 0.122828706
v 0.010580231 0.043461015 0.120987588
v -0.005698117 0.060228433 0.124879270
v 0.009300000 0.046649040 0.116110528
v 0.009651472 0.064991277 0.109583512
v 0.011028848 0.064932944 0.119524718
v 0.013026699 0.049919463 0.110548488
v 0.011413436 0.055317338 0.113516140
v -0.003336051 0.056102358 0.122331006
v 0.009527542 0.059083640 0.112360418
v 0.000083256 0.055062934 0.122421943
v 0.010500000 0.064348150 0.120906921
v -0.002646249 0.052293061 0.119949643
v 0.011393976 0.042093025 0.114590987
v 0.009506361 0.064511237 0.109551290
v 0.009300000 0.061420099 0.116557715
v -0.009575397 0.061568303 0.123451601
v 0.011964927 0.055595696 0.118015671
v 0.010055208 0.059541528 0.110050187
v 0.010028573 0.050702985 0.111310635
v 0.010157109 0.045723335 0.111259000
v 0.010150000 0.066323389 0.117895758
v 0.009800000 0.044158465 0.121490514
v 0.009800000 0.041527982 0.116012275
v 0.009855283 0.055268496 0.112009491
v 0.010394602 0.048410555 0.110338599
v -0.000409880 0.041160517 0.120492677
v 0.013800000 0.061476629 0.115553017
v 0.010385104 0.041489016 0.118179330
v 0.009300000 0.047141732 0.113997258
v 0.009300000 0.051176345 0.113599579
v 0.009855283 0.045792163 0.112838565
v 0.013433804 0.042487192 0.115471138
v 0.009300000 0.053246940 0.113319346
v -0.003439715 0.061570694 0.131647302
v 0.006631167 0.065004263 0.132277057
v 0.010760345 0.058257115 0.109393978
v 0.010029750 0.053072003 0.111095911
v -0.011808983 0.053695187 0.125955875
v -0.009114385 0.053263309 0.140301545
v -0.000962149 0.053893161 0.145262036
v 0.005710782 0.064237406 0.121626053
v 0.001661696 0.049129998 0.127555576
v -0.004353828 0.065335936 0.124903683
v 0.010719125 0.064857743 0.110695822
v -0.005356787 0.060707887 0.120818352
v 0.009792704 0.056473393 0.121802582
v -0.009296154 0.045556787 0.123253622
v -0.004061600 0.048411140 0.123844735
v 0.009863975 0.049677355 0.112443566
v 0.000570029 0.064543703 0.140093894
v 0.009440041 0.062617403 0.113562882
v -0.000652188 0.062080164 0.121808017
v -0.005371003 0.010277439 0.006960484
v -0.002366049 -0.002541834 0.001976273
v -0.001229780 -0.011682753 0.012262720
v -0.000159554 -0.012410557 0.018893565
v 0.004028112 0.011901991 0.008780165
v -0.001416395 0.013448954 0.007570479
v 0.000782481 -0.013450000 0.013487669
v 0.002856290 0.003594278 0.001713594
v 0.001056662 0.011611209 0.000870680
v 0.009429132 0.008345370 0.001601080
v 0.008532846 0.005091879 0.001856677
v 0.000658349 0.012180439 0.017836573
v 0.007949095 -0.008710853 0.003609833
v -0.001782036 0.000272475 0.004941627
v 0.009526936 0.003599087 0.004276033
v 0.006225232 -0.010659793 0.009027331
v 0.013800000 0.005310478 0.033406659
v 0.006596446 -0.007030700 0.069343468
v -0.003391847 0.010354859 0.038921052
v 0.010061928 -0.011437845 0.025614111
v 0.009464121 -0.010962500 0.061351833
v 0.008847528 0.012417572 0.027833640
v 0.010902708 -0.010527308 0.062641763
v 0.009689560 0.011350011 0.025463395
v 0.009008156 0.010953316 0.061988926
v 0.009792496 0.012675032 0.032467441
v 0.010500000 0.011300000 0.025100000
v 0.010502314 0.012148528 0.025451472
v 0.010500000 0.012500000 0.026300000
v 0.013115900 0.011294056 0.025496965
v 0.008168978 -0.006437326 0.054818375
v 0.009815995 0.000001931 0.041646407
v 0.011099824 -0.002758142 0.027283116
v 0.010812323 -0.003831615 0.049925574
v 0.011151343 0.005094222 0.027050085
v 0.011023439 0.003364108 0.033152754
v 0.009800000 0.003850257 0.064030892
v 0.010580000 -0.002450000 0.063100003
v 0.013800000 0.005946025 0.035661593
v 0.010580000 0.000086697 0.025066863
v 0.010580000 0.003150000 0.025066863
v 0.012585455 0.005187500 0.025093975
v 0.013800000 -0.005819675 0.029453189
v 0.013434250 -0.007651000 0.052801650
v 0.013800000 0.000522574 0.030598793
v 0.013800000 0.000033755 0.036031542
v 0.013448528 -0.000155205 0.025451472
v 0.013800000 0.008204765 0.026300000
v 0.013800000 -0.004514875 0.026417598
v 0.013800000 -0.002338614 0.026300000
v 0.013800000 0.001318329 0.026447752
v 0.013800000 0.003150000 0.026300000
v 0.009735275 0.004951206 0.024141681
v 0.002371902 0.002270673 0.021082904
v 0.013241619 0.007148767 0.059515027
v 0.010521171 0.001664440 0.030433368
v 0.010190000 -0.008471222 0.025244974
v 0.010580000 -0.006355523 0.025100000
v 0.010580000 -0.003250000 0.025100000
v 0.010580000 0.006444477 0.025100000
v 0.010580000 0.009550000 0.025100000
v 0.013310690 -0.010766675 0.027872557
v 0.012592728 0.008243750 0.025096988
v 0.013287486 0.009214554 0.040055225
v 0.008815856 0.001528152 0.033194346
v 0.006529169 0.002349269 0.057048419
v 0.010985694 0.005938416 0.033404047
v 0.013800000 0.006813898 0.030981993
v 0.013800000 -0.003154816 0.029909017
v 0.010430991 0.012413015 0.057400632
v 0.011287252 -0.012500000 0.035246873
v 0.013800000 0.005106175 0.053343667
v 0.008879965 -0.005890988 0.037247531
v 0.013800000 -0.002750508 0.036719478
v 0.013800000 0.003451978 0.030830877
v 0.011027036 0.007394791 0.028288140
v 0.010190000 0.007779886 0.062955025
v 0.013800000 -0.002471682 0.040655838
v 0.012025640 -0.000813392 0.026733639
v 0.011921640 -0.001234467 0.029213915
v 0.011712884 0.004442390 0.028873125
v 0.009800000 -0.002299694 0.024550737
v 0.012418726 0.003187107 0.025100000
v 0.013443732 0.002005701 0.025449485
v 0.012469083 -0.002069751 0.025100000
v 0.012600000 -0.000261233 0.025100000
v 0.012464759 -0.004083150 0.025100000
v 0.009793783 -0.006736503 0.063493706
v 0.013800000 0.000126768 0.033485852
v 0.013800000 0.002464160 0.032876521
v 0.011567659 -0.003356867 0.030240681
v 0.011649706 0.001673047 0.028884954
v 0.013246603 0.011389417 0.030237157
v -0.004326550 -0.002263243 0.069739813
v 0.003234623 -0.012338776 0.047958615
v 0.007788876 -0.003154741 0.030222443
v 0.010389338 -0.010739303 0.028182922
v 0.011950020 0.001441175 0.031847285
v 0.010109821 -0.010600805 0.026034186
v 0.012075240 0.010402329 0.062229808
v 0.001946022 0.012246700 0.062148915
v 0.012929938 -0.006474163 0.025275736
v 0.013800000 0.005256197 0.029277877
v 0.010192554 0.010569907 0.025941665
v 0.013800000 -0.006743743 0.026300000
v 0.013800000 -0.001279958 0.028330643
v -0.003853648 -0.008984339 0.057875819
v 0.010419419 0.012466622 0.029203468
v 0.009881969 0.012613058 0.048063486
v 0.009610258 0.011997792 0.027184511
v 0.010330921 0.011498256 0.059766113
v 0.013382734 0.008974442 0.025424219
v 0.013448528 0.005089186 0.025451472
v 0.013406529 -0.002729550 0.025434076
v 0.009966408 -0.012037930 0.028747405
v 0.013448528 -0.003677582 0.078451470
v 0.013800000 -0.008290288 0.081966009
v -0.002501755 0.011800000 0.078410521
v 0.004308061 0.011901630 0.074420647
v 0.004286988 0.007937206 0.082583984
v 0.009351777 -0.011350000 0.080799997
v 0.009300000 0.009450000 0.082500003
v 0.009300000 0.007068153 0.083945416
v 0.009590701 -0.011550000 0.078937549
v 0.009761471 0.011306997 0.078408806
v 0.009800000 -0.012194670 0.080124905
v 0.009802410 0.012195668 0.080276159
v 0.010500000 -0.012500000 0.079300001
v 0.010781690 0.011785868 0.078433056
v 0.012802005 -0.012112132 0.078937868
v 0.013324264 0.011512132 0.078787869
v 0.013800000 -0.007286369 0.093852728
v 0.010705177 -0.001826585 0.080102120
v 0.011153825 0.002085262 0.080185425
v 0.011522904 0.002486389 0.084706429
v 0.011426700 0.006748398 0.079551027
v 0.010722823 0.006890129 0.085118018
v 0.010477849 -0.012490825 0.088303564
v 0.009651472 -0.003813872 0.078451470
v 0.009660082 0.004656450 0.078447904
v -0.004309622 0.012655542 0.076210692
v 0.009300000 -0.002447626 0.083942169
v 0.013800000 -0.004585908 0.080925001
v 0.013800000 0.003881061 0.088888004
v 0.013800000 -0.000661882 0.089183273
v 0.013800000 -0.000966343 0.084713441
v 0.013800000 -0.003856828 0.088384868
v 0.009367247 0.012671187 0.083343905
v 0.010652247 0.008961345 0.078100003
v 0.010500000 -0.004570633 0.078100003
v 0.010500000 -0.002335714 0.078100003
v 0.010475481 0.002952431 0.078110159
v -0.001450439 0.013450000 0.084020795
v 0.009800000 -0.012210051 0.085562389
v 0.009228545 -0.009431414 0.100695114
v 0.009651472 -0.000642275 0.078451470
v 0.009300000 0.002604999 0.082622529
v 0.013448528 -0.012148528 0.084800000
v 0.013545563 -0.011641284 0.089020111
v 0.012380426 0.004278758 0.101227858
v 0.011032771 -0.005762119 0.088448073
v 0.011089015 -0.003726725 0.082391701
v 0.012104646 0.010418102 0.079582766
v 0.009300000 0.006567779 0.082202019
v 0.013800000 0.005514496 0.092989808
v 0.011613506 0.004692000 0.086659150
v 0.013174063 0.011350881 0.088611991
v 0.012612187 0.012069567 0.082835716
v 0.013800000 -0.010952493 0.081691244
v 0.011998016 0.002511447 0.082396247
v 0.010500000 0.000393031 0.078100003
v 0.013800000 -0.002944733 0.094862174
v 0.013800000 0.004397724 0.081875800
v 0.013800000 0.002718495 0.087527218
v 0.013800000 0.006610268 0.083432064
v 0.009300000 -0.005067573 0.081819205
v 0.011691727 0.011534896 0.089827852
v 0.009300000 -0.002535299 0.081666328
v 0.010600736 -0.009163924 0.078275736
v 0.013800000 -0.000931699 0.081331664
v 0.012446050 -0.004570633 0.078100003
v 0.013800000 0.008300287 0.080205510
v 0.013800000 -0.007206121 0.086267282
v 0.013800000 -0.004471939 0.084627636
v 0.013800000 0.005597519 0.086699651
v 0.013800000 0.001789378 0.081692915
v 0.013800000 -0.006907143 0.079300001
v 0.013800000 -0.001007752 0.079300001
v 0.013800000 -0.003351587 0.079300001
v 0.013800000 0.002307143 0.079300001
v 0.013800000 0.005133167 0.079300001
v 0.010734607 -0.008500144 0.080036861
v 0.005047615 0.011250000 0.082500003
v 0.013602297 -0.011472150 0.094178571
v 0.007674891 0.012985019 0.089952094
v 0.013800000 -0.003994617 0.091197674
v 0.013800000 -0.002763445 0.086557205
v 0.010568228 -0.012500000 0.083492580
v 0.009300000 -0.008648884 0.082052596
v 0.011176905 0.000721195 0.083116261
v 0.009910661 -0.003127068 0.092585511
v 0.011499469 -0.012500000 0.093218692
v 0.000271104 -0.011530466 0.077439466
v 0.005260667 -0.012808826 0.089169180
v 0.013800000 -0.002869640 0.082656155
v 0.013800000 0.003309855 0.083416996
v 0.010552190 0.007198192 0.078100003
v -0.006113374 -0.002906476 0.096691983
v 0.009387868 0.011250000 0.080687869
v 0.011370730 -0.001371774 0.082338697
v 0.013436582 -0.008565243 0.078446522
v 0.012600000 -0.001628453 0.078100003
v 0.012502956 0.006718370 0.078100003
v 0.012454696 0.000396090 0.078100003
v 0.012600000 0.002850024 0.078100003
v 0.013448528 0.001593383 0.078451470
v 0.013466091 -0.005831173 0.078493871
v 0.013448528 -0.001460809 0.078451470
v 0.013448528 0.003606528 0.078451470
v 0.013448528 0.006179002 0.078451470
v 0.011170695 0.004448961 0.083965700
v 0.009764132 0.007413204 0.087834045
v 0.009800000 0.002964058 0.101810053
v 0.005078006 0.007467534 0.105044983
v 0.012240565 -0.000144894 0.080449449
v 0.009651472 0.002212930 0.078451470
v 0.009651472 -0.006282553 0.078451470
v -0.007493956 0.008079897 0.084754116
v 0.009300000 -0.003646480 0.079300001
v 0.009300000 0.000093856 0.079300001
v 0.009300000 0.003722553 0.079300001
v 0.009300000 -0.006907143 0.079300001
v 0.013304980 0.008375988 0.095442133
v 0.012955426 0.008822723 0.078275736
v 0.009462199 0.008460990 0.078967766
v 0.010429964 0.008193487 0.100521649
v 0.011389708 -0.012242888 0.099945439
v 0.013800000 -0.009084620 0.087150633
v 0.009300000 -0.000042253 0.082015235
v 0.010589517 -0.007631992 0.084314816
v 0.010030356 0.011295803 0.100393883
v 0.013800000 -0.006512700 0.083817044
v 0.009300000 -0.010229903 0.083159061
v 0.010900981 0.008506038 0.082348193
v 0.013800000 0.008425695 0.085330985
v 0.012999917 -0.012331595 0.082723899
v 0.011716489 -0.010022458 0.080137333
v 0.009651472 0.010734825 0.078451470
v 0.009793934 -0.011512132 0.078831802
v 0.010964188 -0.005678482 0.079872709
v 0.010737051 0.004695533 0.079678374
v 0.009300000 0.010361870 0.079308510
v 0.009843406 0.011424086 0.079135241
v -0.011525822 -0.001733499 0.125770718
v -0.009800000 0.004630689 0.125200003
v -0.000310836 0.011593598 0.137578164
v 0.001164161 -0.009981317 0.142608593
v 0.004176241 -0.011010305 0.137361504
v 0.004412780 0.011395287 0.125201742
v 0.005827960 -0.006844741 0.143752875
v 0.005750371 0.010417367 0.137479615
v 0.009343750 -0.011150001 0.113594381
v 0.009443782 0.010839459 0.115355912
v 0.009362132 -0.011450000 0.113904014
v 0.008560126 -0.009194230 0.125200003
v 0.006521463 -0.013449153 0.118456255
v 0.009646950 -0.012137611 0.114869780
v 0.009427944 0.011673618 0.114563042
v 0.010727181 -0.012243295 0.114301083
v 0.009987850 0.011263181 0.112731714
v 0.009651472 0.012148528 0.113700002
v 0.009574500 0.007214536 0.135708930
v 0.009958673 -0.010902619 0.113212202
v 0.009800000 -0.011176754 0.124056274
v 0.010234540 0.003604224 0.124665460
v 0.009800000 0.012210051 0.117472592
v 0.009417142 -0.010862533 0.116098616
v 0.013800000 -0.009247472 0.115919690
v 0.009924224 0.011186719 0.113480257
v 0.010500000 -0.011812132 0.124112131
v 0.011332767 -0.003724567 0.135923078
v 0.011662319 0.000772944 0.125203166
v 0.012536238 0.011214841 0.112499997
v 0.011527029 0.010593445 0.124109167
v 0.011039109 0.012418422 0.114382650
v 0.013382486 -0.011816115 0.114000283
v 0.012972888 0.011731172 0.112868148
v 0.013626400 0.011719107 0.113723346
v 0.009300000 0.003411730 0.118292118
v -0.007863480 0.009000477 0.125200003
v -0.002592217 0.010971872 0.130670147
v 0.004750239 0.004499038 0.130940272
v 0.009805821 -0.005488312 0.124707439
v 0.011018141 -0.004713850 0.133321803
v 0.011395280 -0.003191296 0.130292142
v 0.006385300 0.008717438 0.141049959
v 0.011030795 -0.005851047 0.117944276
v 0.011749945 -0.000052186 0.118356825
v 0.013593198 -0.003437181 0.123271151
v 0.009300000 0.009696318 0.120918404
v 0.010476441 0.005735282 0.127680636
v 0.009013116 -0.007975000 0.131296839
v 0.005161921 0.010737244 0.134215489
v 0.013448528 -0.003286085 0.112851471
v 0.013011633 -0.000701000 0.112675734
v 0.013624264 -0.000438270 0.113275737
v 0.013109926 0.007593520 0.112886953
v 0.011233391 -0.001954449 0.138912756
v 0.008341975 -0.006945056 0.140858612
v 0.006029102 -0.011232860 0.118950645
v -0.009119186 0.005366199 0.137403641
v 0.002417507 0.011620297 0.131808339
v 0.013800000 0.007896626 0.118456503
v 0.013112132 -0.005533415 0.112926892
v 0.011755454 0.003007769 0.112587865
v 0.009300000 0.004201299 0.120870674
v 0.013800000 0.000000000 0.117366671
v 0.013800000 0.003793984 0.117304416
v 0.013800000 0.006545336 0.116621350
v 0.013800000 0.003791149 0.113838749
v -0.006947450 -0.006917164 0.137343058
v 0.009800000 -0.012210051 0.119480471
v 0.009300000 0.001218201 0.118538165
v 0.009300000 -0.006663857 0.117071009
v 0.009300000 0.001286006 0.115974568
v 0.009300000 0.003987500 0.115974568
v 0.010136943 -0.006374227 0.133262012
v 0.013018484 0.012326166 0.118773757
v 0.009987326 0.004564904 0.113842614
v 0.013800000 -0.004674463 0.115455020
v 0.013800000 0.011300000 0.120732173
v -0.005895405 -0.011939729 0.119349634
v 0.001561519 0.010423529 0.141188587
v -0.003508218 0.012455358 0.113168573
v 0.000282308 -0.000072457 0.124477917
v 0.013276351 -0.011169850 0.123749855
v -0.007063381 0.009694314 0.127700941
v 0.005525595 0.013449424 0.121623393
v 0.013624264 -0.011724264 0.120941357
v 0.013800000 -0.009721345 0.119092234
v 0.013800000 -0.002205824 0.119334735
v 0.011801463 0.000987995 0.128977974
v 0.013024070 -0.011272956 0.112675654
v 0.010526808 0.005628016 0.136429566
v 0.010333827 -0.005867391 0.127159828
v 0.011175508 0.002380398 0.119350143
v -0.001024688 0.011945854 0.133603341
v 0.009893397 -0.003958410 0.114391964
v 0.009817794 0.002403832 0.114935589
v 0.010068577 0.009666555 0.113743657
v 0.009300000 -0.008437385 0.120641001
v 0.012095196 0.004548481 0.122421933
v 0.013380035 -0.008468833 0.113187868
v 0.011683389 -0.002311557 0.132965571
v 0.009800000 0.010639299 0.123993414
v -0.008643987 -0.008658754 0.125193334
v 0.009300000 -0.002701494 0.115974568
v 0.009300000 -0.001364398 0.118703128
v 0.011111274 0.002475784 0.138473254
v 0.008165313 0.008644092 0.130331374
v -0.010366635 0.005447854 0.128837980
v 0.010500000 -0.007700678 0.124499999
v 0.003838187 -0.010779217 0.131969920
v 0.009288609 -0.007331302 0.137219916
v 0.002404039 0.011142372 0.116654773
v 0.011454857 0.006001554 0.112547819
v 0.010234442 -0.007286711 0.112887587
v 0.009300000 0.005871493 0.118696577
v 0.009908348 -0.000714486 0.114419779
v -0.003232527 0.007664470 0.125930331
v -0.004648314 -0.010692686 0.128463120
v 0.010854394 -0.012424424 0.118770597
v 0.012543729 0.001585568 0.124499999
v 0.009300000 0.011250000 0.115840405
v -0.006315009 0.005394602 0.121610568
v -0.005036458 0.010880734 0.127658518
v 0.013800000 0.002403367 0.119926856
v -0.003421796 -0.011706795 0.125213020
v 0.000357516 0.001137294 0.145569776
v 0.010747161 0.004967483 0.132029909
v 0.008014158 0.008819442 0.136559643
v 0.009300000 -0.000485356 0.120836741
v 0.004283730 0.003074550 0.120923105
v 0.009550716 -0.009824204 0.115534462
v 0.010150000 0.012355026 0.120991547
v 0.013800000 0.009028550 0.114730724
v 0.013442433 0.005248895 0.123121817
v -0.009621152 -0.006766657 0.126011737
v 0.010330564 -0.011087262 0.121962496
v -0.001055117 -0.003982253 0.121620834
v 0.010382967 -0.001514086 0.112601651
v 0.011550000 -0.005588519 0.124499999
v 0.010047345 0.000819599 0.113315297
v -0.006147326 -0.044129733 0.001447706
v -0.002137075 -0.051318705 -0.001341068
v 0.002931705 -0.056994619 0.011305750
v -0.000326428 -0.055430156 0.003446279
v -0.006328805 -0.057118337 0.005531709
v 0.000925515 -0.031853086 0.007857823
v 0.001084948 -0.043217910 -0.000888088
v 0.003182083 -0.037935000 -0.000772317
v 0.005943800 -0.056214294 0.003526248
v -0.005718069 -0.057330156 0.014946875
v -0.007042257 -0.033742965 0.002760008
v 0.001119379 -0.055928397 0.008243845
v 0.008466117 -0.045282901 0.001850004
v 0.004042829 -0.043323978 0.064279177
v 0.006647798 -0.059021382 0.031378751
v -0.004547320 -0.034376431 0.048496532
v 0.013800000 -0.057610003 0.054368204
v 0.008002757 -0.033535613 0.027684041
v 0.010389150 -0.056060227 0.059928072
v 0.011755299 -0.060311703 0.052087968
v 0.009765814 -0.044029236 0.062366772
v 0.012015347 -0.053793123 0.031052083
v 0.011821691 -0.053485282 0.055779491
v 0.012991444 -0.044281384 0.024576000
v 0.011124030 -0.051312233 0.055946544
v 0.011498570 -0.034143032 0.031523940
v -0.007997629 -0.049354312 0.057849111
v -0.006282155 -0.047052973 0.030405963
v 0.009580780 -0.047575590 0.026970024
v -0.005289488 -0.050777475 0.015158756
v 0.008815852 -0.060723226 0.054984842
v -0.009669788 -0.039519681 0.048749644
v 0.012025970 -0.051514656 0.023074345
v 0.013168876 -0.049475642 0.052669807
v 0.009480952 -0.036140148 0.044872561
v 0.010038139 -0.040309744 0.060955959
v 0.013544054 -0.038183149 0.028262699
v -0.002454948 -0.034103284 0.045374458
v 0.008590121 -0.035894690 0.054342244
v 0.009913776 -0.054958549 0.022277197
v 0.011547584 -0.058985157 0.059402071
v 0.009858355 -0.039593320 0.021042712
v 0.010482415 -0.051841183 0.075423895
v 0.010266463 -0.064126761 0.094769392
v 0.009300000 -0.061588749 0.077281408
v 0.008148211 -0.040549098 0.079705895
v 0.009987868 -0.061536664 0.074965001
v 0.009301716 -0.038586312 0.081306046
v 0.009590701 -0.061857586 0.075764751
v 0.009948939 -0.041210257 0.100199555
v 0.010500000 -0.062802881 0.075669453
v 0.010500000 -0.062378790 0.074854791
v 0.011169778 -0.040319940 0.098013490
v 0.010449761 -0.039029179 0.076565691
v 0.012600000 -0.062378790 0.074854791
v 0.012600000 -0.061502859 0.074578606
v 0.013393233 -0.039057058 0.078384098
v 0.011603033 -0.038090866 0.077784312
v 0.013448528 -0.059930944 0.075068951
v 0.013594059 -0.061958288 0.076846150
v 0.009300000 -0.054463198 0.081062244
v 0.011276423 -0.048401692 0.081415369
v 0.013800000 -0.039458340 0.081914521
v 0.013800000 -0.045037733 0.085114982
v 0.012298273 -0.052741351 0.081524969
v 0.009651472 -0.055660758 0.075442543
v 0.009300000 -0.046511244 0.077094788
v 0.009645170 -0.052827365 0.075705704
v 0.011952181 -0.050458636 0.079551897
v 0.009300000 -0.047877476 0.079631861
v 0.009300000 -0.043253838 0.077477255
v 0.013800000 -0.042111604 0.079790323
v 0.010547869 -0.060773311 0.098734111
v 0.011728784 -0.042848968 0.100181476
v 0.010548076 -0.058003655 0.098976425
v 0.012000113 -0.056399519 0.098348050
v 0.013829580 -0.045813708 0.077227500
v 0.010482415 -0.056254862 0.075037747
v 0.013448528 -0.052300968 0.075736486
v 0.013485078 -0.049182874 0.076097860
v 0.013448528 -0.055452280 0.075460782
v 0.013448528 -0.046938405 0.076205649
v 0.013448528 -0.044538944 0.076415574
v 0.013800000 -0.059020773 0.080063191
v 0.013800000 -0.055782422 0.078831136
v 0.013800000 -0.056060391 0.082268753
v 0.013800000 -0.053322387 0.083754366
v 0.013800000 -0.050642862 0.084033679
v 0.011063775 -0.038254061 0.081978521
v 0.013501116 -0.039315906 0.085571646
v 0.010614811 -0.044457717 0.076069866
v 0.009713031 -0.045176752 0.076334176
v 0.009475736 -0.057996611 0.075645970
v 0.009300000 -0.054142623 0.076550682
v 0.009300000 -0.050836121 0.076774404
v 0.009299999 -0.048565971 0.076915026
v 0.011982369 -0.063521146 0.088238320
v 0.013800000 -0.049418568 0.079075560
v 0.013459587 -0.041110722 0.088593922
v 0.013800000 -0.052562177 0.093578292
v 0.003008336 -0.063379854 0.077387700
v 0.013448528 -0.042080467 0.076630663
v 0.009800000 -0.062025190 0.098333530
v 0.010464831 -0.054366527 0.075202955
v 0.012587486 -0.050000536 0.075584931
v 0.012586248 -0.045796478 0.075952739
v 0.010499998 -0.049315840 0.075644834
v 0.013800000 -0.051424027 0.079986250
v 0.013800000 -0.045018109 0.079234945
v 0.013800000 -0.048614232 0.081663420
v 0.013800000 -0.041541373 0.082474657
v 0.013799999 -0.054102056 0.076430676
v 0.013800000 -0.050858516 0.076843742
v 0.013800000 -0.047856957 0.077025941
v 0.013787879 -0.044438992 0.091072958
v 0.013800000 -0.053468839 0.080842608
v 0.003492561 -0.054232859 0.103407309
v 0.013800000 -0.048441306 0.088532002
v 0.011417271 -0.046544980 0.077554189
v 0.013799998 -0.056179202 0.076248949
v 0.009800000 -0.062769458 0.078746641
v 0.010513994 -0.041009345 0.093037569
v 0.012600000 -0.053242652 0.075301282
v 0.012600000 -0.055536615 0.075100586
v 0.011464657 -0.041582326 0.076321427
v 0.009300000 -0.051834468 0.079403582
v 0.011076756 -0.044817440 0.079308796
v 0.010500000 -0.063112645 0.079210082
v 0.009800000 -0.049271448 0.099628200
v 0.009300000 -0.058082277 0.079179753
v 0.011641228 -0.050799966 0.076991602
v 0.013800000 -0.045659546 0.081516204
v 0.013557373 -0.060779440 0.083010722
v 0.009300000 -0.044097281 0.078609231
v 0.004192337 -0.061834206 0.073685823
v 0.013800000 -0.054051081 0.086768137
v 0.013800000 -0.051288249 0.082096468
v 0.011005796 -0.053921904 0.080481834
v 0.009300000 -0.056940859 0.077347615
v 0.013800000 -0.053255151 0.078353362
v 0.013800000 -0.059710104 0.076068149
v 0.013814790 -0.042453577 0.077485630
v 0.010313296 -0.061296432 0.076031608
v 0.012586867 -0.047898507 0.075768835
v 0.010634153 -0.041621540 0.099746551
v 0.009720909 -0.050588855 0.075857403
v 0.009300000 -0.060207204 0.080559708
v -0.002492371 -0.040411682 0.082245410
v 0.010407956 -0.039284176 0.077524974
v 0.009300000 -0.041136736 0.077749128
v 0.009588531 -0.040138761 0.095611988
v 0.009300000 -0.054768685 0.078967998
v 0.009170933 -0.048909540 0.081363286
v 0.009300000 -0.042317911 0.080391028
v 0.009649729 -0.040281846 0.076792243
v 0.009651472 -0.047051036 0.076195794
v -0.011518507 -0.056568722 0.123020043
v -0.009799600 -0.056016655 0.122338558
v -0.009949368 -0.053594728 0.139035426
v -0.008562083 -0.062421075 0.121778414
v -0.003951765 -0.042768838 0.121707682
v -0.001070428 -0.064943879 0.135946051
v -0.003772783 -0.047078853 0.141200109
v -0.004222428 -0.058825494 0.142285979
v -0.003737958 -0.049756957 0.143051566
v 0.013800000 -0.049892050 0.115861202
v 0.001980519 -0.043397443 0.130458674
v 0.001869790 -0.066690282 0.133793882
v 0.004255120 -0.052707679 0.143834589
v 0.008298315 -0.063427360 0.134541313
v 0.009551453 -0.064460454 0.110255869
v 0.009462200 -0.064176164 0.111937560
v 0.009310740 -0.042074911 0.112004231
v 0.009708557 -0.065736817 0.113239366
v 0.009619159 -0.041417102 0.113143964
v 0.010075736 -0.065625973 0.109953869
v 0.009867105 -0.042049643 0.111516496
v 0.009373282 -0.066399189 0.120516841
v 0.010124713 -0.064211823 0.109355138
v 0.011760927 -0.066515677 0.119619172
v 0.010500000 -0.066361554 0.120377958
v 0.011762132 -0.065539228 0.120714510
v 0.010500000 -0.042163892 0.122157294
v 0.010105861 -0.041060100 0.112117999
v 0.005811963 -0.049618072 0.137354398
v 0.011464785 -0.056957701 0.122256171
v 0.013412132 -0.065115787 0.109998503
v 0.011562368 -0.065342528 0.109113032
v 0.013002539 -0.064495986 0.109024554
v 0.012600000 -0.041987017 0.110817425
v 0.012600000 -0.040896170 0.112117447
v 0.013429660 -0.042016969 0.111159779
v 0.013448528 -0.041246306 0.112086818
v 0.013372110 -0.063797238 0.120231677
v -0.011479893 -0.057907510 0.127978386
v -0.008407981 -0.056910578 0.136046571
v -0.000877298 -0.061822848 0.124991464
v -0.004572370 -0.044033221 0.130156566
v 0.009800000 -0.058901555 0.122086106
v 0.009249746 -0.062093169 0.125332266
v 0.008036474 -0.046330834 0.130421079
v 0.011429685 -0.053878301 0.113324545
v 0.009362132 -0.064829242 0.110878271
v 0.013800000 -0.044995599 0.115928297
v -0.009734240 -0.048926512 0.132260767
v 0.010057364 -0.050068446 0.110708387
v 0.010361020 -0.044024805 0.110742889
v -0.003066684 -0.049790847 0.136764870
v -0.010688586 -0.049165741 0.124580688
v -0.002944787 -0.040523430 0.109328387
v 0.011605554 -0.055068092 0.116066059
v 0.004494367 -0.058490860 0.126312725
v -0.003238220 -0.063891657 0.124579601
v 0.007482754 -0.064256673 0.129553486
v 0.003324968 -0.065961940 0.124185177
v -0.007331630 -0.045357091 0.128592704
v 0.004180652 -0.063416544 0.117374678
v 0.000302671 -0.042859251 0.126209575
v -0.004331693 -0.065817047 0.127768625
v 0.010500000 -0.061961966 0.121115684
v -0.007986638 -0.063976512 0.130458359
v 0.001667706 -0.066978342 0.119068202
v 0.007982854 -0.042916561 0.122048216
v 0.009943710 -0.052776746 0.112014007
v 0.010500000 -0.041124954 0.114732460
v 0.013800000 -0.057868625 0.114135573
v 0.013800000 -0.055676708 0.117042861
v 0.013800000 -0.054083686 0.113708547
v 0.013800000 -0.053169780 0.118324030
v 0.000837046 -0.051668220 0.140168850
v -0.011405256 -0.052476416 0.127419097
v 0.006169783 -0.065107593 0.127444843
v 0.009579459 -0.060154651 0.112167135
v -0.007916120 -0.045466303 0.123313839
v 0.009323300 -0.064447474 0.116107228
v -0.011295215 -0.057484229 0.130724766
v 0.010809095 -0.055641360 0.118362701
v 0.009300000 -0.059975514 0.115278815
v 0.009300000 -0.055886725 0.114399893
v 0.013085086 -0.058404074 0.109770447
v 0.012600009 -0.052307765 0.109914478
v 0.011637455 -0.046196822 0.110597285
v 0.010145119 -0.057681899 0.121468828
v 0.013412133 -0.047602259 0.111016653
v -0.009499629 -0.062084512 0.126845289
v 0.011195233 -0.052513279 0.115876685
v -0.009800000 -0.049355172 0.122921309
v 0.011174480 -0.042622145 0.120235210
v 0.006174628 -0.064924031 0.125337127
v 0.012570470 -0.041733115 0.117233484
v 0.013005224 -0.060783458 0.121038764
v 0.011835104 -0.049819738 0.122074808
v 0.013448528 -0.057003487 0.121196678
v -0.002367233 -0.047564415 0.119135791
v -0.000227931 -0.054630493 0.122171715
v 0.013800000 -0.042789976 0.113686226
v -0.007142800 -0.050989596 0.141900742
v 0.009299083 -0.051741513 0.118375821
v 0.013800000 -0.049377447 0.113433284
v 0.012600009 -0.053695868 0.121838870
v -0.000629662 -0.066614558 0.125552471
v -0.009001161 -0.062008838 0.124522536
v 0.010271756 -0.064871290 0.109796816
v 0.013800000 -0.045686603 0.112678613
v 0.011673699 -0.055868694 0.126540146
v -0.009946317 -0.048198846 0.129003360
v 0.013800000 -0.056432217 0.120219975
v 0.012401804 -0.064869653 0.119099191
v -0.008858641 -0.046858950 0.129432578
v 0.012595812 -0.056682107 0.111154820
v 0.000958261 -0.066726246 0.127099931
v 0.009800000 -0.041657058 0.117429659
v 0.008193911 -0.046396339 0.125368827
v 0.010498794 -0.058857299 0.109383048
v 0.009438821 -0.042534726 0.114028555
v 0.010578566 -0.053300123 0.109827658
v 0.009557460 -0.042296729 0.113275070
v 0.000930700 -0.059240150 0.122524304
v -0.001717889 -0.066359775 0.123772434
v 0.007216792 -0.059192971 0.117744187
v 0.009903920 -0.058031656 0.111407415
v -0.006178709 -0.045818903 0.136247232
v 0.013800000 -0.060240728 0.111164655
v 0.013566131 -0.043558114 0.121005075
v 0.009245316 -0.060151912 0.117660291
v 0.009300000 -0.057404646 0.117858485
v 0.010500000 -0.066029822 0.112553564
v 0.009321943 -0.051427795 0.114462136
v 0.013800000 -0.056170281 0.112614172
v 0.012716416 -0.065702977 0.115998539
v 0.010435453 -0.054752737 0.110108734
v -0.002851002 -0.055477656 0.132849246
v 0.002083198 -0.066615772 0.129831947
v 0.010389746 -0.063126127 0.109271540
v 0.010666647 -0.063810242 0.110621474
v 0.013736680 -0.052161178 0.120922009
v 0.002019814 -0.054769092 0.118324251
v 0.011783634 -0.041390582 0.111127914
v 0.010894641 -0.059864967 0.130290414
v 0.009806298 -0.050607096 0.122128590
v 0.011251163 -0.050581157 0.125357730
v 0.012899028 -0.054876597 0.109851577
v -0.007115690 -0.048584158 0.140275119
v 0.013800000 -0.061392517 0.119960921
v 0.009300000 -0.049672350 0.113632075
v 0.013800000 -0.048531316 0.117447825
v 0.007046605 -0.063577935 0.121676975
v -0.002869645 -0.063398260 0.112501501
v 0.013624264 -0.052354880 0.110734323
v -0.006226825 -0.044603107 0.126659067
v -0.003996175 -0.065778288 0.123802541
v 0.011869597 -0.050089300 0.110315733
v 0.009291956 -0.045799160 0.113986782
v 0.012493365 -0.057532105 0.121503246
v 0.013773795 -0.061974539 0.114563503
v 0.010500000 -0.063754426 0.120958865
v 0.009884669 -0.046590239 0.112402865
v 0.013024273 -0.061156717 0.109316703
v -0.006903567 -0.044702130 0.125008629
v -0.014863055 0.018089701 -0.045981445
v -0.016729215 0.024227567 -0.066313219
v -0.015854374 0.054439083 -0.062098335
v -0.014676937 0.056934458 -0.074001186
v -0.007664743 0.055447751 -0.072207159
v -0.022490679 0.045699181 -0.075833045
v -0.012250037 0.056910902 -0.074270440
v -0.008546128 0.034977174 -0.048392656
v -0.016683444 0.056600149 -0.074901374
v -0.025056433 0.076004440 -0.076408795
v -0.011631817 0.060837084 -0.076813477
v -0.002761986 0.062178005 -0.070533929
v -0.005836692 0.058039321 -0.084289693
v -0.008485616 0.057240922 -0.074183258
v -0.024808350 0.060236910 -0.081069433
v -0.001145500 0.063612858 -0.082220777
v -0.000429120 0.057155262 -0.073351225
v -0.025424595 0.072349846 -0.084390236
v -0.024670652 0.067745328 -0.078603769
v -0.000456145 0.068201097 -0.079093337
v -0.007090469 0.056785133 -0.078821427
v -0.026232545 0.068543616 -0.073151871
v -0.020115331 0.058163767 -0.072225431
v -0.008428369 0.057812797 -0.067943532
v -0.021449570 0.062331706 -0.073560568
v -0.022496603 0.077803663 -0.080527313
v -0.025524263 0.117339302 -0.071124591
v -0.025379289 0.116929624 -0.071791422
v -0.025012131 0.117170464 -0.068186562
v -0.024650000 0.117258478 -0.072039965
v -0.020405288 0.084150332 -0.066803480
v -0.024499999 0.117900040 -0.071599536
v -0.023623206 0.118144739 -0.068794434
v -0.010047283 0.108462808 -0.071552573
v -0.024388738 0.083744378 -0.069099869
v -0.001395584 0.115889032 -0.071844496
v -0.001900000 0.117680648 -0.068231199
v -0.001051472 0.117173634 -0.068150304
v -0.001051472 0.117761955 -0.071161568
v -0.000875736 0.117522329 -0.069032583
v -0.000700021 0.115756682 -0.070463679
v -0.025699999 0.092418580 -0.068944282
v -0.025696377 0.111632500 -0.070581751
v -0.018279460 0.084892790 -0.067928915
v -0.007036650 0.100988451 -0.070898639
v 0.000308127 0.093489112 -0.073401358
v -0.021145386 0.116126076 -0.067785092
v -0.020357637 0.098217355 -0.066139009
v -0.020291565 0.118295118 -0.069100194
v -0.006535194 0.118152667 -0.068659958
v -0.013383895 0.118285326 -0.069212119
v -0.008120107 0.118204057 -0.070141000
v -0.016570569 0.113460176 -0.071989794
v -0.023578689 0.107620440 -0.070211558
v -0.003745527 0.107046844 -0.066911500
v -0.022246294 0.117366852 -0.071880055
v -0.018483333 0.118112087 -0.071192205
v -0.015808458 0.118208303 -0.070092477
v -0.013150000 0.118112087 -0.071192205
v -0.010537107 0.117882013 -0.071605219
v -0.005688044 0.112343158 -0.067374874
v -0.021664442 0.093976915 -0.084340682
v -0.011716872 0.113943364 -0.067514876
v -0.000176086 0.115674417 -0.084049486
v -0.021173992 0.114527794 -0.072083200
v -0.004993925 0.114147507 -0.072049929
v -0.025606168 0.093839307 -0.069295974
v -0.003665248 0.109589442 -0.071651143
v -0.001353589 0.113177927 -0.067675102
v -0.001762503 0.114565399 -0.067687104
v -0.004263625 0.115725040 -0.070320940
v -0.010381464 0.111533147 -0.071821198
v -0.025338213 0.097356195 -0.067547129
v -0.001825391 0.111492929 -0.081992354
v -0.025240621 0.087517940 -0.067230145
v -0.025319017 0.107857246 -0.067515190
v -0.013870549 0.104527076 -0.066691046
v -0.014638153 0.112923537 -0.071942843
v -0.020679316 0.107651245 -0.066964379
v -0.018552635 0.111624916 -0.071829227
v -0.000700000 0.111623957 -0.068516532
v -0.007710492 0.104354909 -0.066675983
v -0.000700171 0.112916378 -0.070747704
v -0.015119615 0.108243280 -0.067016176
v -0.020822588 0.102176972 -0.066485436
v -0.012929060 0.102304446 -0.071013776
v -0.024641228 0.111059373 -0.071732970
v -0.022522983 0.112063638 -0.071867611
v -0.005012464 0.117204271 -0.067800172
v -0.014020264 0.113392314 -0.069383446
v -0.001939063 0.093821926 -0.066463873
v -0.001014537 0.103385797 -0.077724501
v -0.017969510 0.114255890 -0.067542219
v -0.018486053 0.110414978 -0.067206178
v -0.023816971 0.112357518 -0.067571613
v -0.002056099 0.111686572 -0.067317429
v -0.002687460 0.104320988 -0.071179811
v -0.003977292 0.118007265 -0.068218185
v -0.015621888 0.117956371 -0.068191691
v -0.018354323 0.087971711 -0.068998663
v -0.001248844 0.101316230 -0.067623281
v -0.014699057 0.083114405 -0.067865886
v -0.011787993 0.108667002 -0.067053248
v -0.022887639 0.103425131 -0.071187942
v -0.020078708 0.107583961 -0.071475683
v -0.013522369 0.114885152 -0.072114466
v -0.019419002 0.090254540 -0.065442344
v -0.012126084 0.099891581 -0.066285487
v -0.015940974 0.112061867 -0.067350264
v -0.001868373 0.112398172 -0.071878269
v -0.024970082 0.104091750 -0.067292649
v -0.006546141 0.110542529 -0.071734528
v -0.000916694 0.107239770 -0.068902603
v -0.003517893 0.086948794 -0.067163117
v -0.004796506 0.117441067 -0.072084723
v -0.000700000 0.109140238 -0.070407257
v -0.013186682 0.111643440 -0.067313656
v -0.010971699 0.117615296 -0.068023930
v -0.008397524 0.108056583 -0.066999842
v -0.018921182 0.114836659 -0.072110223
v -0.014724689 0.114897659 -0.067598367
v -0.001941738 0.118112819 -0.071183842
v -0.010334538 0.111581481 -0.067308235
v -0.010600753 0.114735854 -0.072101404
v -0.015166330 0.110376153 -0.071719972
v -0.013086048 0.117204271 -0.067800172
v -0.004710540 0.073095085 -0.074663341
v -0.000989948 0.111425899 -0.071309900
v -0.000752716 0.098464106 -0.069822447
v -0.007413148 0.113242554 -0.071970754
v -0.020053975 0.117681058 -0.071668582
v -0.006922970 0.116812065 -0.072283052
v -0.014948054 0.116812065 -0.072283052
v -0.012476460 0.116812065 -0.072283052
v -0.009618934 0.116812065 -0.072283052
v -0.011756843 0.116642851 -0.070064070
v -0.007885865 0.116177228 -0.067710316
v -0.022100334 0.085715620 -0.068478722
v -0.008252373 0.116823985 -0.070243070
v -0.001679304 0.086004169 -0.072903039
v -0.017170095 0.116812065 -0.072283052
v -0.025410051 0.095852375 -0.069947376
v -0.015999000 0.107330757 -0.071453529
v -0.002204469 0.108435205 -0.069529276
v -0.017869731 0.117687993 -0.072006866
v -0.013415786 0.117687993 -0.072006866
v -0.015580879 0.117687993 -0.072006866
v -0.008054727 0.117687993 -0.072006866
v -0.007658086 0.103987123 -0.071160994
v -0.005956576 0.083455451 -0.068641379
v -0.013935415 0.116411369 -0.070115627
v -0.018328572 0.117953360 -0.068556205
v -0.025418860 0.103167335 -0.070584703
v -0.025410647 0.112320041 -0.071386686
v -0.012696377 0.107240337 -0.071445618
v -0.010431445 0.092098901 -0.065612336
v -0.017891029 0.094737806 -0.065834584
v -0.019859001 0.103358898 -0.071106032
v -0.025697760 0.110080932 -0.075974839
v -0.023779553 0.115678775 -0.071093901
v -0.012579491 0.111911279 -0.071854281
v -0.025795771 0.153797595 -0.076992309
v -0.022998650 0.133664774 -0.071008038
v -0.014275517 0.155942228 -0.096036961
v -0.016899932 0.158283680 -0.073893396
v -0.016968890 0.177446712 -0.091762383
v -0.016011127 0.176451709 -0.093743309
v -0.016418455 0.156950776 -0.096500145
v -0.014146197 0.179310639 -0.085427650
v -0.008052257 0.173017257 -0.094051143
v -0.007847345 0.177548142 -0.084471894
v -0.001873625 0.145047617 -0.072263137
v -0.000965035 0.156943742 -0.082850709
v -0.012745184 0.178967414 -0.089587194
v -0.003668474 0.162055969 -0.078609046
v -0.006492998 0.161047860 -0.078081749
v 0.000350000 0.150853020 -0.089018963
v -0.007315136 0.134234609 -0.069698336
v -0.014241719 0.162314242 -0.097427517
v -0.018481544 0.152821221 -0.072297969
v -0.020558227 0.156021975 -0.075211614
v -0.013635143 0.155297090 -0.084994726
v -0.002448011 0.156969842 -0.076874396
v -0.008090909 0.164648683 -0.096257220
v -0.000764972 0.139780311 -0.074881754
v -0.017802114 0.163546453 -0.075175291
v -0.021078587 0.130461669 -0.072262711
v -0.007812202 0.171487132 -0.091387286
v -0.021946161 0.160851278 -0.093697443
v -0.014356357 0.133532251 -0.072928787
v -0.004231330 0.165254078 -0.079248113
v 0.000094764 0.143689556 -0.086860185
v -0.003176014 0.164276783 -0.092118371
v -0.012124766 0.146697292 -0.075425571
v -0.024604873 0.161268475 -0.087498568
v -0.019893462 0.147455350 -0.093639640
v -0.008474609 0.130468642 -0.072206581
v -0.022629908 0.171227455 -0.083939544
v -0.023496411 0.155747606 -0.092386248
v -0.011759995 0.139178164 -0.076167924
v -0.021195732 0.152920930 -0.093433104
v -0.011850244 0.156797063 -0.075284991
v -0.023577794 0.159873581 -0.081178503
v -0.002735513 0.172966199 -0.085615613
v -0.017657176 0.130458441 -0.072252473
v -0.025555025 0.146043824 -0.073936606
v -0.017892733 0.132156590 -0.071255541
v -0.011979271 0.151200487 -0.093472904
v -0.018440351 0.155470141 -0.094838198
v -0.020309727 0.132215587 -0.072356335
v -0.011353003 0.178266760 -0.091088650
v -0.022664429 0.172637650 -0.084630807
v -0.013021583 0.156790990 -0.084585151
v -0.008286084 0.158840323 -0.074732025
v -0.002132635 0.160270990 -0.089123343
v -0.003332991 0.131824659 -0.072058069
v -0.022373474 0.157457168 -0.077033782
v -0.008319142 0.161041852 -0.076892076
v -0.000154806 0.149238421 -0.075578430
v -0.009214000 0.171877785 -0.081812184
v -0.013649066 0.156683199 -0.085828548
v -0.001407973 0.168229924 -0.087644532
v -0.024370522 0.136324188 -0.074035816
v -0.023361514 0.167831576 -0.080189447
v -0.005515504 0.154652131 -0.094284131
v -0.002174398 0.130534986 -0.072630986
v -0.016946360 0.173869895 -0.094454416
v -0.021355277 0.164534531 -0.093937173
v -0.013928306 0.156748510 -0.084767062
v -0.017995105 0.133574533 -0.085493043
v -0.014006972 0.130767098 -0.070996804
v 0.000350000 0.153557510 -0.081833061
v -0.015126966 0.172102777 -0.076831280
v -0.001526644 0.156485480 -0.088088587
f 314 1 4
f 1 482 4
f 314 5 1
f 1 5 482
f 246 133 2
f 133 533 2
f 427 246 2
f 2 380 427
f 380 2 588
f 2 533 719
f 2 719 588
f 3 242 109
f 109 553 3
f 384 242 3
f 3 424 384
f 424 3 577
f 520 3 553
f 3 520 577
f 295 5 4
f 4 5 520
f 8 145 4
f 430 8 4
f 109 242 4
f 109 4 686
f 145 686 4
f 242 295 4
f 520 314 4
f 430 4 428
f 482 428 4
f 5 314 242
f 5 242 520
f 5 295 482
f 337 319 6
f 319 393 6
f 329 337 6
f 504 329 6
f 393 504 6
f 84 8 120
f 8 84 542
f 8 205 120
f 8 542 145
f 205 8 491
f 430 491 8
f 17 9 393
f 17 628 9
f 393 9 219
f 9 628 219
f 121 13 11
f 251 11 13
f 359 121 11
f 181 11 251
f 181 359 11
f 305 47 12
f 12 47 306
f 225 12 93
f 12 306 93
f 305 12 225
f 248 46 13
f 251 13 46
f 121 248 13
f 46 16 320
f 46 709 16
f 16 604 320
f 16 420 321
f 16 321 580
f 16 709 420
f 604 16 580
f 17 18 628
f 635 18 17
f 393 535 17
f 635 17 535
f 49 18 312
f 18 49 701
f 312 18 635
f 362 18 318
f 318 18 701
f 18 362 628
f 413 218 19
f 673 19 218
f 19 231 583
f 673 231 19
f 413 19 583
f 20 83 233
f 20 691 83
f 558 20 233
f 654 20 558
f 691 20 654
f 174 243 21
f 718 174 21
f 21 243 508
f 378 21 377
f 21 508 377
f 378 718 21
f 22 182 155
f 155 662 22
f 182 22 702
f 22 308 332
f 308 22 662
f 22 332 426
f 356 22 426
f 22 356 702
f 23 205 278
f 299 205 23
f 282 246 23
f 246 593 23
f 443 23 278
f 443 282 23
f 675 299 23
f 23 593 353
f 23 353 675
f 24 411 98
f 98 467 24
f 270 338 24
f 270 24 467
f 673 24 338
f 24 673 411
f 25 26 360
f 25 616 26
f 25 360 514
f 25 384 495
f 384 25 657
f 25 495 607
f 623 25 514
f 25 607 616
f 25 623 657
f 360 26 242
f 26 439 242
f 439 26 322
f 322 26 560
f 616 560 26
f 27 112 392
f 567 112 27
f 392 206 27
f 27 206 540
f 240 518 27
f 27 540 240
f 468 280 27
f 567 27 280
f 518 468 27
f 28 53 576
f 28 634 53
f 28 88 168
f 174 88 28
f 28 159 174
f 28 576 159
f 634 28 168
f 32 30 29
f 312 29 30
f 32 29 122
f 50 82 29
f 50 29 148
f 29 82 122
f 148 29 215
f 215 29 312
f 33 30 32
f 30 33 312
f 269 31 51
f 51 31 350
f 566 31 269
f 350 31 705
f 31 699 461
f 31 461 705
f 31 566 699
f 33 32 341
f 347 32 122
f 341 32 347
f 341 203 33
f 425 33 203
f 312 33 267
f 33 425 267
f 281 34 421
f 281 481 34
f 34 481 390
f 34 390 619
f 421 34 619
f 209 266 35
f 209 35 354
f 35 266 387
f 638 354 35
f 387 390 35
f 638 35 390
f 209 36 368
f 209 459 36
f 36 574 368
f 36 459 656
f 656 574 36
f 205 288 37
f 37 675 205
f 406 37 288
f 555 37 406
f 555 675 37
f 158 38 189
f 38 158 536
f 189 38 480
f 232 38 383
f 232 480 38
f 676 383 38
f 676 38 536
f 244 41 89
f 89 41 486
f 244 488 41
f 41 595 486
f 41 488 670
f 41 670 595
f 43 528 170
f 170 675 43
f 528 43 176
f 176 43 555
f 555 43 675
f 301 56 45
f 395 45 56
f 526 301 45
f 643 45 395
f 600 526 45
f 600 45 696
f 643 696 45
f 248 709 46
f 303 251 46
f 46 320 303
f 77 264 47
f 47 305 77
f 264 306 47
f 48 603 164
f 164 652 48
f 48 463 603
f 652 463 48
f 312 689 49
f 701 49 689
f 82 50 327
f 319 50 148
f 319 328 50
f 328 327 50
f 335 269 51
f 335 51 310
f 310 51 350
f 188 53 241
f 53 188 576
f 219 628 53
f 219 53 634
f 362 241 53
f 628 362 53
f 198 491 54
f 54 537 198
f 54 491 450
f 570 54 450
f 570 537 54
f 56 140 395
f 56 470 140
f 56 301 349
f 470 56 349
f 57 75 76
f 414 75 57
f 57 76 98
f 98 466 57
f 57 153 414
f 466 153 57
f 581 58 59
f 59 58 609
f 609 58 237
f 58 649 237
f 581 687 58
f 58 687 649
f 469 636 59
f 661 469 59
f 636 581 59
f 661 59 609
f 60 67 154
f 515 67 60
f 154 694 60
f 193 60 194
f 515 60 193
f 436 194 60
f 694 436 60
f 61 194 631
f 61 637 194
f 61 631 201
f 61 201 637
f 62 63 201
f 703 63 62
f 631 62 201
f 631 436 62
f 62 436 703
f 344 201 63
f 63 202 650
f 202 63 703
f 650 344 63
f 64 252 65
f 65 359 64
f 69 264 64
f 629 69 64
f 181 64 359
f 629 64 181
f 264 252 64
f 252 612 65
f 65 612 304
f 715 65 304
f 65 715 359
f 301 364 66
f 582 301 66
f 304 66 449
f 304 611 66
f 66 364 447
f 447 449 66
f 66 611 582
f 154 67 217
f 200 67 417
f 200 632 67
f 632 217 67
f 417 67 515
f 68 545 285
f 285 629 68
f 68 286 313
f 572 286 68
f 545 68 313
f 68 511 572
f 511 68 629
f 69 306 264
f 285 597 69
f 629 285 69
f 597 306 69
f 71 434 70
f 497 71 70
f 434 429 70
f 70 429 601
f 601 441 70
f 441 640 70
f 640 497 70
f 71 130 106
f 71 106 434
f 71 523 130
f 212 71 497
f 714 71 212
f 523 71 714
f 433 364 73
f 73 364 526
f 429 446 73
f 429 73 526
f 446 433 73
f 413 381 74
f 625 74 381
f 413 74 517
f 74 476 517
f 476 74 625
f 75 512 76
f 414 666 75
f 75 666 512
f 76 467 98
f 76 172 403
f 76 519 172
f 403 467 76
f 519 76 512
f 77 305 229
f 77 229 612
f 77 252 264
f 252 77 612
f 517 78 297
f 681 297 78
f 517 476 78
f 655 78 476
f 655 681 78
f 79 463 325
f 325 710 79
f 385 331 79
f 331 463 79
f 710 385 79
f 292 104 81
f 104 646 81
f 81 382 292
f 81 370 490
f 81 646 370
f 502 382 81
f 490 502 81
f 122 82 347
f 123 82 327
f 346 82 123
f 346 544 82
f 347 82 544
f 257 169 83
f 83 169 333
f 233 83 333
f 691 257 83
f 84 120 151
f 84 151 538
f 84 538 542
f 85 291 381
f 291 85 587
f 583 85 381
f 583 587 85
f 232 383 86
f 461 232 86
f 613 310 86
f 310 705 86
f 383 613 86
f 705 461 86
f 292 88 147
f 326 147 88
f 88 292 168
f 88 174 718
f 88 718 326
f 244 89 308
f 89 332 308
f 332 89 410
f 89 366 410
f 366 89 486
f 397 353 90
f 353 438 90
f 384 90 438
f 90 384 450
f 90 478 397
f 685 90 450
f 90 506 478
f 521 506 90
f 685 521 90
f 91 162 353
f 541 162 91
f 91 353 521
f 91 587 442
f 442 590 91
f 521 685 91
f 541 91 590
f 587 91 685
f 92 198 384
f 570 198 92
f 686 92 384
f 537 92 542
f 570 92 537
f 542 92 686
f 234 93 169
f 93 597 169
f 234 225 93
f 306 597 93
f 94 151 120
f 120 380 94
f 151 94 380
f 118 368 95
f 492 118 95
f 95 368 574
f 573 492 95
f 546 95 656
f 95 546 700
f 573 95 700
f 95 574 656
f 96 124 247
f 390 124 96
f 96 247 389
f 638 96 389
f 638 390 96
f 101 97 278
f 613 97 101
f 278 97 383
f 97 707 383
f 97 613 707
f 98 411 466
f 462 419 100
f 100 419 659
f 462 100 692
f 679 100 659
f 692 100 679
f 101 278 335
f 335 310 101
f 310 613 101
f 103 280 197
f 197 598 103
f 103 509 280
f 509 103 314
f 103 598 314
f 104 292 147
f 104 147 557
f 617 104 557
f 104 617 646
f 106 130 454
f 180 446 106
f 454 180 106
f 446 434 106
f 317 462 107
f 107 702 317
f 692 334 107
f 702 107 334
f 107 462 692
f 384 424 109
f 686 384 109
f 553 109 424
f 180 110 433
f 110 180 454
f 454 357 110
f 110 357 697
f 447 433 110
f 110 697 447
f 113 207 111
f 113 111 704
f 201 111 207
f 111 201 344
f 344 704 111
f 392 112 455
f 112 567 455
f 113 540 207
f 518 240 113
f 240 540 113
f 518 113 256
f 113 704 256
f 114 479 127
f 114 127 704
f 344 650 114
f 704 344 114
f 479 114 650
f 163 139 116
f 116 139 177
f 116 388 163
f 177 250 116
f 543 116 185
f 185 116 624
f 624 116 250
f 543 388 116
f 268 117 140
f 117 348 140
f 117 267 425
f 267 117 689
f 117 268 293
f 701 117 293
f 117 664 348
f 117 425 664
f 689 117 701
f 127 479 118
f 492 127 118
f 368 118 373
f 373 118 479
f 120 205 299
f 299 380 120
f 248 121 697
f 449 121 304
f 121 715 304
f 715 121 359
f 697 121 449
f 683 123 327
f 346 123 513
f 683 513 123
f 124 711 247
f 329 124 481
f 124 329 711
f 481 124 390
f 210 125 128
f 128 125 695
f 132 125 516
f 125 132 695
f 441 125 210
f 441 569 125
f 569 516 125
f 126 129 131
f 126 453 129
f 126 131 345
f 345 453 126
f 127 492 704
f 128 453 210
f 128 230 387
f 128 695 230
f 330 128 266
f 387 266 128
f 453 128 330
f 479 131 129
f 373 129 330
f 129 453 330
f 479 129 373
f 130 523 154
f 665 130 154
f 665 454 130
f 131 212 211
f 131 211 345
f 131 473 212
f 131 479 473
f 516 513 132
f 683 132 513
f 695 132 683
f 533 133 246
f 366 486 135
f 135 671 366
f 135 486 595
f 488 135 670
f 671 135 488
f 670 135 595
f 346 136 203
f 203 136 664
f 204 136 513
f 204 696 136
f 136 346 513
f 664 136 395
f 395 136 696
f 393 219 137
f 219 634 137
f 137 220 393
f 220 137 502
f 137 382 502
f 634 382 137
f 139 163 452
f 139 443 177
f 607 443 139
f 139 452 616
f 607 139 616
f 140 470 221
f 636 140 221
f 140 469 268
f 140 348 395
f 140 636 469
f 146 141 352
f 146 466 141
f 411 218 141
f 218 565 141
f 352 141 565
f 466 411 141
f 450 142 198
f 538 198 142
f 450 384 142
f 142 384 538
f 177 143 250
f 177 443 143
f 654 250 143
f 435 143 278
f 278 143 443
f 435 654 143
f 220 490 144
f 220 144 711
f 144 490 370
f 144 370 503
f 711 144 503
f 542 686 145
f 501 146 352
f 647 466 146
f 501 647 146
f 147 326 557
f 148 215 535
f 148 535 319
f 179 600 149
f 179 149 601
f 569 441 149
f 601 149 441
f 569 149 602
f 149 600 602
f 380 538 151
f 334 224 152
f 435 152 224
f 435 334 152
f 414 153 227
f 639 227 153
f 153 466 647
f 153 647 639
f 154 217 665
f 154 523 694
f 334 166 155
f 166 406 155
f 591 155 182
f 334 155 591
f 662 155 406
f 269 158 189
f 278 158 269
f 158 278 536
f 159 568 174
f 187 568 159
f 159 576 187
f 176 260 162
f 162 508 176
f 262 162 260
f 162 262 278
f 353 162 278
f 508 162 541
f 163 388 417
f 163 392 452
f 163 682 392
f 163 417 622
f 163 622 682
f 472 403 164
f 403 652 164
f 164 444 472
f 444 164 603
f 297 165 517
f 680 165 297
f 361 352 165
f 565 165 352
f 680 361 165
f 165 565 517
f 195 406 166
f 485 195 166
f 334 260 166
f 166 260 485
f 292 382 168
f 634 168 382
f 234 169 257
f 333 169 597
f 170 528 174
f 659 170 174
f 244 284 170
f 244 170 488
f 491 170 284
f 659 488 170
f 491 675 170
f 632 171 217
f 171 658 217
f 171 632 420
f 709 171 420
f 709 658 171
f 464 403 172
f 519 464 172
f 582 173 221
f 221 173 636
f 611 351 173
f 173 351 687
f 173 581 636
f 173 687 581
f 582 611 173
f 174 528 243
f 174 568 659
f 241 175 188
f 175 525 188
f 238 525 175
f 175 690 238
f 175 241 311
f 175 311 690
f 243 176 508
f 243 528 176
f 260 176 555
f 179 429 600
f 601 429 179
f 446 180 433
f 629 181 251
f 182 702 591
f 183 190 184
f 184 237 183
f 183 191 190
f 698 191 183
f 183 374 236
f 236 698 183
f 183 237 374
f 190 187 184
f 192 184 187
f 525 184 192
f 525 237 184
f 185 300 507
f 529 300 185
f 339 529 185
f 624 339 185
f 543 185 507
f 187 188 192
f 576 188 187
f 187 190 568
f 188 525 192
f 269 189 566
f 566 189 480
f 191 568 190
f 568 191 621
f 191 712 621
f 712 191 698
f 637 193 194
f 515 193 637
f 631 194 436
f 406 195 485
f 197 280 468
f 381 291 197
f 430 197 291
f 314 197 430
f 197 314 562
f 197 360 437
f 197 562 360
f 197 625 381
f 598 197 437
f 197 468 625
f 384 198 537
f 450 198 570
f 491 198 538
f 417 543 200
f 200 543 507
f 632 200 507
f 207 637 201
f 212 473 202
f 202 714 212
f 202 473 650
f 703 714 202
f 341 347 203
f 203 347 346
f 664 425 203
f 204 513 516
f 569 204 516
f 569 602 204
f 602 696 204
f 205 675 278
f 358 205 284
f 205 491 284
f 288 205 358
f 682 206 392
f 206 584 540
f 584 206 682
f 584 207 540
f 584 637 207
f 208 624 558
f 208 558 678
f 626 624 208
f 626 208 677
f 208 678 677
f 399 266 209
f 459 209 354
f 399 209 368
f 345 211 210
f 210 211 640
f 453 345 210
f 441 210 640
f 211 212 497
f 640 211 497
f 213 604 529
f 626 213 529
f 572 604 213
f 572 213 626
f 635 215 312
f 535 215 635
f 217 658 665
f 673 218 411
f 413 565 218
f 504 393 220
f 490 220 502
f 504 220 711
f 221 470 349
f 349 582 221
f 283 389 222
f 501 283 222
f 639 222 389
f 647 501 222
f 647 222 639
f 224 334 692
f 589 435 224
f 559 679 224
f 224 692 559
f 589 224 679
f 234 698 225
f 698 305 225
f 666 414 227
f 227 639 648
f 666 227 648
f 374 229 305
f 229 374 649
f 229 687 612
f 687 229 649
f 230 619 387
f 230 695 619
f 494 231 324
f 324 231 651
f 498 231 494
f 583 231 498
f 651 231 673
f 699 232 461
f 232 699 480
f 313 233 545
f 313 678 233
f 545 233 333
f 678 558 233
f 235 234 257
f 234 235 289
f 289 698 234
f 257 691 235
f 712 289 235
f 235 691 589
f 589 712 235
f 374 698 236
f 237 525 238
f 238 609 237
f 374 237 649
f 596 661 238
f 690 596 238
f 661 609 238
f 362 311 241
f 295 242 482
f 598 242 314
f 598 360 242
f 577 242 384
f 560 242 439
f 242 509 482
f 560 509 242
f 520 242 577
f 244 358 284
f 662 244 308
f 358 244 660
f 244 662 660
f 522 246 282
f 533 246 355
f 246 663 355
f 593 246 427
f 246 522 663
f 503 370 247
f 370 648 247
f 389 247 639
f 247 711 503
f 648 639 247
f 357 658 248
f 357 248 697
f 248 658 709
f 423 249 625
f 423 700 249
f 249 546 655
f 700 546 249
f 249 655 625
f 624 250 558
f 558 250 654
f 629 251 303
f 492 518 256
f 256 704 492
f 334 262 260
f 406 485 260
f 555 406 260
f 278 262 536
f 676 262 334
f 262 676 536
f 373 330 266
f 399 373 266
f 267 689 312
f 293 268 596
f 268 469 596
f 335 278 269
f 270 307 338
f 307 270 472
f 270 467 403
f 472 270 403
f 533 431 276
f 431 588 276
f 491 276 500
f 538 276 491
f 588 500 276
f 719 533 276
f 719 276 538
f 334 435 278
f 278 676 334
f 353 278 675
f 676 278 383
f 509 674 280
f 280 674 567
f 281 327 328
f 281 421 327
f 337 281 328
f 337 481 281
f 290 282 443
f 663 282 290
f 282 398 522
f 663 398 282
f 501 354 283
f 283 354 638
f 283 638 389
f 285 545 597
f 286 678 313
f 572 678 286
f 358 660 288
f 660 406 288
f 289 712 698
f 290 443 438
f 290 438 663
f 291 412 360
f 562 291 360
f 291 685 412
f 562 430 291
f 587 685 291
f 293 596 690
f 701 293 690
f 656 459 297
f 459 680 297
f 681 656 297
f 427 380 299
f 402 431 299
f 402 299 675
f 299 593 427
f 593 299 431
f 321 507 300
f 529 321 300
f 582 349 301
f 526 364 301
f 302 324 307
f 444 302 307
f 302 316 324
f 316 302 415
f 302 444 415
f 303 320 629
f 351 611 304
f 304 612 351
f 698 374 305
f 651 307 324
f 307 651 338
f 444 307 472
f 310 350 705
f 318 311 362
f 701 311 318
f 311 701 690
f 314 430 509
f 314 520 562
f 324 316 494
f 316 415 590
f 442 587 316
f 442 316 590
f 494 316 587
f 356 462 317
f 356 317 702
f 328 319 337
f 319 535 393
f 511 320 572
f 320 511 629
f 604 572 320
f 420 507 321
f 580 321 529
f 322 360 439
f 360 322 560
f 386 325 464
f 325 386 710
f 464 325 463
f 557 326 379
f 379 326 710
f 326 718 710
f 421 695 327
f 695 683 327
f 329 481 337
f 329 504 711
f 385 377 331
f 541 331 377
f 463 331 541
f 332 410 366
f 426 332 366
f 545 333 597
f 334 591 702
f 651 673 338
f 626 529 339
f 624 626 339
f 468 518 342
f 667 468 342
f 492 342 518
f 667 342 492
f 347 544 346
f 664 395 348
f 351 612 687
f 352 361 501
f 397 506 353
f 438 353 663
f 521 353 506
f 593 630 353
f 353 630 663
f 501 361 354
f 354 361 680
f 459 354 680
f 533 355 431
f 593 431 355
f 522 593 355
f 522 355 630
f 630 355 663
f 356 426 366
f 671 356 366
f 462 356 671
f 454 658 357
f 685 360 412
f 560 437 360
f 360 598 439
f 514 360 657
f 657 360 685
f 363 379 512
f 557 379 363
f 666 363 512
f 617 557 363
f 363 666 617
f 447 364 433
f 368 373 399
f 646 371 370
f 370 371 648
f 617 371 646
f 617 666 371
f 371 666 648
f 377 710 378
f 385 710 377
f 377 508 541
f 378 710 718
f 519 379 386
f 379 710 386
f 512 379 519
f 538 380 588
f 381 413 583
f 707 613 383
f 397 384 438
f 384 397 478
f 384 478 506
f 514 495 384
f 607 384 506
f 514 384 607
f 538 384 537
f 384 685 577
f 685 384 657
f 519 386 464
f 390 387 619
f 417 388 543
f 452 392 674
f 455 674 392
f 643 395 696
f 506 397 438
f 593 398 471
f 398 663 471
f 522 398 593
f 431 402 493
f 493 402 491
f 402 675 491
f 652 403 464
f 662 406 660
f 517 565 413
f 444 603 415
f 603 590 415
f 417 515 637
f 622 417 637
f 462 671 419
f 488 659 419
f 419 671 488
f 507 420 632
f 695 421 619
f 423 625 468
f 667 423 468
f 573 423 667
f 573 700 423
f 553 424 577
f 430 428 509
f 482 509 428
f 434 446 429
f 600 429 526
f 491 430 562
f 431 493 588
f 589 691 435
f 435 691 654
f 436 694 703
f 437 560 598
f 443 506 438
f 598 560 439
f 443 607 506
f 697 449 447
f 491 685 450
f 509 560 452
f 674 509 452
f 560 616 452
f 454 665 658
f 567 496 455
f 674 455 496
f 464 463 652
f 463 541 590
f 603 463 590
f 469 661 596
f 471 522 630
f 663 522 471
f 630 593 471
f 479 650 473
f 655 476 625
f 480 699 566
f 493 491 500
f 562 577 491
f 685 491 577
f 667 492 573
f 493 500 539
f 493 539 588
f 494 587 498
f 495 514 657
f 495 657 607
f 496 567 674
f 498 587 583
f 500 719 539
f 719 500 588
f 623 514 607
f 562 520 553
f 694 523 703
f 523 714 703
f 604 580 529
f 538 537 542
f 539 538 588
f 539 719 538
f 655 546 681
f 546 656 681
f 553 577 562
f 679 559 692
f 659 568 621
f 626 677 572
f 677 678 572
f 637 584 622
f 682 622 584
f 589 659 621
f 589 621 712
f 679 659 589
f 602 600 696
f 623 607 657
f 728 720 725
f 725 720 732
f 728 729 720
f 729 731 720
f 730 720 731
f 720 730 732
f 722 723 721
f 722 721 724
f 721 723 730
f 721 727 724
f 727 721 730
f 727 723 722
f 727 722 724
f 727 726 723
f 732 723 726
f 732 730 723
f 725 726 730
f 726 725 732
f 729 728 725
f 731 729 725
f 730 731 725
f 726 727 730
f 734 733 759
f 763 733 734
f 763 759 733
f 736 740 734
f 736 734 749
f 740 763 734
f 749 734 759
f 738 735 737
f 764 737 735
f 755 735 738
f 742 735 755
f 764 735 742
f 740 736 765
f 736 749 756
f 736 756 765
f 738 737 741
f 764 741 737
f 738 741 755
f 739 743 759
f 743 739 760
f 757 739 759
f 757 760 739
f 763 740 765
f 741 742 748
f 741 764 742
f 758 741 748
f 755 741 750
f 741 758 750
f 753 742 744
f 744 742 755
f 761 748 742
f 742 753 761
f 759 743 744
f 744 743 760
f 744 755 749
f 749 759 744
f 753 744 760
f 755 746 749
f 756 749 746
f 746 755 750
f 758 746 750
f 765 756 746
f 758 765 746
f 757 758 748
f 761 757 748
f 751 757 753
f 751 753 760
f 760 757 751
f 753 757 761
f 758 757 765
f 757 759 765
f 759 763 765
f 791 786 767
f 786 862 767
f 791 767 847
f 767 862 847
f 768 814 813
f 818 768 813
f 768 815 814
f 815 768 818
f 769 770 783
f 770 769 886
f 772 769 773
f 772 886 769
f 769 809 773
f 769 783 809
f 783 770 855
f 855 770 886
f 771 831 882
f 831 771 884
f 881 771 882
f 884 771 881
f 890 772 773
f 890 886 772
f 797 773 792
f 773 830 792
f 890 773 797
f 830 773 809
f 775 777 774
f 841 775 774
f 774 777 796
f 832 774 796
f 832 841 774
f 863 777 775
f 775 841 863
f 828 880 776
f 776 881 828
f 776 831 884
f 895 831 776
f 880 895 776
f 776 884 881
f 877 796 777
f 777 850 800
f 877 777 800
f 777 846 850
f 777 863 846
f 792 830 778
f 844 792 778
f 778 830 809
f 844 778 809
f 782 845 841
f 841 855 782
f 845 782 886
f 855 886 782
f 855 809 783
f 798 785 784
f 824 784 785
f 881 798 784
f 784 860 813
f 881 784 813
f 824 860 784
f 805 785 798
f 806 799 785
f 785 799 824
f 805 806 785
f 855 786 791
f 786 855 847
f 862 786 847
f 788 787 838
f 859 787 788
f 851 827 787
f 827 887 787
f 838 787 887
f 859 851 787
f 859 788 833
f 870 833 788
f 838 871 788
f 788 871 870
f 817 789 820
f 817 842 789
f 789 853 820
f 842 826 789
f 826 843 789
f 789 843 853
f 847 831 791
f 831 895 791
f 855 791 895
f 885 797 792
f 865 807 792
f 807 885 792
f 819 792 815
f 792 844 815
f 866 792 819
f 792 866 865
f 805 804 793
f 804 881 793
f 805 793 829
f 829 793 870
f 793 834 870
f 834 793 882
f 881 882 793
f 806 794 795
f 795 794 839
f 805 794 806
f 805 829 794
f 829 871 794
f 794 871 839
f 803 879 795
f 795 894 803
f 879 806 795
f 839 894 795
f 796 877 801
f 801 883 796
f 796 835 832
f 796 894 835
f 883 894 796
f 885 886 797
f 890 797 886
f 804 805 798
f 798 881 804
f 799 803 875
f 799 879 803
f 799 806 879
f 825 824 799
f 799 842 825
f 842 799 875
f 849 801 800
f 801 877 800
f 800 826 849
f 800 850 826
f 883 801 849
f 849 875 803
f 803 883 849
f 803 894 883
f 865 886 807
f 886 885 807
f 808 844 809
f 809 855 808
f 808 828 844
f 828 808 880
f 895 808 855
f 895 880 808
f 811 815 818
f 811 819 815
f 857 811 818
f 819 811 822
f 872 822 811
f 872 811 857
f 881 813 814
f 860 818 813
f 814 815 844
f 814 844 828
f 828 881 814
f 816 817 820
f 817 816 825
f 857 818 816
f 818 860 816
f 820 857 816
f 860 825 816
f 825 842 817
f 819 822 866
f 821 820 853
f 820 821 872
f 820 872 857
f 821 866 822
f 872 821 822
f 821 853 866
f 843 823 853
f 867 823 843
f 853 823 866
f 866 823 867
f 824 825 860
f 826 842 849
f 850 843 826
f 855 841 827
f 893 827 841
f 855 827 851
f 887 827 891
f 891 827 893
f 871 829 870
f 855 831 847
f 855 888 831
f 831 892 882
f 831 888 892
f 837 832 835
f 837 841 832
f 833 870 834
f 833 834 882
f 833 882 859
f 837 835 836
f 835 874 836
f 874 835 894
f 858 837 836
f 874 838 836
f 891 836 838
f 891 858 836
f 858 841 837
f 839 871 838
f 839 838 874
f 887 891 838
f 839 874 894
f 845 866 841
f 858 893 841
f 841 864 863
f 864 841 866
f 842 875 849
f 843 850 846
f 843 846 867
f 845 865 866
f 845 886 865
f 846 863 867
f 888 855 851
f 859 892 851
f 851 892 888
f 893 858 891
f 882 892 859
f 863 864 866
f 867 863 866
f 896 897 1002
f 897 896 1040
f 898 896 960
f 1040 896 898
f 1049 960 896
f 1002 1049 896
f 1002 897 952
f 952 897 1014
f 897 956 1018
f 1040 956 897
f 1047 1014 897
f 1047 897 1018
f 899 898 900
f 898 899 1040
f 1041 900 898
f 898 960 1041
f 976 899 900
f 1018 956 899
f 1040 899 956
f 899 976 1045
f 899 1045 1018
f 900 1042 947
f 947 1052 900
f 900 1041 953
f 1042 900 953
f 976 900 1052
f 902 901 933
f 901 902 953
f 1041 933 901
f 1041 901 953
f 907 903 902
f 902 903 953
f 902 933 907
f 903 907 904
f 953 903 904
f 1042 904 907
f 1042 953 904
f 905 942 958
f 942 905 1017
f 1014 905 958
f 905 1014 995
f 905 995 1047
f 1047 1017 905
f 987 942 906
f 942 1017 906
f 1017 951 906
f 951 1035 906
f 1032 987 906
f 906 1035 1032
f 933 910 907
f 910 996 907
f 907 996 1042
f 996 947 908
f 908 947 1042
f 996 908 1042
f 988 909 995
f 1012 909 988
f 1047 995 909
f 909 1012 1047
f 991 910 933
f 910 964 947
f 947 996 910
f 964 910 991
f 911 916 912
f 911 912 923
f 916 911 928
f 927 911 923
f 911 927 928
f 913 912 1001
f 1005 912 913
f 912 916 1001
f 928 923 912
f 912 1022 928
f 912 1005 1031
f 1033 1022 912
f 1033 912 1031
f 913 917 958
f 913 1001 917
f 1005 913 958
f 951 1017 914
f 914 1026 951
f 1011 914 1017
f 1026 914 1011
f 969 915 968
f 968 915 975
f 979 915 969
f 974 975 915
f 974 915 1008
f 915 979 1008
f 916 920 918
f 952 916 918
f 920 916 928
f 916 952 1001
f 917 1001 952
f 952 1014 917
f 917 1014 958
f 918 920 929
f 1025 918 929
f 1025 952 918
f 932 921 919
f 921 1006 919
f 919 925 922
f 919 922 932
f 919 1017 925
f 1016 993 919
f 993 1053 919
f 1006 1016 919
f 919 1053 1017
f 936 920 928
f 920 936 929
f 921 932 931
f 1006 921 931
f 924 922 925
f 924 955 922
f 922 955 932
f 923 928 927
f 992 924 925
f 955 924 1023
f 992 1023 924
f 1017 992 925
f 1039 1021 926
f 1051 926 1021
f 1035 1026 926
f 1026 1039 926
f 1035 926 1032
f 1051 1032 926
f 972 936 928
f 1022 972 928
f 929 936 1034
f 1025 929 1030
f 1030 929 1034
f 937 983 930
f 1030 937 930
f 1024 930 983
f 1030 930 1024
f 931 932 984
f 984 938 931
f 931 938 999
f 931 993 1016
f 931 1053 993
f 1053 931 999
f 1006 931 1016
f 984 932 955
f 960 940 933
f 991 933 940
f 933 1041 960
f 973 991 934
f 1043 973 934
f 998 934 991
f 1048 934 998
f 1043 934 1048
f 935 955 1023
f 1029 955 935
f 994 935 1013
f 1029 935 994
f 1013 935 1023
f 972 1034 936
f 937 1034 983
f 937 1030 1034
f 971 970 938
f 1038 938 970
f 971 938 1029
f 1029 938 984
f 938 1038 999
f 998 940 949
f 940 1028 949
f 1028 940 960
f 991 940 998
f 958 942 987
f 965 943 973
f 1045 943 965
f 973 943 1037
f 1037 943 976
f 976 943 1045
f 962 945 954
f 945 997 954
f 962 1008 945
f 945 1039 997
f 1008 1027 945
f 945 1027 1021
f 945 1021 1039
f 947 964 1052
f 1024 998 949
f 1024 949 1028
f 950 981 982
f 950 985 981
f 982 994 950
f 1048 985 950
f 986 950 1013
f 986 1043 950
f 950 994 1013
f 1043 1048 950
f 951 1026 1035
f 1002 952 1049
f 952 1025 1028
f 1049 952 1028
f 974 962 954
f 974 954 970
f 954 1038 970
f 997 1039 954
f 1000 1038 954
f 954 1039 1000
f 955 1029 984
f 967 979 957
f 967 957 983
f 979 969 957
f 957 969 981
f 981 983 957
f 1031 958 987
f 1031 1005 958
f 1028 960 1049
f 972 961 979
f 961 972 1022
f 1008 979 961
f 1008 961 1027
f 961 1022 1027
f 974 1008 962
f 991 1037 964
f 1037 1052 964
f 1043 965 973
f 1043 1045 965
f 979 967 972
f 967 1034 972
f 1034 967 983
f 969 968 982
f 975 971 968
f 971 982 968
f 982 981 969
f 970 971 975
f 970 975 974
f 982 971 1029
f 991 973 1037
f 1052 1037 976
f 1027 980 1021
f 1021 980 1051
f 1022 980 1027
f 1033 980 1022
f 980 1033 1051
f 983 981 998
f 981 985 998
f 1029 994 982
f 1024 983 998
f 998 985 1048
f 986 1013 992
f 992 1043 986
f 987 1032 1031
f 995 1012 988
f 1013 1023 992
f 992 1017 1047
f 992 1047 1043
f 995 1014 1012
f 1038 1020 999
f 1020 1053 999
f 1011 1020 1000
f 1000 1026 1011
f 1038 1000 1020
f 1000 1039 1026
f 1011 1017 1053
f 1011 1053 1020
f 1047 1012 1014
f 1045 1047 1018
f 1028 1030 1024
f 1028 1025 1030
f 1051 1031 1032
f 1031 1051 1033
f 1043 1047 1045
f 1062 1056 1055
f 1056 1068 1055
f 1055 1059 1066
f 1068 1059 1055
f 1055 1060 1063
f 1060 1055 1066
f 1063 1062 1055
f 1061 1057 1056
f 1057 1070 1056
f 1056 1067 1061
f 1056 1062 1067
f 1056 1070 1068
f 1057 1061 1058
f 1070 1057 1058
f 1061 1070 1058
f 1060 1059 1063
f 1059 1060 1066
f 1059 1064 1063
f 1059 1068 1064
f 1067 1070 1061
f 1062 1063 1065
f 1062 1065 1069
f 1062 1070 1067
f 1068 1062 1069
f 1062 1068 1070
f 1065 1063 1064
f 1068 1065 1064
f 1065 1068 1069
f 1122 1093 1071
f 1093 1144 1071
f 1122 1071 1129
f 1129 1071 1144
f 1092 1091 1072
f 1148 1072 1091
f 1092 1072 1142
f 1142 1072 1148
f 1076 1073 1080
f 1076 1107 1073
f 1163 1080 1073
f 1108 1073 1107
f 1149 1073 1108
f 1155 1073 1148
f 1073 1161 1148
f 1161 1073 1149
f 1073 1155 1163
f 1074 1111 1116
f 1074 1169 1111
f 1116 1169 1074
f 1075 1077 1142
f 1149 1077 1075
f 1148 1075 1142
f 1149 1075 1148
f 1162 1076 1080
f 1164 1107 1076
f 1162 1164 1076
f 1098 1092 1077
f 1077 1092 1142
f 1098 1077 1149
f 1082 1081 1078
f 1107 1078 1081
f 1164 1082 1078
f 1107 1164 1078
f 1154 1124 1079
f 1155 1079 1124
f 1154 1079 1131
f 1079 1155 1131
f 1080 1147 1162
f 1080 1163 1147
f 1082 1084 1081
f 1081 1084 1115
f 1107 1081 1115
f 1147 1082 1083
f 1164 1083 1082
f 1082 1147 1084
f 1083 1162 1147
f 1162 1083 1164
f 1084 1147 1102
f 1166 1084 1102
f 1115 1084 1117
f 1084 1166 1117
f 1109 1091 1092
f 1131 1091 1109
f 1155 1091 1131
f 1148 1091 1155
f 1098 1109 1092
f 1093 1128 1100
f 1144 1093 1100
f 1128 1093 1118
f 1118 1093 1147
f 1147 1093 1122
f 1095 1094 1107
f 1094 1095 1140
f 1107 1094 1136
f 1136 1094 1113
f 1139 1113 1094
f 1140 1139 1094
f 1095 1114 1096
f 1095 1096 1137
f 1114 1095 1107
f 1140 1095 1137
f 1096 1114 1117
f 1117 1167 1096
f 1137 1096 1167
f 1123 1097 1103
f 1159 1103 1097
f 1128 1116 1097
f 1159 1097 1116
f 1128 1097 1123
f 1126 1109 1098
f 1116 1098 1125
f 1098 1116 1132
f 1149 1125 1098
f 1126 1098 1132
f 1099 1105 1106
f 1105 1099 1160
f 1099 1106 1129
f 1143 1123 1099
f 1123 1160 1099
f 1129 1144 1099
f 1144 1143 1099
f 1128 1143 1100
f 1100 1143 1144
f 1105 1104 1101
f 1101 1104 1168
f 1138 1105 1101
f 1140 1138 1101
f 1139 1140 1101
f 1101 1168 1139
f 1157 1106 1102
f 1102 1106 1167
f 1157 1102 1147
f 1166 1102 1167
f 1123 1103 1104
f 1168 1104 1103
f 1103 1159 1156
f 1156 1168 1103
f 1105 1160 1104
f 1160 1123 1104
f 1138 1106 1105
f 1129 1106 1157
f 1167 1106 1138
f 1136 1108 1107
f 1115 1114 1107
f 1136 1111 1108
f 1111 1169 1108
f 1169 1149 1108
f 1126 1118 1109
f 1154 1109 1118
f 1109 1154 1131
f 1113 1112 1111
f 1156 1111 1112
f 1136 1113 1111
f 1111 1156 1116
f 1141 1112 1113
f 1156 1112 1141
f 1139 1141 1113
f 1117 1114 1115
f 1116 1125 1169
f 1128 1132 1116
f 1159 1116 1156
f 1166 1167 1117
f 1154 1118 1124
f 1118 1163 1124
f 1132 1118 1126
f 1118 1132 1128
f 1163 1118 1147
f 1129 1157 1122
f 1147 1122 1157
f 1143 1128 1123
f 1163 1155 1124
f 1125 1149 1169
f 1140 1137 1138
f 1137 1167 1138
f 1139 1168 1141
f 1168 1156 1141
f 1161 1149 1148
f 1235 1266 1170
f 1170 1271 1235
f 1271 1170 1243
f 1243 1170 1272
f 1170 1266 1272
f 1197 1171 1241
f 1296 1171 1197
f 1171 1223 1241
f 1171 1296 1223
f 1173 1172 1195
f 1173 1247 1172
f 1282 1195 1172
f 1247 1282 1172
f 1173 1183 1179
f 1179 1263 1173
f 1183 1173 1181
f 1173 1202 1181
f 1207 1173 1195
f 1202 1173 1207
f 1263 1247 1173
f 1174 1176 1177
f 1174 1247 1176
f 1177 1262 1174
f 1174 1282 1247
f 1282 1174 1262
f 1178 1257 1175
f 1175 1303 1178
f 1297 1253 1175
f 1175 1253 1303
f 1257 1297 1175
f 1218 1177 1176
f 1289 1218 1176
f 1263 1176 1247
f 1263 1306 1176
f 1306 1289 1176
f 1177 1211 1196
f 1262 1177 1196
f 1218 1211 1177
f 1180 1257 1178
f 1303 1180 1178
f 1183 1302 1179
f 1179 1302 1263
f 1182 1252 1180
f 1303 1182 1180
f 1180 1252 1208
f 1208 1257 1180
f 1181 1222 1183
f 1222 1181 1202
f 1184 1252 1182
f 1182 1303 1184
f 1185 1183 1222
f 1185 1288 1183
f 1183 1288 1203
f 1302 1183 1203
f 1184 1265 1223
f 1184 1223 1300
f 1265 1184 1233
f 1233 1184 1303
f 1252 1184 1300
f 1236 1185 1222
f 1288 1185 1236
f 1186 1226 1248
f 1226 1186 1250
f 1250 1186 1248
f 1208 1252 1192
f 1208 1192 1258
f 1252 1213 1192
f 1213 1256 1192
f 1192 1256 1258
f 1205 1204 1193
f 1193 1204 1281
f 1210 1205 1193
f 1210 1193 1283
f 1286 1193 1281
f 1286 1283 1193
f 1261 1206 1194
f 1194 1206 1280
f 1261 1194 1289
f 1194 1280 1285
f 1289 1194 1285
f 1207 1195 1282
f 1211 1293 1196
f 1196 1232 1230
f 1196 1230 1297
f 1196 1293 1232
f 1262 1196 1257
f 1196 1297 1257
f 1197 1243 1234
f 1197 1234 1259
f 1259 1238 1197
f 1238 1296 1197
f 1197 1241 1243
f 1228 1198 1199
f 1198 1250 1199
f 1198 1221 1219
f 1219 1250 1198
f 1198 1299 1221
f 1228 1239 1198
f 1299 1198 1239
f 1200 1199 1251
f 1200 1260 1199
f 1201 1199 1250
f 1201 1251 1199
f 1228 1199 1260
f 1200 1259 1234
f 1200 1234 1260
f 1238 1200 1251
f 1259 1200 1238
f 1201 1237 1238
f 1250 1237 1201
f 1238 1251 1201
f 1202 1207 1249
f 1231 1222 1202
f 1249 1231 1202
f 1288 1261 1203
f 1261 1289 1203
f 1203 1289 1302
f 1205 1235 1204
f 1235 1233 1204
f 1281 1204 1233
f 1225 1205 1210
f 1266 1205 1225
f 1266 1235 1205
f 1269 1225 1206
f 1206 1225 1280
f 1261 1269 1206
f 1282 1249 1207
f 1257 1208 1258
f 1209 1214 1277
f 1209 1291 1214
f 1256 1209 1258
f 1291 1209 1256
f 1209 1262 1258
f 1278 1262 1209
f 1277 1278 1209
f 1210 1280 1225
f 1280 1210 1284
f 1210 1283 1284
f 1285 1211 1218
f 1211 1285 1284
f 1211 1284 1293
f 1223 1213 1212
f 1212 1213 1300
f 1300 1223 1212
f 1213 1223 1292
f 1213 1250 1248
f 1256 1213 1248
f 1292 1250 1213
f 1300 1213 1252
f 1226 1214 1248
f 1214 1226 1287
f 1291 1248 1214
f 1277 1214 1278
f 1214 1295 1278
f 1287 1295 1214
f 1285 1218 1289
f 1219 1221 1231
f 1226 1250 1219
f 1287 1226 1219
f 1231 1287 1219
f 1231 1221 1222
f 1222 1221 1299
f 1236 1222 1299
f 1223 1237 1292
f 1296 1237 1223
f 1265 1241 1223
f 1268 1266 1225
f 1268 1225 1269
f 1229 1227 1236
f 1260 1227 1229
f 1245 1236 1227
f 1240 1244 1227
f 1227 1260 1240
f 1244 1245 1227
f 1228 1260 1239
f 1236 1299 1229
f 1229 1299 1260
f 1232 1283 1230
f 1230 1286 1253
f 1253 1297 1230
f 1286 1230 1283
f 1231 1249 1287
f 1283 1232 1293
f 1235 1265 1233
f 1281 1233 1286
f 1233 1303 1286
f 1240 1234 1242
f 1260 1234 1240
f 1243 1242 1234
f 1271 1265 1235
f 1236 1245 1274
f 1288 1236 1274
f 1238 1237 1296
f 1237 1250 1292
f 1260 1299 1239
f 1244 1240 1242
f 1243 1241 1271
f 1241 1265 1271
f 1242 1243 1272
f 1270 1244 1242
f 1272 1270 1242
f 1273 1245 1244
f 1270 1273 1244
f 1273 1274 1245
f 1248 1291 1256
f 1249 1262 1278
f 1249 1282 1262
f 1249 1278 1295
f 1249 1295 1287
f 1253 1286 1303
f 1262 1257 1258
f 1269 1261 1267
f 1288 1267 1261
f 1306 1263 1302
f 1272 1266 1268
f 1274 1269 1267
f 1288 1274 1267
f 1268 1269 1270
f 1270 1272 1268
f 1273 1270 1269
f 1274 1273 1269
f 1285 1280 1284
f 1284 1283 1293
f 1289 1306 1302
f 1415 1309 1308
f 1308 1309 1429
f 1308 1375 1415
f 1308 1442 1375
f 1442 1308 1429
f 1309 1415 1344
f 1309 1344 1429
f 1315 1357 1310
f 1387 1315 1310
f 1365 1310 1345
f 1401 1345 1310
f 1310 1357 1366
f 1365 1387 1310
f 1401 1310 1366
f 1314 1311 1312
f 1311 1417 1312
f 1433 1311 1314
f 1375 1417 1311
f 1311 1433 1375
f 1363 1314 1312
f 1417 1363 1312
f 1409 1313 1329
f 1414 1329 1313
f 1344 1391 1313
f 1429 1344 1313
f 1313 1345 1414
f 1430 1345 1313
f 1391 1430 1313
f 1409 1392 1313
f 1429 1313 1392
f 1314 1363 1433
f 1315 1387 1350
f 1435 1315 1350
f 1435 1357 1315
f 1318 1316 1327
f 1318 1331 1316
f 1316 1331 1327
f 1322 1333 1317
f 1317 1419 1322
f 1317 1333 1404
f 1354 1317 1422
f 1354 1428 1317
f 1404 1380 1317
f 1380 1422 1317
f 1317 1428 1419
f 1321 1318 1323
f 1321 1386 1318
f 1318 1327 1323
f 1331 1318 1364
f 1386 1364 1318
f 1319 1320 1328
f 1320 1319 1432
f 1319 1328 1347
f 1319 1347 1399
f 1417 1319 1399
f 1417 1432 1319
f 1321 1320 1386
f 1320 1321 1426
f 1320 1376 1328
f 1320 1426 1376
f 1320 1432 1386
f 1426 1321 1323
f 1325 1324 1322
f 1324 1333 1322
f 1322 1339 1325
f 1322 1330 1339
f 1388 1330 1322
f 1388 1322 1419
f 1397 1323 1327
f 1340 1394 1323
f 1323 1397 1340
f 1394 1393 1323
f 1393 1426 1323
f 1324 1325 1339
f 1333 1324 1404
f 1337 1324 1339
f 1324 1337 1404
f 1326 1398 1434
f 1435 1398 1326
f 1326 1434 1414
f 1326 1414 1435
f 1438 1327 1331
f 1397 1327 1407
f 1327 1421 1407
f 1327 1438 1421
f 1328 1334 1347
f 1376 1334 1328
f 1347 1329 1336
f 1355 1336 1329
f 1409 1329 1338
f 1329 1441 1338
f 1329 1347 1446
f 1329 1414 1355
f 1427 1441 1329
f 1427 1329 1446
f 1339 1330 1439
f 1392 1330 1388
f 1392 1439 1330
f 1405 1331 1364
f 1405 1378 1331
f 1438 1331 1378
f 1394 1340 1332
f 1340 1407 1332
f 1384 1332 1368
f 1332 1407 1368
f 1332 1384 1394
f 1334 1416 1347
f 1426 1334 1376
f 1334 1390 1416
f 1390 1334 1426
f 1381 1348 1335
f 1408 1335 1348
f 1408 1362 1335
f 1335 1362 1418
f 1381 1335 1418
f 1347 1336 1399
f 1396 1336 1355
f 1336 1396 1399
f 1339 1341 1337
f 1337 1341 1361
f 1404 1337 1361
f 1338 1385 1382
f 1338 1382 1439
f 1385 1338 1441
f 1338 1439 1409
f 1341 1339 1342
f 1342 1339 1382
f 1382 1339 1439
f 1340 1397 1407
f 1341 1342 1440
f 1341 1440 1361
f 1367 1342 1382
f 1367 1440 1342
f 1370 1343 1377
f 1343 1370 1422
f 1379 1377 1343
f 1379 1343 1380
f 1380 1343 1422
f 1344 1415 1391
f 1415 1365 1345
f 1366 1345 1401
f 1366 1414 1345
f 1415 1345 1391
f 1430 1391 1345
f 1416 1446 1347
f 1349 1348 1381
f 1348 1349 1408
f 1356 1349 1381
f 1399 1349 1356
f 1396 1349 1399
f 1349 1396 1408
f 1433 1350 1387
f 1413 1398 1350
f 1350 1398 1435
f 1433 1413 1350
f 1390 1394 1353
f 1390 1353 1446
f 1395 1353 1394
f 1353 1395 1431
f 1441 1427 1353
f 1353 1427 1446
f 1353 1431 1441
f 1370 1354 1422
f 1437 1354 1370
f 1419 1428 1354
f 1437 1419 1354
f 1355 1434 1396
f 1414 1434 1355
f 1356 1381 1417
f 1417 1399 1356
f 1366 1357 1414
f 1414 1357 1435
f 1358 1359 1360
f 1368 1359 1358
f 1384 1358 1360
f 1368 1358 1384
f 1369 1360 1359
f 1359 1368 1445
f 1369 1359 1445
f 1374 1360 1369
f 1374 1371 1360
f 1371 1384 1360
f 1361 1374 1369
f 1361 1369 1420
f 1361 1373 1374
f 1440 1373 1361
f 1361 1420 1404
f 1362 1363 1418
f 1363 1362 1433
f 1408 1413 1362
f 1433 1362 1413
f 1418 1363 1417
f 1386 1444 1364
f 1364 1444 1405
f 1415 1375 1365
f 1375 1433 1365
f 1433 1387 1365
f 1373 1367 1372
f 1367 1431 1372
f 1440 1367 1373
f 1382 1385 1367
f 1367 1385 1441
f 1441 1431 1367
f 1407 1402 1368
f 1445 1368 1402
f 1369 1383 1420
f 1447 1383 1369
f 1447 1369 1445
f 1377 1436 1370
f 1437 1370 1436
f 1374 1372 1371
f 1431 1371 1372
f 1371 1395 1384
f 1431 1395 1371
f 1374 1373 1372
f 1425 1417 1375
f 1375 1442 1425
f 1379 1411 1377
f 1412 1377 1411
f 1377 1412 1436
f 1378 1411 1402
f 1438 1378 1402
f 1378 1405 1412
f 1378 1412 1411
f 1379 1380 1403
f 1403 1423 1379
f 1379 1423 1411
f 1380 1383 1403
f 1383 1380 1404
f 1417 1381 1418
f 1383 1447 1403
f 1404 1420 1383
f 1384 1395 1394
f 1386 1432 1410
f 1410 1442 1386
f 1386 1442 1429
f 1386 1429 1444
f 1392 1388 1429
f 1388 1419 1429
f 1429 1437 1389
f 1389 1444 1429
f 1444 1389 1437
f 1390 1393 1394
f 1426 1393 1390
f 1390 1446 1416
f 1439 1392 1409
f 1396 1434 1408
f 1398 1413 1434
f 1402 1407 1421
f 1423 1402 1411
f 1438 1402 1421
f 1423 1445 1402
f 1447 1423 1403
f 1436 1412 1405
f 1405 1437 1436
f 1405 1444 1437
f 1413 1408 1434
f 1425 1410 1432
f 1442 1410 1425
f 1432 1417 1425
f 1437 1429 1419
f 1447 1445 1423
f 1451 1448 1449
f 1454 1449 1448
f 1456 1448 1451
f 1453 1448 1455
f 1448 1453 1458
f 1448 1458 1454
f 1448 1460 1455
f 1456 1460 1448
f 1452 1451 1449
f 1456 1452 1449
f 1454 1460 1449
f 1449 1460 1456
f 1450 1452 1456
f 1457 1452 1450
f 1459 1450 1456
f 1459 1457 1450
f 1451 1452 1459
f 1459 1456 1451
f 1459 1452 1457
f 1453 1455 1458
f 1458 1455 1454
f 1460 1454 1455
f 1466 1481 1461
f 1488 1466 1461
f 1481 1468 1461
f 1468 1483 1461
f 1461 1474 1478
f 1474 1461 1486
f 1478 1488 1461
f 1486 1461 1483
f 1469 1467 1462
f 1478 1462 1467
f 1462 1487 1469
f 1462 1474 1475
f 1462 1478 1474
f 1475 1477 1462
f 1462 1477 1487
f 1479 1474 1463
f 1463 1474 1486
f 1463 1475 1479
f 1485 1475 1463
f 1463 1486 1485
f 1467 1481 1464
f 1467 1464 1488
f 1464 1481 1488
f 1465 1482 1473
f 1473 1489 1465
f 1482 1465 1475
f 1475 1465 1489
f 1488 1481 1466
f 1469 1481 1467
f 1478 1467 1488
f 1483 1468 1481
f 1480 1471 1469
f 1484 1469 1471
f 1487 1480 1469
f 1484 1481 1469
f 1471 1480 1489
f 1489 1484 1471
f 1482 1484 1473
f 1489 1473 1484
f 1475 1474 1479
f 1475 1489 1477
f 1475 1485 1482
f 1487 1477 1489
f 1480 1487 1489
f 1481 1482 1483
f 1481 1484 1482
f 1482 1486 1483
f 1485 1486 1482
f 1490 1551 1515
f 1593 1490 1515
f 1551 1490 1570
f 1552 1490 1554
f 1570 1490 1552
f 1554 1490 1593
f 1544 1523 1491
f 1523 1550 1491
f 1491 1548 1544
f 1564 1548 1491
f 1491 1550 1564
f 1492 1494 1496
f 1494 1492 1577
f 1496 1582 1492
f 1492 1582 1577
f 1595 1495 1493
f 1495 1602 1493
f 1518 1493 1597
f 1518 1601 1493
f 1493 1548 1595
f 1600 1548 1493
f 1493 1602 1597
f 1600 1493 1601
f 1496 1494 1499
f 1494 1503 1499
f 1525 1503 1494
f 1494 1540 1525
f 1494 1577 1540
f 1546 1495 1500
f 1500 1495 1598
f 1501 1495 1505
f 1495 1501 1602
f 1505 1495 1536
f 1536 1495 1546
f 1495 1595 1598
f 1499 1568 1496
f 1496 1568 1548
f 1582 1496 1548
f 1497 1521 1500
f 1500 1598 1497
f 1497 1564 1521
f 1598 1564 1497
f 1499 1502 1498
f 1498 1568 1499
f 1507 1498 1502
f 1507 1575 1498
f 1575 1568 1498
f 1503 1502 1499
f 1562 1500 1521
f 1546 1500 1562
f 1504 1501 1505
f 1504 1572 1501
f 1602 1501 1572
f 1502 1503 1506
f 1507 1502 1506
f 1506 1503 1571
f 1503 1525 1571
f 1504 1505 1510
f 1519 1504 1510
f 1519 1589 1504
f 1572 1504 1549
f 1549 1504 1589
f 1505 1537 1510
f 1537 1505 1536
f 1507 1506 1588
f 1506 1528 1567
f 1528 1506 1571
f 1506 1567 1588
f 1531 1580 1507
f 1507 1588 1531
f 1580 1575 1507
f 1508 1594 1548
f 1508 1548 1600
f 1508 1573 1599
f 1508 1600 1573
f 1594 1508 1577
f 1599 1577 1508
f 1519 1510 1558
f 1537 1558 1510
f 1556 1519 1511
f 1511 1519 1558
f 1557 1511 1535
f 1511 1565 1535
f 1537 1546 1511
f 1537 1511 1558
f 1511 1546 1562
f 1579 1556 1511
f 1557 1579 1511
f 1565 1511 1562
f 1513 1541 1515
f 1513 1515 1551
f 1540 1513 1525
f 1513 1551 1525
f 1540 1541 1513
f 1517 1514 1543
f 1517 1581 1514
f 1518 1539 1514
f 1514 1581 1518
f 1539 1603 1514
f 1603 1543 1514
f 1541 1542 1515
f 1542 1593 1515
f 1517 1543 1542
f 1542 1573 1517
f 1573 1600 1517
f 1600 1581 1517
f 1539 1518 1602
f 1601 1518 1581
f 1518 1597 1602
f 1519 1556 1589
f 1520 1523 1522
f 1520 1522 1564
f 1523 1520 1550
f 1520 1564 1550
f 1523 1562 1521
f 1564 1523 1521
f 1522 1523 1576
f 1576 1564 1522
f 1523 1544 1547
f 1547 1562 1523
f 1523 1564 1576
f 1529 1530 1524
f 1561 1529 1524
f 1589 1524 1530
f 1524 1556 1545
f 1561 1524 1545
f 1556 1524 1589
f 1525 1551 1571
f 1527 1526 1552
f 1560 1526 1527
f 1559 1528 1526
f 1528 1570 1526
f 1552 1526 1570
f 1560 1559 1526
f 1527 1529 1561
f 1527 1591 1529
f 1591 1527 1552
f 1561 1560 1527
f 1528 1559 1567
f 1571 1570 1528
f 1553 1530 1529
f 1529 1591 1553
f 1549 1530 1553
f 1589 1530 1549
f 1533 1531 1532
f 1532 1531 1567
f 1533 1580 1531
f 1588 1567 1531
f 1533 1532 1563
f 1567 1559 1532
f 1532 1559 1587
f 1563 1532 1587
f 1534 1533 1563
f 1583 1533 1534
f 1580 1533 1583
f 1583 1534 1535
f 1535 1534 1584
f 1534 1563 1584
f 1535 1584 1557
f 1565 1583 1535
f 1536 1546 1537
f 1538 1554 1539
f 1538 1539 1572
f 1553 1554 1538
f 1572 1553 1538
f 1603 1539 1554
f 1539 1602 1572
f 1541 1540 1586
f 1577 1586 1540
f 1541 1573 1542
f 1573 1541 1599
f 1541 1586 1599
f 1542 1543 1603
f 1542 1603 1593
f 1583 1547 1544
f 1548 1568 1544
f 1575 1544 1568
f 1544 1575 1580
f 1544 1580 1583
f 1545 1557 1555
f 1560 1545 1555
f 1545 1556 1579
f 1557 1545 1579
f 1560 1561 1545
f 1565 1562 1547
f 1565 1547 1583
f 1595 1548 1564
f 1594 1582 1548
f 1572 1549 1553
f 1570 1571 1551
f 1554 1591 1552
f 1553 1591 1554
f 1554 1593 1603
f 1557 1584 1555
f 1587 1560 1555
f 1584 1563 1555
f 1555 1563 1587
f 1559 1560 1587
f 1598 1595 1564
f 1582 1594 1577
f 1586 1577 1599
f 1601 1581 1600
f 1604 1605 1607
f 1605 1604 1694
f 1709 1604 1607
f 1678 1604 1642
f 1709 1642 1604
f 1678 1656 1604
f 1656 1694 1604
f 1755 1607 1605
f 1701 1605 1694
f 1701 1755 1605
f 1606 1683 1611
f 1611 1704 1606
f 1652 1683 1606
f 1750 1652 1606
f 1606 1704 1750
f 1755 1669 1607
f 1607 1669 1758
f 1758 1709 1607
f 1608 1670 1657
f 1608 1657 1701
f 1670 1608 1665
f 1608 1757 1665
f 1681 1608 1694
f 1766 1608 1681
f 1608 1701 1694
f 1608 1766 1757
f 1609 1616 1611
f 1668 1609 1611
f 1617 1609 1615
f 1615 1609 1740
f 1632 1616 1609
f 1632 1609 1617
f 1666 1609 1668
f 1609 1666 1740
f 1612 1632 1610
f 1610 1750 1612
f 1632 1729 1610
f 1729 1750 1610
f 1612 1611 1616
f 1704 1611 1612
f 1668 1611 1683
f 1612 1616 1632
f 1750 1704 1612
f 1711 1651 1613
f 1651 1753 1613
f 1676 1675 1613
f 1756 1613 1675
f 1676 1613 1753
f 1711 1613 1706
f 1613 1756 1706
f 1614 1632 1648
f 1729 1632 1614
f 1614 1665 1645
f 1614 1645 1729
f 1720 1614 1648
f 1614 1720 1665
f 1661 1617 1615
f 1740 1661 1615
f 1746 1632 1617
f 1746 1617 1661
f 1618 1619 1626
f 1619 1618 1650
f 1618 1626 1623
f 1650 1618 1623
f 1741 1626 1619
f 1682 1619 1650
f 1619 1685 1680
f 1741 1619 1680
f 1685 1619 1682
f 1622 1631 1620
f 1657 1622 1620
f 1631 1624 1620
f 1724 1620 1624
f 1724 1657 1620
f 1650 1623 1621
f 1623 1734 1621
f 1625 1621 1627
f 1625 1669 1621
f 1737 1627 1621
f 1621 1755 1650
f 1621 1669 1755
f 1621 1734 1737
f 1672 1631 1622
f 1719 1622 1657
f 1719 1672 1622
f 1626 1635 1623
f 1634 1623 1635
f 1623 1634 1734
f 1624 1631 1745
f 1624 1745 1654
f 1624 1654 1764
f 1722 1724 1624
f 1624 1760 1722
f 1624 1764 1760
f 1627 1628 1625
f 1628 1629 1625
f 1763 1625 1629
f 1754 1669 1625
f 1625 1690 1754
f 1763 1690 1625
f 1635 1626 1636
f 1741 1636 1626
f 1627 1629 1628
f 1641 1629 1627
f 1737 1641 1627
f 1641 1763 1629
f 1630 1670 1699
f 1670 1630 1719
f 1630 1697 1719
f 1630 1731 1697
f 1731 1630 1699
f 1697 1638 1631
f 1631 1638 1745
f 1697 1631 1672
f 1632 1712 1648
f 1632 1746 1712
f 1690 1633 1646
f 1633 1754 1646
f 1633 1712 1647
f 1754 1633 1647
f 1690 1747 1633
f 1748 1712 1633
f 1747 1748 1633
f 1634 1635 1636
f 1636 1730 1634
f 1762 1634 1730
f 1762 1734 1634
f 1730 1636 1765
f 1636 1741 1765
f 1637 1639 1689
f 1745 1639 1637
f 1654 1637 1689
f 1745 1637 1654
f 1640 1638 1697
f 1640 1745 1638
f 1639 1640 1703
f 1745 1640 1639
f 1689 1639 1711
f 1639 1703 1711
f 1703 1640 1697
f 1641 1698 1667
f 1667 1763 1641
f 1698 1641 1751
f 1737 1762 1641
f 1641 1762 1751
f 1678 1642 1683
f 1692 1683 1642
f 1709 1692 1642
f 1645 1663 1652
f 1652 1729 1645
f 1645 1757 1663
f 1645 1665 1757
f 1690 1646 1754
f 1679 1647 1661
f 1661 1647 1746
f 1647 1679 1696
f 1754 1647 1696
f 1746 1647 1712
f 1712 1748 1648
f 1648 1748 1720
f 1755 1682 1650
f 1697 1651 1703
f 1731 1651 1697
f 1651 1711 1703
f 1753 1651 1731
f 1652 1663 1716
f 1678 1683 1652
f 1713 1678 1652
f 1713 1652 1716
f 1729 1652 1750
f 1671 1735 1653
f 1738 1671 1653
f 1759 1653 1689
f 1653 1764 1689
f 1723 1738 1653
f 1759 1723 1653
f 1735 1752 1653
f 1764 1653 1752
f 1764 1654 1689
f 1656 1678 1713
f 1681 1694 1656
f 1656 1757 1681
f 1716 1656 1713
f 1757 1656 1716
f 1719 1657 1670
f 1701 1657 1722
f 1724 1722 1657
f 1740 1679 1661
f 1708 1669 1662
f 1669 1754 1662
f 1740 1662 1696
f 1662 1754 1696
f 1718 1708 1662
f 1662 1740 1718
f 1663 1757 1716
f 1732 1682 1664
f 1664 1682 1755
f 1732 1664 1727
f 1727 1664 1744
f 1664 1755 1744
f 1665 1720 1670
f 1692 1666 1668
f 1692 1709 1666
f 1708 1718 1666
f 1666 1726 1708
f 1709 1758 1666
f 1666 1718 1740
f 1758 1726 1666
f 1667 1761 1690
f 1763 1667 1690
f 1698 1761 1667
f 1668 1683 1692
f 1708 1726 1669
f 1726 1758 1669
f 1747 1699 1670
f 1720 1747 1670
f 1728 1686 1671
f 1686 1735 1671
f 1671 1738 1728
f 1672 1719 1697
f 1736 1674 1673
f 1674 1762 1673
f 1736 1673 1730
f 1730 1673 1762
f 1674 1675 1676
f 1736 1675 1674
f 1676 1714 1674
f 1714 1762 1674
f 1756 1675 1736
f 1743 1714 1676
f 1743 1676 1753
f 1696 1679 1740
f 1686 1680 1685
f 1680 1686 1728
f 1728 1741 1680
f 1681 1757 1766
f 1682 1732 1685
f 1733 1686 1685
f 1685 1732 1733
f 1686 1733 1705
f 1735 1686 1705
f 1687 1721 1738
f 1687 1765 1721
f 1730 1687 1736
f 1687 1730 1765
f 1736 1687 1756
f 1749 1687 1738
f 1749 1756 1687
f 1749 1723 1688
f 1723 1759 1688
f 1756 1749 1688
f 1759 1756 1688
f 1711 1691 1689
f 1691 1759 1689
f 1707 1699 1690
f 1699 1747 1690
f 1707 1690 1761
f 1691 1711 1706
f 1759 1691 1706
f 1698 1714 1700
f 1698 1700 1761
f 1714 1698 1751
f 1699 1707 1743
f 1699 1743 1731
f 1714 1743 1700
f 1743 1761 1700
f 1701 1744 1702
f 1755 1701 1702
f 1701 1722 1705
f 1744 1701 1705
f 1702 1744 1755
f 1705 1722 1760
f 1705 1733 1744
f 1705 1760 1735
f 1706 1756 1759
f 1707 1761 1743
f 1714 1751 1762
f 1748 1747 1720
f 1728 1738 1721
f 1728 1721 1741
f 1721 1765 1741
f 1723 1749 1738
f 1732 1727 1733
f 1733 1727 1744
f 1753 1731 1743
f 1734 1762 1737
f 1760 1752 1735
f 1760 1764 1752
f 1772 1768 1767
f 1768 1774 1767
f 1774 1772 1767
f 1769 1768 1771
f 1768 1769 1774
f 1771 1768 1772
f 1770 1769 1771
f 1769 1770 1775
f 1774 1769 1772
f 1772 1769 1775
f 1773 1770 1771
f 1773 1775 1770
f 1775 1771 1772
f 1775 1773 1771
f 1785 1784 1776
f 1784 1788 1776
f 1788 1785 1776
f 1778 1779 1777
f 1777 1790 1778
f 1789 1777 1779
f 1777 1789 1781
f 1791 1777 1781
f 1791 1790 1777
f 1778 1782 1779
f 1782 1778 1786
f 1778 1783 1786
f 1783 1778 1790
f 1782 1783 1779
f 1783 1787 1779
f 1787 1789 1779
f 1787 1780 1789
f 1780 1787 1790
f 1789 1780 1790
f 1784 1785 1781
f 1788 1784 1781
f 1791 1781 1785
f 1788 1781 1789
f 1783 1782 1786
f 1787 1783 1790
f 1788 1791 1785
f 1791 1788 1789
f 1791 1789 1790
f 1828 1792 1801
f 1792 1868 1801
f 1792 1828 1906
f 1893 1868 1792
f 1906 1893 1792
f 1794 1793 1796
f 1794 1809 1793
f 1795 1799 1793
f 1795 1793 1861
f 1793 1798 1796
f 1799 1798 1793
f 1861 1793 1809
f 1925 1794 1796
f 1794 1920 1809
f 1925 1920 1794
f 1795 1813 1799
f 1861 1813 1795
f 1796 1798 1822
f 1796 1822 1831
f 1796 1831 1854
f 1796 1854 1853
f 1853 1925 1796
f 1801 1797 1841
f 1801 1868 1797
f 1797 1873 1841
f 1922 1797 1868
f 1922 1873 1797
f 1798 1799 1822
f 1799 1813 1815
f 1799 1815 1897
f 1822 1799 1897
f 1800 1838 1878
f 1921 1838 1800
f 1915 1800 1878
f 1921 1800 1915
f 1828 1801 1841
f 1807 1802 1805
f 1802 1888 1805
f 1802 1807 1849
f 1830 1840 1802
f 1894 1830 1802
f 1832 1802 1834
f 1832 1881 1802
f 1834 1802 1876
f 1802 1840 1876
f 1802 1849 1894
f 1881 1888 1802
f 1804 1806 1803
f 1836 1804 1803
f 1888 1803 1806
f 1803 1816 1864
f 1816 1803 1888
f 1803 1855 1836
f 1803 1864 1855
f 1804 1807 1806
f 1836 1807 1804
f 1807 1805 1806
f 1806 1805 1888
f 1807 1836 1835
f 1835 1847 1807
f 1847 1849 1807
f 1828 1808 1833
f 1841 1808 1828
f 1808 1839 1833
f 1808 1841 1839
f 1842 1861 1809
f 1842 1809 1877
f 1925 1877 1809
f 1925 1809 1920
f 1811 1858 1828
f 1811 1828 1870
f 1870 1852 1811
f 1915 1811 1852
f 1858 1811 1863
f 1811 1915 1863
f 1858 1895 1812
f 1906 1858 1812
f 1880 1812 1895
f 1880 1906 1812
f 1918 1815 1813
f 1859 1813 1860
f 1918 1813 1859
f 1861 1860 1813
f 1814 1877 1839
f 1814 1839 1923
f 1874 1851 1814
f 1814 1851 1877
f 1874 1814 1923
f 1815 1823 1897
f 1815 1918 1823
f 1884 1816 1818
f 1818 1816 1888
f 1855 1864 1816
f 1855 1816 1903
f 1903 1816 1884
f 1825 1817 1818
f 1818 1817 1884
f 1817 1825 1824
f 1817 1824 1865
f 1884 1817 1865
f 1818 1826 1825
f 1826 1818 1914
f 1818 1888 1881
f 1818 1881 1914
f 1844 1819 1872
f 1844 1891 1819
f 1886 1819 1846
f 1819 1891 1846
f 1819 1899 1872
f 1886 1907 1819
f 1907 1899 1819
f 1862 1827 1821
f 1821 1827 1885
f 1874 1821 1848
f 1821 1885 1848
f 1862 1821 1879
f 1821 1874 1867
f 1879 1821 1867
f 1831 1822 1897
f 1823 1824 1911
f 1918 1824 1823
f 1823 1911 1897
f 1824 1825 1912
f 1918 1865 1824
f 1824 1913 1911
f 1824 1912 1913
f 1826 1912 1825
f 1901 1900 1826
f 1900 1912 1826
f 1914 1901 1826
f 1855 1827 1836
f 1827 1862 1836
f 1855 1903 1827
f 1889 1885 1827
f 1903 1889 1827
f 1908 1828 1833
f 1828 1858 1906
f 1828 1925 1870
f 1828 1908 1919
f 1925 1828 1919
f 1887 1883 1829
f 1883 1889 1829
f 1829 1884 1887
f 1829 1903 1884
f 1829 1889 1903
f 1840 1830 1858
f 1830 1894 1858
f 1831 1846 1854
f 1831 1886 1846
f 1886 1831 1897
f 1834 1878 1832
f 1832 1878 1896
f 1832 1898 1881
f 1832 1896 1898
f 1839 1908 1833
f 1834 1876 1863
f 1915 1834 1863
f 1834 1915 1878
f 1836 1862 1835
f 1847 1835 1879
f 1835 1862 1879
f 1838 1896 1878
f 1896 1838 1890
f 1838 1927 1890
f 1927 1838 1921
f 1841 1923 1839
f 1839 1877 1919
f 1908 1839 1919
f 1840 1858 1863
f 1876 1840 1863
f 1923 1841 1873
f 1845 1861 1842
f 1877 1845 1842
f 1850 1845 1843
f 1843 1845 1851
f 1874 1848 1843
f 1848 1885 1843
f 1850 1843 1869
f 1874 1843 1851
f 1885 1869 1843
f 1844 1872 1927
f 1844 1927 1891
f 1845 1850 1860
f 1851 1845 1877
f 1861 1845 1860
f 1854 1846 1871
f 1871 1846 1909
f 1891 1909 1846
f 1849 1847 1882
f 1879 1882 1847
f 1882 1894 1849
f 1860 1850 1875
f 1883 1850 1869
f 1850 1883 1875
f 1852 1870 1924
f 1909 1921 1852
f 1924 1909 1852
f 1852 1921 1915
f 1853 1854 1871
f 1870 1853 1871
f 1853 1870 1925
f 1895 1867 1857
f 1867 1922 1857
f 1880 1895 1857
f 1922 1880 1857
f 1894 1895 1858
f 1860 1875 1859
f 1887 1859 1875
f 1887 1918 1859
f 1892 1884 1865
f 1892 1865 1918
f 1867 1874 1922
f 1879 1867 1895
f 1880 1868 1916
f 1868 1880 1922
f 1893 1916 1868
f 1883 1869 1889
f 1869 1885 1889
f 1870 1871 1924
f 1871 1909 1924
f 1900 1890 1872
f 1872 1890 1927
f 1899 1900 1872
f 1923 1873 1922
f 1874 1923 1922
f 1875 1883 1887
f 1877 1925 1919
f 1882 1879 1895
f 1916 1906 1880
f 1881 1898 1914
f 1882 1895 1894
f 1887 1884 1892
f 1897 1907 1886
f 1887 1892 1918
f 1896 1890 1901
f 1900 1901 1890
f 1921 1909 1891
f 1921 1891 1927
f 1916 1893 1906
f 1898 1896 1901
f 1907 1897 1911
f 1898 1901 1914
f 1900 1899 1912
f 1899 1907 1913
f 1912 1899 1913
f 1913 1907 1911
f 1928 1946 1947
f 1946 1928 1972
f 1928 1947 1983
f 1983 1965 1928
f 1928 1965 1996
f 1928 1996 1972
f 1929 1944 1946
f 1929 1997 1944
f 1929 1946 1972
f 1929 1953 1971
f 1953 1929 1989
f 1997 1929 1971
f 1989 1929 1972
f 1930 1934 1945
f 1930 1975 1934
f 1950 1930 1945
f 1930 1950 1991
f 1930 1974 1975
f 1930 1991 1974
f 1952 1969 1931
f 1980 1952 1931
f 1968 1980 1931
f 1968 1931 1983
f 1983 1931 1969
f 1932 1940 1933
f 1933 1993 1932
f 1935 1940 1932
f 1935 1932 1978
f 1932 1993 1978
f 1940 1977 1933
f 1993 1933 1977
f 1934 1994 1945
f 1934 1965 1955
f 1955 1994 1934
f 1975 1965 1934
f 1937 1940 1935
f 1937 1935 1999
f 1999 1935 1978
f 1970 1936 1937
f 1936 1977 1937
f 1936 1950 1945
f 1993 1936 1945
f 1959 1950 1936
f 1970 1959 1936
f 1977 1936 1993
f 1977 1940 1937
f 1957 1970 1937
f 1957 1937 1999
f 1938 1946 1944
f 1938 1944 1992
f 1946 1938 1968
f 1938 1949 1968
f 1949 1938 1985
f 1985 1938 1951
f 1992 1951 1938
f 1939 1998 1943
f 2000 1939 1943
f 1939 1981 1949
f 1998 1939 1949
f 1939 2000 1981
f 1980 1949 1941
f 1949 1981 1941
f 1957 1980 1941
f 1981 1957 1941
f 1958 1991 1943
f 1943 1998 1958
f 1943 1991 2000
f 1992 1944 1963
f 1997 1963 1944
f 1994 1993 1945
f 1947 1946 1968
f 1947 1968 1983
f 1987 1948 1979
f 1995 1979 1948
f 1995 1948 1987
f 1980 1968 1949
f 1985 1998 1949
f 1981 1950 1959
f 1950 1981 2000
f 1950 2000 1991
f 1958 1985 1951
f 1958 1951 1996
f 1951 1992 1996
f 1957 1952 1980
f 1952 1957 1999
f 1969 1952 1990
f 1990 1952 1999
f 1953 1996 1971
f 1953 1989 1996
f 1965 1961 1955
f 1994 1955 1961
f 1970 1957 1988
f 1988 1957 1981
f 1974 1991 1958
f 1996 1974 1958
f 1998 1985 1958
f 1988 1959 1970
f 1959 1988 1981
f 1969 1961 1965
f 1961 1969 1990
f 1978 1961 1990
f 1994 1961 1978
f 1967 1974 1962
f 1967 1962 1996
f 1962 1974 1996
f 1996 1992 1963
f 1963 1997 1996
f 1965 1975 1967
f 1965 1967 1996
f 1969 1965 1983
f 1967 1975 1974
f 1997 1971 1996
f 1989 1972 1996
f 1990 1999 1978
f 1978 1993 1994
f 1979 1995 1987
